"Unique.ID","Samp.ID","Sampling.date","year","month","day","ADICELLA SP.","ANCYLUS FLUVIATILIS","ANTHOMYIIDAE GEN. SP.","ATHERICIDAE GEN. SP.","ATHRIPSODES SP.","BAETIDAE GEN. SP.","BERAEA SP.","BLEPHARICERIDAE GEN. SP.","BOYERIA IRENE","BRACHYPTERA ARCUATA","CAENIS SP.","CALOPTERYX SP.","CAPNIIDAE GEN. SP.","CERATOPOGONIDAE GEN. SP.","CHIRONOMIDAE GEN. SP.","COENAGRIONIDAE GEN. SP.","CORDULEGASTER SP.","CORIXIDAE GEN. SP.","DIXIDAE GEN. SP.","DOLICHOPODIDAE GEN. SP.","DRUNELLA PARADINASI","DRYOPS SP.","DUGESIA SP.","DYTISCIDAE GEN. SP.","ELMIDAE GEN. SP.","EMPIDIDAE GEN. SP.","EPHEMERA SP.","ERPOBDELLIDAE GEN. SP.","GERRIS SP.","GLOSSIPHONIIDAE GEN. SP.","GLOSSOSOMATIDAE GEN. SP.","GOERIDAE GEN. SP.","GORDIUS SP.","GYRINIDAE GEN. SP.","HELOPHORUS SP.","HEPTAGENIIDAE GEN. SP.","HYDRAENA SP.","HYDROMETRA SP.","HYDROPHILIDAE GEN. SP.","HYDROPSYCHE SP.","HYDROPTILIDAE GEN. SP.","LEPIDOSTOMA HIRTUM","LEPTOPHLEBIIDAE GEN. SP.","LEUCTRA SP.","LIMNEPHILIDAE GEN. SP.","LIMONIIDAE GEN. SP.","LYMNAEIDAE GEN. SP.","MICRASEMA SP.","MYSTACIDES AZUREA","NEMOURIDAE GEN. SP.","NEPA CINEREA","NOTONECTA SP.","OLIGOCHAETA GEN. SP.","ONYCHOGOMPHUS SP.","PACIFASTACUS LENIUSCULUS","PERLIDAE GEN. SP.","PERLODIDAE GEN. SP.","PHILOPOTAMUS SP.","PHYSIDAE GEN. SP.","PISIDIUM SP.","PLANARIIDAE GEN. SP.","PLATYCNEMIS SP.","POLYCENTROPODIDAE GEN. SP.","PSYCHODIDAE GEN. SP.","PSYCHOMYIIDAE GEN. SP.","RHAGIONIDAE GEN. SP.","RHYACOPHILA SP.","SCIRTIDAE GEN. SP.","SERICOSTOMA SP.","SERRATELLA SP.","SIALIS SP.","SIMULIIDAE GEN. SP.","SIPHLONURUS SP.","SIPHONOPERLA SP.","TABANIDAE GEN. SP.","THAUMALEIDAE GEN. SP.","THREMMA SP.","TIPULIDAE GEN. SP.","VELIIDAE GEN. SP.","WORMALDIA SP."
"ESP_060_MZB_LO_1","ESP_060_MZB_LO_1-26.08.2014","26.08.2014",2014,8,26,0,0,8,0,0,80,0,0,17,0,0,0,0,0,1408,0,25,0,0,0,0,0,0,32,104,0,20,8,3,0,0,0,1,8,0,120,24,0,0,75,0,9,16,736,0,16,0,24,0,0,0,0,0,0,0,18,0,0,0,32,8,0,0,0,0,0,1,216,9,0,9,120,0,0,61,0,0,0,0,0
"ESP_060_MZB_LO_1","ESP_060_MZB_LO_1-06.08.2015","06.08.2015",2015,8,6,0,16,32,0,0,711,0,0,0,0,0,0,0,16,768,1,33,0,0,0,0,0,0,34,336,0,1,17,17,0,16,32,0,0,0,628,0,0,16,372,0,0,288,176,3,32,0,64,0,0,1,0,0,0,0,33,0,0,0,48,0,0,0,16,0,0,0,32,147,0,17,496,0,0,48,0,16,0,0,0
"ESP_060_MZB_LO_1","ESP_060_MZB_LO_1-24.08.2016","24.08.2016",2016,8,24,0,0,16,0,0,280,0,0,25,0,0,1,0,0,145,0,25,0,0,0,0,0,0,8,240,0,2,0,9,0,0,8,0,9,0,80,8,0,8,214,0,0,72,296,2,58,0,24,0,0,0,0,9,8,0,9,0,0,0,24,0,0,0,0,0,0,16,80,299,0,0,8,0,0,98,0,0,0,0,0
"ESP_060_MZB_LO_1","ESP_060_MZB_LO_1-17.08.2017","17.08.2017",2017,8,17,8,0,0,0,8,48,0,0,1,0,0,1,0,0,416,0,0,0,8,0,0,0,0,16,8,0,0,0,11,0,0,0,1,0,0,32,0,0,0,36,0,24,8,393,2,0,0,8,0,0,0,0,0,0,0,9,0,0,0,0,0,0,0,24,0,0,0,80,27,0,8,12,0,0,9,0,0,0,0,0
"ESP_060_MZB_LO_1","ESP_060_MZB_LO_1-05.06.2018","05.06.2018",2018,6,5,0,0,0,17,0,602,0,0,2,0,0,0,0,32,880,0,0,64,0,0,0,0,0,0,32,0,1,1,4,0,0,16,0,1,0,52,0,0,0,147,0,0,17,32,44,0,0,32,0,48,0,0,0,0,0,17,0,0,0,0,16,0,0,32,0,0,33,48,66,23,0,320,0,32,1,0,0,0,0,0
"ESP_060_MZB_LO_1","ESP_060_MZB_LO_1-16.08.2019","16.08.2019",2019,8,16,0,0,24,1,0,48,0,0,2,0,0,1,0,0,544,0,1,0,0,0,0,0,0,16,40,0,0,0,6,0,0,8,0,16,0,91,0,0,0,180,0,8,0,376,0,0,0,24,0,0,0,0,0,0,0,22,0,0,0,0,0,0,11,8,0,0,0,208,11,8,3,0,0,0,1,0,0,0,0,0
"ESP_060_MZB_LO_1","ESP_060_MZB_LO_1-01.06.2021","01.06.2021",2021,6,1,0,0,0,0,0,144,0,0,0,0,0,0,8,0,720,0,0,56,0,0,0,0,0,0,24,0,0,8,5,0,0,24,0,9,0,10,0,0,0,22,0,10,0,328,36,24,0,24,0,0,0,0,1,0,0,3,0,0,0,0,0,0,0,24,0,0,11,96,10,19,0,192,1,48,10,0,0,0,0,0
"ESP_060_MZB_LO_1","ESP_060_MZB_LO_1-02.06.2022","02.06.2022",2022,6,2,0,0,0,1,0,96,0,0,0,0,0,0,0,0,304,0,1,32,0,0,0,0,0,8,0,0,3,2,2,0,48,16,0,9,0,8,16,0,0,32,0,8,0,176,80,40,0,24,0,0,0,0,16,0,0,4,0,0,0,0,0,0,0,8,0,1,10,64,3,24,0,0,0,16,11,0,0,0,0,0
"ESP_060_MZB_LO_1","ESP_060_MZB_LO_1-18.08.2023","18.08.2023",2023,8,18,0,0,16,0,0,0,0,0,3,0,0,0,0,0,272,0,2,0,0,0,0,0,0,1,64,8,4,8,6,0,0,0,0,8,0,26,0,0,0,111,0,0,16,184,0,0,0,0,0,0,0,0,1,0,0,1,0,0,0,8,0,0,11,8,0,40,10,248,1,0,2,16,0,0,10,0,0,0,0,0
"ESP_060_MZB_LO_1","ESP_060_MZB_LO_1-04.06.2024","04.06.2024",2024,6,4,0,8,0,0,0,272,0,0,0,0,0,0,0,8,456,0,0,0,0,0,0,0,0,2,8,0,3,8,9,0,88,16,0,1,8,62,0,0,0,60,0,0,0,200,19,16,0,24,0,0,0,0,1,0,0,11,0,0,0,8,8,0,16,8,0,0,12,88,17,8,0,72,0,40,0,0,0,0,0,0
"ESP_060_MZB_LO_10","ESP_060_MZB_LO_10-28.08.2014","28.08.2014",2014,8,28,0,16,8,0,0,344,0,0,0,0,0,0,0,0,48,0,0,0,0,0,0,8,0,0,8,0,0,0,1,0,0,0,0,0,0,338,0,0,8,85,0,0,8,224,0,8,0,0,0,0,0,0,9,0,6,23,0,0,0,0,0,0,9,0,0,0,9,16,0,0,8,392,0,0,1,0,0,0,0,0
"ESP_060_MZB_LO_10","ESP_060_MZB_LO_10-13.08.2015","13.08.2015",2015,8,13,0,32,9,1,0,336,0,0,0,0,0,0,0,0,296,0,0,0,8,0,0,0,0,0,72,0,0,0,0,0,0,0,0,0,0,444,0,0,0,270,0,0,8,88,0,8,0,0,0,0,0,0,35,0,13,9,0,0,0,0,0,0,188,0,0,0,8,0,0,0,0,192,0,0,1,0,0,0,0,0
"ESP_060_MZB_LO_10","ESP_060_MZB_LO_10-17.08.2016","17.08.2016",2016,8,17,0,8,8,0,0,80,0,0,0,0,0,0,0,0,160,0,0,8,0,0,0,0,0,0,0,0,0,0,3,0,0,0,0,0,0,368,0,0,0,38,0,0,16,496,0,17,0,0,0,0,0,0,1,0,24,25,0,0,0,0,0,0,17,0,0,0,1,0,0,0,0,265,0,0,1,0,0,0,0,0
"ESP_060_MZB_LO_10","ESP_060_MZB_LO_10-10.08.2017","10.08.2017",2017,8,10,0,32,0,0,0,80,0,0,0,0,0,0,0,0,528,0,0,0,0,0,0,8,0,0,8,8,0,0,2,0,0,0,0,0,0,194,8,0,8,115,16,0,0,300,0,17,0,0,16,0,0,0,1,0,5,26,0,0,8,0,0,0,90,0,8,0,2,8,0,0,0,48,0,0,1,0,0,0,0,0
"ESP_060_MZB_LO_10","ESP_060_MZB_LO_10-21.06.2018","21.06.2018",2018,6,21,0,32,0,0,0,980,0,0,0,0,0,0,0,0,320,0,0,0,0,0,0,0,0,0,0,16,0,0,0,0,64,0,0,0,0,126,0,0,0,19,0,0,0,496,0,250,0,0,0,16,0,0,0,0,2,1,0,0,0,0,0,0,16,0,0,0,51,0,0,50,0,1072,1,16,1,0,0,0,0,0
"ESP_060_MZB_LO_10","ESP_060_MZB_LO_10-12.08.2019","12.08.2019",2019,8,12,0,44,0,0,0,216,0,0,0,0,0,0,0,0,220,0,0,0,0,0,0,0,0,0,0,0,0,0,4,0,0,0,0,0,0,200,0,0,0,167,24,0,16,256,0,25,0,0,0,0,0,0,2,0,1,11,0,0,8,0,0,0,44,0,16,0,3,0,0,0,0,64,0,0,1,0,0,0,0,0
"ESP_060_MZB_LO_10","ESP_060_MZB_LO_10-21.08.2020","21.08.2020",2020,8,21,0,8,8,0,0,112,0,0,0,0,0,0,0,0,472,0,0,0,0,0,0,0,0,0,8,0,0,0,3,0,0,0,0,0,0,129,8,0,0,244,0,0,8,456,0,1,0,0,0,0,0,0,0,0,1,9,1,0,0,0,0,0,0,0,0,0,0,0,0,0,0,258,0,0,10,0,0,1,0,0
"ESP_060_MZB_LO_10","ESP_060_MZB_LO_10-31.08.2021","31.08.2021",2021,8,31,0,16,18,0,0,336,0,0,0,0,0,0,0,0,344,0,0,0,0,0,0,0,0,0,16,0,0,0,3,0,0,0,0,0,0,50,16,0,9,112,0,0,0,280,0,0,0,0,0,8,0,0,1,0,7,1,0,0,0,0,0,0,22,0,0,0,10,0,0,0,0,296,0,0,0,0,0,1,0,0
"ESP_060_MZB_LO_10","ESP_060_MZB_LO_10-23.08.2022","23.08.2022",2022,8,23,0,8,24,0,0,144,0,0,0,0,0,0,0,0,304,0,0,0,0,0,0,0,0,0,0,0,0,0,3,0,0,0,0,0,0,94,0,0,16,135,0,0,0,280,0,1,0,0,0,0,0,0,1,0,6,17,0,0,0,0,0,0,9,0,0,0,1,0,0,0,0,88,0,0,0,0,0,1,0,0
"ESP_060_MZB_LO_10","ESP_060_MZB_LO_10-30.08.2023","30.08.2023",2023,8,30,0,8,24,0,0,80,0,0,0,0,0,0,0,0,184,0,0,0,0,0,0,0,0,0,8,0,0,0,4,0,0,0,0,0,0,10,0,0,8,113,0,0,0,336,0,0,0,0,0,8,0,0,0,0,3,17,0,0,0,0,0,0,49,16,0,0,1,8,0,0,0,528,0,0,9,0,0,1,0,0
"ESP_060_MZB_LO_10","ESP_060_MZB_LO_10-27.08.2024","27.08.2024",2024,8,27,0,0,9,0,0,232,0,0,0,0,0,0,0,0,424,0,0,0,0,0,0,0,0,0,0,0,0,0,2,0,0,0,0,0,0,55,0,0,8,131,8,0,0,152,0,8,0,0,0,0,0,0,1,0,3,17,0,0,0,0,0,0,8,0,0,0,9,0,0,0,0,248,0,0,0,0,0,4,0,0
"ESP_060_MZB_LO_11","ESP_060_MZB_LO_11-28.08.2014","28.08.2014",2014,8,28,0,8,0,8,0,152,0,0,0,0,0,0,0,0,224,0,0,9,0,0,0,8,0,0,160,0,24,0,1,0,0,0,0,0,0,136,8,0,0,56,0,0,8,64,0,8,0,0,16,0,0,0,0,0,3,9,0,0,0,16,0,0,0,0,0,8,40,48,128,0,0,32,0,0,0,0,0,0,0,0
"ESP_060_MZB_LO_11","ESP_060_MZB_LO_11-05.08.2015","05.08.2015",2015,8,5,8,0,0,0,0,112,0,0,0,0,0,0,0,0,152,0,0,0,0,0,0,0,0,0,80,8,1,0,6,0,0,0,0,0,0,128,0,0,0,36,0,0,16,40,0,8,0,0,0,0,0,0,1,0,20,8,0,0,0,0,0,0,8,0,8,0,25,8,30,16,0,0,0,0,0,0,0,0,0,0
"ESP_060_MZB_LO_11","ESP_060_MZB_LO_11-17.08.2016","17.08.2016",2016,8,17,0,17,0,26,0,376,0,0,8,0,0,8,0,0,232,0,16,0,8,0,0,0,0,0,80,0,1,0,11,0,0,0,0,10,0,432,0,0,0,50,0,0,128,336,8,32,0,0,0,16,0,0,1,0,36,26,0,0,0,0,0,0,0,0,0,16,10,32,16,0,0,0,0,0,0,0,0,0,0,0
"ESP_060_MZB_LO_11","ESP_060_MZB_LO_11-10.08.2017","10.08.2017",2017,8,10,0,4,4,0,0,32,0,0,0,0,0,2,0,0,344,0,0,0,0,0,0,0,0,0,16,4,0,0,6,0,0,0,0,0,0,86,16,4,0,25,0,0,4,276,1,4,0,0,4,0,0,0,8,0,15,10,0,0,0,0,0,0,8,4,0,1,5,16,0,0,0,0,0,0,0,0,0,1,0,0
"ESP_060_MZB_LO_11","ESP_060_MZB_LO_11-21.06.2018","21.06.2018",2018,6,21,0,0,0,0,0,552,0,0,0,0,0,0,0,16,552,0,0,0,0,0,0,0,0,0,1,0,0,0,3,0,0,0,0,0,0,131,16,0,0,69,0,0,0,128,20,33,0,16,16,32,0,0,1,0,5,1,0,0,0,0,0,0,16,16,0,1,51,16,1,176,0,112,0,64,0,0,0,0,0,0
"ESP_060_MZB_LO_11","ESP_060_MZB_LO_11-12.08.2019","12.08.2019",2019,8,12,0,0,9,10,0,160,0,0,0,0,0,0,0,8,132,0,0,0,0,0,0,0,0,0,24,0,0,0,4,0,0,0,0,8,0,121,12,0,0,196,0,0,16,376,0,0,0,0,0,64,0,0,1,0,9,9,0,0,0,0,0,0,0,48,8,9,0,56,0,0,0,8,0,0,0,0,0,24,0,0
"ESP_060_MZB_LO_11","ESP_060_MZB_LO_11-21.08.2020","21.08.2020",2020,8,21,0,8,0,0,0,152,0,0,0,0,0,0,0,0,392,0,0,0,0,0,0,0,0,0,24,0,0,0,4,0,0,0,0,0,0,59,16,0,0,145,0,0,24,296,0,1,0,16,0,0,0,0,1,0,18,1,0,0,0,0,0,0,1,8,0,0,25,24,8,0,0,40,0,0,0,0,0,0,0,0
"ESP_060_MZB_LO_11","ESP_060_MZB_LO_11-31.08.2021","31.08.2021",2021,8,31,0,16,0,0,0,232,0,0,0,0,0,0,0,24,248,0,0,0,0,0,0,0,0,0,16,0,0,0,2,0,0,0,0,0,0,129,0,0,0,74,0,0,8,160,0,1,0,0,0,152,0,0,0,0,3,10,0,0,0,0,0,0,1,0,0,0,25,24,8,0,0,0,0,0,0,0,0,0,0,0
"ESP_060_MZB_LO_11","ESP_060_MZB_LO_11-23.08.2022","23.08.2022",2022,8,23,0,8,0,0,0,124,0,0,0,0,0,0,0,0,280,0,0,0,0,0,0,8,0,0,8,0,0,0,3,0,0,0,0,0,0,170,32,0,0,52,0,0,24,128,0,0,0,0,0,28,0,0,0,0,2,0,0,0,0,0,0,0,18,8,0,0,17,16,0,0,0,0,0,0,0,0,0,8,2,0
"ESP_060_MZB_LO_11","ESP_060_MZB_LO_11-30.08.2023","30.08.2023",2023,8,30,0,0,8,0,0,96,0,0,0,0,0,0,0,0,240,0,0,0,0,0,0,0,0,0,16,0,0,0,2,0,0,0,0,0,0,71,16,0,0,193,0,0,16,128,0,0,0,0,0,96,0,0,8,0,11,9,0,0,0,0,0,0,26,0,0,9,8,16,0,0,0,72,0,0,0,0,0,8,0,0
"ESP_060_MZB_LO_11","ESP_060_MZB_LO_11-27.08.2024","27.08.2024",2024,8,27,0,0,8,0,0,232,0,0,0,0,0,0,0,0,184,0,1,0,0,0,0,0,0,0,8,0,0,0,0,0,0,0,0,0,0,139,0,0,0,42,0,0,8,144,0,0,0,0,0,32,0,0,0,0,4,1,0,0,0,0,0,0,8,16,0,1,9,8,1,0,0,0,0,0,0,0,0,0,0,0
"ESP_060_MZB_LO_12","ESP_060_MZB_LO_12-28.08.2014","28.08.2014",2014,8,28,0,0,24,0,0,80,0,0,0,0,0,0,0,0,584,0,9,0,0,0,0,0,0,24,24,0,0,0,6,0,0,0,1,9,0,50,8,0,16,81,0,0,0,480,19,16,0,16,0,9,0,0,0,0,0,25,0,0,0,40,8,0,0,0,0,0,25,32,135,16,8,384,0,0,16,0,0,0,3,0
"ESP_060_MZB_LO_12","ESP_060_MZB_LO_12-19.08.2015","19.08.2015",2015,8,19,0,0,1,0,0,104,0,0,0,0,0,1,0,0,392,0,1,0,0,0,0,0,0,8,64,0,0,0,1,0,0,16,0,0,0,179,0,0,0,1,0,0,80,560,6,19,0,8,0,0,0,0,0,0,0,10,0,0,0,0,0,0,0,16,0,0,1,72,196,64,0,264,0,0,8,0,0,0,0,0
"ESP_060_MZB_LO_12","ESP_060_MZB_LO_12-23.06.2016","23.06.2016",2016,6,23,0,8,0,0,0,324,0,8,1,0,0,0,0,8,224,0,1,0,0,0,0,0,0,0,0,0,0,0,8,0,0,24,0,0,0,138,0,0,0,9,0,0,0,232,76,0,0,56,0,96,0,0,0,0,0,9,0,0,0,0,0,0,8,0,0,0,51,72,240,148,0,408,0,24,0,8,0,0,9,0
"ESP_060_MZB_LO_12","ESP_060_MZB_LO_12-10.08.2017","10.08.2017",2017,8,10,0,10,0,0,0,204,0,0,0,0,0,11,0,18,824,0,11,0,0,0,0,0,0,10,46,0,0,0,23,0,10,10,0,0,0,42,8,10,10,31,0,0,80,426,34,53,0,0,0,20,0,0,1,0,0,10,0,0,0,0,10,0,0,10,0,0,3,80,43,0,10,140,0,0,0,0,0,0,0,0
"ESP_060_MZB_LO_12","ESP_060_MZB_LO_12-21.06.2018","21.06.2018",2018,6,21,0,0,0,1,0,184,0,0,0,0,0,0,0,32,472,0,0,0,0,0,0,0,0,0,16,0,0,0,0,0,0,48,0,1,0,58,16,0,0,47,0,0,24,264,14,35,0,16,0,8,0,0,0,0,0,1,0,0,0,0,0,0,0,16,0,8,19,16,60,0,0,136,0,64,0,0,0,1,1,0
"ESP_060_MZB_LO_12","ESP_060_MZB_LO_12-12.08.2019","12.08.2019",2019,8,12,0,0,8,0,0,104,0,0,1,0,0,0,0,0,680,0,1,0,0,0,0,0,0,0,56,8,0,0,2,0,8,0,1,0,0,144,0,0,0,35,0,0,48,152,19,28,0,40,0,0,0,0,0,0,0,18,0,0,0,8,0,0,0,0,0,9,9,0,107,56,8,8,0,0,0,0,0,0,0,0
"ESP_060_MZB_LO_12","ESP_060_MZB_LO_12-21.08.2020","21.08.2020",2020,8,21,0,0,16,0,0,312,0,0,0,0,0,0,0,8,392,0,1,0,0,0,0,0,0,16,64,0,0,0,4,0,2,0,0,0,0,69,0,0,0,26,0,0,40,304,0,12,0,16,0,64,0,0,0,0,0,33,0,0,0,8,0,0,0,16,0,9,28,16,61,48,0,240,0,0,0,0,0,0,0,0
"ESP_060_MZB_LO_12","ESP_060_MZB_LO_12-31.08.2021","31.08.2021",2021,8,31,0,0,8,9,0,128,0,0,1,0,0,0,0,0,328,0,0,0,8,0,0,0,0,24,96,0,0,0,6,0,0,0,0,2,0,48,16,0,0,27,0,0,8,280,3,66,0,24,0,24,0,0,0,0,0,6,0,0,0,0,0,0,0,0,0,1,10,32,46,0,0,224,0,0,0,0,0,0,2,0
"ESP_060_MZB_LO_12","ESP_060_MZB_LO_12-23.08.2022","23.08.2022",2022,8,23,0,16,16,9,0,184,0,0,4,0,0,0,0,0,264,0,0,0,0,0,0,0,0,8,40,0,0,0,2,0,8,24,0,0,0,59,0,0,0,55,0,0,0,360,3,26,0,0,0,8,0,0,0,0,0,9,0,0,0,0,0,0,0,0,0,1,10,24,19,0,0,200,0,0,0,0,0,0,3,0
"ESP_060_MZB_LO_12","ESP_060_MZB_LO_12-30.08.2023","30.08.2023",2023,8,30,0,8,8,9,0,288,0,0,3,0,0,0,0,8,480,0,1,0,0,0,0,0,0,0,16,8,0,0,2,0,16,0,0,0,0,42,0,0,0,75,0,0,24,160,1,1,0,32,0,16,0,0,0,0,0,36,0,0,0,0,8,0,0,0,0,0,9,24,92,0,0,72,0,0,0,0,0,0,0,0
"ESP_060_MZB_LO_12","ESP_060_MZB_LO_12-27.08.2024","27.08.2024",2024,8,27,0,0,9,1,0,104,0,0,8,0,0,0,0,8,288,0,1,0,8,0,0,0,0,0,64,0,0,0,3,0,24,0,0,0,0,42,16,0,0,49,0,0,8,224,4,0,0,8,0,64,0,0,0,0,0,19,0,0,0,16,0,0,0,0,0,9,18,32,30,0,0,16,0,0,2,0,0,0,6,0
"ESP_060_MZB_LO_13","ESP_060_MZB_LO_13-28.08.2014","28.08.2014",2014,8,28,0,0,0,52,0,48,0,0,0,0,0,0,0,0,344,0,10,0,8,0,0,0,0,33,88,0,3,0,9,0,8,16,0,0,0,96,0,0,0,27,0,16,24,536,11,8,0,24,0,0,0,0,0,0,0,9,0,0,0,16,0,0,0,0,0,9,10,24,248,8,0,32,0,0,8,0,0,1,0,0
"ESP_060_MZB_LO_13","ESP_060_MZB_LO_13-19.08.2015","19.08.2015",2015,8,19,0,0,0,116,0,240,0,0,0,0,0,0,0,0,448,0,1,0,0,0,0,0,0,8,288,0,0,0,0,0,0,32,0,0,8,96,0,0,0,340,0,32,32,705,18,17,0,0,0,0,0,0,0,0,0,19,0,0,0,32,0,0,0,0,0,1,0,48,395,16,1,160,0,0,0,0,0,1,0,0
"ESP_060_MZB_LO_13","ESP_060_MZB_LO_13-23.06.2016","23.06.2016",2016,6,23,0,0,0,10,0,450,0,0,0,0,0,0,0,0,120,0,9,0,0,0,0,0,0,16,224,0,1,0,0,0,0,32,0,0,56,72,8,0,16,33,0,0,0,168,180,108,0,32,0,16,0,0,0,0,0,44,0,0,0,8,8,0,0,16,0,0,1,40,254,81,0,144,0,8,16,0,0,0,1,0
"ESP_060_MZB_LO_13","ESP_060_MZB_LO_13-10.08.2017","10.08.2017",2017,8,10,0,0,0,27,0,100,0,0,0,0,0,0,0,0,570,0,17,0,0,0,0,0,0,16,154,0,0,0,9,0,0,0,0,0,8,88,8,0,8,68,0,8,8,428,10,0,0,0,0,24,0,1,0,0,0,70,0,0,0,8,0,0,0,0,0,10,17,40,110,104,0,18,0,0,0,0,0,0,0,8
"ESP_060_MZB_LO_13","ESP_060_MZB_LO_13-21.06.2018","21.06.2018",2018,6,21,0,0,0,51,0,318,0,16,0,0,0,0,0,16,344,0,2,0,24,0,0,0,0,16,192,0,0,0,7,0,0,24,0,0,8,124,24,0,0,24,0,0,24,440,115,75,0,48,0,0,0,0,0,0,0,22,0,0,0,8,8,0,0,16,0,11,19,0,123,91,0,128,0,24,0,0,0,0,8,0
"ESP_060_MZB_LO_13","ESP_060_MZB_LO_13-12.08.2019","12.08.2019",2019,8,12,0,0,0,1,0,136,0,0,0,0,0,0,0,8,552,0,1,0,0,0,0,0,0,0,232,8,0,0,3,0,8,8,0,0,0,88,24,0,0,187,0,0,8,432,9,18,0,8,0,64,0,0,0,0,0,30,0,0,0,0,16,0,0,0,0,0,17,48,42,88,0,16,0,0,0,0,0,0,0,48
"ESP_060_MZB_LO_13","ESP_060_MZB_LO_13-21.08.2020","21.08.2020",2020,8,21,0,0,0,22,0,200,0,0,0,0,0,1,0,0,336,0,0,0,0,0,0,0,0,9,128,0,0,0,5,0,0,32,0,0,8,19,8,0,8,43,0,0,40,352,3,15,0,48,0,56,0,0,0,0,0,19,0,0,0,16,0,0,0,0,0,0,0,56,116,32,0,24,0,0,0,0,0,1,9,0
"ESP_060_MZB_LO_13","ESP_060_MZB_LO_13-31.08.2021","31.08.2021",2021,8,31,0,0,0,10,0,40,0,8,0,0,0,0,0,0,328,0,0,0,0,0,0,0,0,8,104,0,0,0,6,0,0,8,0,0,0,40,8,0,0,79,0,0,8,224,1,89,0,0,0,144,0,0,1,0,0,30,0,0,0,0,8,0,0,0,0,0,11,56,75,0,0,224,0,0,0,0,0,10,3,0
"ESP_060_MZB_LO_13","ESP_060_MZB_LO_13-23.08.2022","23.08.2022",2022,8,23,0,0,0,19,0,49,0,0,0,0,0,0,0,0,248,0,0,0,8,0,0,0,0,8,72,0,0,0,3,0,0,8,0,1,0,116,8,0,8,94,0,8,40,248,1,16,0,0,0,0,0,0,8,0,0,19,0,0,0,0,0,0,0,0,0,0,0,8,142,16,0,16,0,0,8,0,0,1,2,0
"ESP_060_MZB_LO_13","ESP_060_MZB_LO_13-30.08.2023","30.08.2023",2023,8,30,0,0,0,118,0,72,0,0,0,0,0,0,0,0,224,0,1,0,8,0,0,0,0,0,72,0,0,0,2,0,0,0,0,0,0,40,16,0,0,31,0,1,8,136,8,3,0,16,0,56,0,0,1,0,0,35,0,0,0,0,8,0,0,0,0,9,1,32,76,0,0,48,0,0,0,0,0,0,0,0
"ESP_060_MZB_LO_13","ESP_060_MZB_LO_13-27.08.2024","27.08.2024",2024,8,27,0,8,8,14,0,40,0,0,0,0,0,0,0,0,304,0,9,0,0,0,0,0,0,8,24,0,0,0,4,0,24,8,0,0,0,59,0,0,0,72,0,8,0,144,3,15,0,8,0,40,0,0,0,0,0,49,0,0,0,0,0,0,0,0,0,8,8,80,71,8,0,16,0,0,0,0,0,0,0,0
"ESP_060_MZB_LO_15","ESP_060_MZB_LO_15-15.07.2014","15.07.2014",2014,7,15,16,0,0,0,0,113,0,0,53,0,0,42,0,0,1062,0,26,0,0,0,0,0,0,0,0,0,0,0,5,0,0,0,0,8,0,0,0,0,0,0,0,0,8,176,22,0,0,0,0,0,0,0,9,67,0,0,0,0,0,96,0,0,0,8,0,0,0,0,0,8,0,936,0,0,1,0,0,0,0,0
"ESP_060_MZB_LO_15","ESP_060_MZB_LO_15-09.07.2015","09.07.2015",2015,7,9,25,0,0,0,0,320,0,0,82,0,0,10,0,8,624,0,18,0,0,0,0,0,0,1,0,0,0,0,3,0,0,0,0,3,0,0,0,0,0,0,0,0,0,16,0,0,0,0,0,0,0,0,0,55,0,0,0,0,0,8,0,0,0,0,0,0,0,0,8,0,0,136,0,0,9,0,0,0,0,0
"ESP_060_MZB_LO_15","ESP_060_MZB_LO_15-12.07.2016","12.07.2016",2016,7,12,1,0,16,0,0,200,0,0,19,0,0,8,0,0,344,0,18,0,0,0,0,0,0,1,16,8,0,0,8,0,0,0,0,0,0,0,0,0,0,1,0,0,8,184,1,0,0,0,0,0,0,0,0,30,0,0,0,0,0,16,0,0,1,0,0,0,1,0,9,26,0,408,0,0,8,0,0,0,0,0
"ESP_060_MZB_LO_15","ESP_060_MZB_LO_15-05.07.2017","05.07.2017",2017,7,5,4,0,0,0,0,104,0,0,9,0,0,5,0,4,152,0,4,0,0,0,0,0,0,0,5,8,0,0,3,0,0,0,0,0,0,8,8,0,0,1,0,0,8,190,0,0,0,0,0,0,0,0,0,28,0,0,0,0,0,8,0,0,0,0,0,0,1,4,0,28,0,102,0,0,2,0,0,0,0,0
"ESP_060_MZB_LO_15","ESP_060_MZB_LO_15-16.07.2018","16.07.2018",2018,7,16,0,8,0,0,0,300,0,0,9,0,0,0,0,0,472,0,1,0,0,0,0,0,0,1,0,8,0,0,32,0,0,0,0,0,0,1,8,0,0,0,0,3,0,208,12,0,0,0,0,0,0,0,0,54,0,0,0,0,0,8,0,0,0,0,0,0,3,0,10,58,0,120,0,0,0,0,0,0,0,0
"ESP_060_MZB_LO_15","ESP_060_MZB_LO_15-12.06.2019","12.06.2019",2019,6,12,0,16,0,8,0,664,0,0,2,0,0,3,0,0,616,0,0,0,0,0,0,0,0,0,24,0,0,0,5,0,8,0,0,0,0,0,8,0,0,26,24,16,0,648,8,0,0,16,17,0,0,0,8,30,0,0,0,0,0,0,8,0,0,0,0,0,20,0,0,112,0,152,0,0,1,0,0,0,0,0
"ESP_060_MZB_LO_15","ESP_060_MZB_LO_15-09.06.2020","09.06.2020",2020,6,9,8,0,0,1,0,336,0,3,9,0,0,1,0,0,562,0,4,0,0,0,0,0,0,0,0,0,1,0,2,0,16,0,0,0,0,0,24,0,0,11,0,0,8,584,0,8,0,0,0,0,0,0,0,28,0,0,0,0,0,16,0,0,0,0,0,0,16,0,8,30,0,120,0,0,8,0,0,0,12,0
"ESP_060_MZB_LO_15","ESP_060_MZB_LO_15-16.06.2021","16.06.2021",2021,6,16,0,0,0,0,0,232,0,0,19,0,0,1,0,0,440,0,1,0,0,0,0,0,0,3,16,0,0,0,1,0,16,0,0,16,0,9,16,0,8,69,8,8,0,528,1,16,0,8,0,0,0,0,0,36,0,0,0,0,0,0,0,0,0,8,0,0,54,0,3,256,0,344,0,0,0,0,0,0,0,0
"ESP_060_MZB_LO_15","ESP_060_MZB_LO_15-10.06.2022","10.06.2022",2022,6,10,8,8,0,0,0,136,0,0,2,0,0,2,0,0,520,0,0,8,0,0,0,0,0,8,9,0,0,0,4,0,0,0,0,0,8,19,8,0,16,35,0,8,8,120,1,0,0,0,0,0,0,0,0,9,0,0,0,0,0,0,0,0,0,8,0,8,5,0,1,32,0,8,0,0,0,0,0,0,0,0
"ESP_060_MZB_LO_15","ESP_060_MZB_LO_15-08.06.2023","08.06.2023",2023,6,8,0,8,0,0,0,240,0,0,1,0,0,0,0,8,240,0,1,0,0,0,0,0,0,0,8,0,0,0,8,0,0,0,0,0,0,8,0,0,0,9,0,8,24,96,2,0,0,0,9,0,0,0,1,1,0,0,0,0,0,0,0,0,0,8,0,0,1,0,2,56,0,64,0,8,8,0,0,0,0,0
"ESP_060_MZB_LO_15","ESP_060_MZB_LO_15-07.06.2024","07.06.2024",2024,6,7,8,8,0,0,0,160,0,0,11,0,0,9,0,8,288,0,12,0,0,0,0,0,0,2,8,0,0,0,2,0,0,0,0,0,8,17,0,0,8,9,0,9,8,112,9,0,0,0,0,0,0,0,1,17,0,0,0,0,0,0,0,8,9,0,0,0,35,0,0,75,0,40,0,0,0,0,0,0,0,0
"ESP_060_MZB_LO_16","ESP_060_MZB_LO_16-15.07.2014","15.07.2014",2014,7,15,0,24,0,0,0,104,0,0,28,0,0,8,0,0,1024,0,11,0,0,0,0,0,0,0,0,0,0,1,6,16,0,0,0,5,0,16,0,0,0,10,0,0,16,96,3,16,0,0,0,0,0,0,9,33,0,0,0,0,0,72,0,0,0,9,8,0,0,0,44,64,0,328,28,0,1,0,0,0,4,0
"ESP_060_MZB_LO_16","ESP_060_MZB_LO_16-09.07.2015","09.07.2015",2015,7,9,16,0,0,0,0,22,0,0,1,0,0,8,0,0,632,0,17,1,0,0,0,0,0,0,0,0,0,3,0,0,0,0,0,0,0,0,0,0,1,65,0,0,0,24,3,17,0,0,0,0,0,0,41,30,0,0,0,0,0,16,0,0,0,16,0,8,1,0,28,0,0,128,9,0,10,0,0,8,0,0
"ESP_060_MZB_LO_16","ESP_060_MZB_LO_16-12.07.2016","12.07.2016",2016,7,12,16,1,0,0,0,56,0,0,9,0,0,0,0,0,304,0,19,1,0,0,0,0,0,0,8,8,0,9,9,17,0,0,0,9,8,35,8,0,16,21,0,0,40,304,9,9,0,0,0,0,0,0,17,1,0,0,0,0,0,16,0,0,27,16,0,0,44,0,131,48,0,256,0,0,0,0,0,0,1,0
"ESP_060_MZB_LO_16","ESP_060_MZB_LO_16-05.07.2017","05.07.2017",2017,7,5,0,0,0,0,0,108,0,0,8,0,0,0,0,4,270,0,6,0,6,0,0,0,0,6,20,4,0,1,2,0,0,0,0,6,0,6,6,0,0,24,0,0,76,160,10,1,0,0,0,6,0,0,0,17,0,0,0,0,0,10,0,0,12,30,0,0,15,0,24,18,0,166,0,0,4,0,0,0,0,0
"ESP_060_MZB_LO_16","ESP_060_MZB_LO_16-16.07.2018","16.07.2018",2018,7,16,0,8,0,0,0,414,0,0,1,0,0,0,0,0,424,0,0,0,8,0,0,0,0,9,16,0,0,0,3,0,0,0,0,1,0,21,8,0,16,46,0,8,8,200,12,8,0,0,0,0,0,0,0,9,0,1,0,0,0,16,0,0,0,24,0,0,30,0,26,24,0,56,0,0,0,0,0,0,2,0
"ESP_060_MZB_LO_16","ESP_060_MZB_LO_16-12.06.2019","12.06.2019",2019,6,12,0,0,0,16,0,507,0,0,18,0,0,0,0,8,432,0,10,8,0,0,0,0,0,8,0,8,1,0,6,0,0,0,0,2,0,28,0,0,8,100,0,0,0,280,18,0,0,24,8,0,0,0,8,9,0,0,0,0,0,0,0,0,0,24,0,0,44,40,18,40,0,56,0,8,8,0,0,0,2,0
"ESP_060_MZB_LO_16","ESP_060_MZB_LO_16-09.06.2020","09.06.2020",2020,6,9,16,0,0,0,0,748,0,0,1,0,0,0,0,32,536,0,0,24,0,0,0,0,0,11,0,0,9,0,11,0,8,0,0,10,0,46,0,0,16,32,0,0,0,448,11,16,0,8,0,0,0,0,1,0,0,0,0,0,0,16,0,0,0,8,0,1,12,40,17,35,0,56,0,16,8,0,0,0,0,0
"ESP_060_MZB_LO_16","ESP_060_MZB_LO_16-16.06.2021","16.06.2021",2021,6,16,0,8,8,0,0,336,0,0,0,0,0,1,0,0,296,0,2,0,0,0,0,0,0,0,8,0,3,0,6,0,8,0,0,3,0,100,0,0,8,51,0,8,16,376,1,0,0,24,0,0,0,0,0,18,0,0,0,0,0,0,0,0,9,8,0,0,33,40,19,11,0,80,4,0,8,0,0,0,8,0
"ESP_060_MZB_LO_16","ESP_060_MZB_LO_16-10.06.2022","10.06.2022",2022,6,10,0,16,0,1,0,94,0,8,12,0,0,0,0,0,456,0,1,8,0,0,0,0,0,0,40,0,2,0,2,0,0,0,0,19,0,92,8,0,0,86,0,0,8,264,3,8,0,0,16,0,0,0,0,18,0,0,0,0,0,24,0,0,0,0,0,0,73,24,19,16,0,24,0,0,18,0,0,0,2,0
"ESP_060_MZB_LO_16","ESP_060_MZB_LO_16-08.06.2023","08.06.2023",2023,6,8,0,0,0,0,0,235,0,0,1,0,0,0,0,0,248,0,8,0,0,0,0,1,0,0,8,8,0,0,2,8,0,0,0,0,8,1,0,0,8,38,0,0,40,408,0,8,0,0,0,0,0,0,0,27,0,0,0,0,0,8,0,0,9,8,0,0,0,8,8,49,0,64,2,24,1,0,0,0,2,0
"ESP_060_MZB_LO_16","ESP_060_MZB_LO_16-07.06.2024","07.06.2024",2024,6,7,0,8,0,0,0,152,0,0,17,0,0,0,0,0,248,0,1,0,8,0,0,0,0,11,16,0,0,0,2,0,48,0,0,3,16,22,24,0,8,20,0,0,0,264,17,0,0,40,0,0,0,0,0,26,0,0,0,0,0,0,0,0,0,0,0,0,5,24,16,234,0,160,0,8,8,0,0,0,2,0
"ESP_060_MZB_LO_17","ESP_060_MZB_LO_17-15.07.2014","15.07.2014",2014,7,15,8,8,0,41,0,176,0,0,8,0,0,0,0,0,288,0,9,0,8,0,0,0,0,48,112,0,1,0,16,0,8,0,0,0,16,50,0,0,16,15,0,0,32,310,58,16,0,312,0,64,0,0,24,0,0,0,0,0,0,0,24,0,0,16,16,0,24,64,296,312,0,0,0,8,8,0,0,0,0,0
"ESP_060_MZB_LO_17","ESP_060_MZB_LO_17-09.07.2015","09.07.2015",2015,7,9,0,0,0,17,0,152,0,0,0,0,0,32,0,0,136,0,12,0,0,0,0,0,0,35,48,0,0,0,0,0,0,0,0,0,16,8,0,0,8,7,0,0,32,48,5,1,0,128,0,0,0,0,0,0,0,0,0,0,0,0,0,0,20,8,0,0,18,0,121,215,0,8,0,0,0,0,0,9,0,0
"ESP_060_MZB_LO_17","ESP_060_MZB_LO_17-12.07.2016","12.07.2016",2016,7,12,0,16,0,8,0,80,0,0,2,0,0,0,0,0,400,0,3,0,0,0,0,0,0,29,136,0,0,0,1,0,16,0,0,8,16,8,0,0,16,56,0,0,80,352,23,8,0,40,0,0,0,0,0,0,0,0,0,0,0,0,0,0,68,0,0,0,42,16,219,91,0,120,0,0,8,0,0,0,0,0
"ESP_060_MZB_LO_17","ESP_060_MZB_LO_17-05.07.2017","05.07.2017",2017,7,5,0,0,0,4,0,46,0,0,2,0,0,0,0,0,202,0,1,0,0,0,0,0,0,4,64,0,0,0,5,0,0,0,0,9,0,10,12,0,0,42,0,0,74,108,7,1,0,98,0,8,0,0,0,0,0,0,0,0,0,0,0,0,12,0,4,0,5,6,50,51,0,24,0,4,4,0,0,0,0,0
"ESP_060_MZB_LO_17","ESP_060_MZB_LO_17-16.07.2018","16.07.2018",2018,7,16,0,0,0,1,0,240,0,0,9,0,0,0,0,0,376,0,1,1,8,0,0,0,0,8,0,0,8,0,3,0,0,0,0,3,0,10,8,0,0,20,0,0,16,192,20,9,0,176,0,8,0,0,0,0,0,1,0,0,0,0,16,0,2,16,0,0,76,0,63,1,0,104,0,0,8,0,0,0,1,0
"ESP_060_MZB_LO_17","ESP_060_MZB_LO_17-12.06.2019","12.06.2019",2019,6,12,0,16,0,0,0,216,0,8,1,0,0,0,0,0,392,0,1,0,0,0,0,0,0,0,20,24,2,0,4,0,0,0,0,0,0,8,0,0,0,51,0,0,0,140,1,20,0,0,0,0,0,0,8,0,0,0,0,0,0,0,0,0,0,32,8,0,42,16,17,32,0,32,0,80,0,0,0,16,3,0
"ESP_060_MZB_LO_17","ESP_060_MZB_LO_17-09.06.2020","09.06.2020",2020,6,9,0,0,0,6,8,120,0,10,1,0,0,0,0,0,512,0,0,0,0,0,0,0,0,16,16,0,9,0,11,0,0,0,0,0,0,19,0,0,0,68,0,0,0,232,6,0,0,104,0,0,0,0,0,0,0,1,0,0,0,0,8,0,24,0,8,0,4,72,45,28,0,160,0,16,8,0,0,0,1,0
"ESP_060_MZB_LO_17","ESP_060_MZB_LO_17-16.06.2021","16.06.2021",2021,6,16,0,0,0,10,0,64,0,0,0,0,0,0,0,0,424,0,1,8,8,0,0,0,0,8,32,0,11,0,2,0,0,0,0,19,0,1,8,0,0,18,0,0,40,264,40,0,0,184,0,0,0,0,0,0,0,0,0,0,0,0,8,0,8,8,0,0,19,40,62,40,0,8,0,8,10,0,0,8,6,0
"ESP_060_MZB_LO_17","ESP_060_MZB_LO_17-10.06.2022","10.06.2022",2022,6,10,0,0,0,1,0,84,0,8,0,0,0,0,0,0,312,0,1,16,8,0,0,0,0,17,16,0,10,0,3,0,0,0,0,0,8,33,0,0,0,48,0,0,24,68,23,1,0,56,0,0,0,0,0,0,0,0,0,0,0,0,0,0,8,16,0,0,12,32,18,44,0,64,0,27,1,0,0,0,0,0
"ESP_060_MZB_LO_17","ESP_060_MZB_LO_17-08.06.2023","08.06.2023",2023,6,8,0,8,0,11,0,232,0,0,0,0,0,0,0,8,400,0,1,0,8,0,0,0,0,0,8,0,2,0,3,0,0,0,0,0,1,9,0,0,0,17,0,0,32,216,3,1,0,8,0,0,0,0,0,0,0,0,0,0,0,0,0,0,58,8,8,0,8,8,68,59,0,24,0,112,1,0,0,0,0,0
"ESP_060_MZB_LO_17","ESP_060_MZB_LO_17-07.06.2024","07.06.2024",2024,6,7,0,0,0,9,8,104,0,0,1,0,0,0,0,0,264,0,1,8,0,0,0,0,0,30,8,0,1,0,9,0,8,0,0,22,16,18,24,0,0,96,0,0,0,200,5,0,0,80,0,24,0,0,0,0,0,8,0,0,0,0,0,0,3,0,0,0,26,96,9,25,0,16,0,48,0,0,0,0,4,0
"ESP_060_MZB_LO_18","ESP_060_MZB_LO_18-10.08.2015","10.08.2015",2015,8,10,0,16,0,0,0,96,0,0,16,0,0,19,0,0,400,0,17,0,0,0,0,0,0,0,16,0,0,0,1,0,8,0,0,0,0,64,48,0,0,9,0,16,144,112,1,18,0,0,0,0,0,0,0,17,0,0,0,0,0,0,8,0,0,16,0,0,0,0,163,0,0,240,0,0,6,0,0,0,0,0
"ESP_060_MZB_LO_18","ESP_060_MZB_LO_18-07.06.2016","07.06.2016",2016,6,7,0,0,0,0,0,248,0,0,1,0,0,0,0,0,408,0,1,0,0,0,0,0,0,0,8,0,0,0,1,0,8,8,0,0,0,25,0,0,0,16,0,0,0,72,36,0,0,32,0,16,0,0,0,0,0,0,0,0,0,0,8,0,0,8,8,0,0,96,74,8,0,8,0,33,0,0,0,0,0,0
"ESP_060_MZB_LO_18","ESP_060_MZB_LO_18-15.06.2017","15.06.2017",2017,6,15,0,8,0,0,0,208,0,0,0,0,0,0,0,0,324,0,1,0,0,0,0,0,0,19,132,0,0,0,12,0,24,0,0,0,0,57,44,0,24,132,0,0,0,104,97,8,0,136,0,0,0,0,0,0,0,9,0,0,0,0,0,0,0,32,0,8,1,40,100,58,0,200,0,40,20,0,0,1,0,0
"ESP_060_MZB_LO_18","ESP_060_MZB_LO_18-01.06.2018","01.06.2018",2018,6,1,0,0,0,0,0,142,0,0,0,0,0,0,0,0,236,0,1,4,0,0,0,0,0,0,4,8,0,0,3,0,4,8,0,0,0,20,8,0,0,8,0,0,0,24,8,9,0,4,0,0,0,0,0,1,0,0,1,0,0,0,0,0,1,4,0,0,0,0,2,7,0,180,0,10,0,0,0,0,0,0
"ESP_060_MZB_LO_18","ESP_060_MZB_LO_18-12.06.2019","12.06.2019",2019,6,12,0,0,8,0,0,404,0,0,1,0,0,0,0,12,244,0,9,0,0,0,0,0,0,8,12,0,0,0,3,0,8,0,0,0,0,10,12,0,0,54,0,8,8,216,54,17,0,16,0,0,0,0,0,0,0,0,1,0,0,0,0,0,8,24,0,0,1,28,44,214,0,56,0,0,0,0,0,0,0,0
"ESP_060_MZB_LO_18","ESP_060_MZB_LO_18-16.06.2021","16.06.2021",2021,6,16,0,0,0,0,0,40,0,0,0,0,0,0,0,8,424,0,1,0,0,0,0,0,0,8,8,0,0,0,6,0,48,8,0,0,0,55,24,0,8,40,0,0,0,264,2,16,0,8,0,0,0,0,0,0,0,0,0,0,0,0,0,0,0,8,0,8,10,64,26,8,0,96,0,40,16,0,0,0,3,0
"ESP_060_MZB_LO_18","ESP_060_MZB_LO_18-29.06.2022","29.06.2022",2022,6,29,0,8,0,0,0,56,0,0,0,0,0,0,0,0,288,0,3,0,0,0,0,0,0,0,0,0,0,0,2,8,32,0,0,8,0,80,32,0,0,69,0,0,8,192,11,64,0,24,0,0,0,0,0,0,0,0,0,0,0,0,8,0,0,0,0,1,18,24,10,136,0,24,0,16,9,0,0,0,0,0
"ESP_060_MZB_LO_18","ESP_060_MZB_LO_18-07.06.2024","07.06.2024",2024,6,7,0,0,0,0,0,80,0,0,0,0,0,0,0,0,272,0,0,0,0,0,0,0,0,16,8,0,0,0,1,0,32,8,0,18,24,9,16,0,0,19,0,0,0,200,1,8,0,8,0,8,0,0,0,0,0,1,0,0,0,0,0,0,0,0,0,1,19,8,9,8,0,88,0,24,8,0,0,0,3,0
"ESP_060_MZB_LO_19","ESP_060_MZB_LO_19-23.06.2014","23.06.2014",2014,6,23,0,0,0,9,0,184,0,8,0,0,0,4,0,0,56,0,9,0,0,0,0,0,0,0,112,0,0,0,0,0,56,16,0,0,16,52,0,0,0,12,0,0,8,336,137,8,0,0,0,16,0,0,1,0,0,25,0,0,0,0,16,0,1,8,8,9,1,16,70,32,8,48,0,84,0,0,0,0,4,0
"ESP_060_MZB_LO_19","ESP_060_MZB_LO_19-20.08.2015","20.08.2015",2015,8,20,0,0,0,9,0,56,0,0,0,0,0,0,0,0,72,0,2,1,0,0,0,0,0,8,168,8,0,0,3,0,32,0,0,17,0,24,0,0,0,49,0,8,80,256,6,18,0,0,0,16,0,0,0,0,0,9,0,0,0,0,0,0,0,0,0,17,1,24,156,0,1,0,0,0,0,0,0,1,0,0
"ESP_060_MZB_LO_19","ESP_060_MZB_LO_19-21.06.2016","21.06.2016",2016,6,21,0,0,0,50,0,256,0,8,0,0,0,0,0,0,48,0,1,1,0,0,0,0,0,41,104,0,0,0,0,0,0,8,0,1,16,40,0,0,8,84,0,14,0,104,28,9,0,16,0,64,0,0,1,0,0,11,0,0,0,0,0,0,8,24,0,8,8,88,9,0,0,0,0,72,0,0,0,1,3,0
"ESP_060_MZB_LO_19","ESP_060_MZB_LO_19-01.08.2017","01.08.2017",2017,8,1,0,0,0,73,0,11,0,0,0,0,0,0,0,0,318,0,62,1,0,0,0,0,0,0,63,16,0,0,1,0,3,8,0,1,0,2,8,0,8,2,0,0,2,560,2,0,0,0,0,17,0,0,0,0,0,41,0,0,0,0,24,0,0,24,0,2,8,50,31,0,0,0,0,0,8,0,0,0,0,0
"ESP_060_MZB_LO_19","ESP_060_MZB_LO_19-22.08.2018","22.08.2018",2018,8,22,0,0,0,42,0,72,0,0,0,0,0,0,0,0,848,0,4,0,0,0,0,0,0,16,264,0,0,0,3,0,16,0,0,3,0,0,8,0,0,48,0,0,0,624,144,166,0,0,0,33,0,0,1,0,0,35,0,0,0,0,8,0,0,0,0,1,3,64,182,0,17,64,0,0,0,0,0,0,8,0
"ESP_060_MZB_LO_19","ESP_060_MZB_LO_19-16.08.2019","16.08.2019",2019,8,16,0,0,0,34,0,48,0,0,0,0,0,0,0,0,264,0,17,0,0,0,0,0,0,8,168,0,0,0,4,8,24,24,0,0,0,32,0,0,0,16,0,0,0,240,11,67,0,0,0,8,0,0,0,0,0,9,0,0,0,0,0,0,0,8,0,1,17,4,52,8,0,0,0,0,0,0,0,1,6,0
"ESP_060_MZB_LO_19","ESP_060_MZB_LO_19-27.08.2020","27.08.2020",2020,8,27,0,0,0,18,0,0,0,0,0,0,0,0,0,0,296,0,1,0,0,0,0,0,0,8,160,0,0,0,4,0,0,0,0,11,0,96,16,0,8,90,0,0,0,736,0,28,0,0,0,224,0,0,0,0,0,0,0,0,0,0,0,0,0,0,0,31,22,24,57,0,8,40,0,0,8,0,0,2,1,0
"ESP_060_MZB_LO_19","ESP_060_MZB_LO_19-25.06.2021","25.06.2021",2021,6,25,0,0,0,9,0,208,0,0,0,0,0,0,0,0,320,0,11,8,0,0,0,0,0,1,0,0,0,0,4,0,0,0,0,16,8,30,0,0,1,106,0,0,0,360,18,9,0,16,0,8,0,0,1,0,0,3,0,0,0,0,0,0,0,0,0,8,1,8,32,17,8,48,0,24,1,0,0,0,3,0
"ESP_060_MZB_LO_19","ESP_060_MZB_LO_19-30.06.2022","30.06.2022",2022,6,30,0,0,0,0,0,80,0,0,0,0,0,0,0,0,344,0,2,0,0,0,0,0,0,8,56,0,0,0,2,8,16,0,0,8,0,70,0,0,8,10,0,0,16,224,43,8,0,16,0,48,0,0,8,0,0,0,0,0,0,0,0,0,9,8,0,1,2,0,18,120,0,0,0,0,0,0,0,1,0,0
"ESP_060_MZB_LO_19","ESP_060_MZB_LO_19-28.08.2023","28.08.2023",2023,8,28,0,0,0,9,0,16,0,0,0,0,0,8,0,0,160,0,17,0,0,0,0,0,0,0,88,0,0,0,0,8,8,16,0,0,0,26,0,0,0,18,0,0,16,304,2,8,0,0,0,24,0,0,0,0,0,0,0,0,0,0,0,0,1,0,0,1,0,32,70,0,0,32,0,0,0,0,0,0,0,0
"ESP_060_MZB_LO_19","ESP_060_MZB_LO_19-22.08.2024","22.08.2024",2024,8,22,0,0,0,24,0,0,0,0,0,0,0,1,0,8,48,0,8,0,8,0,0,0,0,0,64,0,0,0,8,0,31,0,0,2,0,8,8,0,0,8,0,0,8,176,12,8,0,0,0,17,0,0,0,0,0,1,0,0,0,0,0,0,8,0,0,19,0,32,49,0,0,16,0,0,0,0,0,0,0,0
"ESP_060_MZB_LO_2","ESP_060_MZB_LO_2-25.08.2014","25.08.2014",2014,8,25,0,0,0,26,0,208,0,0,0,0,0,0,0,8,288,0,3,0,0,0,0,0,0,40,552,0,0,0,0,0,0,0,0,0,0,275,0,0,16,93,0,0,8,392,7,23,0,56,0,32,0,0,0,0,0,33,0,0,0,32,0,0,0,0,0,16,60,40,252,128,8,80,0,0,0,0,0,1,0,16
"ESP_060_MZB_LO_2","ESP_060_MZB_LO_2-14.08.2015","14.08.2015",2015,8,14,0,0,0,11,0,84,0,0,0,0,0,0,0,0,115,0,11,0,8,0,0,0,0,16,48,0,1,0,2,0,0,0,0,0,0,32,0,0,1,59,0,0,24,168,2,4,0,0,0,8,0,0,9,0,0,38,0,0,0,8,0,0,0,0,0,0,1,20,128,8,2,50,0,0,16,0,0,0,1,8
"ESP_060_MZB_LO_2","ESP_060_MZB_LO_2-23.06.2016","23.06.2016",2016,6,23,0,8,0,9,0,410,0,8,0,0,0,0,0,0,64,0,0,1,0,0,0,0,0,9,112,0,9,0,0,0,0,32,0,9,40,200,8,0,0,104,0,0,8,168,47,30,0,8,0,48,0,0,0,0,0,25,0,0,0,24,0,0,0,32,0,0,9,17,278,488,0,40,0,8,9,0,0,0,9,0
"ESP_060_MZB_LO_2","ESP_060_MZB_LO_2-08.06.2017","08.06.2017",2017,6,8,0,0,0,33,0,807,0,1,0,0,0,0,0,0,400,0,1,0,0,0,0,0,0,48,168,0,1,0,1,0,0,32,0,0,0,232,32,0,0,91,0,0,0,432,2,49,0,16,0,112,0,0,0,0,0,19,0,0,0,0,0,0,0,64,0,0,51,48,195,50,0,1152,0,48,0,0,0,1,0,0
"ESP_060_MZB_LO_2","ESP_060_MZB_LO_2-21.06.2018","21.06.2018",2018,6,21,0,0,0,2,0,190,0,1,0,0,0,0,0,0,440,0,1,0,0,0,0,0,0,0,72,0,0,0,0,0,0,1,0,0,0,100,0,0,0,28,0,18,18,232,9,17,0,8,0,80,0,0,1,0,0,9,0,0,0,16,0,0,0,40,0,0,1,16,100,38,0,80,0,40,0,0,0,0,40,0
"ESP_060_MZB_LO_2","ESP_060_MZB_LO_2-10.06.2019","10.06.2019",2019,6,10,0,0,0,27,0,256,0,32,0,0,0,0,0,8,424,0,0,0,0,0,0,0,1,16,96,0,0,0,3,0,0,56,0,0,8,41,0,0,1,51,0,0,8,120,25,56,0,0,0,152,0,0,0,0,0,26,0,0,0,8,0,0,0,16,0,10,8,8,120,38,0,0,0,40,0,0,0,0,3,0
"ESP_060_MZB_LO_2","ESP_060_MZB_LO_2-05.06.2020","05.06.2020",2020,6,5,0,0,0,37,0,192,0,1,0,0,0,0,0,0,376,0,0,0,0,0,0,0,0,9,56,0,0,0,1,0,0,80,0,0,0,24,0,0,0,11,0,0,0,408,9,19,0,16,0,24,0,0,0,0,0,3,0,0,0,8,8,0,0,16,0,9,17,24,59,27,0,24,0,8,0,0,0,0,1,0
"ESP_060_MZB_LO_2","ESP_060_MZB_LO_2-02.06.2021","02.06.2021",2021,6,2,0,0,0,32,0,384,0,0,0,0,0,0,0,0,360,0,0,0,0,0,0,0,0,0,72,0,0,0,6,0,0,104,0,0,8,158,0,0,0,75,8,10,8,280,81,50,0,24,0,8,0,0,1,0,0,1,0,0,0,0,0,0,0,24,0,0,2,32,10,32,0,0,0,48,0,0,0,0,3,0
"ESP_060_MZB_LO_2","ESP_060_MZB_LO_2-03.06.2022","03.06.2022",2022,6,3,0,0,0,1,0,160,0,8,0,0,0,0,0,0,368,0,0,0,0,0,0,0,0,0,16,0,0,0,4,0,0,32,0,0,8,64,0,0,0,132,0,0,32,296,50,27,0,8,0,56,0,0,0,0,0,18,0,0,0,0,0,0,0,16,0,0,18,16,19,42,0,24,0,32,0,0,8,0,1,0
"ESP_060_MZB_LO_2","ESP_060_MZB_LO_2-06.06.2023","06.06.2023",2023,6,6,0,0,0,10,0,56,0,0,0,0,0,0,0,0,336,0,0,0,0,0,0,0,0,0,48,0,0,0,2,0,8,32,0,0,0,10,0,0,0,25,0,8,8,184,53,8,0,0,0,16,0,0,0,0,0,20,0,0,0,0,8,0,8,0,0,1,8,24,114,16,0,16,0,72,8,0,0,0,0,0
"ESP_060_MZB_LO_2","ESP_060_MZB_LO_2-13.06.2024","13.06.2024",2024,6,13,0,8,0,0,0,200,0,0,0,0,0,0,0,8,432,0,1,0,0,0,0,0,0,8,40,0,0,0,3,0,8,64,0,9,8,66,0,0,0,30,0,9,17,256,74,11,0,8,0,0,0,0,0,0,0,19,0,0,0,32,0,0,8,8,0,1,8,24,96,0,0,0,0,32,0,0,8,0,0,0
"ESP_060_MZB_LO_20","ESP_060_MZB_LO_20-05.06.2014","05.06.2014",2014,6,5,0,0,0,9,0,426,0,0,0,0,0,0,0,8,296,0,0,8,0,0,0,0,0,1,0,0,34,0,1,16,16,0,0,0,32,179,0,0,0,160,0,0,8,144,29,0,0,0,0,0,0,0,17,8,0,1,0,9,0,0,16,0,8,0,0,8,19,195,40,41,0,40,1,16,8,0,0,8,8,0
"ESP_060_MZB_LO_20","ESP_060_MZB_LO_20-10.08.2015","10.08.2015",2015,8,10,0,1,0,0,0,176,0,0,0,0,0,0,0,0,208,0,0,0,8,0,0,0,0,0,16,0,1,0,3,0,0,8,0,1,0,32,0,0,0,87,0,16,144,232,0,0,0,0,0,0,0,1,1,0,0,0,0,19,0,0,16,0,3,0,0,9,52,8,0,0,0,0,0,0,0,0,0,0,0,0
"ESP_060_MZB_LO_20","ESP_060_MZB_LO_20-21.06.2016","21.06.2016",2016,6,21,0,8,0,1,0,156,0,0,0,1,0,0,0,8,80,0,3,3,0,0,0,0,0,29,0,0,4,0,2,0,16,0,0,2,40,88,8,0,0,36,0,1,0,0,29,1,0,0,0,0,0,0,0,1,0,0,0,10,0,0,9,0,1,0,0,0,10,96,83,16,0,16,0,8,0,0,0,2,6,0
"ESP_060_MZB_LO_20","ESP_060_MZB_LO_20-12.06.2017","12.06.2017",2017,6,12,0,0,0,10,0,96,0,0,0,0,0,0,0,4,664,0,1,0,0,0,0,0,0,0,0,0,4,0,0,0,0,0,0,1,0,15,4,0,4,52,0,1,0,188,4,4,0,12,0,0,0,0,0,0,0,0,0,0,0,0,0,0,0,0,0,1,13,52,20,4,0,104,0,12,0,0,0,2,0,0
"ESP_060_MZB_LO_20","ESP_060_MZB_LO_20-04.06.2018","04.06.2018",2018,6,4,0,0,0,22,0,315,0,0,0,1,0,0,0,8,440,0,0,0,0,0,0,0,0,0,0,0,0,0,1,0,8,0,0,8,16,170,16,0,0,10,0,19,18,48,30,1,0,8,0,8,0,0,0,1,0,0,0,9,0,0,16,0,0,0,0,0,3,32,27,0,0,8,0,96,0,0,0,0,0,0
"ESP_060_MZB_LO_20","ESP_060_MZB_LO_20-13.06.2019","13.06.2019",2019,6,13,0,9,0,26,0,144,0,0,0,0,0,0,0,0,512,0,0,0,0,0,0,0,0,0,0,0,3,0,1,8,0,0,0,8,8,34,0,0,2,70,0,0,0,352,1,8,0,24,0,0,0,0,1,1,1,1,0,8,0,0,0,0,0,0,0,0,17,40,0,8,0,160,8,24,0,0,0,1,0,0
"ESP_060_MZB_LO_20","ESP_060_MZB_LO_20-15.06.2021","15.06.2021",2021,6,15,0,0,0,9,0,144,0,0,0,0,0,0,0,0,376,0,0,2,0,0,0,0,0,8,8,0,0,0,3,0,0,0,0,4,8,19,0,0,8,43,0,8,24,392,0,24,0,8,0,0,0,0,0,0,2,0,0,0,0,0,0,0,8,0,0,0,11,72,8,26,0,96,0,8,0,0,0,0,2,56
"ESP_060_MZB_LO_20","ESP_060_MZB_LO_20-30.06.2022","30.06.2022",2022,6,30,0,8,0,1,0,88,0,0,0,0,0,0,0,0,232,0,0,0,0,1,0,0,0,0,0,0,0,0,2,8,8,0,0,2,0,23,0,0,16,5,0,0,9,156,0,1,0,8,0,8,0,0,0,0,23,0,0,0,0,0,0,0,0,0,0,0,1,8,0,1,0,48,0,0,0,0,0,0,0,136
"ESP_060_MZB_LO_20","ESP_060_MZB_LO_20-06.06.2024","06.06.2024",2024,6,6,0,0,0,0,0,232,0,0,0,0,0,0,0,0,352,0,0,0,0,0,0,0,0,9,0,0,0,0,4,0,0,0,0,8,32,86,0,0,0,21,0,0,8,192,9,17,0,0,0,0,0,0,3,1,2,0,0,0,0,0,0,0,0,0,0,0,36,48,8,0,0,176,0,8,0,0,0,1,16,26
"ESP_060_MZB_LO_21","ESP_060_MZB_LO_21-13.06.2014","13.06.2014",2014,6,13,0,8,0,10,0,304,0,0,0,0,0,0,0,8,224,0,0,0,0,0,0,0,0,0,112,0,0,0,1,8,0,16,0,0,16,77,16,0,8,64,0,0,0,432,59,84,0,32,0,16,0,0,0,0,0,0,0,0,0,0,0,0,17,32,0,10,9,208,153,80,1,0,0,187,0,0,0,1,8,0
"ESP_060_MZB_LO_21","ESP_060_MZB_LO_21-20.08.2015","20.08.2015",2015,8,20,0,0,1,35,0,347,0,0,1,0,0,0,0,0,448,0,1,5,0,0,0,0,0,1,48,0,0,0,0,0,32,0,2,0,16,33,16,0,0,225,0,16,154,368,17,39,0,0,0,48,0,0,0,0,0,1,0,0,0,0,1,0,0,0,0,2,33,33,180,0,17,0,0,0,0,0,0,1,0,0
"ESP_060_MZB_LO_21","ESP_060_MZB_LO_21-21.06.2016","21.06.2016",2016,6,21,0,8,16,0,0,960,0,0,0,0,0,0,0,0,232,0,0,0,0,0,0,0,0,40,8,0,0,0,0,0,0,64,0,1,48,222,0,0,0,248,0,1,0,256,60,8,0,0,0,72,0,0,0,0,0,0,0,0,0,0,8,0,8,40,0,40,17,16,49,56,0,24,0,128,0,0,0,8,4,0
"ESP_060_MZB_LO_21","ESP_060_MZB_LO_21-12.06.2017","12.06.2017",2017,6,12,0,16,0,10,0,280,0,0,0,0,0,0,0,0,224,0,0,1,8,0,0,0,0,32,40,0,0,0,1,0,0,0,0,9,0,75,8,0,0,48,0,0,8,184,35,29,0,24,0,0,0,1,0,0,0,0,0,0,0,0,8,0,0,24,0,1,17,96,78,8,8,56,0,112,0,0,0,24,2,0
"ESP_060_MZB_LO_21","ESP_060_MZB_LO_21-04.06.2018","04.06.2018",2018,6,4,0,8,0,2,0,320,0,0,0,11,0,0,0,0,192,0,0,0,0,0,0,0,0,0,8,8,0,0,0,0,0,8,0,0,0,36,0,0,0,20,0,9,0,72,16,6,0,8,0,8,0,0,1,0,0,0,0,9,0,0,0,0,0,8,0,0,10,56,19,0,0,8,0,152,0,0,0,0,1,0
"ESP_060_MZB_LO_21","ESP_060_MZB_LO_21-13.06.2019","13.06.2019",2019,6,13,0,0,0,9,0,336,0,0,0,0,0,0,0,0,520,0,0,1,0,0,0,0,0,32,40,24,0,0,4,1,0,0,0,0,8,134,16,0,0,100,0,0,16,192,26,57,0,24,0,0,0,0,0,0,0,10,0,0,0,0,32,0,0,16,0,3,9,48,17,0,0,8,0,88,0,0,0,0,0,0
"ESP_060_MZB_LO_21","ESP_060_MZB_LO_21-16.06.2021","16.06.2021",2021,6,16,0,0,0,9,0,312,8,0,0,0,0,0,0,0,536,0,0,8,0,0,0,0,0,9,8,0,0,0,3,0,0,8,0,0,8,86,0,0,0,14,0,0,0,392,0,24,0,32,0,8,0,0,0,0,0,8,0,0,0,0,0,0,8,8,0,16,10,24,9,150,0,136,0,24,0,8,0,0,1,0
"ESP_060_MZB_LO_21","ESP_060_MZB_LO_21-30.06.2022","30.06.2022",2022,6,30,0,0,0,0,0,160,0,0,0,0,0,0,0,8,384,0,0,0,0,0,0,0,0,0,0,0,0,0,10,0,8,16,0,8,0,92,8,0,0,45,0,1,16,104,10,10,0,24,0,24,0,0,1,0,0,0,0,0,0,0,0,0,19,8,0,1,11,8,18,32,0,0,0,0,0,0,0,0,2,0
"ESP_060_MZB_LO_21","ESP_060_MZB_LO_21-06.06.2024","06.06.2024",2024,6,6,0,8,0,14,0,88,0,0,0,0,0,0,0,0,288,0,0,0,8,0,0,0,0,17,48,0,0,0,3,0,0,16,0,0,32,118,0,0,0,112,0,10,16,168,11,18,0,16,0,0,0,0,0,0,0,1,0,0,0,0,0,0,0,0,0,3,23,64,19,8,0,24,0,112,0,0,0,0,1,0
"ESP_060_MZB_LO_22","ESP_060_MZB_LO_22-25.08.2014","25.08.2014",2014,8,25,0,0,0,17,0,144,0,0,0,0,0,0,0,0,96,0,0,0,0,0,0,0,0,16,176,0,1,0,6,0,16,16,0,0,0,123,8,0,8,35,0,8,0,176,6,9,0,56,0,8,0,0,0,0,0,17,0,0,0,8,0,0,0,0,0,0,31,0,108,8,0,8,0,0,0,0,0,0,3,0
"ESP_060_MZB_LO_22","ESP_060_MZB_LO_22-11.08.2015","11.08.2015",2015,8,11,0,0,0,35,0,176,0,0,0,0,0,0,0,0,48,0,0,0,8,0,0,0,0,9,56,16,0,0,0,0,8,16,0,0,0,168,0,0,8,116,0,0,40,168,7,18,0,0,0,8,0,0,1,0,0,25,0,3,0,0,8,0,0,0,0,1,0,16,146,32,1,0,0,0,0,0,0,1,0,0
"ESP_060_MZB_LO_22","ESP_060_MZB_LO_22-23.06.2016","23.06.2016",2016,6,23,0,0,0,1,0,228,0,3,0,0,0,0,0,0,176,0,0,0,0,0,0,0,0,16,72,0,0,0,0,0,0,131,0,1,16,198,8,0,0,11,0,0,24,152,20,18,0,152,0,168,0,0,0,0,0,1,0,0,0,0,0,0,0,56,0,0,9,56,123,64,1,0,0,24,0,0,0,0,0,0
"ESP_060_MZB_LO_22","ESP_060_MZB_LO_22-08.06.2017","08.06.2017",2017,6,8,0,0,8,1,0,196,0,0,0,0,0,0,0,0,356,0,0,0,0,0,0,0,0,16,88,0,0,0,0,0,0,32,0,0,0,78,6,0,0,64,0,8,8,178,36,30,0,72,0,16,0,0,0,0,0,39,0,2,0,0,0,0,0,24,0,0,17,48,104,88,0,82,0,62,0,0,0,16,0,0
"ESP_060_MZB_LO_22","ESP_060_MZB_LO_22-05.06.2018","05.06.2018",2018,6,5,0,0,0,1,0,160,0,9,0,0,0,0,0,0,296,0,0,0,0,0,0,0,0,0,64,0,0,0,0,0,0,185,0,0,0,202,0,0,0,40,0,17,16,120,99,11,0,0,0,156,0,0,0,0,0,27,0,0,0,0,0,0,0,8,0,17,0,64,97,8,0,40,0,94,1,0,0,1,0,0
"ESP_060_MZB_LO_22","ESP_060_MZB_LO_22-10.06.2019","10.06.2019",2019,6,10,0,0,0,0,0,312,0,0,0,0,0,0,0,0,280,0,0,0,0,0,0,0,0,0,104,8,0,0,3,0,0,16,0,0,0,109,8,0,0,44,0,8,64,272,11,64,0,24,0,72,0,0,0,0,0,78,0,0,0,0,8,0,0,0,0,8,1,96,33,26,1,0,0,80,0,0,0,0,0,0
"ESP_060_MZB_LO_22","ESP_060_MZB_LO_22-05.06.2020","05.06.2020",2020,6,5,0,0,0,0,0,232,0,0,0,0,0,0,0,0,400,0,0,0,0,0,0,0,0,0,8,0,0,0,3,0,0,144,0,0,8,56,8,0,0,1,0,0,104,336,23,8,0,72,0,8,0,0,2,0,0,38,0,3,0,0,8,0,0,0,0,0,8,123,59,8,0,16,0,0,0,0,8,0,2,0
"ESP_060_MZB_LO_22","ESP_060_MZB_LO_22-02.06.2021","02.06.2021",2021,6,2,0,0,0,0,0,416,0,0,0,0,0,0,0,0,312,0,0,0,0,0,0,0,0,8,40,0,0,0,6,0,0,136,0,0,0,94,0,0,0,2,0,11,64,72,27,30,0,48,0,40,0,0,0,0,0,10,0,0,0,0,8,0,8,8,0,8,8,40,16,0,0,16,0,24,0,0,8,0,3,0
"ESP_060_MZB_LO_22","ESP_060_MZB_LO_22-03.06.2022","03.06.2022",2022,6,3,0,0,0,0,0,224,0,16,0,0,0,0,0,0,272,0,0,0,0,0,0,0,0,0,8,0,0,0,2,0,0,16,0,0,0,138,0,0,0,64,0,0,8,120,0,8,0,8,0,200,0,0,0,0,0,19,0,0,0,0,0,0,0,8,0,0,19,32,10,0,0,56,0,72,1,0,0,0,2,0
"ESP_060_MZB_LO_22","ESP_060_MZB_LO_22-06.06.2023","06.06.2023",2023,6,6,0,0,0,0,0,424,0,0,0,0,0,0,0,0,320,0,0,0,0,0,0,0,0,0,16,0,0,0,3,0,0,128,0,0,0,51,0,0,0,56,0,3,96,232,17,43,0,48,0,32,0,0,1,0,0,33,0,0,0,0,0,0,16,16,0,0,1,24,60,80,0,0,0,72,0,0,0,8,3,0
"ESP_060_MZB_LO_22","ESP_060_MZB_LO_22-13.06.2024","13.06.2024",2024,6,13,0,0,0,0,0,88,0,0,0,0,0,0,0,0,320,0,19,8,0,0,0,0,0,0,16,0,0,0,1,0,0,32,0,0,8,35,0,0,0,20,0,9,72,176,21,1,0,72,0,48,0,0,1,0,0,14,0,0,0,0,0,0,8,0,0,0,9,24,30,48,0,16,0,32,0,0,8,0,0,0
"ESP_060_MZB_LO_23","ESP_060_MZB_LO_23-08.05.2014","08.05.2014",2014,5,8,0,0,0,0,0,1160,0,0,0,0,0,0,0,0,144,0,0,0,0,0,0,0,0,8,0,0,0,0,8,0,0,0,0,0,0,38,0,0,0,0,0,0,0,0,50,94,0,0,0,658,0,0,1,0,0,0,156,0,0,0,0,0,8,0,0,0,0,0,0,0,0,0,100,0,0,0,0,1,0,0
"ESP_060_MZB_LO_23","ESP_060_MZB_LO_23-31.05.2016","31.05.2016",2016,5,31,0,1,0,0,0,264,0,0,0,0,0,0,0,0,224,0,0,0,0,0,0,1,0,0,0,8,0,0,8,8,8,0,0,0,0,17,0,0,0,1,0,0,0,0,0,144,0,0,0,112,0,0,17,0,0,0,52,0,0,0,0,0,0,0,0,0,0,0,0,0,0,48,34,0,0,0,0,0,1,0
"ESP_060_MZB_LO_23","ESP_060_MZB_LO_23-29.05.2018","29.05.2018",2018,5,29,0,0,0,0,0,516,0,0,0,0,0,0,0,0,688,0,0,0,0,0,0,0,0,8,8,0,0,0,0,0,0,0,0,0,8,1,0,0,0,0,0,0,0,0,0,0,0,0,0,272,0,0,0,0,0,0,11,0,0,0,0,0,1,0,0,0,0,0,0,0,0,336,16,0,0,0,0,8,0,0
"ESP_060_MZB_LO_23","ESP_060_MZB_LO_23-22.05.2020","22.05.2020",2020,5,22,0,0,0,0,0,140,0,0,0,0,0,0,0,0,204,0,0,0,0,0,0,0,0,0,0,0,0,0,0,0,1,0,0,0,8,0,0,0,0,0,0,0,8,0,1,56,0,0,0,104,0,0,0,0,0,0,76,0,0,0,0,0,0,0,0,0,0,0,0,0,0,8,55,0,0,0,0,0,0,0
"ESP_060_MZB_LO_23","ESP_060_MZB_LO_23-25.05.2021","25.05.2021",2021,5,25,0,0,0,0,0,76,0,0,0,0,0,0,0,0,80,0,0,1,0,0,0,0,0,0,0,0,0,0,0,0,3,0,0,0,4,1,0,0,0,0,0,0,8,0,1,43,0,0,0,0,0,0,0,0,0,0,12,0,0,0,0,0,1,0,0,0,0,0,0,0,0,12,27,0,0,0,0,0,0,0
"ESP_060_MZB_LO_23","ESP_060_MZB_LO_23-01.06.2022","01.06.2022",2022,6,1,0,0,0,0,0,104,0,0,0,0,4,0,0,0,100,0,0,0,0,0,0,0,0,1,0,0,0,0,9,0,16,0,0,0,4,8,0,0,0,2,0,0,0,0,2,12,0,0,0,12,0,0,0,0,0,0,23,0,0,0,0,0,0,0,0,0,0,0,0,18,0,0,59,0,0,0,0,0,0,0
"ESP_060_MZB_LO_23","ESP_060_MZB_LO_23-03.06.2024","03.06.2024",2024,6,3,0,0,0,0,0,8,0,0,0,0,0,0,0,0,208,0,0,0,0,0,0,0,0,0,16,0,0,0,0,0,0,0,0,0,80,8,0,0,1,1,0,0,24,0,2,78,0,0,0,0,0,0,0,0,0,0,1,0,0,0,0,0,0,0,0,0,0,0,0,0,0,0,0,0,0,0,0,0,0,0
"ESP_060_MZB_LO_24","ESP_060_MZB_LO_24-20.08.2014","20.08.2014",2014,8,20,8,8,0,0,0,136,0,0,0,0,0,0,0,0,192,0,3,0,0,0,0,8,0,16,232,0,0,0,9,0,24,16,0,0,0,26,0,0,0,1,0,17,0,384,61,16,0,0,0,8,0,0,0,0,0,18,0,0,0,0,0,0,0,8,0,18,16,8,103,8,1,32,0,0,0,0,0,0,0,26
"ESP_060_MZB_LO_24","ESP_060_MZB_LO_24-13.08.2015","13.08.2015",2015,8,13,8,1,8,0,0,64,0,0,0,0,0,0,0,0,192,0,0,0,16,0,0,0,0,8,112,0,0,0,0,0,32,8,0,0,0,8,0,0,8,0,0,0,8,306,8,25,0,0,0,0,0,0,1,0,0,44,0,11,0,0,0,0,0,16,0,16,8,16,129,0,0,0,0,0,0,0,0,0,1,0
"ESP_060_MZB_LO_24","ESP_060_MZB_LO_24-05.06.2018","05.06.2018",2018,6,5,0,0,0,9,0,292,0,0,0,0,0,0,0,16,232,0,0,0,0,0,0,0,0,0,48,24,0,0,0,0,8,8,0,0,0,50,0,0,0,35,0,0,8,168,3,50,0,0,0,8,0,0,0,0,0,9,0,0,0,0,0,0,0,16,0,0,17,24,51,1,0,16,0,40,0,0,0,0,0,0
"ESP_060_MZB_LO_24","ESP_060_MZB_LO_24-06.06.2019","06.06.2019",2019,6,6,0,0,0,8,0,376,0,0,0,0,0,0,0,0,392,0,0,0,8,0,0,0,0,0,176,0,0,0,4,0,8,8,0,0,8,138,0,0,0,8,0,8,0,232,84,49,0,0,0,40,0,0,8,0,0,19,0,0,0,0,0,0,0,0,0,9,8,24,17,0,0,0,0,16,0,0,0,0,0,0
"ESP_060_MZB_LO_24","ESP_060_MZB_LO_24-01.06.2022","01.06.2022",2022,6,1,0,16,0,1,0,208,0,0,0,0,0,0,0,0,432,0,0,0,0,0,0,0,0,0,40,0,0,0,2,0,8,8,0,0,0,136,0,0,0,59,0,0,0,184,17,48,0,16,0,0,0,0,1,0,0,19,0,1,0,0,0,0,0,0,0,1,17,48,10,8,0,24,0,40,0,0,0,0,0,0
"ESP_060_MZB_LO_24","ESP_060_MZB_LO_24-03.06.2024","03.06.2024",2024,6,3,0,24,0,8,0,168,0,0,0,0,0,0,0,0,216,0,0,0,0,0,0,0,0,0,32,8,0,0,5,0,8,0,0,0,0,83,8,0,0,68,0,0,8,208,39,72,0,0,0,48,0,0,1,0,0,20,0,0,0,0,0,0,0,8,0,0,9,16,18,0,0,96,0,24,0,0,0,2,0,0
"ESP_060_MZB_LO_25","ESP_060_MZB_LO_25-26.08.2014","26.08.2014",2014,8,26,0,0,0,8,0,80,0,0,0,0,0,0,0,0,744,0,0,0,24,0,0,0,0,0,16,0,0,8,2,0,0,0,0,0,8,40,88,0,8,119,0,0,8,824,2,19,0,0,0,128,0,0,8,0,0,0,8,0,0,0,8,0,0,8,0,0,83,16,74,0,0,56,0,0,0,0,0,18,0,0
"ESP_060_MZB_LO_25","ESP_060_MZB_LO_25-20.08.2015","20.08.2015",2015,8,20,0,0,8,1,0,50,0,0,0,0,0,0,0,0,1248,0,0,0,0,0,0,0,0,8,8,8,0,0,0,0,0,8,0,0,8,24,0,0,0,59,0,0,17,548,0,9,0,0,0,208,0,0,0,0,0,0,9,0,0,8,16,0,0,0,0,0,44,8,0,0,9,8,0,0,0,0,0,10,0,0
"ESP_060_MZB_LO_25","ESP_060_MZB_LO_25-21.06.2016","21.06.2016",2016,6,21,0,0,0,8,0,470,0,0,0,0,0,0,0,16,896,0,0,0,0,0,0,0,0,0,0,0,0,0,0,8,0,0,0,0,32,44,0,0,0,28,0,0,0,1128,22,0,0,0,0,776,0,0,10,0,0,0,0,0,0,0,24,0,8,0,0,1,51,24,52,142,0,0,1,24,1,0,0,8,0,0
"ESP_060_MZB_LO_25","ESP_060_MZB_LO_25-03.08.2017","03.08.2017",2017,8,3,0,0,16,34,0,120,0,0,0,0,0,0,0,0,1648,0,0,0,0,0,0,0,0,0,0,16,0,0,0,0,0,0,1,0,0,1,112,0,16,48,0,0,0,1756,0,0,0,0,0,183,0,0,4,0,0,0,0,1,0,0,0,0,1,16,0,0,43,32,19,0,0,0,0,0,0,0,0,22,0,0
"ESP_060_MZB_LO_25","ESP_060_MZB_LO_25-22.08.2018","22.08.2018",2018,8,22,0,0,8,10,0,0,0,0,0,0,0,0,0,0,296,0,0,0,8,0,0,0,0,8,56,0,0,0,0,0,0,0,0,0,0,9,0,0,0,192,0,0,8,353,3,0,0,8,0,300,0,0,0,0,0,0,9,0,0,8,8,0,0,0,0,1,19,32,10,0,0,24,0,0,1,0,0,0,0,0
"ESP_060_MZB_LO_25","ESP_060_MZB_LO_25-16.08.2019","16.08.2019",2019,8,16,0,0,0,54,0,48,0,0,0,0,0,0,0,40,624,0,0,0,0,0,0,0,0,8,40,0,0,0,0,0,0,16,0,0,0,0,8,0,8,96,0,0,8,8,19,10,0,0,0,106,0,0,9,0,0,0,0,0,0,0,16,0,0,0,0,9,10,0,27,216,0,16,0,0,19,0,0,0,0,0
"ESP_060_MZB_LO_25","ESP_060_MZB_LO_25-16.06.2021","16.06.2021",2021,6,16,0,0,0,8,0,104,0,0,0,0,0,0,0,0,392,0,1,0,0,0,0,0,0,27,32,0,0,0,3,0,0,0,0,0,24,8,24,0,8,107,0,0,8,472,3,8,0,64,0,208,0,0,0,0,0,0,0,0,0,0,16,0,0,24,0,0,19,16,24,200,0,48,0,16,0,0,0,0,2,0
"ESP_060_MZB_LO_25","ESP_060_MZB_LO_25-29.06.2022","29.06.2022",2022,6,29,0,0,0,9,0,56,0,0,0,0,0,0,0,0,200,0,1,0,0,0,0,0,0,0,16,0,0,0,4,8,8,0,0,8,0,24,8,0,0,40,0,0,0,336,44,8,0,0,0,64,0,1,1,0,0,0,0,0,0,0,0,0,9,0,0,0,17,8,8,16,0,40,0,8,1,0,0,0,8,0
"ESP_060_MZB_LO_25","ESP_060_MZB_LO_25-18.08.2023","18.08.2023",2023,8,18,0,0,0,27,0,120,0,0,0,0,0,1,0,0,264,0,1,0,0,0,0,0,0,0,56,0,0,0,3,0,0,0,0,0,0,0,8,0,0,18,0,0,24,376,18,8,0,8,0,8,0,0,0,0,0,1,0,0,0,8,0,0,11,0,0,1,0,16,43,0,0,0,0,0,9,0,0,1,0,0
"ESP_060_MZB_LO_25","ESP_060_MZB_LO_25-22.08.2024","22.08.2024",2024,8,22,0,0,0,8,0,0,0,0,0,0,0,0,0,0,216,0,9,0,0,0,0,0,0,9,48,0,0,1,2,0,0,0,0,0,0,8,16,0,0,34,0,0,24,336,17,0,0,0,0,180,0,0,0,0,0,0,9,0,0,8,0,0,9,0,0,0,1,24,17,24,0,32,0,0,2,0,0,3,0,0
"ESP_060_MZB_LO_26","ESP_060_MZB_LO_26-05.06.2014","05.06.2014",2014,6,5,0,0,0,0,0,680,8,8,0,32,0,0,0,0,40,0,9,0,0,0,0,0,0,24,80,0,1,0,0,0,0,56,0,0,16,83,48,0,0,9,0,8,0,88,109,48,0,48,0,72,0,0,0,0,0,0,0,9,0,0,16,0,0,16,0,0,1,24,118,74,8,40,0,96,0,0,0,0,0,0
"ESP_060_MZB_LO_26","ESP_060_MZB_LO_26-20.08.2015","20.08.2015",2015,8,20,0,8,0,0,0,80,0,0,0,0,0,0,0,0,224,0,18,0,0,0,0,0,0,16,96,0,0,0,0,0,8,8,0,10,0,8,72,0,0,9,0,0,256,390,27,34,0,0,0,24,0,0,0,0,0,8,0,0,0,0,0,0,0,0,0,0,0,16,236,8,1,0,0,0,0,0,0,9,0,0
"ESP_060_MZB_LO_26","ESP_060_MZB_LO_26-21.06.2016","21.06.2016",2016,6,21,0,0,0,33,0,480,0,8,0,0,0,0,0,0,240,0,1,0,0,0,0,0,0,24,160,0,0,0,0,0,0,0,0,0,8,91,8,0,0,60,0,0,8,168,38,27,0,8,0,120,0,0,1,0,0,0,0,0,0,0,0,0,0,0,0,9,27,48,183,24,8,16,0,168,0,0,0,1,0,0
"ESP_060_MZB_LO_26","ESP_060_MZB_LO_26-12.06.2017","12.06.2017",2017,6,12,0,0,0,9,0,80,0,0,0,0,0,0,0,0,496,0,0,0,0,0,0,0,0,16,112,0,0,0,1,0,0,8,1,0,16,40,48,0,0,22,0,0,0,568,33,48,0,48,0,48,0,0,0,0,0,8,0,8,0,0,0,0,16,0,0,9,21,0,51,65,1,80,0,56,0,0,0,0,1,0
"ESP_060_MZB_LO_26","ESP_060_MZB_LO_26-04.06.2018","04.06.2018",2018,6,4,0,0,0,9,0,332,0,0,0,1,0,0,0,0,112,0,1,0,0,0,0,0,0,0,48,0,0,0,0,0,0,0,0,0,0,27,24,0,0,19,0,16,0,96,250,78,0,16,0,8,0,0,8,0,0,0,0,0,0,0,8,0,0,56,0,0,8,0,132,8,0,16,0,248,0,0,0,0,0,0
"ESP_060_MZB_LO_26","ESP_060_MZB_LO_26-13.06.2019","13.06.2019",2019,6,13,0,0,0,1,0,120,0,0,0,0,0,0,0,0,464,0,0,0,0,0,0,0,0,24,136,0,0,0,1,0,0,8,0,0,0,61,56,0,0,17,0,0,0,472,1,48,0,56,0,40,0,0,0,0,0,1,0,16,0,0,0,0,40,0,0,16,11,0,25,49,1,80,0,40,0,0,0,0,1,0
"ESP_060_MZB_LO_26","ESP_060_MZB_LO_26-16.06.2021","16.06.2021",2021,6,16,0,0,0,1,0,88,0,0,0,0,0,0,0,0,392,0,1,8,8,0,0,0,0,8,8,0,0,0,4,0,0,0,0,3,8,27,0,0,0,10,0,1,0,392,10,18,0,8,0,0,0,0,0,0,0,2,0,0,0,0,0,0,0,16,0,0,17,32,26,24,0,272,0,24,0,0,0,0,0,0
"ESP_060_MZB_LO_26","ESP_060_MZB_LO_26-29.06.2022","29.06.2022",2022,6,29,0,0,0,1,0,32,0,0,0,0,0,0,0,0,480,0,0,8,0,0,0,0,0,8,56,0,0,0,2,0,16,0,0,0,0,9,0,0,0,47,0,0,8,280,95,8,0,40,0,16,0,0,0,0,0,1,0,0,0,8,0,0,8,0,0,0,20,8,30,26,0,24,0,16,0,0,0,0,0,0
"ESP_060_MZB_LO_26","ESP_060_MZB_LO_26-06.06.2024","06.06.2024",2024,6,6,0,0,0,16,0,80,0,0,0,0,0,0,0,0,320,0,1,0,0,0,0,0,0,0,16,0,0,0,3,0,0,8,0,0,8,30,16,0,0,36,0,0,0,240,1,9,0,16,0,0,0,0,0,0,0,2,0,0,0,0,0,0,0,8,0,1,27,8,35,72,0,24,0,64,1,0,0,8,0,0
"ESP_060_MZB_LO_3","ESP_060_MZB_LO_3-20.08.2014","20.08.2014",2014,8,20,0,0,0,0,0,104,0,0,0,0,0,0,0,0,64,0,11,0,0,0,0,0,0,16,104,0,84,0,1,0,0,8,1,0,0,16,16,0,25,100,0,0,136,309,12,24,1,16,0,25,0,0,0,0,0,17,0,0,0,0,0,0,0,0,0,0,24,8,88,168,0,0,0,0,1,0,0,1,8,0
"ESP_060_MZB_LO_3","ESP_060_MZB_LO_3-06.08.2015","06.08.2015",2015,8,6,0,1,0,0,0,192,0,0,0,0,0,0,0,0,240,0,3,0,0,0,0,0,0,16,232,0,10,2,10,0,0,0,0,0,0,101,24,0,24,26,0,0,128,448,11,0,0,0,0,0,0,0,0,0,0,8,0,0,0,0,0,0,1,0,0,0,1,40,270,8,9,0,0,0,1,0,0,1,0,0
"ESP_060_MZB_LO_3","ESP_060_MZB_LO_3-06.06.2019","06.06.2019",2019,6,6,0,0,0,0,0,207,0,0,0,0,0,0,0,4,204,0,0,0,4,0,0,0,0,5,32,0,1,0,16,5,0,24,0,0,0,36,20,0,0,5,8,0,0,156,20,0,0,12,0,20,0,0,0,0,0,7,0,1,0,4,8,0,4,8,0,1,13,53,16,52,0,4,0,4,0,0,0,0,4,0
"ESP_060_MZB_LO_3","ESP_060_MZB_LO_3-01.06.2022","01.06.2022",2022,6,1,0,8,0,0,0,120,0,0,0,0,0,0,0,0,220,0,0,12,0,0,0,0,0,8,8,0,9,0,2,0,0,32,0,0,0,25,0,0,0,1,0,0,0,176,7,9,0,16,0,16,0,0,0,0,0,9,0,0,0,0,0,0,8,0,0,0,9,16,17,8,0,72,0,24,9,0,0,0,0,0
"ESP_060_MZB_LO_3","ESP_060_MZB_LO_3-03.06.2024","03.06.2024",2024,6,3,0,0,0,1,0,254,0,8,0,0,0,0,0,0,208,0,0,0,0,0,0,0,0,0,48,0,1,0,3,0,8,65,0,0,0,86,0,0,0,63,0,0,0,184,30,9,0,16,0,40,0,0,0,0,0,1,0,0,0,0,8,0,16,0,0,1,8,32,33,24,0,104,0,56,0,0,0,0,11,0
"ESP_060_MZB_LO_4","ESP_060_MZB_LO_4-25.08.2014","25.08.2014",2014,8,25,0,0,0,9,0,72,0,0,0,0,0,0,0,0,192,0,0,0,0,0,0,0,0,8,64,16,0,0,0,0,18,0,0,0,0,57,0,0,0,34,0,24,0,216,0,23,0,16,0,40,0,0,0,0,0,26,0,33,0,0,0,0,0,0,0,8,16,8,200,0,1,8,0,0,0,0,0,0,0,0
"ESP_060_MZB_LO_4","ESP_060_MZB_LO_4-19.08.2015","19.08.2015",2015,8,19,0,0,0,0,0,72,0,0,0,0,0,0,0,0,112,0,0,0,0,0,0,0,0,0,64,8,0,0,0,0,16,24,0,0,0,26,0,0,0,84,0,16,8,176,0,27,0,8,0,8,0,0,0,0,0,23,0,25,0,0,0,0,0,0,0,2,27,17,186,0,1,16,0,0,0,0,0,0,0,0
"ESP_060_MZB_LO_4","ESP_060_MZB_LO_4-01.06.2016","01.06.2016",2016,6,1,0,0,0,1,0,262,0,0,0,0,0,0,0,0,72,0,0,0,0,0,0,0,0,0,88,0,0,0,0,0,0,0,0,0,0,122,0,0,0,41,0,2,16,0,9,70,0,32,0,408,0,0,8,0,0,19,0,8,0,0,0,0,0,56,0,18,18,0,94,8,0,24,0,24,9,0,0,1,0,0
"ESP_060_MZB_LO_4","ESP_060_MZB_LO_4-08.06.2017","08.06.2017",2017,6,8,0,4,0,0,0,208,0,0,0,0,0,0,0,20,556,0,0,0,0,0,0,0,0,4,252,0,0,0,9,0,0,62,0,0,0,88,12,0,4,13,0,0,0,368,18,32,0,0,0,100,0,0,0,0,0,66,0,0,0,0,0,0,0,24,0,12,28,80,154,12,0,36,0,72,0,0,4,0,0,0
"ESP_060_MZB_LO_4","ESP_060_MZB_LO_4-05.06.2018","05.06.2018",2018,6,5,0,0,0,9,0,152,0,0,0,0,0,0,0,0,416,0,0,0,8,0,0,0,0,0,72,0,0,0,0,0,0,18,0,0,0,66,24,0,0,96,0,0,16,0,20,20,0,0,0,248,0,0,0,0,0,27,0,0,0,0,9,0,0,16,0,0,1,24,25,16,0,24,0,26,0,0,8,0,0,0
"ESP_060_MZB_LO_4","ESP_060_MZB_LO_4-10.06.2019","10.06.2019",2019,6,10,0,0,0,1,0,300,0,0,0,0,0,0,0,0,528,0,0,0,0,0,0,0,0,8,96,0,0,0,0,0,32,40,0,0,0,57,16,0,8,17,0,1,32,384,65,20,0,16,0,72,0,0,0,0,0,25,0,0,0,0,8,0,0,24,0,0,9,0,68,0,0,0,0,98,0,0,8,0,0,0
"ESP_060_MZB_LO_4","ESP_060_MZB_LO_4-05.06.2020","05.06.2020",2020,6,5,0,0,0,0,0,360,0,0,0,0,0,0,0,0,544,0,0,0,0,0,0,0,0,0,64,0,0,0,0,0,0,128,0,0,0,32,16,0,0,34,0,8,8,440,18,35,0,40,0,88,0,0,0,0,0,70,0,0,0,0,0,0,0,0,0,9,9,24,155,9,0,16,0,32,0,0,0,0,1,0
"ESP_060_MZB_LO_4","ESP_060_MZB_LO_4-02.06.2021","02.06.2021",2021,6,2,0,0,0,1,0,274,0,0,0,0,0,0,0,0,360,0,0,0,0,0,0,0,0,9,32,0,0,0,3,0,0,0,0,0,0,148,0,0,0,89,0,9,0,312,71,10,0,8,0,48,0,0,0,0,0,13,0,1,0,0,0,0,0,0,0,0,9,24,26,0,0,120,0,24,0,0,8,0,2,0
"ESP_060_MZB_LO_4","ESP_060_MZB_LO_4-03.06.2022","03.06.2022",2022,6,3,0,8,0,0,0,48,0,0,0,0,0,0,0,0,384,0,0,0,0,0,0,0,0,0,16,0,0,0,3,0,0,16,0,0,0,38,32,0,0,41,0,0,16,232,18,19,0,24,0,168,0,0,0,0,0,22,0,0,0,0,0,0,0,16,0,0,10,16,35,0,0,24,0,48,0,0,16,0,8,0
"ESP_060_MZB_LO_4","ESP_060_MZB_LO_4-06.06.2023","06.06.2023",2023,6,6,0,0,0,8,0,216,0,0,0,0,0,0,0,16,288,0,0,0,0,0,0,0,0,0,16,0,0,0,0,0,16,24,0,0,8,74,0,0,0,62,0,0,32,200,1,46,0,8,0,72,0,0,0,0,0,11,0,0,0,0,8,0,0,0,0,8,0,40,97,0,0,24,0,112,0,0,8,0,0,0
"ESP_060_MZB_LO_4","ESP_060_MZB_LO_4-13.06.2024","13.06.2024",2024,6,13,0,0,0,1,0,192,0,0,0,0,0,0,0,0,184,0,0,0,0,0,0,0,0,0,24,0,0,0,2,0,16,24,0,0,16,51,8,0,0,32,0,0,176,200,98,25,0,8,0,40,0,0,0,0,0,5,0,0,0,0,0,0,0,0,0,0,1,32,18,0,0,24,0,8,0,0,0,0,1,0
"ESP_060_MZB_LO_5","ESP_060_MZB_LO_5-20.08.2014","20.08.2014",2014,8,20,17,0,8,0,0,8,0,0,0,0,0,0,0,0,136,0,0,0,0,0,0,0,0,0,40,0,9,0,15,0,0,8,0,0,0,41,16,0,8,51,8,0,16,208,0,1,0,0,0,0,0,0,3,0,0,1,0,0,0,0,0,0,0,16,0,0,0,24,25,0,43,24,0,0,33,0,0,0,0,0
"ESP_060_MZB_LO_5","ESP_060_MZB_LO_5-13.08.2015","13.08.2015",2015,8,13,0,0,0,0,0,104,0,0,35,0,0,0,0,0,256,0,9,8,0,0,0,8,0,1,56,0,11,0,19,0,0,0,0,1,0,136,8,0,0,82,0,1,176,112,8,0,0,0,0,0,0,1,0,20,0,17,0,0,0,80,0,0,0,0,0,0,0,0,73,0,1,72,0,0,16,0,0,0,0,0
"ESP_060_MZB_LO_5","ESP_060_MZB_LO_5-15.06.2016","15.06.2016",2016,6,15,0,0,0,0,40,276,0,0,10,0,0,0,0,0,184,0,9,8,0,0,24,0,0,17,0,0,23,0,4,0,48,0,0,0,32,34,24,0,16,107,0,0,16,48,27,8,0,0,0,8,0,0,0,34,0,9,0,0,0,0,0,0,0,0,0,0,27,0,34,194,0,0,0,0,16,0,0,0,0,0
"ESP_060_MZB_LO_5","ESP_060_MZB_LO_5-15.06.2017","15.06.2017",2017,6,15,0,5,0,0,4,60,0,0,9,0,14,0,0,0,138,0,6,8,0,0,24,0,0,0,72,0,24,0,5,0,0,0,0,4,0,27,70,0,8,71,0,0,0,0,31,8,0,0,0,0,1,0,1,5,0,2,0,0,0,8,0,0,0,0,0,0,22,0,18,24,0,38,0,0,10,0,0,1,1,0
"ESP_060_MZB_LO_5","ESP_060_MZB_LO_5-04.06.2019","04.06.2019",2019,6,4,0,0,0,0,0,129,0,0,1,0,0,0,0,0,360,0,9,8,0,0,0,0,0,0,8,0,19,0,3,0,16,0,0,8,0,0,40,0,0,9,0,0,56,56,32,0,0,0,0,0,0,8,8,9,0,0,0,0,0,16,0,0,0,0,0,0,16,0,1,8,0,32,24,56,17,0,0,0,0,0
"ESP_060_MZB_LO_5","ESP_060_MZB_LO_5-02.06.2020","02.06.2020",2020,6,2,0,0,0,0,40,280,0,0,0,0,0,0,0,0,328,0,1,24,0,0,1,0,0,8,16,0,3,0,2,0,0,0,0,0,0,62,0,0,8,28,0,0,16,248,9,1,0,0,0,8,0,1,1,2,0,0,1,0,0,8,0,0,2,0,0,0,11,0,1,48,0,344,0,0,9,0,0,0,0,0
"ESP_060_MZB_LO_5","ESP_060_MZB_LO_5-01.06.2021","01.06.2021",2021,6,1,0,0,0,0,0,80,0,0,1,0,0,0,0,0,424,0,0,8,0,0,0,0,0,9,24,0,11,0,3,0,0,0,0,0,0,8,16,0,0,39,0,0,8,296,45,16,0,0,0,0,0,8,2,1,0,11,8,0,0,8,0,0,8,24,0,0,18,40,10,40,0,120,0,0,0,0,0,0,0,0
"ESP_060_MZB_LO_5","ESP_060_MZB_LO_5-02.06.2022","02.06.2022",2022,6,2,0,8,0,0,0,232,0,0,0,0,0,1,0,0,352,0,1,33,0,0,0,0,0,9,0,0,38,0,2,0,32,16,0,8,0,12,24,0,0,26,0,0,0,120,46,0,0,0,0,8,0,8,0,0,0,26,0,0,0,0,0,0,0,8,0,0,48,0,10,16,0,56,0,0,9,0,0,0,1,0
"ESP_060_MZB_LO_5","ESP_060_MZB_LO_5-03.06.2024","03.06.2024",2024,6,3,0,0,0,0,9,232,0,0,0,0,0,1,0,0,312,0,1,16,0,0,0,0,0,10,0,0,1,0,2,0,0,16,0,0,9,46,0,0,8,45,0,0,8,160,20,9,0,0,0,0,0,0,1,2,0,1,1,0,0,8,0,0,0,0,0,0,20,0,9,16,0,32,0,8,8,0,0,0,0,0
"ESP_060_MZB_LO_6","ESP_060_MZB_LO_6-08.05.2014","08.05.2014",2014,5,8,0,0,0,0,0,503,0,8,0,28,0,0,0,0,152,0,0,0,0,0,0,0,0,0,0,0,0,0,0,0,128,0,0,0,0,234,8,0,0,2,0,0,0,0,3,0,0,0,0,456,0,0,0,0,0,0,1,0,0,0,0,0,0,0,0,8,0,0,0,0,0,0,0,8,8,0,0,0,0,0
"ESP_060_MZB_LO_6","ESP_060_MZB_LO_6-26.05.2015","26.05.2015",2015,5,26,0,0,0,0,0,304,0,0,0,0,0,0,0,0,448,0,0,0,8,0,0,0,0,5,0,0,0,0,9,0,0,0,0,0,8,38,0,0,0,0,0,0,0,8,0,120,0,0,0,32,0,0,0,0,0,0,28,0,0,0,0,0,0,0,0,0,0,0,0,0,0,432,42,24,0,0,0,8,0,0
"ESP_060_MZB_LO_6","ESP_060_MZB_LO_6-31.05.2016","31.05.2016",2016,5,31,0,0,0,0,0,408,0,0,0,0,0,0,0,0,352,0,0,0,0,0,0,0,0,0,0,0,0,0,0,0,24,0,0,0,0,74,0,0,0,41,0,0,0,0,5,17,0,0,0,288,0,1,0,0,0,0,34,0,0,0,0,0,16,0,0,0,0,0,0,0,0,128,107,8,1,0,0,1,0,0
"ESP_060_MZB_LO_6","ESP_060_MZB_LO_6-31.05.2017","31.05.2017",2017,5,31,0,4,0,0,0,95,0,0,0,0,0,0,0,4,76,0,0,0,0,0,0,0,0,5,0,0,0,0,5,0,24,0,0,0,0,24,4,0,0,7,0,0,0,0,1,116,0,0,0,16,0,0,1,0,0,0,64,0,0,0,0,0,2,0,0,0,0,0,0,0,0,8,86,0,0,0,0,0,1,0
"ESP_060_MZB_LO_6","ESP_060_MZB_LO_6-29.05.2018","29.05.2018",2018,5,29,0,0,0,0,0,76,0,0,0,0,0,0,0,20,425,0,0,0,0,0,0,0,0,4,0,0,0,0,0,0,15,0,0,0,0,24,0,0,0,1,0,0,0,152,4,8,0,0,0,220,0,0,29,0,0,0,16,0,0,0,0,0,5,0,0,0,0,0,0,4,0,80,4,1,0,0,0,0,0,0
"ESP_060_MZB_LO_6","ESP_060_MZB_LO_6-04.06.2019","04.06.2019",2019,6,4,0,0,0,0,0,56,0,0,0,0,0,0,0,0,360,0,0,0,0,0,0,0,0,0,0,0,0,0,6,0,88,0,0,0,0,26,0,0,0,42,0,0,0,0,4,80,0,0,0,24,0,0,0,0,1,0,33,0,0,0,0,0,10,0,0,0,0,0,0,24,0,0,42,0,0,0,0,0,0,0
"ESP_060_MZB_LO_6","ESP_060_MZB_LO_6-22.05.2020","22.05.2020",2020,5,22,0,0,0,0,0,57,0,0,0,0,0,0,0,4,542,0,0,0,0,0,0,0,0,0,0,0,0,0,0,0,12,0,0,0,0,18,0,0,0,8,0,0,0,0,0,9,0,0,0,16,0,0,0,0,0,0,35,0,0,0,0,0,16,0,0,0,0,8,0,17,0,155,8,0,0,0,0,0,0,0
"ESP_060_MZB_LO_6","ESP_060_MZB_LO_6-26.05.2021","26.05.2021",2021,5,26,0,0,0,0,0,96,0,0,0,0,0,0,0,0,920,0,0,0,0,0,0,0,0,1,0,0,0,0,0,0,24,0,0,0,8,49,0,0,0,3,0,0,0,0,16,280,0,0,0,88,0,0,2,0,0,0,38,0,0,0,0,0,1,0,0,0,0,0,0,8,0,144,42,0,0,0,0,0,0,0
"ESP_060_MZB_LO_6","ESP_060_MZB_LO_6-03.06.2024","03.06.2024",2024,6,3,0,0,0,0,0,240,0,0,0,0,0,0,0,0,591,0,0,0,0,0,1,0,0,0,0,0,0,0,1,0,120,0,0,0,16,106,0,0,0,0,0,0,0,160,1,113,0,0,0,0,0,0,0,0,0,0,9,0,0,0,0,0,9,0,0,0,1,0,0,8,0,160,0,0,0,0,0,0,0,0
"ESP_060_MZB_LO_7","ESP_060_MZB_LO_7-20.08.2014","20.08.2014",2014,8,20,0,8,32,0,0,152,0,0,1,0,0,0,0,0,408,0,18,0,0,0,0,0,0,32,120,0,26,9,7,0,0,0,0,0,0,184,0,0,0,54,0,0,8,280,3,24,0,0,0,0,2,0,1,0,0,18,0,0,0,0,0,0,0,0,0,0,35,0,77,0,16,248,0,0,19,0,0,0,0,0
"ESP_060_MZB_LO_7","ESP_060_MZB_LO_7-06.08.2015","06.08.2015",2015,8,6,0,8,43,0,0,216,0,0,4,0,0,1,0,0,272,0,1,0,0,0,0,0,0,8,104,0,3,0,1,0,8,24,0,0,0,80,0,0,0,66,0,0,24,96,8,32,0,0,8,0,0,0,0,0,1,62,0,0,0,0,8,0,17,0,0,1,0,64,24,0,0,8,0,0,32,0,0,1,0,0
"ESP_060_MZB_LO_7","ESP_060_MZB_LO_7-24.08.2016","24.08.2016",2016,8,24,0,16,25,0,0,128,0,0,0,0,0,0,0,0,144,0,9,0,0,0,0,0,0,0,352,0,9,0,8,0,16,0,0,8,8,48,8,0,0,61,24,0,0,136,0,17,0,16,0,0,0,0,0,8,1,27,0,0,0,0,8,0,0,0,0,0,17,112,11,0,0,24,0,0,9,0,0,8,0,0
"ESP_060_MZB_LO_7","ESP_060_MZB_LO_7-17.08.2017","17.08.2017",2017,8,17,0,32,8,0,0,64,0,0,3,0,4,14,0,16,476,0,31,0,8,0,0,0,0,0,104,0,17,0,4,0,0,0,0,0,8,32,8,0,0,27,0,0,8,236,0,8,0,0,64,8,0,0,0,0,10,35,0,0,0,0,0,0,0,0,0,8,1,112,1,0,1,0,0,0,49,0,0,8,0,0
"ESP_060_MZB_LO_7","ESP_060_MZB_LO_7-28.08.2018","28.08.2018",2018,8,28,0,32,33,0,0,758,0,0,1,0,0,0,0,8,728,0,0,0,0,0,0,0,0,0,176,0,8,0,3,0,0,0,0,0,16,99,24,0,16,55,0,0,0,416,3,34,0,0,16,8,0,0,0,0,20,70,0,0,0,0,0,0,16,16,0,0,18,216,0,0,0,0,0,0,18,0,0,0,0,0
"ESP_060_MZB_LO_7","ESP_060_MZB_LO_7-16.08.2019","16.08.2019",2019,8,16,0,88,24,0,0,224,0,0,1,0,0,0,0,8,264,0,0,0,8,0,0,0,0,0,24,0,0,0,4,0,8,0,0,0,0,64,0,0,0,30,0,0,0,72,8,16,0,0,24,0,0,0,0,0,19,27,0,0,0,0,0,0,9,0,0,0,9,96,1,8,0,8,0,0,10,0,0,0,0,0
"ESP_060_MZB_LO_7","ESP_060_MZB_LO_7-01.06.2021","01.06.2021",2021,6,1,0,24,0,8,0,448,0,0,0,0,0,0,0,0,344,0,0,0,0,0,0,0,0,0,8,0,3,0,4,0,32,8,0,0,0,120,0,0,0,54,0,0,8,384,1,1,0,0,0,16,0,0,1,0,2,8,0,0,0,0,0,0,0,0,0,0,1,56,18,32,0,264,0,16,0,0,0,0,0,0
"ESP_060_MZB_LO_7","ESP_060_MZB_LO_7-02.06.2022","02.06.2022",2022,6,2,0,96,0,0,0,384,0,0,0,0,0,0,0,0,376,0,0,0,0,0,0,0,0,0,0,0,11,0,6,0,16,0,0,0,8,103,0,0,0,19,0,0,16,184,11,0,0,0,0,8,0,0,10,0,1,1,0,0,0,0,0,0,0,0,0,8,46,24,8,24,0,192,0,16,0,0,0,0,0,0
"ESP_060_MZB_LO_7","ESP_060_MZB_LO_7-18.08.2023","18.08.2023",2023,8,18,0,392,8,0,0,80,0,0,1,0,0,0,0,0,288,0,0,1,0,0,0,0,0,0,8,0,0,0,3,0,0,0,0,0,0,51,8,0,8,54,0,0,0,168,0,25,0,0,0,0,0,1,0,0,6,1,0,0,0,0,0,0,0,0,0,0,0,32,8,0,0,0,0,0,8,0,0,0,0,0
"ESP_060_MZB_LO_7","ESP_060_MZB_LO_7-24.08.2024","24.08.2024",2024,8,24,0,0,9,0,8,384,0,0,0,0,0,0,0,0,328,0,0,1,0,0,0,0,0,0,16,0,8,0,5,0,32,0,0,10,0,44,16,0,8,94,0,0,8,152,0,9,0,0,0,88,0,0,1,0,6,1,0,0,0,0,0,0,0,0,0,0,17,88,0,0,0,0,0,0,17,0,0,9,0,0
"ESP_060_MZB_LO_8","ESP_060_MZB_LO_8-26.08.2014","26.08.2014",2014,8,26,0,0,0,24,0,184,0,16,0,0,0,0,0,0,136,0,5,0,8,0,0,0,0,24,0,8,0,0,0,0,0,24,2,0,16,48,8,0,8,120,0,16,0,640,24,56,0,56,0,0,0,0,0,0,0,32,0,0,0,0,0,0,0,0,0,0,96,24,136,8,1,56,0,0,0,0,0,8,0,0
"ESP_060_MZB_LO_8","ESP_060_MZB_LO_8-06.08.2015","06.08.2015",2015,8,6,0,0,0,18,0,50,0,17,0,0,0,0,0,0,176,0,1,0,8,0,0,0,0,0,120,8,0,0,2,0,0,8,0,0,0,17,17,0,0,75,0,0,0,352,19,38,0,0,0,0,0,0,0,0,0,13,0,0,0,0,0,0,0,0,0,1,62,0,98,8,0,8,0,0,0,0,0,1,0,0
"ESP_060_MZB_LO_8","ESP_060_MZB_LO_8-01.06.2016","01.06.2016",2016,6,1,0,0,0,0,0,428,0,16,0,8,0,0,0,0,56,0,0,0,0,0,0,0,0,0,8,8,0,0,0,0,0,0,0,0,0,117,0,0,0,61,0,17,0,40,119,34,0,8,0,264,0,0,0,0,0,8,0,16,0,0,0,0,0,24,0,1,1,8,25,0,8,24,0,200,0,0,0,0,0,0
"ESP_060_MZB_LO_8","ESP_060_MZB_LO_8-06.06.2019","06.06.2019",2019,6,6,0,0,0,9,0,168,0,0,0,0,0,0,0,0,400,0,0,0,0,0,0,0,0,0,56,0,0,0,0,0,0,48,0,0,0,51,32,0,0,19,0,1,8,384,88,26,0,0,0,144,0,0,2,0,0,1,0,1,0,0,8,0,0,0,0,26,11,9,17,0,1,0,0,184,0,0,0,0,0,0
"ESP_060_MZB_LO_8","ESP_060_MZB_LO_8-01.06.2021","01.06.2021",2021,6,1,0,0,0,8,0,376,0,0,0,0,0,0,0,0,424,0,0,0,0,0,0,0,0,0,64,0,0,0,0,0,0,112,0,0,0,24,16,0,0,54,0,8,16,464,96,32,0,0,0,96,0,0,0,0,0,10,0,2,0,0,16,0,0,0,0,8,16,24,44,0,1,0,0,144,0,0,0,0,0,0
"ESP_060_MZB_LO_8","ESP_060_MZB_LO_8-01.06.2022","01.06.2022",2022,6,1,0,0,0,10,0,120,0,0,0,0,0,0,0,0,256,0,9,0,0,0,0,0,0,16,16,0,0,0,0,1,24,16,0,0,0,26,16,0,0,19,0,0,8,320,26,8,0,0,0,16,0,0,1,0,0,1,0,47,0,0,0,0,0,16,0,8,1,32,18,0,1,0,0,96,0,0,0,32,0,0
"ESP_060_MZB_LO_8","ESP_060_MZB_LO_8-04.06.2024","04.06.2024",2024,6,4,0,0,0,20,0,320,0,0,0,0,0,0,0,0,240,0,1,0,8,0,0,0,0,0,40,0,0,0,2,0,0,32,0,0,0,57,0,0,0,9,0,17,8,232,20,9,0,0,0,64,0,0,0,0,0,0,0,0,0,0,0,0,16,0,0,9,14,24,30,0,0,104,0,88,0,0,0,1,0,0
"ESP_060_MZB_LO_9","ESP_060_MZB_LO_9-29.06.2015","29.06.2015",2015,6,29,0,0,0,0,0,227,0,0,0,0,0,0,0,0,232,0,0,0,0,0,0,0,0,0,8,0,0,0,2,0,0,0,0,0,0,50,24,0,0,92,0,0,8,912,70,0,0,0,0,8,0,0,2,0,0,0,50,0,0,0,0,0,19,0,0,9,8,0,173,9,9,40,0,32,0,0,0,0,0,0
"ESP_060_MZB_LO_9","ESP_060_MZB_LO_9-01.06.2016","01.06.2016",2016,6,1,0,0,0,0,0,152,0,0,0,3,0,0,0,0,152,0,1,0,0,0,0,0,0,0,16,8,0,0,0,0,8,0,0,0,0,60,8,0,0,20,0,8,0,320,21,9,0,0,0,176,0,0,0,0,0,0,33,0,0,8,8,0,9,40,0,27,9,24,0,0,0,40,0,24,0,0,0,0,0,16
"ESP_060_MZB_LO_9","ESP_060_MZB_LO_9-06.06.2019","06.06.2019",2019,6,6,0,0,0,2,0,152,0,0,0,0,0,0,0,0,400,0,0,0,0,0,0,0,0,0,0,0,0,0,0,0,0,8,0,0,0,110,32,0,8,9,0,0,0,264,58,24,0,16,0,136,0,0,1,0,0,0,80,0,0,0,0,0,0,0,0,17,20,0,0,0,1,16,0,80,0,0,0,0,0,0
"ESP_060_MZB_LO_9","ESP_060_MZB_LO_9-01.06.2022","01.06.2022",2022,6,1,0,0,0,1,0,376,0,0,0,0,0,0,0,0,488,0,0,0,0,0,0,0,0,0,8,8,0,0,0,0,0,0,0,0,0,83,16,0,0,0,0,0,0,320,35,0,0,8,0,128,0,0,0,0,0,0,26,0,0,0,0,0,38,8,0,9,3,0,1,0,0,72,0,24,0,0,0,0,0,8
"ESP_060_MZB_LO_9","ESP_060_MZB_LO_9-04.06.2024","04.06.2024",2024,6,4,0,0,0,0,0,104,0,0,0,0,0,0,0,0,296,0,0,0,8,0,0,0,0,0,0,0,0,0,1,0,8,0,0,0,16,12,8,0,0,0,0,0,0,176,65,8,0,0,0,56,0,0,0,0,0,0,45,0,0,0,0,0,12,0,0,8,13,0,0,0,0,112,0,16,0,0,0,0,0,0
