Site ID;Sample ID;Sampling date;Taxon name;Taxon ID;Abundance;Definition of abundance class;Abundance class;Site_ID_Ellen;;
RuhB0;RuhB0_10.06.2009;10.06.2009;Elmis aenea/maugetii/rietscheli/rioloides Ad.;20169;4,8;;;108000001;;
RuhB0;RuhB0_10.06.2009;10.06.2009;Elmis sp. Lv.;5095;86,4;;;108000001;;
RuhB0;RuhB0_10.06.2009;10.06.2009;Esolus parallelepipedus Ad.;12082;19,2;;;108000001;;
RuhB0;RuhB0_10.06.2009;10.06.2009;Esolus sp. Lv.;5169;120,8;;;108000001;;
RuhB0;RuhB0_10.06.2009;10.06.2009;Limnius volckmari Lv.;5854;48;;;108000001;;
RuhB0;RuhB0_10.06.2009;10.06.2009;Oulimnius tuberculatus Ad.;12105;4,8;;;108000001;;
RuhB0;RuhB0_10.06.2009;10.06.2009;Oulimnius tuberculatus Lv.;6261;19,2;;;108000001;;
RuhB0;RuhB0_10.06.2009;10.06.2009;Hydraena gracilis Ad.;5514;4,8;;;108000001;;
RuhB0;RuhB0_10.06.2009;10.06.2009;Gammarus pulex;5291;10,4;;;108000001;;
RuhB0;RuhB0_10.06.2009;10.06.2009;Atherix/Ibisia sp.;20196;9,6;;;108000001;;
RuhB0;RuhB0_10.06.2009;10.06.2009;Ceratopogoninae Gen. sp.;10725;9,6;;;108000001;;
RuhB0;RuhB0_10.06.2009;10.06.2009;Chironomidae Gen. sp.;4642;172,8;;;108000001;;
RuhB0;RuhB0_10.06.2009;10.06.2009;Chironomini Gen. sp.;4644;31,2;;;108000001;;
RuhB0;RuhB0_10.06.2009;10.06.2009;Tanypodinae Gen. sp.;6972;110,4;;;108000001;;
RuhB0;RuhB0_10.06.2009;10.06.2009;Tanytarsini Gen. sp.;6977;81,6;;;108000001;;
RuhB0;RuhB0_10.06.2009;10.06.2009;Hemerodromia sp.;5442;4,8;;;108000001;;
RuhB0;RuhB0_10.06.2009;10.06.2009;Antocha sp.;4330;4,8;;;108000001;;
RuhB0;RuhB0_10.06.2009;10.06.2009;Dicranota sp.;4955;57,6;;;108000001;;
RuhB0;RuhB0_10.06.2009;10.06.2009;Simulium sp.;6853;163,2;;;108000001;;
RuhB0;RuhB0_10.06.2009;10.06.2009;Baetis fuscatus;4397;28,8;;;108000001;;
RuhB0;RuhB0_10.06.2009;10.06.2009;Baetis rhodani;4415;43,2;;;108000001;;
RuhB0;RuhB0_10.06.2009;10.06.2009;Baetis sp.;4419;81,6;;;108000001;;
RuhB0;RuhB0_10.06.2009;10.06.2009;Caenis luctuosa/macrura;9715;9,6;;;108000001;;
RuhB0;RuhB0_10.06.2009;10.06.2009;Serratella ignita;5131;417,6;;;108000001;;
RuhB0;RuhB0_10.06.2009;10.06.2009;Ecdyonurus venosus-Gr.;5059;16;;;108000001;;
RuhB0;RuhB0_10.06.2009;10.06.2009;Ancylus fluviatilis;4310;5,6;;;108000001;;
RuhB0;RuhB0_10.06.2009;10.06.2009;Erpobdella octoculata;5159;15,2;;;108000001;;
RuhB0;RuhB0_10.06.2009;10.06.2009;Glossiphonia complanata;5304;4,8;;;108000001;;
RuhB0;RuhB0_10.06.2009;10.06.2009;Oligochaeta Gen. sp.;8736;15,2;;;108000001;;
RuhB0;RuhB0_10.06.2009;10.06.2009;Eiseniella tetraedra;5075;10,4;;;108000001;;
RuhB0;RuhB0_10.06.2009;10.06.2009;Leuctra geniculata;5237;25,6;;;108000001;;
RuhB0;RuhB0_10.06.2009;10.06.2009;Leuctra sp.;5790;67,2;;;108000001;;
RuhB0;RuhB0_10.06.2009;10.06.2009;Cheumatopsyche lepida;4639;4,8;;;108000001;;
RuhB0;RuhB0_10.06.2009;10.06.2009;Hydropsyche incognita;8142;19,2;;;108000001;;
RuhB0;RuhB0_10.06.2009;10.06.2009;Hydropsyche siltalai;5604;44;;;108000001;;
RuhB0;RuhB0_10.06.2009;10.06.2009;Lepidostoma hirtum;5723;53;;;108000001;;
RuhB0;RuhB0_10.06.2009;10.06.2009;Athripsodes albifrons;4366;72;;;108000001;;
RuhB0;RuhB0_10.06.2009;10.06.2009;Athripsodes cinereus;4369;28,8;;;108000001;;
RuhB0;RuhB0_10.06.2009;10.06.2009;Mystacides azurea;6062;9,6;;;108000001;;
RuhB0;RuhB0_10.06.2009;10.06.2009;Allogamus auricollis;4264;19,2;;;108000001;;
RuhB0;RuhB0_10.06.2009;10.06.2009;Anabolia nervosa;4300;1,6;;;108000001;;
RuhB0;RuhB0_10.06.2009;10.06.2009;Chaetopteryx villosa villosa;4628;1,6;;;108000001;;
RuhB0;RuhB0_10.06.2009;10.06.2009;Halesus digitatus/tesselatus;8834;0,8;;;108000001;;
RuhB0;RuhB0_10.06.2009;10.06.2009;Polycentropus flavomaculatus;6468;9,6;;;108000001;;
RuhB0;RuhB0_10.06.2009;10.06.2009;Psychomyia pusilla;6661;39,2;;;108000001;;
RuhB0;RuhB0_10.06.2009;10.06.2009;Rhyacophila dorsalis/nubila;19110;44,8;;;108000001;;
RuhB0;RuhB0_10.06.2009;10.06.2009;Sericostoma flavicorne/personatum;9747;20;;;108000001;;
RuhB0;RuhB0_24.06.2010;24.06.2010;Elmis sp. Lv.;5095;28;;;108000001;;
RuhB0;RuhB0_24.06.2010;24.06.2010;Esolus parallelepipedus Ad.;12082;4,8;;;108000001;;
RuhB0;RuhB0_24.06.2010;24.06.2010;Esolus sp. Lv.;5169;21,6;;;108000001;;
RuhB0;RuhB0_24.06.2010;24.06.2010;Limnius volckmari Lv.;5854;19,2;;;108000001;;
RuhB0;RuhB0_24.06.2010;24.06.2010;Oulimnius tuberculatus Ad.;12105;4,8;;;108000001;;
RuhB0;RuhB0_24.06.2010;24.06.2010;Oulimnius tuberculatus Lv.;6261;7,2;;;108000001;;
RuhB0;RuhB0_24.06.2010;24.06.2010;Gammarus pulex;5291;21,6;;;108000001;;
RuhB0;RuhB0_24.06.2010;24.06.2010;Atherix/Ibisia sp.;20196;2,4;;;108000001;;
RuhB0;RuhB0_24.06.2010;24.06.2010;Ceratopogoninae Gen. sp.;10725;7,2;;;108000001;;
RuhB0;RuhB0_24.06.2010;24.06.2010;Chironomidae Gen. sp.;4642;129,6;;;108000001;;
RuhB0;RuhB0_24.06.2010;24.06.2010;Chironomini Gen. sp.;4644;14,4;;;108000001;;
RuhB0;RuhB0_24.06.2010;24.06.2010;Tanypodinae Gen. sp.;6972;21,6;;;108000001;;
RuhB0;RuhB0_24.06.2010;24.06.2010;Tanytarsini Gen. sp.;6977;2,4;;;108000001;;
RuhB0;RuhB0_24.06.2010;24.06.2010;Dicranota sp.;4955;2,4;;;108000001;;
RuhB0;RuhB0_24.06.2010;24.06.2010;Simulium sp.;6853;17,6;;;108000001;;
RuhB0;RuhB0_24.06.2010;24.06.2010;Baetis fuscatus;4397;8;;;108000001;;
RuhB0;RuhB0_24.06.2010;24.06.2010;Baetis rhodani;4415;10,4;;;108000001;;
RuhB0;RuhB0_24.06.2010;24.06.2010;Baetis scambus;4416;12;;;108000001;;
RuhB0;RuhB0_24.06.2010;24.06.2010;Baetis sp.;4419;2,4;;;108000001;;
RuhB0;RuhB0_24.06.2010;24.06.2010;Caenis luctuosa/macrura;9715;50,4;;;108000001;;
RuhB0;RuhB0_24.06.2010;24.06.2010;Caenis rivulorum;4526;2,4;;;108000001;;
RuhB0;RuhB0_24.06.2010;24.06.2010;Serratella ignita;5131;296,8;;;108000001;;
RuhB0;RuhB0_24.06.2010;24.06.2010;Ephemera danica;5124;0,8;;;108000001;;
RuhB0;RuhB0_24.06.2010;24.06.2010;Ecdyonurus venosus-Gr.;5059;11,2;;;108000001;;
RuhB0;RuhB0_24.06.2010;24.06.2010;Radix balthica;16959;12,8;;;108000001;;
RuhB0;RuhB0_24.06.2010;24.06.2010;Erpobdella octoculata;5159;5,6;;;108000001;;
RuhB0;RuhB0_24.06.2010;24.06.2010;Leuctra geniculata;5237;20,8;;;108000001;;
RuhB0;RuhB0_24.06.2010;24.06.2010;Agapetus ochripes;4253;7,2;;;108000001;;
RuhB0;RuhB0_24.06.2010;24.06.2010;Goera pilosa;5329;0,8;;;108000001;;
RuhB0;RuhB0_24.06.2010;24.06.2010;Hydropsyche incognita;8142;2,4;;;108000001;;
RuhB0;RuhB0_24.06.2010;24.06.2010;Hydropsyche siltalai;5604;12;;;108000001;;
RuhB0;RuhB0_24.06.2010;24.06.2010;Lepidostoma hirtum;5723;5,6;;;108000001;;
RuhB0;RuhB0_24.06.2010;24.06.2010;Athripsodes albifrons;4366;72,8;;;108000001;;
RuhB0;RuhB0_24.06.2010;24.06.2010;Athripsodes cinereus;4369;28,8;;;108000001;;
RuhB0;RuhB0_24.06.2010;24.06.2010;Anabolia nervosa;4300;0,8;;;108000001;;
RuhB0;RuhB0_24.06.2010;24.06.2010;Chaetopteryx villosa villosa;4628;2,4;;;108000001;;
RuhB0;RuhB0_24.06.2010;24.06.2010;Polycentropus flavomaculatus;6468;7,2;;;108000001;;
RuhB0;RuhB0_24.06.2010;24.06.2010;Psychomyia pusilla;6661;12;;;108000001;;
RuhB0;RuhB0_24.06.2010;24.06.2010;Rhyacophila dorsalis/nubila;19110;10,4;;;108000001;;
RuhB0;RuhB0_24.06.2010;24.06.2010;Sericostoma flavicorne/personatum;9747;22,4;;;108000001;;
RuhB0;RuhB0_14.06.2011;14.06.2011;Nebrioporus elegans Ad.;11997;1,6;;;108000001;;
RuhB0;RuhB0_14.06.2011;14.06.2011;Elmis aenea/maugetii/rietscheli/rioloides Ad.;20169;0,8;;;108000001;;
RuhB0;RuhB0_14.06.2011;14.06.2011;Elmis sp. Lv.;5095;20;;;108000001;;
RuhB0;RuhB0_14.06.2011;14.06.2011;Esolus sp. Lv.;5169;40;;;108000001;;
RuhB0;RuhB0_14.06.2011;14.06.2011;Limnius volckmari Lv.;5854;4;;;108000001;;
RuhB0;RuhB0_14.06.2011;14.06.2011;Oulimnius tuberculatus Lv.;6261;20;;;108000001;;
RuhB0;RuhB0_14.06.2011;14.06.2011;Gammarus pulex;5291;4;;;108000001;;
RuhB0;RuhB0_14.06.2011;14.06.2011;Chironomidae Gen. sp.;4642;10;;;108000001;;
RuhB0;RuhB0_14.06.2011;14.06.2011;Chironomini Gen. sp.;4644;204;;;108000001;;
RuhB0;RuhB0_14.06.2011;14.06.2011;Prodiamesa olivacea;6583;56;;;108000001;;
RuhB0;RuhB0_14.06.2011;14.06.2011;Tanypodinae Gen. sp.;6972;260;;;108000001;;
RuhB0;RuhB0_14.06.2011;14.06.2011;Tanytarsini Gen. sp.;6977;48,8;;;108000001;;
RuhB0;RuhB0_14.06.2011;14.06.2011;Dicranota sp.;4955;24;;;108000001;;
RuhB0;RuhB0_14.06.2011;14.06.2011;Simulium sp.;6853;12;;;108000001;;
RuhB0;RuhB0_14.06.2011;14.06.2011;Baetis fuscatus;4397;23,5;;;108000001;;
RuhB0;RuhB0_14.06.2011;14.06.2011;Baetis rhodani;4415;36,8;;;108000001;;
RuhB0;RuhB0_14.06.2011;14.06.2011;Baetis scambus;4416;14,1;;;108000001;;
RuhB0;RuhB0_14.06.2011;14.06.2011;Baetis sp.;4419;28;;;108000001;;
RuhB0;RuhB0_14.06.2011;14.06.2011;Caenis luctuosa/macrura;9715;173,6;;;108000001;;
RuhB0;RuhB0_14.06.2011;14.06.2011;Caenis rivulorum;4526;4;;;108000001;;
RuhB0;RuhB0_14.06.2011;14.06.2011;Serratella ignita;5131;297,6;;;108000001;;
RuhB0;RuhB0_14.06.2011;14.06.2011;Ephemera danica;5124;0,8;;;108000001;;
RuhB0;RuhB0_14.06.2011;14.06.2011;Ecdyonurus venosus-Gr.;5059;88,8;;;108000001;;
RuhB0;RuhB0_14.06.2011;14.06.2011;Aphelocheirus aestivalis;4335;0,8;;;108000001;;
RuhB0;RuhB0_14.06.2011;14.06.2011;Erpobdella octoculata;5159;4;;;108000001;;
RuhB0;RuhB0_14.06.2011;14.06.2011;Oligochaeta Gen. sp.;8736;1,6;;;108000001;;
RuhB0;RuhB0_14.06.2011;14.06.2011;Leuctra geniculata;5237;26,4;;;108000001;;
RuhB0;RuhB0_14.06.2011;14.06.2011;Leuctra sp.;5790;36;;;108000001;;
RuhB0;RuhB0_14.06.2011;14.06.2011;Cheumatopsyche lepida;4639;4;;;108000001;;
RuhB0;RuhB0_14.06.2011;14.06.2011;Hydropsyche incognita;8142;14,6;;;108000001;;
RuhB0;RuhB0_14.06.2011;14.06.2011;Hydropsyche siltalai;5604;11,8;;;108000001;;
RuhB0;RuhB0_14.06.2011;14.06.2011;Lepidostoma hirtum;5723;4,8;;;108000001;;
RuhB0;RuhB0_14.06.2011;14.06.2011;Athripsodes albifrons;4366;48;;;108000001;;
RuhB0;RuhB0_14.06.2011;14.06.2011;Athripsodes cinereus;4369;40;;;108000001;;
RuhB0;RuhB0_14.06.2011;14.06.2011;Anomalopterygella chauviniana;4327;8,8;;;108000001;;
RuhB0;RuhB0_14.06.2011;14.06.2011;Rhyacophila dorsalis/nubila;19110;24;;;108000001;;
RuhB0;RuhB0_14.06.2011;14.06.2011;Sericostoma flavicorne/personatum;9747;17,6;;;108000001;;
RuhB0;RuhB0_12.06.2012;12.06.2012;Pisidium sp.;6425;12;;;108000001;;
RuhB0;RuhB0_12.06.2012;12.06.2012;Elmis sp. Lv.;5095;16;;;108000001;;
RuhB0;RuhB0_12.06.2012;12.06.2012;Esolus parallelepipedus Ad.;12082;4;;;108000001;;
RuhB0;RuhB0_12.06.2012;12.06.2012;Esolus sp. Lv.;5169;95,44615;;;108000001;;
RuhB0;RuhB0_12.06.2012;12.06.2012;Limnius volckmari Lv.;5854;12;;;108000001;;
RuhB0;RuhB0_12.06.2012;12.06.2012;Oulimnius tuberculatus Ad.;12105;6,4;;;108000001;;
RuhB0;RuhB0_12.06.2012;12.06.2012;Oulimnius tuberculatus Lv.;6261;8;;;108000001;;
RuhB0;RuhB0_12.06.2012;12.06.2012;Gammarus pulex;5291;17,35385;;;108000001;;
RuhB0;RuhB0_12.06.2012;12.06.2012;Atherix/Ibisia sp.;20196;12;;;108000001;;
RuhB0;RuhB0_12.06.2012;12.06.2012;Ceratopogoninae Gen. sp.;10725;4;;;108000001;;
RuhB0;RuhB0_12.06.2012;12.06.2012;Chironomidae Gen. sp.;4642;80;;;108000001;;
RuhB0;RuhB0_12.06.2012;12.06.2012;Chironomini Gen. sp.;4644;124,8;;;108000001;;
RuhB0;RuhB0_12.06.2012;12.06.2012;Prodiamesa olivacea;6583;56;;;108000001;;
RuhB0;RuhB0_12.06.2012;12.06.2012;Tanypodinae Gen. sp.;6972;80;;;108000001;;
RuhB0;RuhB0_12.06.2012;12.06.2012;Tanytarsini Gen. sp.;6977;16;;;108000001;;
RuhB0;RuhB0_12.06.2012;12.06.2012;Dicranota sp.;4955;12;;;108000001;;
RuhB0;RuhB0_12.06.2012;12.06.2012;Pedicia sp.;6354;4;;;108000001;;
RuhB0;RuhB0_12.06.2012;12.06.2012;Simulium sp.;6853;4;;;108000001;;
RuhB0;RuhB0_12.06.2012;12.06.2012;Tipula sp.;7077;4;;;108000001;;
RuhB0;RuhB0_12.06.2012;12.06.2012;Baetis fuscatus;4397;6,666667;;;108000001;;
RuhB0;RuhB0_12.06.2012;12.06.2012;Baetis rhodani;4415;10,66667;;;108000001;;
RuhB0;RuhB0_12.06.2012;12.06.2012;Baetis scambus;4416;6,666667;;;108000001;;
RuhB0;RuhB0_12.06.2012;12.06.2012;Baetis sp.;4419;0,8;;;108000001;;
RuhB0;RuhB0_12.06.2012;12.06.2012;Procloeon sp.;9167;0,8;;;108000001;;
RuhB0;RuhB0_12.06.2012;12.06.2012;Caenis luctuosa/macrura;9715;224,00003;;;108000001;;
RuhB0;RuhB0_12.06.2012;12.06.2012;Serratella ignita;5131;229,6;;;108000001;;
RuhB0;RuhB0_12.06.2012;12.06.2012;Ephemera danica;5124;4,8;;;108000001;;
RuhB0;RuhB0_12.06.2012;12.06.2012;Ecdyonurus venosus-Gr.;5059;43,2;;;108000001;;
RuhB0;RuhB0_12.06.2012;12.06.2012;Radix balthica;16959;8;;;108000001;;
RuhB0;RuhB0_12.06.2012;12.06.2012;Aphelocheirus aestivalis;4335;0,8;;;108000001;;
RuhB0;RuhB0_12.06.2012;12.06.2012;Micronectinae Gen. sp.;19893;8;;;108000001;;
RuhB0;RuhB0_12.06.2012;12.06.2012;Erpobdella octoculata;5159;4;;;108000001;;
RuhB0;RuhB0_12.06.2012;12.06.2012;Glossiphonia complanata;5304;4;;;108000001;;
RuhB0;RuhB0_12.06.2012;12.06.2012;Leuctra geniculata;5237;44,8;;;108000001;;
RuhB0;RuhB0_12.06.2012;12.06.2012;Leuctra sp.;5790;52,8;;;108000001;;
RuhB0;RuhB0_12.06.2012;12.06.2012;Cheumatopsyche lepida;4639;12;;;108000001;;
RuhB0;RuhB0_12.06.2012;12.06.2012;Hydropsyche incognita;8142;27;;;108000001;;
RuhB0;RuhB0_12.06.2012;12.06.2012;Hydropsyche siltalai;5604;9;;;108000001;;
RuhB0;RuhB0_12.06.2012;12.06.2012;Lepidostoma hirtum;5723;32,8;;;108000001;;
RuhB0;RuhB0_12.06.2012;12.06.2012;Athripsodes albifrons;4366;60;;;108000001;;
RuhB0;RuhB0_12.06.2012;12.06.2012;Athripsodes cinereus;4369;32;;;108000001;;
RuhB0;RuhB0_12.06.2012;12.06.2012;Allogamus auricollis;4264;16;;;108000001;;
RuhB0;RuhB0_12.06.2012;12.06.2012;Anabolia nervosa;4300;28;;;108000001;;
RuhB0;RuhB0_12.06.2012;12.06.2012;Anomalopterygella chauviniana;4327;8,8;;;108000001;;
RuhB0;RuhB0_12.06.2012;12.06.2012;Polycentropus flavomaculatus;6468;8;;;108000001;;
RuhB0;RuhB0_12.06.2012;12.06.2012;Psychomyia pusilla;6661;4;;;108000001;;
RuhB0;RuhB0_12.06.2012;12.06.2012;Rhyacophila dorsalis/nubila;19110;12;;;108000001;;
RuhB0;RuhB0_12.06.2012;12.06.2012;Sericostoma flavicorne/personatum;9747;32;;;108000001;;
RuhB0;RuhB0_26.06.2013;26.06.2013;Pisidium sp.;6425;9,6;;;108000001;;
RuhB0;RuhB0_26.06.2013;26.06.2013;Sphaerium corneum;6882;0,8;;;108000001;;
RuhB0;RuhB0_26.06.2013;26.06.2013;Esolus sp. Lv.;5169;9,6;;;108000001;;
RuhB0;RuhB0_26.06.2013;26.06.2013;Limnius volckmari Lv.;5854;19,2;;;108000001;;
RuhB0;RuhB0_26.06.2013;26.06.2013;Oulimnius tuberculatus Ad.;12105;4,8;;;108000001;;
RuhB0;RuhB0_26.06.2013;26.06.2013;Orectochilus villosus Lv.;6200;0,8;;;108000001;;
RuhB0;RuhB0_26.06.2013;26.06.2013;Gammarus pulex;5291;107,2;;;108000001;;
RuhB0;RuhB0_26.06.2013;26.06.2013;Ceratopogoninae Gen. sp.;10725;9,6;;;108000001;;
RuhB0;RuhB0_26.06.2013;26.06.2013;Chironomidae Gen. sp.;4642;125,6;;;108000001;;
RuhB0;RuhB0_26.06.2013;26.06.2013;Chironomini Gen. sp.;4644;351,2;;;108000001;;
RuhB0;RuhB0_26.06.2013;26.06.2013;Prodiamesa olivacea;6583;52,8;;;108000001;;
RuhB0;RuhB0_26.06.2013;26.06.2013;Tanypodinae Gen. sp.;6972;38,4;;;108000001;;
RuhB0;RuhB0_26.06.2013;26.06.2013;Tanytarsini Gen. sp.;6977;10,4;;;108000001;;
RuhB0;RuhB0_26.06.2013;26.06.2013;Baetis rhodani;4415;4,8;;;108000001;;
RuhB0;RuhB0_26.06.2013;26.06.2013;Baetis scambus;4416;4,8;;;108000001;;
RuhB0;RuhB0_26.06.2013;26.06.2013;Baetis sp.;4419;24;;;108000001;;
RuhB0;RuhB0_26.06.2013;26.06.2013;Caenis luctuosa/macrura;9715;211,2;;;108000001;;
RuhB0;RuhB0_26.06.2013;26.06.2013;Serratella ignita;5131;572,8;;;108000001;;
RuhB0;RuhB0_26.06.2013;26.06.2013;Ephemera danica;5124;21,6;;;108000001;;
RuhB0;RuhB0_26.06.2013;26.06.2013;Ecdyonurus venosus-Gr.;5059;55,2;;;108000001;;
RuhB0;RuhB0_26.06.2013;26.06.2013;Radix balthica;16959;0,8;;;108000001;;
RuhB0;RuhB0_26.06.2013;26.06.2013;Aphelocheirus aestivalis;4335;8;;;108000001;;
RuhB0;RuhB0_26.06.2013;26.06.2013;Erpobdella octoculata;5159;34,4;;;108000001;;
RuhB0;RuhB0_26.06.2013;26.06.2013;Oligochaeta Gen. sp.;8736;19,2;;;108000001;;
RuhB0;RuhB0_26.06.2013;26.06.2013;Leuctra geniculata;5237;141,6;;;108000001;;
RuhB0;RuhB0_26.06.2013;26.06.2013;Leuctra sp.;5790;72;;;108000001;;
RuhB0;RuhB0_26.06.2013;26.06.2013;Cheumatopsyche lepida;4639;24;;;108000001;;
RuhB0;RuhB0_26.06.2013;26.06.2013;Hydropsyche incognita;8142;34,4;;;108000001;;
RuhB0;RuhB0_26.06.2013;26.06.2013;Hydropsyche siltalai;5604;5,6;;;108000001;;
RuhB0;RuhB0_26.06.2013;26.06.2013;Lepidostoma hirtum;5723;26,4;;;108000001;;
RuhB0;RuhB0_26.06.2013;26.06.2013;Athripsodes albifrons;4366;33,5;;;108000001;;
RuhB0;RuhB0_26.06.2013;26.06.2013;Athripsodes bilineatus bilineatus;4368;51,2;;;108000001;;
RuhB0;RuhB0_26.06.2013;26.06.2013;Athripsodes cinereus;4369;33,5;;;108000001;;
RuhB0;RuhB0_26.06.2013;26.06.2013;Ceraclea dissimilis;4580;4,8;;;108000001;;
RuhB0;RuhB0_26.06.2013;26.06.2013;Anabolia nervosa;4300;34,4;;;108000001;;
RuhB0;RuhB0_26.06.2013;26.06.2013;Potamophylax cingulatus/latipennis/luctuosus;7346;4,8;;;108000001;;
RuhB0;RuhB0_26.06.2013;26.06.2013;Polycentropus flavomaculatus;6468;68,8;;;108000001;;
RuhB0;RuhB0_26.06.2013;26.06.2013;Psychomyia pusilla;6661;14,4;;;108000001;;
RuhB0;RuhB0_26.06.2013;26.06.2013;Rhyacophila dorsalis/nubila;19110;4,8;;;108000001;;
RuhB0;RuhB0_26.06.2013;26.06.2013;Sericostoma flavicorne/personatum;9747;14,4;;;108000001;;
RuhB0;RuhB0_11.06.2015;11.06.2015;Elmis sp. Lv.;5095;91,2;;;108000001;;
RuhB0;RuhB0_11.06.2015;11.06.2015;Esolus parallelepipedus Ad.;12082;33,6;;;108000001;;
RuhB0;RuhB0_11.06.2015;11.06.2015;Esolus sp. Lv.;5169;192;;;108000001;;
RuhB0;RuhB0_11.06.2015;11.06.2015;Limnius volckmari Lv.;5854;57,6;;;108000001;;
RuhB0;RuhB0_11.06.2015;11.06.2015;Oulimnius tuberculatus Ad.;12105;4,8;;;108000001;;
RuhB0;RuhB0_11.06.2015;11.06.2015;Gammarus pulex;5291;86,4;;;108000001;;
RuhB0;RuhB0_11.06.2015;11.06.2015;Chironomidae Gen. sp.;4642;40;;;108000001;;
RuhB0;RuhB0_11.06.2015;11.06.2015;Chironomini Gen. sp.;4644;163,2;;;108000001;;
RuhB0;RuhB0_11.06.2015;11.06.2015;Prodiamesa olivacea;6583;67,2;;;108000001;;
RuhB0;RuhB0_11.06.2015;11.06.2015;Tanypodinae Gen. sp.;6972;43,2;;;108000001;;
RuhB0;RuhB0_11.06.2015;11.06.2015;Tanytarsini Gen. sp.;6977;19,2;;;108000001;;
RuhB0;RuhB0_11.06.2015;11.06.2015;Dicranota sp.;4955;9,6;;;108000001;;
RuhB0;RuhB0_11.06.2015;11.06.2015;Simulium sp.;6853;139,2;;;108000001;;
RuhB0;RuhB0_11.06.2015;11.06.2015;Baetis fuscatus;4397;36;;;108000001;;
RuhB0;RuhB0_11.06.2015;11.06.2015;Baetis rhodani;4415;116,8;;;108000001;;
RuhB0;RuhB0_11.06.2015;11.06.2015;Baetis sp.;4419;244,8;;;108000001;;
RuhB0;RuhB0_11.06.2015;11.06.2015;Caenis luctuosa/macrura;9715;92;;;108000001;;
RuhB0;RuhB0_11.06.2015;11.06.2015;Serratella ignita;5131;405,6;;;108000001;;
RuhB0;RuhB0_11.06.2015;11.06.2015;Ephemera danica;5124;9,6;;;108000001;;
RuhB0;RuhB0_11.06.2015;11.06.2015;Ecdyonurus venosus-Gr.;5059;3,2;;;108000001;;
RuhB0;RuhB0_11.06.2015;11.06.2015;Radix balthica;16959;14,4;;;108000001;;
RuhB0;RuhB0_11.06.2015;11.06.2015;Ancylus fluviatilis;4310;57,6;;;108000001;;
RuhB0;RuhB0_11.06.2015;11.06.2015;Gyraulus albus;5354;14,4;;;108000001;;
RuhB0;RuhB0_11.06.2015;11.06.2015;Aphelocheirus aestivalis;4335;10,4;;;108000001;;
RuhB0;RuhB0_11.06.2015;11.06.2015;Erpobdella octoculata;5159;4,8;;;108000001;;
RuhB0;RuhB0_11.06.2015;11.06.2015;Leuctra geniculata;5237;48;;;108000001;;
RuhB0;RuhB0_11.06.2015;11.06.2015;Leuctra sp.;5790;24;;;108000001;;
RuhB0;RuhB0_11.06.2015;11.06.2015;Agapetus ochripes;4253;4,8;;;108000001;;
RuhB0;RuhB0_11.06.2015;11.06.2015;Cheumatopsyche lepida;4639;24;;;108000001;;
RuhB0;RuhB0_11.06.2015;11.06.2015;Hydropsyche incognita;8142;24;;;108000001;;
RuhB0;RuhB0_11.06.2015;11.06.2015;Hydropsyche siltalai;5604;19,2;;;108000001;;
RuhB0;RuhB0_11.06.2015;11.06.2015;Lepidostoma hirtum;5723;9,6;;;108000001;;
RuhB0;RuhB0_11.06.2015;11.06.2015;Athripsodes albifrons;4366;24;;;108000001;;
RuhB0;RuhB0_11.06.2015;11.06.2015;Athripsodes bilineatus bilineatus;4368;14,4;;;108000001;;
RuhB0;RuhB0_11.06.2015;11.06.2015;Athripsodes cinereus;4369;4,8;;;108000001;;
RuhB0;RuhB0_11.06.2015;11.06.2015;Anabolia nervosa;4300;5,6;;;108000001;;
RuhB0;RuhB0_11.06.2015;11.06.2015;Halesus digitatus/tesselatus;8834;0,8;;;108000001;;
RuhB0;RuhB0_11.06.2015;11.06.2015;Polycentropus flavomaculatus;6468;9,6;;;108000001;;
RuhB0;RuhB0_11.06.2015;11.06.2015;Psychomyia pusilla;6661;19,2;;;108000001;;
RuhB0;RuhB0_11.06.2015;11.06.2015;Rhyacophila dorsalis/nubila;19110;4,8;;;108000001;;
RuhB0;RuhB0_11.06.2015;11.06.2015;Sericostoma flavicorne/personatum;9747;9,6;;;108000001;;
RuhB0;RuhB0_11.06.2015;11.06.2015;Dugesia sp.;5021;0,8;;;108000001;;
RuhB0;RuhB0_12.07.2016;12.07.2016;Pisidium sp.;6425;4,8;;;108000001;;
RuhB0;RuhB0_12.07.2016;12.07.2016;Elmis aenea/maugetii/rietscheli/rioloides Ad.;20169;28,8;;;108000001;;
RuhB0;RuhB0_12.07.2016;12.07.2016;Elmis sp. Lv.;5095;33,6;;;108000001;;
RuhB0;RuhB0_12.07.2016;12.07.2016;Esolus parallelepipedus Ad.;12082;24;;;108000001;;
RuhB0;RuhB0_12.07.2016;12.07.2016;Esolus sp. Lv.;5169;369,6;;;108000001;;
RuhB0;RuhB0_12.07.2016;12.07.2016;Limnius volckmari Ad.;12094;4,8;;;108000001;;
RuhB0;RuhB0_12.07.2016;12.07.2016;Limnius volckmari Lv.;5854;67,2;;;108000001;;
RuhB0;RuhB0_12.07.2016;12.07.2016;Asellus aquaticus;8691;4,8;;;108000001;;
RuhB0;RuhB0_12.07.2016;12.07.2016;Gammarus pulex;5291;283,2;;;108000001;;
RuhB0;RuhB0_12.07.2016;12.07.2016;Chironomidae Gen. sp.;4642;298,4;;;108000001;;
RuhB0;RuhB0_12.07.2016;12.07.2016;Chironomini Gen. sp.;4644;120;;;108000001;;
RuhB0;RuhB0_12.07.2016;12.07.2016;Prodiamesa olivacea;6583;19,2;;;108000001;;
RuhB0;RuhB0_12.07.2016;12.07.2016;Tanypodinae Gen. sp.;6972;24,8;;;108000001;;
RuhB0;RuhB0_12.07.2016;12.07.2016;Tanytarsini Gen. sp.;6977;28,8;;;108000001;;
RuhB0;RuhB0_12.07.2016;12.07.2016;Simulium sp.;6853;225,6;;;108000001;;
RuhB0;RuhB0_12.07.2016;12.07.2016;Baetis fuscatus;4397;14,4;;;108000001;;
RuhB0;RuhB0_12.07.2016;12.07.2016;Baetis rhodani;4415;62,4;;;108000001;;
RuhB0;RuhB0_12.07.2016;12.07.2016;Baetis sp.;4419;52,8;;;108000001;;
RuhB0;RuhB0_12.07.2016;12.07.2016;Caenis luctuosa/macrura;9715;62,4;;;108000001;;
RuhB0;RuhB0_12.07.2016;12.07.2016;Serratella ignita;5131;540,8;;;108000001;;
RuhB0;RuhB0_12.07.2016;12.07.2016;Ephemera danica;5124;0,8;;;108000001;;
RuhB0;RuhB0_12.07.2016;12.07.2016;Ecdyonurus venosus-Gr.;5059;57,6;;;108000001;;
RuhB0;RuhB0_12.07.2016;12.07.2016;Ancylus fluviatilis;4310;14,4;;;108000001;;
RuhB0;RuhB0_12.07.2016;12.07.2016;Aphelocheirus aestivalis;4335;24,8;;;108000001;;
RuhB0;RuhB0_12.07.2016;12.07.2016;Erpobdella octoculata;5159;0,8;;;108000001;;
RuhB0;RuhB0_12.07.2016;12.07.2016;Leuctra geniculata;5237;140;;;108000001;;
RuhB0;RuhB0_12.07.2016;12.07.2016;Leuctra sp.;5790;72;;;108000001;;
RuhB0;RuhB0_12.07.2016;12.07.2016;Agapetus ochripes;4253;15,2;;;108000001;;
RuhB0;RuhB0_12.07.2016;12.07.2016;Hydropsyche incognita;8142;62;;;108000001;;
RuhB0;RuhB0_12.07.2016;12.07.2016;Lepidostoma hirtum;5723;10,4;;;108000001;;
RuhB0;RuhB0_12.07.2016;12.07.2016;Athripsodes albifrons;4366;9,6;;;108000001;;
RuhB0;RuhB0_12.07.2016;12.07.2016;Athripsodes bilineatus bilineatus;4368;4,8;;;108000001;;
RuhB0;RuhB0_12.07.2016;12.07.2016;Polycentropus flavomaculatus;6468;9,6;;;108000001;;
RuhB0;RuhB0_12.07.2016;12.07.2016;Rhyacophila dorsalis/nubila;19110;24,8;;;108000001;;
RuhB0;RuhB0_18.07.2017;18.07.2017;Sphaerium corneum;6882;0,8;;;108000001;;
RuhB0;RuhB0_18.07.2017;18.07.2017;Elmis aenea/maugetii/rietscheli/rioloides Ad.;20169;19,2;;;108000001;;
RuhB0;RuhB0_18.07.2017;18.07.2017;Elmis sp. Lv.;5095;105,6;;;108000001;;
RuhB0;RuhB0_18.07.2017;18.07.2017;Esolus parallelepipedus Ad.;12082;207,2;;;108000001;;
RuhB0;RuhB0_18.07.2017;18.07.2017;Esolus sp. Lv.;5169;259,2;;;108000001;;
RuhB0;RuhB0_18.07.2017;18.07.2017;Limnius volckmari Ad.;12094;4,8;;;108000001;;
RuhB0;RuhB0_18.07.2017;18.07.2017;Limnius volckmari Lv.;5854;33,6;;;108000001;;
RuhB0;RuhB0_18.07.2017;18.07.2017;Oulimnius tuberculatus Ad.;12105;81,6;;;108000001;;
RuhB0;RuhB0_18.07.2017;18.07.2017;Oulimnius tuberculatus Lv.;6261;14,4;;;108000001;;
RuhB0;RuhB0_18.07.2017;18.07.2017;Gammarus pulex;5291;292,8;;;108000001;;
RuhB0;RuhB0_18.07.2017;18.07.2017;Chironomidae Gen. sp.;4642;19,2;;;108000001;;
RuhB0;RuhB0_18.07.2017;18.07.2017;Chironomini Gen. sp.;4644;332;;;108000001;;
RuhB0;RuhB0_18.07.2017;18.07.2017;Tanypodinae Gen. sp.;6972;72;;;108000001;;
RuhB0;RuhB0_18.07.2017;18.07.2017;Tanytarsini Gen. sp.;6977;33,6;;;108000001;;
RuhB0;RuhB0_18.07.2017;18.07.2017;Antocha sp.;4330;38,4;;;108000001;;
RuhB0;RuhB0_18.07.2017;18.07.2017;Dicranota sp.;4955;19,2;;;108000001;;
RuhB0;RuhB0_18.07.2017;18.07.2017;Simulium sp.;6853;499,2;;;108000001;;
RuhB0;RuhB0_18.07.2017;18.07.2017;Baetis rhodani;4415;63,2;;;108000001;;
RuhB0;RuhB0_18.07.2017;18.07.2017;Baetis sp.;4419;27,2;;;108000001;;
RuhB0;RuhB0_18.07.2017;18.07.2017;Caenis luctuosa/macrura;9715;28,8;;;108000001;;
RuhB0;RuhB0_18.07.2017;18.07.2017;Serratella ignita;5131;106,4;;;108000001;;
RuhB0;RuhB0_18.07.2017;18.07.2017;Ecdyonurus venosus-Gr.;5059;28,8;;;108000001;;
RuhB0;RuhB0_18.07.2017;18.07.2017;Radix balthica;16959;0,8;;;108000001;;
RuhB0;RuhB0_18.07.2017;18.07.2017;Aphelocheirus aestivalis;4335;55,2;;;108000001;;
RuhB0;RuhB0_18.07.2017;18.07.2017;Erpobdella octoculata;5159;0,8;;;108000001;;
RuhB0;RuhB0_18.07.2017;18.07.2017;Glossiphonia complanata;5304;0,8;;;108000001;;
RuhB0;RuhB0_18.07.2017;18.07.2017;Helobdella stagnalis;5413;10,4;;;108000001;;
RuhB0;RuhB0_18.07.2017;18.07.2017;Eiseniella tetraedra;5075;5,6;;;108000001;;
RuhB0;RuhB0_18.07.2017;18.07.2017;Leuctra geniculata;5237;20,8;;;108000001;;
RuhB0;RuhB0_18.07.2017;18.07.2017;Leuctra sp.;5790;63,2;;;108000001;;
RuhB0;RuhB0_18.07.2017;18.07.2017;Agapetus ochripes;4253;62,4;;;108000001;;
RuhB0;RuhB0_18.07.2017;18.07.2017;Cheumatopsyche lepida;4639;145,6;;;108000001;;
RuhB0;RuhB0_18.07.2017;18.07.2017;Hydropsyche incognita;8142;68;;;108000001;;
RuhB0;RuhB0_18.07.2017;18.07.2017;Hydropsyche pellucidula;5601;31;;;108000001;;
RuhB0;RuhB0_18.07.2017;18.07.2017;Athripsodes albifrons;4366;9,6;;;108000001;;
RuhB0;RuhB0_18.07.2017;18.07.2017;Polycentropus flavomaculatus;6468;46,4;;;108000001;;
RuhB0;RuhB0_18.07.2017;18.07.2017;Psychomyia pusilla;6661;11,2;;;108000001;;
RuhB0;RuhB0_18.07.2017;18.07.2017;Rhyacophila dorsalis/nubila;19110;11,2;;;108000001;;
RuhB0;RuhB0_18.07.2017;18.07.2017;Sericostoma flavicorne/personatum;9747;14,4;;;108000001;;
RuhB0;RuhB0_18.07.2017;18.07.2017;Dugesia sp.;5021;0,8;;;108000001;;
RuhB0;RuhB0_26.06.2018;26.06.2018;Elmis sp. Lv.;5095;76,8;;;108000001;;
RuhB0;RuhB0_26.06.2018;26.06.2018;Esolus sp. Lv.;5169;523,2;;;108000001;;
RuhB0;RuhB0_26.06.2018;26.06.2018;Limnius volckmari Lv.;5854;28,8;;;108000001;;
RuhB0;RuhB0_26.06.2018;26.06.2018;Oulimnius tuberculatus Lv.;6261;19,2;;;108000001;;
RuhB0;RuhB0_26.06.2018;26.06.2018;Gammarus pulex;5291;217,6;;;108000001;;
RuhB0;RuhB0_26.06.2018;26.06.2018;Atherix/Ibisia sp.;20196;14,4;;;108000001;;
RuhB0;RuhB0_26.06.2018;26.06.2018;Chironomidae Gen. sp.;4642;441,6;;;108000001;;
RuhB0;RuhB0_26.06.2018;26.06.2018;Chironomini Gen. sp.;4644;256;;;108000001;;
RuhB0;RuhB0_26.06.2018;26.06.2018;Prodiamesa olivacea;6583;81,6;;;108000001;;
RuhB0;RuhB0_26.06.2018;26.06.2018;Tanypodinae Gen. sp.;6972;43,2;;;108000001;;
RuhB0;RuhB0_26.06.2018;26.06.2018;Tanytarsini Gen. sp.;6977;43,2;;;108000001;;
RuhB0;RuhB0_26.06.2018;26.06.2018;Antocha sp.;4330;57,6;;;108000001;;
RuhB0;RuhB0_26.06.2018;26.06.2018;Simulium sp.;6853;505,6;;;108000001;;
RuhB0;RuhB0_26.06.2018;26.06.2018;Baetis fuscatus;4397;20,8;;;108000001;;
RuhB0;RuhB0_26.06.2018;26.06.2018;Baetis rhodani;4415;105,6;;;108000001;;
RuhB0;RuhB0_26.06.2018;26.06.2018;Baetis scambus;4416;11,2;;;108000001;;
RuhB0;RuhB0_26.06.2018;26.06.2018;Baetis sp.;4419;72;;;108000001;;
RuhB0;RuhB0_26.06.2018;26.06.2018;Caenis luctuosa/macrura;9715;72;;;108000001;;
RuhB0;RuhB0_26.06.2018;26.06.2018;Serratella ignita;5131;204;;;108000001;;
RuhB0;RuhB0_26.06.2018;26.06.2018;Ephemera danica;5124;20,8;;;108000001;;
RuhB0;RuhB0_26.06.2018;26.06.2018;Ecdyonurus venosus-Gr.;5059;31,2;;;108000001;;
RuhB0;RuhB0_26.06.2018;26.06.2018;Potamopyrgus antipodarum;8251;9,6;;;108000001;;
RuhB0;RuhB0_26.06.2018;26.06.2018;Radix balthica;16959;5,6;;;108000001;;
RuhB0;RuhB0_26.06.2018;26.06.2018;Ancylus fluviatilis;4310;67,2;;;108000001;;
RuhB0;RuhB0_26.06.2018;26.06.2018;Gyraulus albus;5354;9,6;;;108000001;;
RuhB0;RuhB0_26.06.2018;26.06.2018;Aphelocheirus aestivalis;4335;88;;;108000001;;
RuhB0;RuhB0_26.06.2018;26.06.2018;Erpobdella octoculata;5159;1,6;;;108000001;;
RuhB0;RuhB0_26.06.2018;26.06.2018;Glossiphonia complanata;5304;4,8;;;108000001;;
RuhB0;RuhB0_26.06.2018;26.06.2018;Oligochaeta Gen. sp.;8736;24;;;108000001;;
RuhB0;RuhB0_26.06.2018;26.06.2018;Leuctra geniculata;5237;9,6;;;108000001;;
RuhB0;RuhB0_26.06.2018;26.06.2018;Leuctra sp.;5790;33,6;;;108000001;;
RuhB0;RuhB0_26.06.2018;26.06.2018;Cheumatopsyche lepida;4639;24;;;108000001;;
RuhB0;RuhB0_26.06.2018;26.06.2018;Hydropsyche incognita;8142;117;;;108000001;;
RuhB0;RuhB0_26.06.2018;26.06.2018;Hydropsyche pellucidula;5601;33,6;;;108000001;;
RuhB0;RuhB0_26.06.2018;26.06.2018;Hydropsyche siltalai;5604;5,6;;;108000001;;
RuhB0;RuhB0_26.06.2018;26.06.2018;Hydroptila sp.;5616;4,8;;;108000001;;
RuhB0;RuhB0_26.06.2018;26.06.2018;Athripsodes bilineatus bilineatus;4368;4,8;;;108000001;;
RuhB0;RuhB0_26.06.2018;26.06.2018;Mystacides azurea;6062;33,6;;;108000001;;
RuhB0;RuhB0_26.06.2018;26.06.2018;Anabolia nervosa;4300;0,8;;;108000001;;
RuhB0;RuhB0_26.06.2018;26.06.2018;Anomalopterygella chauviniana;4327;4,8;;;108000001;;
RuhB0;RuhB0_26.06.2018;26.06.2018;Polycentropus flavomaculatus;6468;4,8;;;108000001;;
RuhB0;RuhB0_26.06.2018;26.06.2018;Psychomyia pusilla;6661;28,8;;;108000001;;
RuhB0;RuhB0_26.06.2018;26.06.2018;Rhyacophila dorsalis/nubila;19110;41,6;;;108000001;;
RuhB0;RuhB0_26.06.2018;26.06.2018;Sericostoma flavicorne/personatum;9747;0,8;;;108000001;;
RuhB0;RuhB0_26.06.2018;26.06.2018;Dugesia sp.;5021;9,6;;;108000001;;
RuhB0;RuhB0_08.07.2019;08.07.2019;Sphaerium corneum;6882;3,4;;;108000001;;
RuhB0;RuhB0_08.07.2019;08.07.2019;Nebrioporus elegans Ad.;11997;0,8;;;108000001;;
RuhB0;RuhB0_08.07.2019;08.07.2019;Elmis sp. Lv.;5095;6,857142857;;;108000001;;
RuhB0;RuhB0_08.07.2019;08.07.2019;Esolus parallelepipedus Ad.;12082;20,57142857;;;108000001;;
RuhB0;RuhB0_08.07.2019;08.07.2019;Esolus sp. Lv.;5169;58,28571429;;;108000001;;
RuhB0;RuhB0_08.07.2019;08.07.2019;Limnius volckmari Lv.;5854;20,57142857;;;108000001;;
RuhB0;RuhB0_08.07.2019;08.07.2019;Oulimnius tuberculatus Ad.;12105;3,428571429;;;108000001;;
RuhB0;RuhB0_08.07.2019;08.07.2019;Oulimnius tuberculatus Lv.;6261;3,428571429;;;108000001;;
RuhB0;RuhB0_08.07.2019;08.07.2019;Gammarus pulex;5291;113,1428571;;;108000001;;
RuhB0;RuhB0_08.07.2019;08.07.2019;Ceratopogoninae Gen. sp.;10725;3,4;;;108000001;;
RuhB0;RuhB0_08.07.2019;08.07.2019;Chironomidae Gen. sp.;4642;109,7142857;;;108000001;;
RuhB0;RuhB0_08.07.2019;08.07.2019;Chironomini Gen. sp.;4644;185,1428571;;;108000001;;
RuhB0;RuhB0_08.07.2019;08.07.2019;Prodiamesa olivacea;6583;44,57142857;;;108000001;;
RuhB0;RuhB0_08.07.2019;08.07.2019;Tanypodinae Gen. sp.;6972;78,85714286;;;108000001;;
RuhB0;RuhB0_08.07.2019;08.07.2019;Tanytarsini Gen. sp.;6977;34,28571429;;;108000001;;
RuhB0;RuhB0_08.07.2019;08.07.2019;Dicranota sp.;4955;13,71428571;;;108000001;;
RuhB0;RuhB0_08.07.2019;08.07.2019;Simulium sp.;6853;176,4571429;;;108000001;;
RuhB0;RuhB0_08.07.2019;08.07.2019;Tipula sp.;7077;3,428571429;;;108000001;;
RuhB0;RuhB0_08.07.2019;08.07.2019;Baetis buceratus;4388;0,8;;;108000001;;
RuhB0;RuhB0_08.07.2019;08.07.2019;Baetis fuscatus;4397;3,428571429;;;108000001;;
RuhB0;RuhB0_08.07.2019;08.07.2019;Baetis rhodani;4415;14,51428571;;;108000001;;
RuhB0;RuhB0_08.07.2019;08.07.2019;Baetis sp.;4419;10,28571429;;;108000001;;
RuhB0;RuhB0_08.07.2019;08.07.2019;Baetis vardarensis;4425;3,428571429;;;108000001;;
RuhB0;RuhB0_08.07.2019;08.07.2019;Centroptilum luteolum;8850;3,428571429;;;108000001;;
RuhB0;RuhB0_08.07.2019;08.07.2019;Caenis luctuosa/macrura;9715;30,9;;;108000001;;
RuhB0;RuhB0_08.07.2019;08.07.2019;Serratella ignita;5131;58,05714286;;;108000001;;
RuhB0;RuhB0_08.07.2019;08.07.2019;Ephemera danica;5124;1,6;;;108000001;;
RuhB0;RuhB0_08.07.2019;08.07.2019;Ecdyonurus venosus-Gr.;5059;37,5;;;108000001;;
RuhB0;RuhB0_08.07.2019;08.07.2019;Radix balthica;16959;3,428571429;;;108000001;;
RuhB0;RuhB0_08.07.2019;08.07.2019;Ancylus fluviatilis;4310;3,428571429;;;108000001;;
RuhB0;RuhB0_08.07.2019;08.07.2019;Gyraulus albus;5354;6,857142857;;;108000001;;
RuhB0;RuhB0_08.07.2019;08.07.2019;Aphelocheirus aestivalis;4335;21,37142857;;;108000001;;
RuhB0;RuhB0_08.07.2019;08.07.2019;Helobdella stagnalis;5413;0,8;;;108000001;;
RuhB0;RuhB0_08.07.2019;08.07.2019;Sialis sp.;6823;10,28571429;;;108000001;;
RuhB0;RuhB0_08.07.2019;08.07.2019;Naididae/Tubificidae Gen. sp.;20200;3,428571429;;;108000001;;
RuhB0;RuhB0_08.07.2019;08.07.2019;Oligochaeta Gen. sp.;8736;7,657142857;;;108000001;;
RuhB0;RuhB0_08.07.2019;08.07.2019;Leuctra geniculata;5237;10,28571429;;;108000001;;
RuhB0;RuhB0_08.07.2019;08.07.2019;Leuctra sp.;5790;17,94285714;;;108000001;;
RuhB0;RuhB0_08.07.2019;08.07.2019;Cheumatopsyche lepida;4639;6,857142857;;;108000001;;
RuhB0;RuhB0_08.07.2019;08.07.2019;Hydropsyche incognita;8142;62,4;;;108000001;;
RuhB0;RuhB0_08.07.2019;08.07.2019;Hydropsyche pellucidula;5601;11,1;;;108000001;;
RuhB0;RuhB0_08.07.2019;08.07.2019;Lepidostoma hirtum;5723;0,8;;;108000001;;
RuhB0;RuhB0_08.07.2019;08.07.2019;Mystacides azurea;6062;24;;;108000001;;
RuhB0;RuhB0_08.07.2019;08.07.2019;Anabolia nervosa;4300;3,428571429;;;108000001;;
RuhB0;RuhB0_08.07.2019;08.07.2019;Polycentropus flavomaculatus;6468;3,428571429;;;108000001;;
RuhB0;RuhB0_08.07.2019;08.07.2019;Psychomyia pusilla;6661;6,857142857;;;108000001;;
RuhB0;RuhB0_08.07.2019;08.07.2019;Rhyacophila dorsalis/nubila;19110;22,1;;;108000001;;
RuhB0;RuhB0_08.07.2019;08.07.2019;Sericostoma flavicorne/personatum;9747;1,6;;;108000001;;
RuhB0;RuhB0_08.07.2019;08.07.2019;Dugesia sp.;5021;3,428571429;;;108000001;;
RuhB1;RuhB1_11.07.2008;11.07.2008;Elmis sp. Lv.;5095;1,2;;;108000002;;
RuhB1;RuhB1_11.07.2008;11.07.2008;Esolus parallelepipedus Ad.;12082;2,4;;;108000002;;
RuhB1;RuhB1_11.07.2008;11.07.2008;Esolus sp. Lv.;5169;19,2;;;108000002;;
RuhB1;RuhB1_11.07.2008;11.07.2008;Limnius volckmari Lv.;5854;1,2;;;108000002;;
RuhB1;RuhB1_11.07.2008;11.07.2008;Oulimnius tuberculatus Lv.;6261;1,2;;;108000002;;
RuhB1;RuhB1_11.07.2008;11.07.2008;Orectochilus villosus Ad.;12422;0,8;;;108000002;;
RuhB1;RuhB1_11.07.2008;11.07.2008;Gammarus pulex;5291;0,8;;;108000002;;
RuhB1;RuhB1_11.07.2008;11.07.2008;Atherix/Ibisia sp.;20196;6;;;108000002;;
RuhB1;RuhB1_11.07.2008;11.07.2008;Ceratopogoninae Gen. sp.;10725;1,2;;;108000002;;
RuhB1;RuhB1_11.07.2008;11.07.2008;Chironomidae Gen. sp.;4642;72;;;108000002;;
RuhB1;RuhB1_11.07.2008;11.07.2008;Chironomini Gen. sp.;4644;188;;;108000002;;
RuhB1;RuhB1_11.07.2008;11.07.2008;Prodiamesa olivacea;6583;16,8;;;108000002;;
RuhB1;RuhB1_11.07.2008;11.07.2008;Tanypodinae Gen. sp.;6972;22,2;;;108000002;;
RuhB1;RuhB1_11.07.2008;11.07.2008;Tanytarsini Gen. sp.;6977;22,2;;;108000002;;
RuhB1;RuhB1_11.07.2008;11.07.2008;Dicranota sp.;4955;1,2;;;108000002;;
RuhB1;RuhB1_11.07.2008;11.07.2008;Simulium sp.;6853;3,6;;;108000002;;
RuhB1;RuhB1_11.07.2008;11.07.2008;Tipula sp.;7077;2,8;;;108000002;;
RuhB1;RuhB1_11.07.2008;11.07.2008;Baetis fuscatus;4397;10,8;;;108000002;;
RuhB1;RuhB1_11.07.2008;11.07.2008;Baetis sp.;4419;3,6;;;108000002;;
RuhB1;RuhB1_11.07.2008;11.07.2008;Serratella ignita;5131;16,4;;;108000002;;
RuhB1;RuhB1_11.07.2008;11.07.2008;Ecdyonurus venosus-Gr.;5059;5,2;;;108000002;;
RuhB1;RuhB1_11.07.2008;11.07.2008;Leuctra geniculata;5237;22;;;108000002;;
RuhB1;RuhB1_11.07.2008;11.07.2008;Leuctra sp.;5790;129,2;;;108000002;;
RuhB1;RuhB1_11.07.2008;11.07.2008;Agapetus ochripes;4253;4,8;;;108000002;;
RuhB1;RuhB1_11.07.2008;11.07.2008;Hydropsyche incognita;8142;13,6;;;108000002;;
RuhB1;RuhB1_11.07.2008;11.07.2008;Polycentropus flavomaculatus;6468;1,2;;;108000002;;
RuhB1;RuhB1_11.07.2008;11.07.2008;Rhyacophila dorsalis/nubila;19110;19,2;;;108000002;;
RuhB1;RuhB1_10.06.2009;10.06.2009;Pisidium sp.;6425;9,6;;;108000002;;
RuhB1;RuhB1_10.06.2009;10.06.2009;Sphaerium corneum;6882;0,8;;;108000002;;
RuhB1;RuhB1_10.06.2009;10.06.2009;Elmis sp. Lv.;5095;91,2;;;108000002;;
RuhB1;RuhB1_10.06.2009;10.06.2009;Esolus parallelepipedus Ad.;12082;10,4;;;108000002;;
RuhB1;RuhB1_10.06.2009;10.06.2009;Esolus sp. Lv.;5169;255,2;;;108000002;;
RuhB1;RuhB1_10.06.2009;10.06.2009;Limnius volckmari Lv.;5854;4,8;;;108000002;;
RuhB1;RuhB1_10.06.2009;10.06.2009;Oulimnius tuberculatus Ad.;12105;4,8;;;108000002;;
RuhB1;RuhB1_10.06.2009;10.06.2009;Oulimnius tuberculatus Lv.;6261;4,8;;;108000002;;
RuhB1;RuhB1_10.06.2009;10.06.2009;Hydraena gracilis Ad.;5514;9,6;;;108000002;;
RuhB1;RuhB1_10.06.2009;10.06.2009;Gammarus pulex;5291;255,2;;;108000002;;
RuhB1;RuhB1_10.06.2009;10.06.2009;Atherix/Ibisia sp.;20196;0,8;;;108000002;;
RuhB1;RuhB1_10.06.2009;10.06.2009;Ceratopogoninae Gen. sp.;10725;14,4;;;108000002;;
RuhB1;RuhB1_10.06.2009;10.06.2009;Chironomidae Gen. sp.;4642;659,2;;;108000002;;
RuhB1;RuhB1_10.06.2009;10.06.2009;Chironomini Gen. sp.;4644;92,8;;;108000002;;
RuhB1;RuhB1_10.06.2009;10.06.2009;Prodiamesa olivacea;6583;67,2;;;108000002;;
RuhB1;RuhB1_10.06.2009;10.06.2009;Tanypodinae Gen. sp.;6972;178,4;;;108000002;;
RuhB1;RuhB1_10.06.2009;10.06.2009;Tanytarsini Gen. sp.;6977;249,6;;;108000002;;
RuhB1;RuhB1_10.06.2009;10.06.2009;Dicranota sp.;4955;9,6;;;108000002;;
RuhB1;RuhB1_10.06.2009;10.06.2009;Simulium sp.;6853;38,4;;;108000002;;
RuhB1;RuhB1_10.06.2009;10.06.2009;Baetis fuscatus;4397;9,6;;;108000002;;
RuhB1;RuhB1_10.06.2009;10.06.2009;Baetis rhodani;4415;39,2;;;108000002;;
RuhB1;RuhB1_10.06.2009;10.06.2009;Baetis sp.;4419;9,6;;;108000002;;
RuhB1;RuhB1_10.06.2009;10.06.2009;Caenis luctuosa/macrura;9715;9,6;;;108000002;;
RuhB1;RuhB1_10.06.2009;10.06.2009;Serratella ignita;5131;452,8;;;108000002;;
RuhB1;RuhB1_10.06.2009;10.06.2009;Ephemera danica;5124;1,6;;;108000002;;
RuhB1;RuhB1_10.06.2009;10.06.2009;Ecdyonurus venosus-Gr.;5059;21,6;;;108000002;;
RuhB1;RuhB1_10.06.2009;10.06.2009;Radix balthica;16959;5,6;;;108000002;;
RuhB1;RuhB1_10.06.2009;10.06.2009;Ancylus fluviatilis;4310;10,4;;;108000002;;
RuhB1;RuhB1_10.06.2009;10.06.2009;Erpobdella octoculata;5159;9,6;;;108000002;;
RuhB1;RuhB1_10.06.2009;10.06.2009;Glossiphonia complanata;5304;4,8;;;108000002;;
RuhB1;RuhB1_10.06.2009;10.06.2009;Sialis sp.;6823;4,8;;;108000002;;
RuhB1;RuhB1_10.06.2009;10.06.2009;Oligochaeta Gen. sp.;8736;14,4;;;108000002;;
RuhB1;RuhB1_10.06.2009;10.06.2009;Leuctra geniculata;5237;83,2;;;108000002;;
RuhB1;RuhB1_10.06.2009;10.06.2009;Leuctra sp.;5790;115,2;;;108000002;;
RuhB1;RuhB1_10.06.2009;10.06.2009;Agapetus ochripes;4253;4,8;;;108000002;;
RuhB1;RuhB1_10.06.2009;10.06.2009;Hydropsyche incognita;8142;39,2;;;108000002;;
RuhB1;RuhB1_10.06.2009;10.06.2009;Hydropsyche siltalai;5604;38,4;;;108000002;;
RuhB1;RuhB1_10.06.2009;10.06.2009;Hydroptila sp.;5616;0,8;;;108000002;;
RuhB1;RuhB1_10.06.2009;10.06.2009;Lepidostoma hirtum;5723;107,2;;;108000002;;
RuhB1;RuhB1_10.06.2009;10.06.2009;Athripsodes albifrons;4366;76,8;;;108000002;;
RuhB1;RuhB1_10.06.2009;10.06.2009;Athripsodes cinereus;4369;4,8;;;108000002;;
RuhB1;RuhB1_10.06.2009;10.06.2009;Mystacides azurea;6062;4,8;;;108000002;;
RuhB1;RuhB1_10.06.2009;10.06.2009;Allogamus auricollis;4264;0,8;;;108000002;;
RuhB1;RuhB1_10.06.2009;10.06.2009;Halesus digitatus/tesselatus;8834;1,6;;;108000002;;
RuhB1;RuhB1_10.06.2009;10.06.2009;Potamophylax cingulatus/latipennis/luctuosus;7346;4,8;;;108000002;;
RuhB1;RuhB1_10.06.2009;10.06.2009;Polycentropus flavomaculatus;6468;20;;;108000002;;
RuhB1;RuhB1_10.06.2009;10.06.2009;Psychomyia pusilla;6661;19,2;;;108000002;;
RuhB1;RuhB1_10.06.2009;10.06.2009;Rhyacophila dorsalis/nubila;19110;24;;;108000002;;
RuhB1;RuhB1_10.06.2009;10.06.2009;Sericostoma flavicorne/personatum;9747;29,6;;;108000002;;
RuhB1;RuhB1_24.06.2010;24.06.2010;Pisidium sp.;6425;0,8;;;108000002;;
RuhB1;RuhB1_24.06.2010;24.06.2010;Elmis aenea/maugetii/rietscheli/rioloides Ad.;20169;0,8;;;108000002;;
RuhB1;RuhB1_24.06.2010;24.06.2010;Elmis sp. Lv.;5095;50,4;;;108000002;;
RuhB1;RuhB1_24.06.2010;24.06.2010;Esolus parallelepipedus Ad.;12082;19,2;;;108000002;;
RuhB1;RuhB1_24.06.2010;24.06.2010;Esolus sp. Lv.;5169;63,2;;;108000002;;
RuhB1;RuhB1_24.06.2010;24.06.2010;Limnius volckmari Lv.;5854;14,4;;;108000002;;
RuhB1;RuhB1_24.06.2010;24.06.2010;Oulimnius tuberculatus Ad.;12105;9,6;;;108000002;;
RuhB1;RuhB1_24.06.2010;24.06.2010;Oulimnius tuberculatus Lv.;6261;14,4;;;108000002;;
RuhB1;RuhB1_24.06.2010;24.06.2010;Asellus aquaticus;8691;9,6;;;108000002;;
RuhB1;RuhB1_24.06.2010;24.06.2010;Gammarus pulex;5291;44;;;108000002;;
RuhB1;RuhB1_24.06.2010;24.06.2010;Atherix/Ibisia sp.;20196;44,8;;;108000002;;
RuhB1;RuhB1_24.06.2010;24.06.2010;Ceratopogoninae Gen. sp.;10725;4,8;;;108000002;;
RuhB1;RuhB1_24.06.2010;24.06.2010;Chironomidae Gen. sp.;4642;428;;;108000002;;
RuhB1;RuhB1_24.06.2010;24.06.2010;Chironomini Gen. sp.;4644;124,8;;;108000002;;
RuhB1;RuhB1_24.06.2010;24.06.2010;Tanypodinae Gen. sp.;6972;57,6;;;108000002;;
RuhB1;RuhB1_24.06.2010;24.06.2010;Tanytarsini Gen. sp.;6977;9,6;;;108000002;;
RuhB1;RuhB1_24.06.2010;24.06.2010;Antocha sp.;4330;4,8;;;108000002;;
RuhB1;RuhB1_24.06.2010;24.06.2010;Dicranota sp.;4955;24;;;108000002;;
RuhB1;RuhB1_24.06.2010;24.06.2010;Simulium sp.;6853;312;;;108000002;;
RuhB1;RuhB1_24.06.2010;24.06.2010;Baetis fuscatus;4397;20;;;108000002;;
RuhB1;RuhB1_24.06.2010;24.06.2010;Baetis rhodani;4415;26,4;;;108000002;;
RuhB1;RuhB1_24.06.2010;24.06.2010;Baetis scambus;4416;9,6;;;108000002;;
RuhB1;RuhB1_24.06.2010;24.06.2010;Baetis sp.;4419;4,8;;;108000002;;
RuhB1;RuhB1_24.06.2010;24.06.2010;Baetis vernus;4427;28,8;;;108000002;;
RuhB1;RuhB1_24.06.2010;24.06.2010;Caenis luctuosa/macrura;9715;4,8;;;108000002;;
RuhB1;RuhB1_24.06.2010;24.06.2010;Serratella ignita;5131;335,2;;;108000002;;
RuhB1;RuhB1_24.06.2010;24.06.2010;Ecdyonurus venosus-Gr.;5059;16;;;108000002;;
RuhB1;RuhB1_24.06.2010;24.06.2010;Radix balthica;16959;9,6;;;108000002;;
RuhB1;RuhB1_24.06.2010;24.06.2010;Erpobdella octoculata;5159;40;;;108000002;;
RuhB1;RuhB1_24.06.2010;24.06.2010;Helobdella stagnalis;5413;4,8;;;108000002;;
RuhB1;RuhB1_24.06.2010;24.06.2010;Leuctra geniculata;5237;28,8;;;108000002;;
RuhB1;RuhB1_24.06.2010;24.06.2010;Leuctra sp.;5790;19,2;;;108000002;;
RuhB1;RuhB1_24.06.2010;24.06.2010;Agapetus ochripes;4253;5,6;;;108000002;;
RuhB1;RuhB1_24.06.2010;24.06.2010;Hydropsyche incognita;8142;5,2;;;108000002;;
RuhB1;RuhB1_24.06.2010;24.06.2010;Hydropsyche siltalai;5604;34,4;;;108000002;;
RuhB1;RuhB1_24.06.2010;24.06.2010;Lepidostoma hirtum;5723;5,6;;;108000002;;
RuhB1;RuhB1_24.06.2010;24.06.2010;Athripsodes albifrons;4366;62,4;;;108000002;;
RuhB1;RuhB1_24.06.2010;24.06.2010;Athripsodes cinereus;4369;4,8;;;108000002;;
RuhB1;RuhB1_24.06.2010;24.06.2010;Allogamus auricollis;4264;20;;;108000002;;
RuhB1;RuhB1_24.06.2010;24.06.2010;Anabolia nervosa;4300;4,8;;;108000002;;
RuhB1;RuhB1_24.06.2010;24.06.2010;Anomalopterygella chauviniana;4327;9,6;;;108000002;;
RuhB1;RuhB1_24.06.2010;24.06.2010;Chaetopteryx villosa villosa;4628;14,4;;;108000002;;
RuhB1;RuhB1_24.06.2010;24.06.2010;Polycentropus flavomaculatus;6468;16;;;108000002;;
RuhB1;RuhB1_24.06.2010;24.06.2010;Rhyacophila dorsalis/nubila;19110;24,8;;;108000002;;
RuhB1;RuhB1_24.06.2010;24.06.2010;Sericostoma flavicorne/personatum;9747;6,4;;;108000002;;
RuhB1;RuhB1_24.06.2010;24.06.2010;Dugesia sp.;5021;0,8;;;108000002;;
RuhB1;RuhB1_14.06.2011;14.06.2011;Sphaerium corneum;6882;4,8;;;108000002;;
RuhB1;RuhB1_14.06.2011;14.06.2011;Elmis aenea/maugetii/rietscheli/rioloides Ad.;20169;0,8;;;108000002;;
RuhB1;RuhB1_14.06.2011;14.06.2011;Elmis sp. Lv.;5095;4,8;;;108000002;;
RuhB1;RuhB1_14.06.2011;14.06.2011;Esolus parallelepipedus Ad.;12082;28,8;;;108000002;;
RuhB1;RuhB1_14.06.2011;14.06.2011;Esolus sp. Lv.;5169;144;;;108000002;;
RuhB1;RuhB1_14.06.2011;14.06.2011;Limnius volckmari Lv.;5854;4,8;;;108000002;;
RuhB1;RuhB1_14.06.2011;14.06.2011;Oulimnius tuberculatus Ad.;12105;9,6;;;108000002;;
RuhB1;RuhB1_14.06.2011;14.06.2011;Oulimnius tuberculatus Lv.;6261;0,8;;;108000002;;
RuhB1;RuhB1_14.06.2011;14.06.2011;Echinogammarus berilloni;12328;0,8;;;108000002;;
RuhB1;RuhB1_14.06.2011;14.06.2011;Atherix/Ibisia sp.;20196;24,8;;;108000002;;
RuhB1;RuhB1_14.06.2011;14.06.2011;Chironomidae Gen. sp.;4642;10;;;108000002;;
RuhB1;RuhB1_14.06.2011;14.06.2011;Chironomini Gen. sp.;4644;327,2;;;108000002;;
RuhB1;RuhB1_14.06.2011;14.06.2011;Prodiamesa olivacea;6583;38,4;;;108000002;;
RuhB1;RuhB1_14.06.2011;14.06.2011;Tanypodinae Gen. sp.;6972;124,8;;;108000002;;
RuhB1;RuhB1_14.06.2011;14.06.2011;Tanytarsini Gen. sp.;6977;72;;;108000002;;
RuhB1;RuhB1_14.06.2011;14.06.2011;Dicranota sp.;4955;14,4;;;108000002;;
RuhB1;RuhB1_14.06.2011;14.06.2011;Simulium sp.;6853;20;;;108000002;;
RuhB1;RuhB1_14.06.2011;14.06.2011;Tipula sp.;7077;4,8;;;108000002;;
RuhB1;RuhB1_14.06.2011;14.06.2011;Baetis fuscatus;4397;46,2;;;108000002;;
RuhB1;RuhB1_14.06.2011;14.06.2011;Baetis rhodani;4415;93,6;;;108000002;;
RuhB1;RuhB1_14.06.2011;14.06.2011;Baetis scambus;4416;26,6;;;108000002;;
RuhB1;RuhB1_14.06.2011;14.06.2011;Baetis sp.;4419;48;;;108000002;;
RuhB1;RuhB1_14.06.2011;14.06.2011;Caenis luctuosa/macrura;9715;43,2;;;108000002;;
RuhB1;RuhB1_14.06.2011;14.06.2011;Serratella ignita;5131;502,4;;;108000002;;
RuhB1;RuhB1_14.06.2011;14.06.2011;Ecdyonurus venosus-Gr.;5059;247,2;;;108000002;;
RuhB1;RuhB1_14.06.2011;14.06.2011;Leuctra geniculata;5237;83,2;;;108000002;;
RuhB1;RuhB1_14.06.2011;14.06.2011;Leuctra sp.;5790;48;;;108000002;;
RuhB1;RuhB1_14.06.2011;14.06.2011;Agapetus ochripes;4253;14,4;;;108000002;;
RuhB1;RuhB1_14.06.2011;14.06.2011;Hydropsyche incognita;8142;27;;;108000002;;
RuhB1;RuhB1_14.06.2011;14.06.2011;Hydropsyche siltalai;5604;37;;;108000002;;
RuhB1;RuhB1_14.06.2011;14.06.2011;Lepidostoma hirtum;5723;0,8;;;108000002;;
RuhB1;RuhB1_14.06.2011;14.06.2011;Athripsodes cinereus;4369;14,4;;;108000002;;
RuhB1;RuhB1_14.06.2011;14.06.2011;Anomalopterygella chauviniana;4327;0,8;;;108000002;;
RuhB1;RuhB1_14.06.2011;14.06.2011;Potamophylax cingulatus/latipennis/luctuosus;7346;0,8;;;108000002;;
RuhB1;RuhB1_14.06.2011;14.06.2011;Psychomyia pusilla;6661;43,2;;;108000002;;
RuhB1;RuhB1_14.06.2011;14.06.2011;Rhyacophila dorsalis/nubila;19110;11,2;;;108000002;;
RuhB1;RuhB1_12.06.2012;12.06.2012;Pisidium sp.;6425;9,6;;;108000002;;
RuhB1;RuhB1_12.06.2012;12.06.2012;Elmis sp. Lv.;5095;4,8;;;108000002;;
RuhB1;RuhB1_12.06.2012;12.06.2012;Esolus parallelepipedus Ad.;12082;43,2;;;108000002;;
RuhB1;RuhB1_12.06.2012;12.06.2012;Esolus sp. Lv.;5169;235,2;;;108000002;;
RuhB1;RuhB1_12.06.2012;12.06.2012;Limnius volckmari Lv.;5854;19,2;;;108000002;;
RuhB1;RuhB1_12.06.2012;12.06.2012;Oulimnius tuberculatus Ad.;12105;5,6;;;108000002;;
RuhB1;RuhB1_12.06.2012;12.06.2012;Oulimnius tuberculatus Lv.;6261;14,4;;;108000002;;
RuhB1;RuhB1_12.06.2012;12.06.2012;Orectochilus villosus Ad.;12422;5,6;;;108000002;;
RuhB1;RuhB1_12.06.2012;12.06.2012;Asellus aquaticus;8691;4,8;;;108000002;;
RuhB1;RuhB1_12.06.2012;12.06.2012;Gammarus pulex;5291;10,4;;;108000002;;
RuhB1;RuhB1_12.06.2012;12.06.2012;Chironomidae Gen. sp.;4642;144;;;108000002;;
RuhB1;RuhB1_12.06.2012;12.06.2012;Chironomini Gen. sp.;4644;1051,2;;;108000002;;
RuhB1;RuhB1_12.06.2012;12.06.2012;Prodiamesa olivacea;6583;19,2;;;108000002;;
RuhB1;RuhB1_12.06.2012;12.06.2012;Tanypodinae Gen. sp.;6972;144;;;108000002;;
RuhB1;RuhB1_12.06.2012;12.06.2012;Tanytarsini Gen. sp.;6977;43,2;;;108000002;;
RuhB1;RuhB1_12.06.2012;12.06.2012;Dicranota sp.;4955;4,8;;;108000002;;
RuhB1;RuhB1_12.06.2012;12.06.2012;Pedicia sp.;6354;9,6;;;108000002;;
RuhB1;RuhB1_12.06.2012;12.06.2012;Psychodidae Gen. sp.;8753;4,8;;;108000002;;
RuhB1;RuhB1_12.06.2012;12.06.2012;Simulium sp.;6853;9,6;;;108000002;;
RuhB1;RuhB1_12.06.2012;12.06.2012;Tipula sp.;7077;4,8;;;108000002;;
RuhB1;RuhB1_12.06.2012;12.06.2012;Baetis fuscatus;4397;8;;;108000002;;
RuhB1;RuhB1_12.06.2012;12.06.2012;Baetis rhodani;4415;84;;;108000002;;
RuhB1;RuhB1_12.06.2012;12.06.2012;Baetis scambus;4416;4;;;108000002;;
RuhB1;RuhB1_12.06.2012;12.06.2012;Baetis sp.;4419;0,8;;;108000002;;
RuhB1;RuhB1_12.06.2012;12.06.2012;Caenis luctuosa/macrura;9715;322,285;;;108000002;;
RuhB1;RuhB1_12.06.2012;12.06.2012;Serratella ignita;5131;586,4;;;108000002;;
RuhB1;RuhB1_12.06.2012;12.06.2012;Ephemera danica;5124;6,4;;;108000002;;
RuhB1;RuhB1_12.06.2012;12.06.2012;Ecdyonurus venosus-Gr.;5059;111,2;;;108000002;;
RuhB1;RuhB1_12.06.2012;12.06.2012;Radix balthica;16959;9,6;;;108000002;;
RuhB1;RuhB1_12.06.2012;12.06.2012;Ancylus fluviatilis;4310;24;;;108000002;;
RuhB1;RuhB1_12.06.2012;12.06.2012;Gyraulus albus;5354;3,2;;;108000002;;
RuhB1;RuhB1_12.06.2012;12.06.2012;Micronectinae Gen. sp.;19893;19,2;;;108000002;;
RuhB1;RuhB1_12.06.2012;12.06.2012;Erpobdella octoculata;5159;4,8;;;108000002;;
RuhB1;RuhB1_12.06.2012;12.06.2012;Oligochaeta Gen. sp.;8736;19,2;;;108000002;;
RuhB1;RuhB1_12.06.2012;12.06.2012;Leuctra geniculata;5237;72,8;;;108000002;;
RuhB1;RuhB1_12.06.2012;12.06.2012;Leuctra sp.;5790;326,4;;;108000002;;
RuhB1;RuhB1_12.06.2012;12.06.2012;Cheumatopsyche lepida;4639;4,8;;;108000002;;
RuhB1;RuhB1_12.06.2012;12.06.2012;Hydropsyche incognita;8142;26,6;;;108000002;;
RuhB1;RuhB1_12.06.2012;12.06.2012;Hydropsyche siltalai;5604;26,6;;;108000002;;
RuhB1;RuhB1_12.06.2012;12.06.2012;Lepidostoma hirtum;5723;15,2;;;108000002;;
RuhB1;RuhB1_12.06.2012;12.06.2012;Athripsodes albifrons;4366;62,4;;;108000002;;
RuhB1;RuhB1_12.06.2012;12.06.2012;Athripsodes cinereus;4369;9,6;;;108000002;;
RuhB1;RuhB1_12.06.2012;12.06.2012;Mystacides azurea;6062;4,8;;;108000002;;
RuhB1;RuhB1_12.06.2012;12.06.2012;Polycentropus flavomaculatus;6468;19,2;;;108000002;;
RuhB1;RuhB1_12.06.2012;12.06.2012;Rhyacophila dorsalis/nubila;19110;10,4;;;108000002;;
RuhB1;RuhB1_12.06.2012;12.06.2012;Sericostoma flavicorne/personatum;9747;9,6;;;108000002;;
RuhB1;RuhB1_21.06.2013;21.06.2013;Nebrioporus elegans Ad.;11997;0,8;;;108000002;;
RuhB1;RuhB1_21.06.2013;21.06.2013;Esolus parallelepipedus Ad.;12082;0,8;;;108000002;;
RuhB1;RuhB1_21.06.2013;21.06.2013;Esolus sp. Lv.;5169;48;;;108000002;;
RuhB1;RuhB1_21.06.2013;21.06.2013;Limnius volckmari Lv.;5854;4,8;;;108000002;;
RuhB1;RuhB1_21.06.2013;21.06.2013;Asellus aquaticus;8691;4,8;;;108000002;;
RuhB1;RuhB1_21.06.2013;21.06.2013;Gammarus pulex;5291;32;;;108000002;;
RuhB1;RuhB1_21.06.2013;21.06.2013;Atherix/Ibisia sp.;20196;1,6;;;108000002;;
RuhB1;RuhB1_21.06.2013;21.06.2013;Ceratopogoninae Gen. sp.;10725;9,6;;;108000002;;
RuhB1;RuhB1_21.06.2013;21.06.2013;Chironomidae Gen. sp.;4642;0,8;;;108000002;;
RuhB1;RuhB1_21.06.2013;21.06.2013;Chironomini Gen. sp.;4644;192,8;;;108000002;;
RuhB1;RuhB1_21.06.2013;21.06.2013;Tanypodinae Gen. sp.;6972;67,2;;;108000002;;
RuhB1;RuhB1_21.06.2013;21.06.2013;Tanytarsini Gen. sp.;6977;4,8;;;108000002;;
RuhB1;RuhB1_21.06.2013;21.06.2013;Simulium sp.;6853;24;;;108000002;;
RuhB1;RuhB1_21.06.2013;21.06.2013;Tipula sp.;7077;19,2;;;108000002;;
RuhB1;RuhB1_21.06.2013;21.06.2013;Baetis fuscatus;4397;19,2;;;108000002;;
RuhB1;RuhB1_21.06.2013;21.06.2013;Baetis rhodani;4415;9,6;;;108000002;;
RuhB1;RuhB1_21.06.2013;21.06.2013;Baetis sp.;4419;9,6;;;108000002;;
RuhB1;RuhB1_21.06.2013;21.06.2013;Baetis vernus;4427;9,6;;;108000002;;
RuhB1;RuhB1_21.06.2013;21.06.2013;Procloeon bifidum;6574;9,6;;;108000002;;
RuhB1;RuhB1_21.06.2013;21.06.2013;Caenis luctuosa/macrura;9715;384;;;108000002;;
RuhB1;RuhB1_21.06.2013;21.06.2013;Serratella ignita;5131;408,8;;;108000002;;
RuhB1;RuhB1_21.06.2013;21.06.2013;Ephemera danica;5124;10,4;;;108000002;;
RuhB1;RuhB1_21.06.2013;21.06.2013;Ecdyonurus venosus-Gr.;5059;50,4;;;108000002;;
RuhB1;RuhB1_21.06.2013;21.06.2013;Potamopyrgus antipodarum;8251;4,8;;;108000002;;
RuhB1;RuhB1_21.06.2013;21.06.2013;Radix balthica;16959;11,2;;;108000002;;
RuhB1;RuhB1_21.06.2013;21.06.2013;Ancylus fluviatilis;4310;10,4;;;108000002;;
RuhB1;RuhB1_21.06.2013;21.06.2013;Aphelocheirus aestivalis;4335;0,8;;;108000002;;
RuhB1;RuhB1_21.06.2013;21.06.2013;Erpobdella octoculata;5159;29,6;;;108000002;;
RuhB1;RuhB1_21.06.2013;21.06.2013;Oligochaeta Gen. sp.;8736;4,8;;;108000002;;
RuhB1;RuhB1_21.06.2013;21.06.2013;Leuctra geniculata;5237;34,4;;;108000002;;
RuhB1;RuhB1_21.06.2013;21.06.2013;Leuctra sp.;5790;5,6;;;108000002;;
RuhB1;RuhB1_21.06.2013;21.06.2013;Cheumatopsyche lepida;4639;14,4;;;108000002;;
RuhB1;RuhB1_21.06.2013;21.06.2013;Hydropsyche incognita;8142;24,8;;;108000002;;
RuhB1;RuhB1_21.06.2013;21.06.2013;Lepidostoma hirtum;5723;16;;;108000002;;
RuhB1;RuhB1_21.06.2013;21.06.2013;Athripsodes albifrons;4366;48,3;;;108000002;;
RuhB1;RuhB1_21.06.2013;21.06.2013;Athripsodes cinereus;4369;24,1;;;108000002;;
RuhB1;RuhB1_21.06.2013;21.06.2013;Polycentropus flavomaculatus;6468;25,6;;;108000002;;
RuhB1;RuhB1_21.06.2013;21.06.2013;Psychomyia pusilla;6661;9,6;;;108000002;;
RuhB1;RuhB1_21.06.2013;21.06.2013;Rhyacophila dorsalis/nubila;19110;14,4;;;108000002;;
RuhB1;RuhB1_21.06.2013;21.06.2013;Sericostoma flavicorne/personatum;9747;4,8;;;108000002;;
RuhB1;RuhB1_11.06.2015;11.06.2015;Agabus undulatus Ad.;11663;5,6;;;108000002;;
RuhB1;RuhB1_11.06.2015;11.06.2015;Elmis sp. Lv.;5095;24;;;108000002;;
RuhB1;RuhB1_11.06.2015;11.06.2015;Esolus parallelepipedus Ad.;12082;14,4;;;108000002;;
RuhB1;RuhB1_11.06.2015;11.06.2015;Esolus sp. Lv.;5169;129,6;;;108000002;;
RuhB1;RuhB1_11.06.2015;11.06.2015;Limnius volckmari Lv.;5854;24;;;108000002;;
RuhB1;RuhB1_11.06.2015;11.06.2015;Orectochilus villosus Ad.;12422;14,4;;;108000002;;
RuhB1;RuhB1_11.06.2015;11.06.2015;Echinogammarus berilloni;12328;894,4;;;108000002;;
RuhB1;RuhB1_11.06.2015;11.06.2015;Gammarus pulex;5291;57,6;;;108000002;;
RuhB1;RuhB1_11.06.2015;11.06.2015;Chironomidae Gen. sp.;4642;0,8;;;108000002;;
RuhB1;RuhB1_11.06.2015;11.06.2015;Chironomini Gen. sp.;4644;43,2;;;108000002;;
RuhB1;RuhB1_11.06.2015;11.06.2015;Tanypodinae Gen. sp.;6972;19,2;;;108000002;;
RuhB1;RuhB1_11.06.2015;11.06.2015;Dicranota sp.;4955;33,6;;;108000002;;
RuhB1;RuhB1_11.06.2015;11.06.2015;Simulium sp.;6853;14,4;;;108000002;;
RuhB1;RuhB1_11.06.2015;11.06.2015;Baetis fuscatus;4397;19,2;;;108000002;;
RuhB1;RuhB1_11.06.2015;11.06.2015;Baetis rhodani;4415;76;;;108000002;;
RuhB1;RuhB1_11.06.2015;11.06.2015;Baetis sp.;4419;140,8;;;108000002;;
RuhB1;RuhB1_11.06.2015;11.06.2015;Caenis luctuosa/macrura;9715;19,2;;;108000002;;
RuhB1;RuhB1_11.06.2015;11.06.2015;Serratella ignita;5131;396;;;108000002;;
RuhB1;RuhB1_11.06.2015;11.06.2015;Ephemera danica;5124;48;;;108000002;;
RuhB1;RuhB1_11.06.2015;11.06.2015;Ecdyonurus venosus-Gr.;5059;12,8;;;108000002;;
RuhB1;RuhB1_11.06.2015;11.06.2015;Ancylus fluviatilis;4310;9,6;;;108000002;;
RuhB1;RuhB1_11.06.2015;11.06.2015;Erpobdella octoculata;5159;4,8;;;108000002;;
RuhB1;RuhB1_11.06.2015;11.06.2015;Glossiphonia complanata;5304;1,6;;;108000002;;
RuhB1;RuhB1_11.06.2015;11.06.2015;Calopteryx splendens;4530;3,2;;;108000002;;
RuhB1;RuhB1_11.06.2015;11.06.2015;Calopteryx virgo;4532;1,6;;;108000002;;
RuhB1;RuhB1_11.06.2015;11.06.2015;Leuctra geniculata;5237;36;;;108000002;;
RuhB1;RuhB1_11.06.2015;11.06.2015;Goera pilosa;5329;9,6;;;108000002;;
RuhB1;RuhB1_11.06.2015;11.06.2015;Cheumatopsyche lepida;4639;52,8;;;108000002;;
RuhB1;RuhB1_11.06.2015;11.06.2015;Hydropsyche incognita;8142;6,4;;;108000002;;
RuhB1;RuhB1_11.06.2015;11.06.2015;Hydropsyche siltalai;5604;4,8;;;108000002;;
RuhB1;RuhB1_11.06.2015;11.06.2015;Lepidostoma hirtum;5723;7,2;;;108000002;;
RuhB1;RuhB1_11.06.2015;11.06.2015;Athripsodes albifrons;4366;28,8;;;108000002;;
RuhB1;RuhB1_11.06.2015;11.06.2015;Athripsodes bilineatus bilineatus;4368;19,2;;;108000002;;
RuhB1;RuhB1_11.06.2015;11.06.2015;Athripsodes cinereus;4369;4,8;;;108000002;;
RuhB1;RuhB1_11.06.2015;11.06.2015;Anabolia nervosa;4300;4,8;;;108000002;;
RuhB1;RuhB1_11.06.2015;11.06.2015;Potamophylax cingulatus/latipennis/luctuosus;7346;4,8;;;108000002;;
RuhB1;RuhB1_11.06.2015;11.06.2015;Polycentropus flavomaculatus;6468;14,4;;;108000002;;
RuhB1;RuhB1_11.06.2015;11.06.2015;Rhyacophila dorsalis/nubila;19110;10,4;;;108000002;;
RuhB1;RuhB1_11.06.2015;11.06.2015;Sericostoma flavicorne/personatum;9747;0,8;;;108000002;;
RuhB1;RuhB1_12.07.2016;12.07.2016;Pisidium sp.;6425;4,8;;;108000002;;
RuhB1;RuhB1_12.07.2016;12.07.2016;Elmis aenea/maugetii/rietscheli/rioloides Ad.;20169;28,8;;;108000002;;
RuhB1;RuhB1_12.07.2016;12.07.2016;Elmis sp. Lv.;5095;33,6;;;108000002;;
RuhB1;RuhB1_12.07.2016;12.07.2016;Esolus parallelepipedus Ad.;12082;24;;;108000002;;
RuhB1;RuhB1_12.07.2016;12.07.2016;Esolus sp. Lv.;5169;369,6;;;108000002;;
RuhB1;RuhB1_12.07.2016;12.07.2016;Limnius volckmari Ad.;12094;4,8;;;108000002;;
RuhB1;RuhB1_12.07.2016;12.07.2016;Limnius volckmari Lv.;5854;67,2;;;108000002;;
RuhB1;RuhB1_12.07.2016;12.07.2016;Asellus aquaticus;8691;4,8;;;108000002;;
RuhB1;RuhB1_12.07.2016;12.07.2016;Echinogammarus berilloni;12328;1228,8;;;108000002;;
RuhB1;RuhB1_12.07.2016;12.07.2016;Gammarus pulex;5291;48;;;108000002;;
RuhB1;RuhB1_12.07.2016;12.07.2016;Atherix/Ibisia sp.;20196;20;;;108000002;;
RuhB1;RuhB1_12.07.2016;12.07.2016;Chironomidae Gen. sp.;4642;48;;;108000002;;
RuhB1;RuhB1_12.07.2016;12.07.2016;Chironomini Gen. sp.;4644;67,2;;;108000002;;
RuhB1;RuhB1_12.07.2016;12.07.2016;Prodiamesa olivacea;6583;14,4;;;108000002;;
RuhB1;RuhB1_12.07.2016;12.07.2016;Tanypodinae Gen. sp.;6972;38,4;;;108000002;;
RuhB1;RuhB1_12.07.2016;12.07.2016;Tanytarsini Gen. sp.;6977;129,6;;;108000002;;
RuhB1;RuhB1_12.07.2016;12.07.2016;Dicranota sp.;4955;4,8;;;108000002;;
RuhB1;RuhB1_12.07.2016;12.07.2016;Simulium sp.;6853;9,6;;;108000002;;
RuhB1;RuhB1_12.07.2016;12.07.2016;Baetis fuscatus;4397;24;;;108000002;;
RuhB1;RuhB1_12.07.2016;12.07.2016;Baetis rhodani;4415;62,4;;;108000002;;
RuhB1;RuhB1_12.07.2016;12.07.2016;Baetis sp.;4419;67,2;;;108000002;;
RuhB1;RuhB1_12.07.2016;12.07.2016;Caenis luctuosa/macrura;9715;24;;;108000002;;
RuhB1;RuhB1_12.07.2016;12.07.2016;Serratella ignita;5131;380;;;108000002;;
RuhB1;RuhB1_12.07.2016;12.07.2016;Ephemera danica;5124;9,6;;;108000002;;
RuhB1;RuhB1_12.07.2016;12.07.2016;Ecdyonurus venosus-Gr.;5059;48,8;;;108000002;;
RuhB1;RuhB1_12.07.2016;12.07.2016;Glossiphonia complanata;5304;1,6;;;108000002;;
RuhB1;RuhB1_12.07.2016;12.07.2016;Sialis sp.;6823;0,8;;;108000002;;
RuhB1;RuhB1_12.07.2016;12.07.2016;Calopteryx splendens;4530;14,4;;;108000002;;
RuhB1;RuhB1_12.07.2016;12.07.2016;Calopteryx virgo;4532;0,8;;;108000002;;
RuhB1;RuhB1_12.07.2016;12.07.2016;Oligochaeta Gen. sp.;8736;4,8;;;108000002;;
RuhB1;RuhB1_12.07.2016;12.07.2016;Leuctra geniculata;5237;64;;;108000002;;
RuhB1;RuhB1_12.07.2016;12.07.2016;Agapetus ochripes;4253;115,2;;;108000002;;
RuhB1;RuhB1_12.07.2016;12.07.2016;Goera pilosa;5329;4,8;;;108000002;;
RuhB1;RuhB1_12.07.2016;12.07.2016;Hydropsyche incognita;8142;58;;;108000002;;
RuhB1;RuhB1_12.07.2016;12.07.2016;Lepidostoma hirtum;5723;4,8;;;108000002;;
RuhB1;RuhB1_12.07.2016;12.07.2016;Athripsodes albifrons;4366;14,4;;;108000002;;
RuhB1;RuhB1_12.07.2016;12.07.2016;Mystacides azurea;6062;15,2;;;108000002;;
RuhB1;RuhB1_12.07.2016;12.07.2016;Anabolia nervosa;4300;4,8;;;108000002;;
RuhB1;RuhB1_12.07.2016;12.07.2016;Rhyacophila dorsalis/nubila;19110;53,6;;;108000002;;
RuhB1;RuhB1_12.07.2016;12.07.2016;Sericostoma flavicorne/personatum;9747;9,6;;;108000002;;
RuhB1;RuhB1_18.07.2017;18.07.2017;Elmis aenea/maugetii/rietscheli/rioloides Ad.;20169;28,8;;;108000002;;
RuhB1;RuhB1_18.07.2017;18.07.2017;Elmis sp. Lv.;5095;33,6;;;108000002;;
RuhB1;RuhB1_18.07.2017;18.07.2017;Esolus parallelepipedus Ad.;12082;15,2;;;108000002;;
RuhB1;RuhB1_18.07.2017;18.07.2017;Esolus sp. Lv.;5169;178,4;;;108000002;;
RuhB1;RuhB1_18.07.2017;18.07.2017;Limnius volckmari Ad.;12094;4,8;;;108000002;;
RuhB1;RuhB1_18.07.2017;18.07.2017;Limnius volckmari Lv.;5854;24;;;108000002;;
RuhB1;RuhB1_18.07.2017;18.07.2017;Oulimnius tuberculatus Ad.;12105;15,2;;;108000002;;
RuhB1;RuhB1_18.07.2017;18.07.2017;Oulimnius tuberculatus Lv.;6261;9,6;;;108000002;;
RuhB1;RuhB1_18.07.2017;18.07.2017;Asellus aquaticus;8691;10,4;;;108000002;;
RuhB1;RuhB1_18.07.2017;18.07.2017;Echinogammarus berilloni;12328;855,2;;;108000002;;
RuhB1;RuhB1_18.07.2017;18.07.2017;Gammarus pulex;5291;14,4;;;108000002;;
RuhB1;RuhB1_18.07.2017;18.07.2017;Chironomidae Gen. sp.;4642;38,4;;;108000002;;
RuhB1;RuhB1_18.07.2017;18.07.2017;Chironomini Gen. sp.;4644;360,8;;;108000002;;
RuhB1;RuhB1_18.07.2017;18.07.2017;Prodiamesa olivacea;6583;14,4;;;108000002;;
RuhB1;RuhB1_18.07.2017;18.07.2017;Tanypodinae Gen. sp.;6972;105,6;;;108000002;;
RuhB1;RuhB1_18.07.2017;18.07.2017;Tanytarsini Gen. sp.;6977;38,4;;;108000002;;
RuhB1;RuhB1_18.07.2017;18.07.2017;Clinocerinae Gen. sp.;19847;4,8;;;108000002;;
RuhB1;RuhB1_18.07.2017;18.07.2017;Antocha sp.;4330;33,6;;;108000002;;
RuhB1;RuhB1_18.07.2017;18.07.2017;Simulium sp.;6853;24;;;108000002;;
RuhB1;RuhB1_18.07.2017;18.07.2017;Tipula sp.;7077;0,8;;;108000002;;
RuhB1;RuhB1_18.07.2017;18.07.2017;Baetis fuscatus;4397;1,6;;;108000002;;
RuhB1;RuhB1_18.07.2017;18.07.2017;Baetis rhodani;4415;14,4;;;108000002;;
RuhB1;RuhB1_18.07.2017;18.07.2017;Baetis sp.;4419;2,4;;;108000002;;
RuhB1;RuhB1_18.07.2017;18.07.2017;Caenis luctuosa/macrura;9715;24,8;;;108000002;;
RuhB1;RuhB1_18.07.2017;18.07.2017;Serratella ignita;5131;36;;;108000002;;
RuhB1;RuhB1_18.07.2017;18.07.2017;Ephemera danica;5124;15,2;;;108000002;;
RuhB1;RuhB1_18.07.2017;18.07.2017;Ecdyonurus venosus-Gr.;5059;16,8;;;108000002;;
RuhB1;RuhB1_18.07.2017;18.07.2017;Radix balthica;16959;58,4;;;108000002;;
RuhB1;RuhB1_18.07.2017;18.07.2017;Stagnicola sp.;9197;9,6;;;108000002;;
RuhB1;RuhB1_18.07.2017;18.07.2017;Ancylus fluviatilis;4310;5,6;;;108000002;;
RuhB1;RuhB1_18.07.2017;18.07.2017;Gyraulus albus;5354;9,6;;;108000002;;
RuhB1;RuhB1_18.07.2017;18.07.2017;Aphelocheirus aestivalis;4335;16;;;108000002;;
RuhB1;RuhB1_18.07.2017;18.07.2017;Erpobdella octoculata;5159;11,2;;;108000002;;
RuhB1;RuhB1_18.07.2017;18.07.2017;Glossiphonia complanata;5304;4,8;;;108000002;;
RuhB1;RuhB1_18.07.2017;18.07.2017;Calopteryx splendens;4530;11,2;;;108000002;;
RuhB1;RuhB1_18.07.2017;18.07.2017;Calopteryx virgo;4532;1,6;;;108000002;;
RuhB1;RuhB1_18.07.2017;18.07.2017;Leuctra geniculata;5237;14,4;;;108000002;;
RuhB1;RuhB1_18.07.2017;18.07.2017;Leuctra sp.;5790;48;;;108000002;;
RuhB1;RuhB1_18.07.2017;18.07.2017;Agapetus ochripes;4253;39,2;;;108000002;;
RuhB1;RuhB1_18.07.2017;18.07.2017;Cheumatopsyche lepida;4639;53,6;;;108000002;;
RuhB1;RuhB1_18.07.2017;18.07.2017;Hydropsyche incognita;8142;65;;;108000002;;
RuhB1;RuhB1_18.07.2017;18.07.2017;Hydropsyche pellucidula;5601;38;;;108000002;;
RuhB1;RuhB1_18.07.2017;18.07.2017;Mystacides azurea;6062;9,6;;;108000002;;
RuhB1;RuhB1_18.07.2017;18.07.2017;Polycentropus flavomaculatus;6468;5,6;;;108000002;;
RuhB1;RuhB1_18.07.2017;18.07.2017;Rhyacophila dorsalis/nubila;19110;12,8;;;108000002;;
RuhB1;RuhB1_26.06.2018;26.06.2018;Pisidium sp.;6425;4,8;;;108000002;;
RuhB1;RuhB1_26.06.2018;26.06.2018;Elmis aenea/maugetii/rietscheli/rioloides Ad.;20169;9,6;;;108000002;;
RuhB1;RuhB1_26.06.2018;26.06.2018;Elmis sp. Lv.;5095;28,8;;;108000002;;
RuhB1;RuhB1_26.06.2018;26.06.2018;Esolus sp. Lv.;5169;484,8;;;108000002;;
RuhB1;RuhB1_26.06.2018;26.06.2018;Limnius volckmari Lv.;5854;38,4;;;108000002;;
RuhB1;RuhB1_26.06.2018;26.06.2018;Oulimnius tuberculatus Lv.;6261;19,2;;;108000002;;
RuhB1;RuhB1_26.06.2018;26.06.2018;Gammaroidea Gen. sp.;20510;38,4;;;108000002;;
RuhB1;RuhB1_26.06.2018;26.06.2018;Echinogammarus berilloni;12328;927,2;;;108000002;;
RuhB1;RuhB1_26.06.2018;26.06.2018;Gammarus pulex;5291;4,8;;;108000002;;
RuhB1;RuhB1_26.06.2018;26.06.2018;Atherix/Ibisia sp.;20196;67,2;;;108000002;;
RuhB1;RuhB1_26.06.2018;26.06.2018;Chironomidae Gen. sp.;4642;681,6;;;108000002;;
RuhB1;RuhB1_26.06.2018;26.06.2018;Chironomini Gen. sp.;4644;297,6;;;108000002;;
RuhB1;RuhB1_26.06.2018;26.06.2018;Prodiamesa olivacea;6583;9,6;;;108000002;;
RuhB1;RuhB1_26.06.2018;26.06.2018;Tanypodinae Gen. sp.;6972;19,2;;;108000002;;
RuhB1;RuhB1_26.06.2018;26.06.2018;Tanytarsini Gen. sp.;6977;76,8;;;108000002;;
RuhB1;RuhB1_26.06.2018;26.06.2018;Clinocerinae Gen. sp.;19847;4,8;;;108000002;;
RuhB1;RuhB1_26.06.2018;26.06.2018;Antocha sp.;4330;48,8;;;108000002;;
RuhB1;RuhB1_26.06.2018;26.06.2018;Simulium sp.;6853;72,8;;;108000002;;
RuhB1;RuhB1_26.06.2018;26.06.2018;Baetis fuscatus;4397;24;;;108000002;;
RuhB1;RuhB1_26.06.2018;26.06.2018;Baetis rhodani;4415;67,2;;;108000002;;
RuhB1;RuhB1_26.06.2018;26.06.2018;Baetis scambus;4416;4,8;;;108000002;;
RuhB1;RuhB1_26.06.2018;26.06.2018;Baetis sp.;4419;62,4;;;108000002;;
RuhB1;RuhB1_26.06.2018;26.06.2018;Caenis luctuosa/macrura;9715;121;;;108000002;;
RuhB1;RuhB1_26.06.2018;26.06.2018;Serratella ignita;5131;138,2;;;108000002;;
RuhB1;RuhB1_26.06.2018;26.06.2018;Ephemera danica;5124;4;;;108000002;;
RuhB1;RuhB1_26.06.2018;26.06.2018;Ecdyonurus venosus-Gr.;5059;7,2;;;108000002;;
RuhB1;RuhB1_26.06.2018;26.06.2018;Radix balthica;16959;68;;;108000002;;
RuhB1;RuhB1_26.06.2018;26.06.2018;Stagnicola sp.;9197;4,8;;;108000002;;
RuhB1;RuhB1_26.06.2018;26.06.2018;Ancylus fluviatilis;4310;10,4;;;108000002;;
RuhB1;RuhB1_26.06.2018;26.06.2018;Aphelocheirus aestivalis;4335;29,4;;;108000002;;
RuhB1;RuhB1_26.06.2018;26.06.2018;Erpobdella octoculata;5159;0,8;;;108000002;;
RuhB1;RuhB1_26.06.2018;26.06.2018;Glossiphonia complanata;5304;4,8;;;108000002;;
RuhB1;RuhB1_26.06.2018;26.06.2018;Sialis sp.;6823;4,8;;;108000002;;
RuhB1;RuhB1_26.06.2018;26.06.2018;Calopteryx splendens;4530;6,4;;;108000002;;
RuhB1;RuhB1_26.06.2018;26.06.2018;Calopteryx virgo;4532;0,8;;;108000002;;
RuhB1;RuhB1_26.06.2018;26.06.2018;Leuctra geniculata;5237;6,4;;;108000002;;
RuhB1;RuhB1_26.06.2018;26.06.2018;Leuctra sp.;5790;9,6;;;108000002;;
RuhB1;RuhB1_26.06.2018;26.06.2018;Agapetus ochripes;4253;22,4;;;108000002;;
RuhB1;RuhB1_26.06.2018;26.06.2018;Cheumatopsyche lepida;4639;111,2;;;108000002;;
RuhB1;RuhB1_26.06.2018;26.06.2018;Hydropsyche incognita;8142;154,4;;;108000002;;
RuhB1;RuhB1_26.06.2018;26.06.2018;Hydropsyche pellucidula;5601;14,8;;;108000002;;
RuhB1;RuhB1_26.06.2018;26.06.2018;Hydropsyche siltalai;5604;9,6;;;108000002;;
RuhB1;RuhB1_26.06.2018;26.06.2018;Hydroptila sp.;5616;4,8;;;108000002;;
RuhB1;RuhB1_26.06.2018;26.06.2018;Lepidostoma hirtum;5723;0,8;;;108000002;;
RuhB1;RuhB1_26.06.2018;26.06.2018;Athripsodes albifrons;4366;4,8;;;108000002;;
RuhB1;RuhB1_26.06.2018;26.06.2018;Mystacides azurea;6062;7,2;;;108000002;;
RuhB1;RuhB1_26.06.2018;26.06.2018;Anabolia nervosa;4300;4,8;;;108000002;;
RuhB1;RuhB1_26.06.2018;26.06.2018;Plectrocnemia conspersa conspersa;6444;0,8;;;108000002;;
RuhB1;RuhB1_26.06.2018;26.06.2018;Psychomyia pusilla;6661;14,4;;;108000002;;
RuhB1;RuhB1_26.06.2018;26.06.2018;Rhyacophila dorsalis/nubila;19110;41,6;;;108000002;;
RuhB1;RuhB1_08.07.2019;08.07.2019;Pisidium sp.;6425;4,8;;;108000002;;
RuhB1;RuhB1_08.07.2019;08.07.2019;Sphaerium corneum;6882;5,6;;;108000002;;
RuhB1;RuhB1_08.07.2019;08.07.2019;Nebrioporus elegans Ad.;11997;0,8;;;108000002;;
RuhB1;RuhB1_08.07.2019;08.07.2019;Nebrioporus elegans Lv.;6517;0,8;;;108000002;;
RuhB1;RuhB1_08.07.2019;08.07.2019;Esolus parallelepipedus Ad.;12082;4,8;;;108000002;;
RuhB1;RuhB1_08.07.2019;08.07.2019;Esolus sp. Lv.;5169;62,4;;;108000002;;
RuhB1;RuhB1_08.07.2019;08.07.2019;Limnius perrisi Lv.;5852;4,8;;;108000002;;
RuhB1;RuhB1_08.07.2019;08.07.2019;Limnius volckmari Lv.;5854;24;;;108000002;;
RuhB1;RuhB1_08.07.2019;08.07.2019;Gammaroidea Gen. sp.;20510;9,6;;;108000002;;
RuhB1;RuhB1_08.07.2019;08.07.2019;Echinogammarus berilloni;12328;604,8;;;108000002;;
RuhB1;RuhB1_08.07.2019;08.07.2019;Gammarus pulex;5291;9,6;;;108000002;;
RuhB1;RuhB1_08.07.2019;08.07.2019;Atherix/Ibisia sp.;20196;19,2;;;108000002;;
RuhB1;RuhB1_08.07.2019;08.07.2019;Chironomidae Gen. sp.;4642;276,8;;;108000002;;
RuhB1;RuhB1_08.07.2019;08.07.2019;Chironomini Gen. sp.;4644;256;;;108000002;;
RuhB1;RuhB1_08.07.2019;08.07.2019;Prodiamesa olivacea;6583;52,8;;;108000002;;
RuhB1;RuhB1_08.07.2019;08.07.2019;Tanypodinae Gen. sp.;6972;72;;;108000002;;
RuhB1;RuhB1_08.07.2019;08.07.2019;Tanytarsini Gen. sp.;6977;43,2;;;108000002;;
RuhB1;RuhB1_08.07.2019;08.07.2019;Antocha sp.;4330;14,4;;;108000002;;
RuhB1;RuhB1_08.07.2019;08.07.2019;Simulium sp.;6853;4,8;;;108000002;;
RuhB1;RuhB1_08.07.2019;08.07.2019;Tipula sp.;7077;4,8;;;108000002;;
RuhB1;RuhB1_08.07.2019;08.07.2019;Baetis fuscatus;4397;10,4;;;108000002;;
RuhB1;RuhB1_08.07.2019;08.07.2019;Baetis rhodani;4415;28,8;;;108000002;;
RuhB1;RuhB1_08.07.2019;08.07.2019;Baetis sp.;4419;9,6;;;108000002;;
RuhB1;RuhB1_08.07.2019;08.07.2019;Centroptilum luteolum;8850;4,8;;;108000002;;
RuhB1;RuhB1_08.07.2019;08.07.2019;Caenis luctuosa/macrura;9715;32,6;;;108000002;;
RuhB1;RuhB1_08.07.2019;08.07.2019;Serratella ignita;5131;74,4;;;108000002;;
RuhB1;RuhB1_08.07.2019;08.07.2019;Ephemera danica;5124;10,4;;;108000002;;
RuhB1;RuhB1_08.07.2019;08.07.2019;Ecdyonurus venosus-Gr.;5059;23,2;;;108000002;;
RuhB1;RuhB1_08.07.2019;08.07.2019;Radix balthica;16959;9,6;;;108000002;;
RuhB1;RuhB1_08.07.2019;08.07.2019;Physella acuta;6396;4,8;;;108000002;;
RuhB1;RuhB1_08.07.2019;08.07.2019;Ancylus fluviatilis;4310;9,6;;;108000002;;
RuhB1;RuhB1_08.07.2019;08.07.2019;Aphelocheirus aestivalis;4335;24,8;;;108000002;;
RuhB1;RuhB1_08.07.2019;08.07.2019;Erpobdella octoculata;5159;9,6;;;108000002;;
RuhB1;RuhB1_08.07.2019;08.07.2019;Helobdella stagnalis;5413;9,6;;;108000002;;
RuhB1;RuhB1_08.07.2019;08.07.2019;Sialis sp.;6823;14,4;;;108000002;;
RuhB1;RuhB1_08.07.2019;08.07.2019;Oligochaeta Gen. sp.;8736;1,6;;;108000002;;
RuhB1;RuhB1_08.07.2019;08.07.2019;Leuctra geniculata;5237;14,4;;;108000002;;
RuhB1;RuhB1_08.07.2019;08.07.2019;Leuctra sp.;5790;14,4;;;108000002;;
RuhB1;RuhB1_08.07.2019;08.07.2019;Agapetus ochripes;4253;2,4;;;108000002;;
RuhB1;RuhB1_08.07.2019;08.07.2019;Hydropsyche incognita;8142;68,8;;;108000002;;
RuhB1;RuhB1_08.07.2019;08.07.2019;Mystacides azurea;6062;9,6;;;108000002;;
RuhB1;RuhB1_08.07.2019;08.07.2019;Anomalopterygella chauviniana;4327;4,8;;;108000002;;
RuhB1;RuhB1_08.07.2019;08.07.2019;Polycentropus flavomaculatus;6468;4,8;;;108000002;;
RuhB1;RuhB1_08.07.2019;08.07.2019;Psychomyia pusilla;6661;9,6;;;108000002;;
RuhB1;RuhB1_08.07.2019;08.07.2019;Rhyacophila dorsalis/nubila;19110;20;;;108000002;;
RuhB1;RuhB1_08.07.2019;08.07.2019;Sericostoma flavicorne/personatum;9747;4,8;;;108000002;;
