Site ID;Sample ID;Sampling date;Taxon name;Taxon ID;Abundance;Definition of abundance class;Abundance class;Site_ID_Ellen;;
KS1;;14.04.2010;Pisidium sp.;6425;2;;;108000003;;
KS1;;14.04.2010;Deronectes latus Ad.;11829;2,8;;;108000003;;
KS1;;14.04.2010;Elmis sp. Lv.;5095;8;;;108000003;;
KS1;;14.04.2010;Limnius perrisi Ad.;12092;2;;;108000003;;
KS1;;14.04.2010;Limnius perrisi Lv.;5852;30;;;108000003;;
KS1;;14.04.2010;Limnius volckmari Lv.;5854;66;;;108000003;;
KS1;;14.04.2010;Oulimnius tuberculatus Lv.;6261;4;;;108000003;;
KS1;;14.04.2010;Orectochilus villosus Lv.;6200;2;;;108000003;;
KS1;;14.04.2010;Hydrocyphon deflexicollis Lv.;14053;106;;;108000003;;
KS1;;14.04.2010;Atherix/Ibisia sp.;20196;12;;;108000003;;
KS1;;14.04.2010;Ceratopogoninae Gen. sp.;10725;16;;;108000003;;
KS1;;14.04.2010;Chironomidae Gen. sp.;4642;26;;;108000003;;
KS1;;14.04.2010;Tanypodinae Gen. sp.;6972;12;;;108000003;;
KS1;;14.04.2010;Tanytarsini Gen. sp.;6977;8;;;108000003;;
KS1;;14.04.2010;Eloeophila sp.;9654;32;;;108000003;;
KS1;;14.04.2010;Prosimulium sp.;6591;106;;;108000003;;
KS1;;14.04.2010;Simulium sp.;6853;4;;;108000003;;
KS1;;14.04.2010;Baetis rhodani;4415;16;;;108000003;;
KS1;;14.04.2010;Baetis niger;4410;18;;;108000003;;
KS1;;14.04.2010;Baetis sp.;4419;40;;;108000003;;
KS1;;14.04.2010;Ephemera danica;5124;38;;;108000003;;
KS1;;14.04.2010;Ecdyonurus venosus-Gr.;5059;11,6;;;108000003;;
KS1;;14.04.2010;Epeorus assimilis;12550;2;;;108000003;;
KS1;;14.04.2010;Rhithrogena semicolorata-Gr.;6745;20;;;108000003;;
KS1;;14.04.2010;Habroleptoides confusa;5367;0,8;;;108000003;;
KS1;;14.04.2010;Habrophlebia lauta;5370;4;;;108000003;;
KS1;;14.04.2010;Ancylus fluviatilis;4310;2,8;;;108000003;;
KS1;;14.04.2010;Sialis fuliginosa;6821;1,6;;;108000003;;
KS1;;14.04.2010;Calopteryx splendens;4530;0,8;;;108000003;;
KS1;;14.04.2010;Cordulegaster boltonii;4740;0,8;;;108000003;;
KS1;;14.04.2010;Oligochaeta Gen. sp.;8736;4;;;108000003;;
KS1;;14.04.2010;Siphonoperla sp.;6867;10;;;108000003;;
KS1;;14.04.2010;Leuctra braueri;5751;6;;;108000003;;
KS1;;14.04.2010;Leuctra nigra;5779;2;;;108000003;;
KS1;;14.04.2010;Leuctra sp.;5790;10;;;108000003;;
KS1;;14.04.2010;Amphinemura sp.;4293;4;;;108000003;;
KS1;;14.04.2010;Nemoura sp.;6108;2;;;108000003;;
KS1;;14.04.2010;Protonemura sp.;6616;32,8;;;108000003;;
KS1;;14.04.2010;Isoperla sp.;5673;0,8;;;108000003;;
KS1;;14.04.2010;Brachyptera risi;4487;20,8;;;108000003;;
KS1;;14.04.2010;Hydropsyche dinarica;5594;7,6;;;108000003;;
KS1;;14.04.2010;Hydropsyche pellucidula;5601;7,6;;;108000003;;
KS1;;14.04.2010;Hydropsyche siltalai;5604;4,8;;;108000003;;
KS1;;14.04.2010;Halesus digitatus/radiatus/tesselatus;13125;4;;;108000003;;
KS1;;14.04.2010;Chaetopterygini/Stenophylacini Gen. Sp.;10370;8;;;108000003;;
KS1;;14.04.2010;Odontocerum albicorne;6168;8;;;108000003;;
KS1;;14.04.2010;Polycentropus flavomaculatus flavomaculatus;6468;4;;;108000003;;
KS1;;14.04.2010;Lype sp.;8847;2;;;108000003;;
KS1;;14.04.2010;Sericostoma flavicorne/personatum;9747;11,6;;;108000003;;
KS1;;14.04.2010;Dugesia sp.;5021;4;;;108000003;;
KS1;;15.04.2011;Deronectes latus Ad.;11829;2,4;;;108000003;;
KS1;;15.04.2011;Limnius perrisi Lv.;5852;4,8;;;108000003;;
KS1;;15.04.2011;Limnius volckmari Ad.;12094;1,6;;;108000003;;
KS1;;15.04.2011;Limnius volckmari Lv.;5854;14,4;;;108000003;;
KS1;;15.04.2011;Oulimnius tuberculatus Ad.;12105;1,6;;;108000003;;
KS1;;15.04.2011;Oulimnius tuberculatus Lv.;6261;5,6;;;108000003;;
KS1;;15.04.2011;Orectochilus villosus Lv.;6200;0,8;;;108000003;;
KS1;;15.04.2011;Hydrocyphon deflexicollis Lv.;14053;2,4;;;108000003;;
KS1;;15.04.2011;Ceratopogoninae Gen. sp.;10725;4;;;108000003;;
KS1;;15.04.2011;Chironomidae Gen. sp.;4642;8,8;;;108000003;;
KS1;;15.04.2011;Chironomini Gen. sp.;4644;0,8;;;108000003;;
KS1;;15.04.2011;Tanypodinae Gen. sp.;6972;26,4;;;108000003;;
KS1;;15.04.2011;Eloeophila sp.;9654;12,8;;;108000003;;
KS1;;15.04.2011;Simulium sp.;6853;0,8;;;108000003;;
KS1;;15.04.2011;Baetis rhodani;4415;1,6;;;108000003;;
KS1;;15.04.2011;Baetis sp.;4419;3,2;;;108000003;;
KS1;;15.04.2011;Ephemera danica;5124;24,8;;;108000003;;
KS1;;15.04.2011;Ecdyonurus venosus-Gr.;5059;14;;;108000003;;
KS1;;15.04.2011;Electrogena sp.;5083;4;;;108000003;;
KS1;;15.04.2011;Rhithrogena semicolorata-Gr.;6745;6,6;;;108000003;;
KS1;;15.04.2011;Habroleptoides confusa;5367;55,2;;;108000003;;
KS1;;15.04.2011;Habrophlebia lauta;5370;1,6;;;108000003;;
KS1;;15.04.2011;Ancylus fluviatilis;4310;4;;;108000003;;
KS1;;15.04.2011;Corixinae Gen. sp.;4747;1,6;;;108000003;;
KS1;;15.04.2011;Sialis fuliginosa;6821;4,8;;;108000003;;
KS1;;15.04.2011;Eiseniella tetraedra;5075;0,8;;;108000003;;
KS1;;15.04.2011;Chloroperla sp.;4671;4,8;;;108000003;;
KS1;;15.04.2011;Siphonoperla sp.;6867;19,2;;;108000003;;
KS1;;15.04.2011;Leuctra nigra;5779;0,8;;;108000003;;
KS1;;15.04.2011;Leuctra sp.;5790;2,4;;;108000003;;
KS1;;15.04.2011;Nemoura sp.;6108;4;;;108000003;;
KS1;;15.04.2011;Hydropsyche pellucidula;5601;1,6;;;108000003;;
KS1;;15.04.2011;Mystacides azurea;6062;0,8;;;108000003;;
KS1;;15.04.2011;Halesus digitatus/radiatus/tesselatus;13125;0,8;;;108000003;;
KS1;;15.04.2011;Chaetopterygini/Stenophylacini Gen. Sp.;10370;10,4;;;108000003;;
KS1;;15.04.2011;Odontocerum albicorne;6168;5,6;;;108000003;;
KS1;;15.04.2011;Plectrocnemia conspersa conspersa;6444;2,4;;;108000003;;
KS1;;15.04.2011;Polycentropus flavomaculatus flavomaculatus;6468;1,6;;;108000003;;
KS1;;15.04.2011;Oecismus monedula monedula;6176;0,8;;;108000003;;
KS1;;15.04.2011;Sericostoma flavicorne/personatum;9747;5,6;;;108000003;;
KS1;;13.04.2012;Deronectes latus Ad.;11829;4,228571429;;;108000003;;
KS1;;13.04.2012;Elmis aenea/maugetii Ad.;14418;6,857142857;;;108000003;;
KS1;;13.04.2012;Elmis sp. Lv.;5095;10,28571429;;;108000003;;
KS1;;13.04.2012;Limnius perrisi Lv.;5852;20,57142857;;;108000003;;
KS1;;13.04.2012;Limnius volckmari Lv.;5854;37,71428571;;;108000003;;
KS1;;13.04.2012;Oulimnius tuberculatus Ad.;12105;20,57142857;;;108000003;;
KS1;;13.04.2012;Oulimnius tuberculatus Lv.;6261;51,42857143;;;108000003;;
KS1;;13.04.2012;Hydraena gracilis Ad.;5514;27,42857143;;;108000003;;
KS1;;13.04.2012;Hydrocyphon deflexicollis Lv.;14053;226,2857143;;;108000003;;
KS1;;13.04.2012;Ceratopogoninae Gen. sp.;10725;61,71428571;;;108000003;;
KS1;;13.04.2012;Chironomidae Gen. sp.;4642;99,42857143;;;108000003;;
KS1;;13.04.2012;Tanypodinae Gen. sp.;6972;51,42857143;;;108000003;;
KS1;;13.04.2012;Eloeophila sp.;9654;13,71428571;;;108000003;;
KS1;;13.04.2012;Pedicia sp.;6354;3,428571429;;;108000003;;
KS1;;13.04.2012;Prosimulium sp.;6591;3,428571429;;;108000003;;
KS1;;13.04.2012;Simulium sp.;6853;3,428571429;;;108000003;;
KS1;;13.04.2012;Baetis rhodani;4415;28,22857143;;;108000003;;
KS1;;13.04.2012;Baetis sp.;4419;24,8;;;108000003;;
KS1;;13.04.2012;Ephemera danica;5124;66,74285714;;;108000003;;
KS1;;13.04.2012;Ecdyonurus venosus-Gr.;5059;10;;;108000003;;
KS1;;13.04.2012;Epeorus assimilis;12550;0,8;;;108000003;;
KS1;;13.04.2012;Rhithrogena semicolorata-Gr.;6745;20;;;108000003;;
KS1;;13.04.2012;Habroleptoides confusa;5367;26;;;108000003;;
KS1;;13.04.2012;Habrophlebia lauta;5370;91;;;108000003;;
KS1;;13.04.2012;Ancylus fluviatilis;4310;16,91428571;;;108000003;;
KS1;;13.04.2012;Sialis fuliginosa;6821;10;;;108000003;;
KS1;;13.04.2012;Anax sp.;8871;0,8;;;108000003;;
KS1;;13.04.2012;Calopteryx splendens;4530;7,6;;;108000003;;
KS1;;13.04.2012;Calopteryx virgo;4532;1,6;;;108000003;;
KS1;;13.04.2012;Cordulegaster boltonii;4740;4,228571429;;;108000003;;
KS1;;13.04.2012;Eiseniella tetraedra;5075;13,71428571;;;108000003;;
KS1;;13.04.2012;Oligochaeta Gen. sp.;8736;4,228571429;;;108000003;;
KS1;;13.04.2012;Siphonoperla sp.;6867;51,42857143;;;108000003;;
KS1;;13.04.2012;Leuctra nigra;5779;10,28571429;;;108000003;;
KS1;;13.04.2012;Leuctra sp.;5790;20,57142857;;;108000003;;
KS1;;13.04.2012;Nemoura sp.;6108;3,428571429;;;108000003;;
KS1;;13.04.2012;Protonemura sp.;6616;17,14285714;;;108000003;;
KS1;;13.04.2012;Isoperla sp.;5673;3,428571429;;;108000003;;
KS1;;13.04.2012;Agapetus fuscipes;4251;3,428571429;;;108000003;;
KS1;;13.04.2012;Hydropsyche dinarica;5594;9,9;;;108000003;;
KS1;;13.04.2012;Hydropsyche pellucidula;5601;4,6;;;108000003;;
KS1;;13.04.2012;Halesus digitatus/radiatus/tesselatus;13125;4,228571429;;;108000003;;
KS1;;13.04.2012;Chaetopterygini/Stenophylacini Gen. Sp.;10370;89,14285714;;;108000003;;
KS1;;13.04.2012;Odontocerum albicorne;6168;4,228571429;;;108000003;;
KS1;;13.04.2012;Polycentropus flavomaculatus flavomaculatus;6468;6,857142857;;;108000003;;
KS1;;13.04.2012;Sericostoma flavicorne/personatum;9747;20,57142857;;;108000003;;
KS1;;15.04.2013;Pisidium sp.;6425;2,823529412;;;108000003;;
KS1;;15.04.2013;Deronectes latus Ad.;11829;2,211764706;;;108000003;;
KS1;;15.04.2013;Elmis aenea/maugetii Ad.;14418;1,411764706;;;108000003;;
KS1;;15.04.2013;Esolus sp. Lv.;5169;1,411764706;;;108000003;;
KS1;;15.04.2013;Limnius perrisi Ad.;12092;1,411764706;;;108000003;;
KS1;;15.04.2013;Limnius perrisi Lv.;5852;11,29411765;;;108000003;;
KS1;;15.04.2013;Limnius volckmari Ad.;12094;1,411764706;;;108000003;;
KS1;;15.04.2013;Limnius volckmari Lv.;5854;7,058823529;;;108000003;;
KS1;;15.04.2013;Oulimnius tuberculatus Ad.;12105;1,411764706;;;108000003;;
KS1;;15.04.2013;Oulimnius tuberculatus Lv.;6261;16,94117647;;;108000003;;
KS1;;15.04.2013;Orectochilus villosus Lv.;6200;1,411764706;;;108000003;;
KS1;;15.04.2013;Hydraena gracilis Ad.;5514;8,470588235;;;108000003;;
KS1;;15.04.2013;Hydrocyphon deflexicollis Lv.;14053;12,70588235;;;108000003;;
KS1;;15.04.2013;Atherix/Ibisia sp.;20196;15,52941176;;;108000003;;
KS1;;15.04.2013;Ceratopogoninae Gen. sp.;10725;2,823529412;;;108000003;;
KS1;;15.04.2013;Chironomidae Gen. sp.;4642;29,64705882;;;108000003;;
KS1;;15.04.2013;Chironomini Gen. sp.;4644;52,23529412;;;108000003;;
KS1;;15.04.2013;Tanypodinae Gen. sp.;6972;24;;;108000003;;
KS1;;15.04.2013;Tanytarsini Gen. sp.;6977;15,52941176;;;108000003;;
KS1;;15.04.2013;Eloeophila sp.;9654;2,823529412;;;108000003;;
KS1;;15.04.2013;Simulium sp.;6853;24;;;108000003;;
KS1;;15.04.2013;Simulium vernum;7842;4,235294118;;;108000003;;
KS1;;15.04.2013;Tabanidae Gen. sp.;8485;1,411764706;;;108000003;;
KS1;;15.04.2013;Baetis rhodani;4415;9,6;;;108000003;;
KS1;;15.04.2013;Centroptilum luteolum;8850;5,647058824;;;108000003;;
KS1;;15.04.2013;Baetis sp.;4419;5,6;;;108000003;;
KS1;;15.04.2013;Ephemera danica;5124;48;;;108000003;;
KS1;;15.04.2013;Ecdyonurus venosus-Gr.;5059;8,470588235;;;108000003;;
KS1;;15.04.2013;Rhithrogena semicolorata-Gr.;6745;1,411764706;;;108000003;;
KS1;;15.04.2013;Habroleptoides confusa;5367;2;;;108000003;;
KS1;;15.04.2013;Habrophlebia lauta;5370;45,6;;;108000003;;
KS1;;15.04.2013;Sialis fuliginosa;6821;12,1;;;108000003;;
KS1;;15.04.2013;Calopteryx splendens;4530;0,8;;;108000003;;
KS1;;15.04.2013;Calopteryx virgo;4532;1,411764706;;;108000003;;
KS1;;15.04.2013;Chloroperla sp.;4671;4,235294118;;;108000003;;
KS1;;15.04.2013;Siphonoperla sp.;6867;15,52941176;;;108000003;;
KS1;;15.04.2013;Leuctra nigra;5779;1,411764706;;;108000003;;
KS1;;15.04.2013;Leuctra sp.;5790;8,470588235;;;108000003;;
KS1;;15.04.2013;Nemoura sp.;6108;34,87058824;;;108000003;;
KS1;;15.04.2013;Isoperla sp.;5673;2,823529412;;;108000003;;
KS1;;15.04.2013;Hydropsyche dinarica;5594;2,8;;;108000003;;
KS1;;15.04.2013;Halesus digitatus/radiatus/tesselatus;13125;2,823529412;;;108000003;;
KS1;;15.04.2013;Potamophylax cingulatus cingulatus;6521;1,411764706;;;108000003;;
KS1;;15.04.2013;Chaetopterygini/Stenophylacini Gen. Sp.;10370;50,82352941;;;108000003;;
KS1;;15.04.2013;Odontocerum albicorne;6168;8,470588235;;;108000003;;
KS1;;15.04.2013;Plectrocnemia conspersa conspersa;6444;1,411764706;;;108000003;;
KS1;;15.04.2013;Polycentropus flavomaculatus flavomaculatus;6468;4,235294118;;;108000003;;
KS1;;15.04.2013;Polycentropus irroratus;6469;1,411764706;;;108000003;;
KS1;;15.04.2013;Sericostoma flavicorne/personatum;9747;4,235294118;;;108000003;;
KS1;;10.04.2014;Pisidium sp.;6425;4;;;108000003;;
KS1;;10.04.2014;Deronectes latus Ad.;11829;2,4;;;108000003;;
KS1;;10.04.2014;Elmis aenea/maugetii Ad.;14418;4;;;108000003;;
KS1;;10.04.2014;Limnius volckmari Ad.;12094;16;;;108000003;;
KS1;;10.04.2014;Limnius volckmari Lv.;5854;36,8;;;108000003;;
KS1;;10.04.2014;Oulimnius tuberculatus Ad.;12105;12;;;108000003;;
KS1;;10.04.2014;Oulimnius tuberculatus Lv.;6261;140;;;108000003;;
KS1;;10.04.2014;Orectochilus villosus Lv.;6200;4;;;108000003;;
KS1;;10.04.2014;Hydraena gracilis Ad.;5514;4;;;108000003;;
KS1;;10.04.2014;Hydrocyphon deflexicollis Lv.;14053;44;;;108000003;;
KS1;;10.04.2014;Atherix/Ibisia sp.;20196;1,6;;;108000003;;
KS1;;10.04.2014;Ceratopogoninae Gen. sp.;10725;4;;;108000003;;
KS1;;10.04.2014;Chironomidae Gen. sp.;4642;136;;;108000003;;
KS1;;10.04.2014;Chironomini Gen. sp.;4644;32;;;108000003;;
KS1;;10.04.2014;Tanypodinae Gen. sp.;6972;276,8;;;108000003;;
KS1;;10.04.2014;Tanytarsini Gen. sp.;6977;16,8;;;108000003;;
KS1;;10.04.2014;Dixella sp.;10349;4;;;108000003;;
KS1;;10.04.2014;Eloeophila sp.;9654;4;;;108000003;;
KS1;;10.04.2014;Simulium sp.;6853;24,8;;;108000003;;
KS1;;10.04.2014;Baetis rhodani;4415;16;;;108000003;;
KS1;;10.04.2014;Centroptilum luteolum;8850;16;;;108000003;;
KS1;;10.04.2014;Baetis sp.;4419;75;;;108000003;;
KS1;;10.04.2014;Ephemera danica;5124;200,8;;;108000003;;
KS1;;10.04.2014;Ecdyonurus venosus-Gr.;5059;2,4;;;108000003;;
KS1;;10.04.2014;Rhithrogena semicolorata-Gr.;6745;0,8;;;108000003;;
KS1;;10.04.2014;Habroleptoides confusa;5367;64;;;108000003;;
KS1;;10.04.2014;Habrophlebia lauta;5370;216;;;108000003;;
KS1;;10.04.2014;Leptophlebia marginata;5730;1,6;;;108000003;;
KS1;;10.04.2014;Siphlonurus sp.;6864;8;;;108000003;;
KS1;;10.04.2014;Ancylus fluviatilis;4310;28,8;;;108000003;;
KS1;;10.04.2014;Corixinae Gen. sp.;4747;16;;;108000003;;
KS1;;10.04.2014;Sialis fuliginosa;6821;36,8;;;108000003;;
KS1;;10.04.2014;Calopteryx virgo;4532;0,8;;;108000003;;
KS1;;10.04.2014;Oligochaeta Gen. sp.;8736;8;;;108000003;;
KS1;;10.04.2014;Siphonoperla sp.;6867;8,8;;;108000003;;
KS1;;10.04.2014;Amphinemura sp.;4293;4;;;108000003;;
KS1;;10.04.2014;Nemoura sp.;6108;96;;;108000003;;
KS1;;10.04.2014;Protonemura sp.;6616;12,8;;;108000003;;
KS1;;10.04.2014;Perla marginata;6370;1,6;;;108000003;;
KS1;;10.04.2014;Hydropsyche dinarica;5594;2,4;;;108000003;;
KS1;;10.04.2014;Hydropsyche pellucidula;5601;0,8;;;108000003;;
KS1;;10.04.2014;Hydropsyche siltalai;5604;4;;;108000003;;
KS1;;10.04.2014;Mystacides azurea;6062;8;;;108000003;;
KS1;;10.04.2014;Halesus digitatus/radiatus/tesselatus;13125;129,6;;;108000003;;
KS1;;10.04.2014;Hydatophylax infumatus;5499;0,8;;;108000003;;
KS1;;10.04.2014;Chaetopterygini/Stenophylacini Gen. Sp.;10370;20;;;108000003;;
KS1;;10.04.2014;Odontocerum albicorne;6168;14,4;;;108000003;;
KS1;;10.04.2014;Cyrnus trimaculatus;4877;0,8;;;108000003;;
KS1;;10.04.2014;Plectrocnemia conspersa conspersa;6444;12;;;108000003;;
KS1;;10.04.2014;Polycentropus flavomaculatus flavomaculatus;6468;0,8;;;108000003;;
KS1;;10.04.2014;Polycentropus irroratus;6469;0,8;;;108000003;;
KS1;;10.04.2014;Oecismus monedula monedula;6176;8;;;108000003;;
KS1;;10.04.2014;Sericostoma flavicorne/personatum;9747;5,6;;;108000003;;
KS1;;15.04.2015;Pisidium sp.;6425;1,6;;;108000003;;
KS1;;15.04.2015;Deronectes latus Ad.;11829;0,8;;;108000003;;
KS1;;15.04.2015;Elmis aenea/maugetii Ad.;14418;4;;;108000003;;
KS1;;15.04.2015;Elmis sp. Lv.;5095;0,8;;;108000003;;
KS1;;15.04.2015;Limnius perrisi Lv.;5852;4;;;108000003;;
KS1;;15.04.2015;Limnius volckmari Ad.;12094;3,2;;;108000003;;
KS1;;15.04.2015;Limnius volckmari Lv.;5854;11,2;;;108000003;;
KS1;;15.04.2015;Oulimnius tuberculatus Lv.;6261;14,4;;;108000003;;
KS1;;15.04.2015;Anacaena globulus Ad.;9544;0,8;;;108000003;;
KS1;;15.04.2015;Elodes marginata Lv.;14043;0,8;;;108000003;;
KS1;;15.04.2015;Hydrocyphon deflexicollis Lv.;14053;11,2;;;108000003;;
KS1;;15.04.2015;Atherix/Ibisia sp.;20196;12;;;108000003;;
KS1;;15.04.2015;Ceratopogoninae Gen. sp.;10725;4;;;108000003;;
KS1;;15.04.2015;Chironomidae Gen. sp.;4642;19,2;;;108000003;;
KS1;;15.04.2015;Chironomini Gen. sp.;4644;3,2;;;108000003;;
KS1;;15.04.2015;Tanypodinae Gen. sp.;6972;10,4;;;108000003;;
KS1;;15.04.2015;Tanytarsini Gen. sp.;6977;2,4;;;108000003;;
KS1;;15.04.2015;Chelifera sp.;4638;0,8;;;108000003;;
KS1;;15.04.2015;Eloeophila sp.;9654;0,8;;;108000003;;
KS1;;15.04.2015;Prosimulium sp.;6591;0,8;;;108000003;;
KS1;;15.04.2015;Simulium sp.;6853;16;;;108000003;;
KS1;;15.04.2015;Baetis muticus;4409;4,8;;;108000003;;
KS1;;15.04.2015;Baetis rhodani;4415;2,4;;;108000003;;
KS1;;15.04.2015;Baetis niger;4410;1,6;;;108000003;;
KS1;;15.04.2015;Baetis sp.;4419;1,6;;;108000003;;
KS1;;15.04.2015;Torleya major;7083;0,8;;;108000003;;
KS1;;15.04.2015;Ephemera danica;5124;36;;;108000003;;
KS1;;15.04.2015;Ecdyonurus venosus-Gr.;5059;3,2;;;108000003;;
KS1;;15.04.2015;Rhithrogena semicolorata-Gr.;6745;2,4;;;108000003;;
KS1;;15.04.2015;Habroleptoides confusa;5367;9,4;;;108000003;;
KS1;;15.04.2015;Habrophlebia lauta;5370;13,2;;;108000003;;
KS1;;15.04.2015;Ancylus fluviatilis;4310;23,2;;;108000003;;
KS1;;15.04.2015;Corixinae Gen. sp.;4747;1,6;;;108000003;;
KS1;;15.04.2015;Erpobdella vilnensis;5157;0,8;;;108000003;;
KS1;;15.04.2015;Sialis fuliginosa;6821;4;;;108000003;;
KS1;;15.04.2015;Calopteryx virgo;4532;2,4;;;108000003;;
KS1;;15.04.2015;Cordulegaster boltonii;4740;3,2;;;108000003;;
KS1;;15.04.2015;Eiseniella tetraedra;5075;0,8;;;108000003;;
KS1;;15.04.2015;Oligochaeta Gen. sp.;8736;4;;;108000003;;
KS1;;15.04.2015;Siphonoperla sp.;6867;0,8;;;108000003;;
KS1;;15.04.2015;Amphinemura sp.;4293;1,6;;;108000003;;
KS1;;15.04.2015;Nemoura sp.;6108;0,8;;;108000003;;
KS1;;15.04.2015;Protonemura sp.;6616;6,4;;;108000003;;
KS1;;15.04.2015;Perla marginata;6370;0,8;;;108000003;;
KS1;;15.04.2015;Isoperla sp.;5673;1,6;;;108000003;;
KS1;;15.04.2015;Hydropsyche pellucidula;5601;1;;;108000003;;
KS1;;15.04.2015;Hydropsyche siltalai;5604;2,2;;;108000003;;
KS1;;15.04.2015;Halesus digitatus/radiatus/tesselatus;13125;0,8;;;108000003;;
KS1;;15.04.2015;Chaetopterygini/Stenophylacini Gen. Sp.;10370;8,8;;;108000003;;
KS1;;15.04.2015;Odontocerum albicorne;6168;2,4;;;108000003;;
KS1;;15.04.2015;Cyrnus trimaculatus;4877;3,2;;;108000003;;
KS1;;15.04.2015;Plectrocnemia conspersa conspersa;6444;1,6;;;108000003;;
KS1;;15.04.2015;Polycentropus flavomaculatus flavomaculatus;6468;0,8;;;108000003;;
KS1;;15.04.2015;Polycentropus irroratus;6469;0,8;;;108000003;;
KS1;;15.04.2015;Sericostoma flavicorne/personatum;9747;12,8;;;108000003;;
KS1;;15.04.2015;Dugesia sp.;5021;1,6;;;108000003;;
KS1;;08.04.2016;Pisidium sp.;6425;8;;;108000003;;
KS1;;08.04.2016;Agabus undulatus Ad.;11663;0,8;;;108000003;;
KS1;;08.04.2016;Deronectes latus Ad.;11829;5,6;;;108000003;;
KS1;;08.04.2016;Elmis sp. Lv.;5095;2;;;108000003;;
KS1;;08.04.2016;Limnius perrisi Lv.;5852;2;;;108000003;;
KS1;;08.04.2016;Limnius volckmari Ad.;12094;2;;;108000003;;
KS1;;08.04.2016;Limnius volckmari Lv.;5854;14;;;108000003;;
KS1;;08.04.2016;Oulimnius tuberculatus Ad.;12105;12,8;;;108000003;;
KS1;;08.04.2016;Oulimnius tuberculatus Lv.;6261;26;;;108000003;;
KS1;;08.04.2016;Orectochilus villosus Lv.;6200;4;;;108000003;;
KS1;;08.04.2016;Hydraena gracilis Ad.;5514;2;;;108000003;;
KS1;;08.04.2016;Elodes marginata Lv.;14043;6;;;108000003;;
KS1;;08.04.2016;Hydrocyphon deflexicollis Lv.;14053;16;;;108000003;;
KS1;;08.04.2016;Atherix/Ibisia sp.;20196;8;;;108000003;;
KS1;;08.04.2016;Ceratopogoninae Gen. sp.;10725;26;;;108000003;;
KS1;;08.04.2016;Chironomidae Gen. sp.;4642;88;;;108000003;;
KS1;;08.04.2016;Chironomini Gen. sp.;4644;6;;;108000003;;
KS1;;08.04.2016;Tanypodinae Gen. sp.;6972;54;;;108000003;;
KS1;;08.04.2016;Lispe sp.;7739;2;;;108000003;;
KS1;;08.04.2016;Prosimulium sp.;6591;2;;;108000003;;
KS1;;08.04.2016;Simulium sp.;6853;26;;;108000003;;
KS1;;08.04.2016;Simulium vernum;7842;6,8;;;108000003;;
KS1;;08.04.2016;Baetis muticus;4409;10;;;108000003;;
KS1;;08.04.2016;Baetis rhodani;4415;10;;;108000003;;
KS1;;08.04.2016;Baetis niger;4410;12;;;108000003;;
KS1;;08.04.2016;Centroptilum luteolum;8850;2;;;108000003;;
KS1;;08.04.2016;Baetis sp.;4419;0,8;;;108000003;;
KS1;;08.04.2016;Ephemera danica;5124;59,6;;;108000003;;
KS1;;08.04.2016;Ecdyonurus venosus-Gr.;5059;7,6;;;108000003;;
KS1;;08.04.2016;Habroleptoides confusa;5367;1,6;;;108000003;;
KS1;;08.04.2016;Habrophlebia lauta;5370;72;;;108000003;;
KS1;;08.04.2016;Paraleptophlebia submarginata;6309;11,6;;;108000003;;
KS1;;08.04.2016;Radix balthica;16959;4;;;108000003;;
KS1;;08.04.2016;Ancylus fluviatilis;4310;10,8;;;108000003;;
KS1;;08.04.2016;Helobdella stagnalis;5413;2;;;108000003;;
KS1;;08.04.2016;Sialis fuliginosa;6821;18,8;;;108000003;;
KS1;;08.04.2016;Sialis lutaria;6822;4;;;108000003;;
KS1;;08.04.2016;Calopteryx virgo;4532;2,8;;;108000003;;
KS1;;08.04.2016;Platycnemis pennipes;6438;4;;;108000003;;
KS1;;08.04.2016;Eiseniella tetraedra;5075;2;;;108000003;;
KS1;;08.04.2016;Oligochaeta Gen. sp.;8736;6,8;;;108000003;;
KS1;;08.04.2016;Chloroperla sp.;4671;4;;;108000003;;
KS1;;08.04.2016;Siphonoperla sp.;6867;8;;;108000003;;
KS1;;08.04.2016;Nemoura sp.;6108;4;;;108000003;;
KS1;;08.04.2016;Protonemura sp.;6616;4;;;108000003;;
KS1;;08.04.2016;Isoperla sp.;5673;5,6;;;108000003;;
KS1;;08.04.2016;Perlodes microcephalus;6376;0,8;;;108000003;;
KS1;;08.04.2016;Hydroptila sp.;5616;4;;;108000003;;
KS1;;08.04.2016;Halesus digitatus/radiatus/tesselatus;13125;4,8;;;108000003;;
KS1;;08.04.2016;Chaetopterygini/Stenophylacini Gen. Sp.;10370;50;;;108000003;;
KS1;;08.04.2016;Odontocerum albicorne;6168;3,6;;;108000003;;
KS1;;08.04.2016;Polycentropus flavomaculatus flavomaculatus;6468;12;;;108000003;;
KS1;;08.04.2016;Sericostoma flavicorne/personatum;9747;10,8;;;108000003;;
KS1;;08.04.2016;Dugesia sp.;5021;0,8;;;108000003;;
KS1;;13.04.2017;Deronectes latus Ad.;11829;3,2;;;108000003;;
KS1;;13.04.2017;Elmis aenea/maugetii Ad.;14418;2,4;;;108000003;;
KS1;;13.04.2017;Limnius perrisi Lv.;5852;4,8;;;108000003;;
KS1;;13.04.2017;Limnius volckmari Ad.;12094;2,4;;;108000003;;
KS1;;13.04.2017;Limnius volckmari Lv.;5854;9,6;;;108000003;;
KS1;;13.04.2017;Oulimnius tuberculatus Ad.;12105;7,2;;;108000003;;
KS1;;13.04.2017;Oulimnius tuberculatus Lv.;6261;14,4;;;108000003;;
KS1;;13.04.2017;Orectochilus villosus Lv.;6200;2,4;;;108000003;;
KS1;;13.04.2017;Hydraena gracilis Ad.;5514;4,8;;;108000003;;
KS1;;13.04.2017;Hydrocyphon deflexicollis Lv.;14053;2,4;;;108000003;;
KS1;;13.04.2017;Gammarus fossarum;5288;4,8;;;108000003;;
KS1;;13.04.2017;Atherix/Ibisia sp.;20196;15,2;;;108000003;;
KS1;;13.04.2017;Ceratopogoninae Gen. sp.;10725;19,2;;;108000003;;
KS1;;13.04.2017;Chironomidae Gen. sp.;4642;0,8;;;108000003;;
KS1;;13.04.2017;Chironomini Gen. sp.;4644;27,2;;;108000003;;
KS1;;13.04.2017;Prodiamesa olivacea;6583;7,2;;;108000003;;
KS1;;13.04.2017;Tanypodinae Gen. sp.;6972;93,6;;;108000003;;
KS1;;13.04.2017;Tanytarsini Gen. sp.;6977;45,6;;;108000003;;
KS1;;13.04.2017;Simulium sp.;6853;20;;;108000003;;
KS1;;13.04.2017;Simulium vernum;7842;7,2;;;108000003;;
KS1;;13.04.2017;Tabanidae Gen. sp.;8485;4,8;;;108000003;;
KS1;;13.04.2017;Tipula sp.;7077;2,4;;;108000003;;
KS1;;13.04.2017;Baetis rhodani;4415;2,4;;;108000003;;
KS1;;13.04.2017;Baetis niger;4410;2,4;;;108000003;;
KS1;;13.04.2017;Procloeon bifidum;6574;1,6;;;108000003;;
KS1;;13.04.2017;Baetis sp.;4419;93,6;;;108000003;;
KS1;;13.04.2017;Ephemera danica;5124;98,4;;;108000003;;
KS1;;13.04.2017;Ecdyonurus venosus-Gr.;5059;9,6;;;108000003;;
KS1;;13.04.2017;Rhithrogena semicolorata-Gr.;6745;2,4;;;108000003;;
KS1;;13.04.2017;Habroleptoides confusa;5367;12,4;;;108000003;;
KS1;;13.04.2017;Habrophlebia lauta;5370;124;;;108000003;;
KS1;;13.04.2017;Leptophlebia marginata;5730;1,6;;;108000003;;
KS1;;13.04.2017;Paraleptophlebia submarginata;6309;10,6;;;108000003;;
KS1;;13.04.2017;Ancylus fluviatilis;4310;24;;;108000003;;
KS1;;13.04.2017;Helobdella stagnalis;5413;0,8;;;108000003;;
KS1;;13.04.2017;Sialis fuliginosa;6821;3,2;;;108000003;;
KS1;;13.04.2017;Calopteryx splendens;4530;2,4;;;108000003;;
KS1;;13.04.2017;Calopteryx virgo;4532;3,2;;;108000003;;
KS1;;13.04.2017;Pyrrhosoma nymphula;6667;0,8;;;108000003;;
KS1;;13.04.2017;Platycnemis pennipes;6438;4,8;;;108000003;;
KS1;;13.04.2017;Chalcolestes viridis;4629;4,8;;;108000003;;
KS1;;13.04.2017;Lumbriculidae Gen. Sp.;7490;4,8;;;108000003;;
KS1;;13.04.2017;Siphonoperla sp.;6867;4,8;;;108000003;;
KS1;;13.04.2017;Amphinemura sp.;4293;4,8;;;108000003;;
KS1;;13.04.2017;Nemoura sp.;6108;7,2;;;108000003;;
KS1;;13.04.2017;Perla marginata;6370;2,4;;;108000003;;
KS1;;13.04.2017;Hydropsyche pellucidula;5601;2,4;;;108000003;;
KS1;;13.04.2017;Halesus digitatus/radiatus/tesselatus;13125;2,4;;;108000003;;
KS1;;13.04.2017;Limnephilus rhombicus rhombicus;5841;0,8;;;108000003;;
KS1;;13.04.2017;Chaetopterygini/Stenophylacini Gen. Sp.;10370;69,6;;;108000003;;
KS1;;13.04.2017;Odontocerum albicorne;6168;0,8;;;108000003;;
KS1;;13.04.2017;Cyrnus trimaculatus;4877;2,4;;;108000003;;
KS1;;13.04.2017;Polycentropus flavomaculatus flavomaculatus;6468;12;;;108000003;;
KS1;;13.04.2017;Sericostoma flavicorne/personatum;9747;17,6;;;108000003;;
KS1;;13.04.2017;Dugesia sp.;5021;4,8;;;108000003;;
KS1;;18.04.2018;Deronectes latus Ad.;11829;1,6;;;108000003;;
KS1;;18.04.2018;Elmis aenea/maugetii Ad.;14418;16;;;108000003;;
KS1;;18.04.2018;Elmis sp. Lv.;5095;36;;;108000003;;
KS1;;18.04.2018;Esolus parallelepipedus Ad.;12082;12;;;108000003;;
KS1;;18.04.2018;Esolus sp. Lv.;5169;56;;;108000003;;
KS1;;18.04.2018;Limnius volckmari Lv.;5854;60;;;108000003;;
KS1;;18.04.2018;Oulimnius tuberculatus Ad.;12105;76;;;108000003;;
KS1;;18.04.2018;Oulimnius tuberculatus Lv.;6261;28;;;108000003;;
KS1;;18.04.2018;Orectochilus villosus Lv.;6200;8,8;;;108000003;;
KS1;;18.04.2018;Hydraena gracilis Ad.;5514;16;;;108000003;;
KS1;;18.04.2018;Anacaena globulus Ad.;9544;4;;;108000003;;
KS1;;18.04.2018;Elodes marginata Lv.;14043;4;;;108000003;;
KS1;;18.04.2018;Hydrocyphon deflexicollis Lv.;14053;224;;;108000003;;
KS1;;18.04.2018;Atherix/Ibisia sp.;20196;24;;;108000003;;
KS1;;18.04.2018;Ceratopogoninae Gen. sp.;10725;28;;;108000003;;
KS1;;18.04.2018;Chironomidae Gen. sp.;4642;212;;;108000003;;
KS1;;18.04.2018;Tanypodinae Gen. sp.;6972;52;;;108000003;;
KS1;;18.04.2018;Tanytarsini Gen. sp.;6977;4;;;108000003;;
KS1;;18.04.2018;Dicranota sp.;4955;4;;;108000003;;
KS1;;18.04.2018;Prosimulium sp.;6591;56;;;108000003;;
KS1;;18.04.2018;Simulium sp.;6853;180;;;108000003;;
KS1;;18.04.2018;Tabanidae Gen. sp.;8485;4;;;108000003;;
KS1;;18.04.2018;Baetis rhodani;4415;132;;;108000003;;
KS1;;18.04.2018;Baetis niger;4410;48;;;108000003;;
KS1;;18.04.2018;Baetis sp.;4419;188,8;;;108000003;;
KS1;;18.04.2018;Ephemera danica;5124;28,8;;;108000003;;
KS1;;18.04.2018;Ecdyonurus venosus-Gr.;5059;8,8;;;108000003;;
KS1;;18.04.2018;Rhithrogena semicolorata-Gr.;6745;16,8;;;108000003;;
KS1;;18.04.2018;Habroleptoides confusa;5367;10;;;108000003;;
KS1;;18.04.2018;Habrophlebia lauta;5370;148;;;108000003;;
KS1;;18.04.2018;Paraleptophlebia submarginata;6309;1,6;;;108000003;;
KS1;;18.04.2018;Ancylus fluviatilis;4310;4;;;108000003;;
KS1;;18.04.2018;Sialis fuliginosa;6821;0,8;;;108000003;;
KS1;;18.04.2018;Sialis lutaria;6822;4;;;108000003;;
KS1;;18.04.2018;Calopteryx splendens;4530;4;;;108000003;;
KS1;;18.04.2018;Pyrrhosoma nymphula;6667;1,6;;;108000003;;
KS1;;18.04.2018;Eiseniella tetraedra;5075;4;;;108000003;;
KS1;;18.04.2018;Stylodrilus heringianus;6935;4;;;108000003;;
KS1;;18.04.2018;Lumbriculidae Gen. Sp.;7490;8;;;108000003;;
KS1;;18.04.2018;Siphonoperla sp.;6867;64;;;108000003;;
KS1;;18.04.2018;Leuctra sp.;5790;12;;;108000003;;
KS1;;18.04.2018;Amphinemura sp.;4293;8;;;108000003;;
KS1;;18.04.2018;Nemoura sp.;6108;32,8;;;108000003;;
KS1;;18.04.2018;Protonemura sp.;6616;24;;;108000003;;
KS1;;18.04.2018;Perla marginata;6370;1,6;;;108000003;;
KS1;;18.04.2018;Isoperla sp.;5673;5,6;;;108000003;;
KS1;;18.04.2018;Hydropsyche pellucidula;5601;12;;;108000003;;
KS1;;18.04.2018;Chaetopterygini/Stenophylacini Gen. Sp.;10370;20;;;108000003;;
KS1;;18.04.2018;Cyrnus trimaculatus;4877;8;;;108000003;;
KS1;;18.04.2018;Polycentropus flavomaculatus flavomaculatus;6468;20;;;108000003;;
KS1;;18.04.2018;Dugesia sp.;5021;4;;;108000003;;
KS1;;08.04.2019;Pisidium sp.;6425;16,8;;;108000003;;
KS1;;08.04.2019;Deronectes latus Ad.;11829;5,6;;;108000003;;
KS1;;08.04.2019;Elmis sp. Lv.;5095;7,2;;;108000003;;
KS1;;08.04.2019;Esolus parallelepipedus Ad.;12082;7,2;;;108000003;;
KS1;;08.04.2019;Esolus sp. Lv.;5169;2,4;;;108000003;;
KS1;;08.04.2019;Limnius perrisi Ad.;12092;2,4;;;108000003;;
KS1;;08.04.2019;Limnius volckmari Ad.;12094;12;;;108000003;;
KS1;;08.04.2019;Limnius volckmari Lv.;5854;38,4;;;108000003;;
KS1;;08.04.2019;Oulimnius tuberculatus Ad.;12105;79,2;;;108000003;;
KS1;;08.04.2019;Oulimnius tuberculatus Lv.;6261;45,6;;;108000003;;
KS1;;08.04.2019;Hydraena gracilis Ad.;5514;9,6;;;108000003;;
KS1;;08.04.2019;Anacaena globulus Ad.;9544;2,4;;;108000003;;
KS1;;08.04.2019;Hydrocyphon deflexicollis Lv.;14053;48;;;108000003;;
KS1;;08.04.2019;Chironomidae Gen. sp.;4642;69,6;;;108000003;;
KS1;;08.04.2019;Chironomini Gen. sp.;4644;24;;;108000003;;
KS1;;08.04.2019;Tanypodinae Gen. sp.;6972;81,6;;;108000003;;
KS1;;08.04.2019;Dixella sp.;10349;0,8;;;108000003;;
KS1;;08.04.2019;Rhypholophus sp.;6795;2,4;;;108000003;;
KS1;;08.04.2019;Prosimulium sp.;6591;27,2;;;108000003;;
KS1;;08.04.2019;Simulium sp.;6853;43,2;;;108000003;;
KS1;;08.04.2019;Centroptilum luteolum;8850;12;;;108000003;;
KS1;;08.04.2019;Ephemera danica;5124;28,8;;;108000003;;
KS1;;08.04.2019;Habrophlebia lauta;5370;91,2;;;108000003;;
KS1;;08.04.2019;Paraleptophlebia submarginata;6309;7,2;;;108000003;;
KS1;;08.04.2019;Radix balthica;16959;12;;;108000003;;
KS1;;08.04.2019;Ancylus fluviatilis;4310;9,6;;;108000003;;
KS1;;08.04.2019;Sialis fuliginosa;6821;22,4;;;108000003;;
KS1;;08.04.2019;Calopteryx splendens;4530;1,2;;;108000003;;
KS1;;08.04.2019;Calopteryx virgo;4532;1,2;;;108000003;;
KS1;;08.04.2019;Pyrrhosoma nymphula;6667;2,4;;;108000003;;
KS1;;08.04.2019;Cordulegaster boltonii;4740;0,8;;;108000003;;
KS1;;08.04.2019;Platycnemis pennipes;6438;21,6;;;108000003;;
KS1;;08.04.2019;Eiseniella tetraedra;5075;7,2;;;108000003;;
KS1;;08.04.2019;Lumbriculidae Gen. Sp.;7490;12;;;108000003;;
KS1;;08.04.2019;Oligochaeta Gen. sp.;8736;7,2;;;108000003;;
KS1;;08.04.2019;Siphonoperla sp.;6867;4,8;;;108000003;;
KS1;;08.04.2019;Amphinemura sp.;4293;2,4;;;108000003;;
KS1;;08.04.2019;Nemoura sp.;6108;33,6;;;108000003;;
KS1;;08.04.2019;Protonemura sp.;6616;2,4;;;108000003;;
KS1;;08.04.2019;Isoperla sp.;5673;1,6;;;108000003;;
KS1;;08.04.2019;Brachyptera risi;4487;8;;;108000003;;
KS1;;08.04.2019;Mystacides azurea;6062;2,4;;;108000003;;
KS1;;08.04.2019;Oecetis testacea;6175;2,4;;;108000003;;
KS1;;08.04.2019;Halesus digitatus/radiatus/tesselatus;13125;4,8;;;108000003;;
KS1;;08.04.2019;Chaetopterygini/Stenophylacini Gen. Sp.;10370;110,4;;;108000003;;
KS1;;08.04.2019;Cyrnus trimaculatus;4877;7,2;;;108000003;;
KS1;;08.04.2019;Sericostoma flavicorne/personatum;9747;5,6;;;108000003;;
KS1;;08.04.2019;Dugesia sp.;5021;2,4;;;108000003;;
KS2;;14.04.2010;Deronectes latus Ad.;11829;0,8;;;108000004;;
KS2;;14.04.2010;Elmis aenea/maugetii Ad.;14418;8;;;108000004;;
KS2;;14.04.2010;Esolus parallelepipedus Ad.;12082;0,8;;;108000004;;
KS2;;14.04.2010;Limnius perrisi Ad.;12092;4;;;108000004;;
KS2;;14.04.2010;Limnius perrisi Lv.;5852;28,8;;;108000004;;
KS2;;14.04.2010;Limnius volckmari Ad.;12094;1,6;;;108000004;;
KS2;;14.04.2010;Limnius volckmari Lv.;5854;30,4;;;108000004;;
KS2;;14.04.2010;Oulimnius tuberculatus Lv.;6261;3,2;;;108000004;;
KS2;;14.04.2010;Orectochilus villosus Lv.;6200;0,8;;;108000004;;
KS2;;14.04.2010;Hydraena gracilis Ad.;5514;3,2;;;108000004;;
KS2;;14.04.2010;Elodes marginata Lv.;14043;10,4;;;108000004;;
KS2;;14.04.2010;Hydrocyphon deflexicollis Lv.;14053;32,8;;;108000004;;
KS2;;14.04.2010;Ceratopogoninae Gen. sp.;10725;0,8;;;108000004;;
KS2;;14.04.2010;Chironomidae Gen. sp.;4642;17,6;;;108000004;;
KS2;;14.04.2010;Chironomini Gen. sp.;4644;2,4;;;108000004;;
KS2;;14.04.2010;Tanypodinae Gen. sp.;6972;4,8;;;108000004;;
KS2;;14.04.2010;Tanytarsini Gen. sp.;6977;0,8;;;108000004;;
KS2;;14.04.2010;Eloeophila sp.;9654;10,4;;;108000004;;
KS2;;14.04.2010;Prosimulium sp.;6591;18,4;;;108000004;;
KS2;;14.04.2010;Simulium sp.;6853;15,2;;;108000004;;
KS2;;14.04.2010;Tipula sp.;7077;1,6;;;108000004;;
KS2;;14.04.2010;Baetis rhodani;4415;9,6;;;108000004;;
KS2;;14.04.2010;Baetis niger;4410;0,8;;;108000004;;
KS2;;14.04.2010;Baetis sp.;4419;10,4;;;108000004;;
KS2;;14.04.2010;Ephemera danica;5124;8;;;108000004;;
KS2;;14.04.2010;Ecdyonurus venosus-Gr.;5059;5,6;;;108000004;;
KS2;;14.04.2010;Rhithrogena semicolorata-Gr.;6745;11,2;;;108000004;;
KS2;;14.04.2010;Habroleptoides confusa;5367;0,8;;;108000004;;
KS2;;14.04.2010;Ancylus fluviatilis;4310;7,2;;;108000004;;
KS2;;14.04.2010;Sialis fuliginosa;6821;0,8;;;108000004;;
KS2;;14.04.2010;Cordulegaster boltonii;4740;0,8;;;108000004;;
KS2;;14.04.2010;Platycnemis pennipes;6438;0,8;;;108000004;;
KS2;;14.04.2010;Eiseniella tetraedra;5075;0,8;;;108000004;;
KS2;;14.04.2010;Chloroperla sp.;4671;0,8;;;108000004;;
KS2;;14.04.2010;Siphonoperla sp.;6867;9,6;;;108000004;;
KS2;;14.04.2010;Leuctra nigra;5779;0,8;;;108000004;;
KS2;;14.04.2010;Leuctra sp.;5790;6,4;;;108000004;;
KS2;;14.04.2010;Amphinemura sp.;4293;2,4;;;108000004;;
KS2;;14.04.2010;Nemoura sp.;6108;4;;;108000004;;
KS2;;14.04.2010;Protonemura sp.;6616;12;;;108000004;;
KS2;;14.04.2010;Perlodes microcephalus;6376;0,8;;;108000004;;
KS2;;14.04.2010;Brachyptera risi;4487;7,2;;;108000004;;
KS2;;14.04.2010;Hydropsyche dinarica;5594;7;;;108000004;;
KS2;;14.04.2010;Hydropsyche pellucidula;5601;4;;;108000004;;
KS2;;14.04.2010;Hydatophylax infumatus;5499;0,8;;;108000004;;
KS2;;14.04.2010;Chaetopterygini/Stenophylacini Gen. Sp.;10370;2,4;;;108000004;;
KS2;;14.04.2010;Odontocerum albicorne;6168;3,2;;;108000004;;
KS2;;14.04.2010;Polycentropus flavomaculatus flavomaculatus;6468;3,2;;;108000004;;
KS2;;14.04.2010;Sericostoma flavicorne/personatum;9747;2,4;;;108000004;;
KS2;;14.04.2010;Dugesia sp.;5021;0,8;;;108000004;;
KS2;;15.04.2011;Dryops sp. Lv.;5017;0,8;;;108000004;;
KS2;;15.04.2011;Elmis aenea/maugetii Ad.;14418;0,8;;;108000004;;
KS2;;15.04.2011;Oulimnius tuberculatus Lv.;6261;0,8;;;108000004;;
KS2;;15.04.2011;Orectochilus villosus Lv.;6200;1,6;;;108000004;;
KS2;;15.04.2011;Hydraena gracilis Ad.;5514;0,8;;;108000004;;
KS2;;15.04.2011;Ceratopogoninae Gen. sp.;10725;0,8;;;108000004;;
KS2;;15.04.2011;Chironomidae Gen. sp.;4642;16,8;;;108000004;;
KS2;;15.04.2011;Tanypodinae Gen. sp.;6972;3,2;;;108000004;;
KS2;;15.04.2011;Eloeophila sp.;9654;0,8;;;108000004;;
KS2;;15.04.2011;Chrysopilus sp.;14467;0,8;;;108000004;;
KS2;;15.04.2011;Prosimulium sp.;6591;0,8;;;108000004;;
KS2;;15.04.2011;Ephemera danica;5124;0,8;;;108000004;;
KS2;;15.04.2011;Ecdyonurus venosus-Gr.;5059;3,2;;;108000004;;
KS2;;15.04.2011;Rhithrogena semicolorata-Gr.;6745;4,8;;;108000004;;
KS2;;15.04.2011;Habroleptoides confusa;5367;0,8;;;108000004;;
KS2;;15.04.2011;Siphonoperla sp.;6867;4,8;;;108000004;;
KS2;;15.04.2011;Leuctra sp.;5790;1,6;;;108000004;;
KS2;;15.04.2011;Amphinemura sp.;4293;1,6;;;108000004;;
KS2;;15.04.2011;Nemoura sp.;6108;0,8;;;108000004;;
KS2;;15.04.2011;Protonemura sp.;6616;4;;;108000004;;
KS2;;15.04.2011;Isoperla sp.;5673;4;;;108000004;;
KS2;;15.04.2011;Brachyptera risi;4487;4,8;;;108000004;;
KS2;;15.04.2011;Hydropsyche saxonica;5602;4,8;;;108000004;;
KS2;;15.04.2011;Chaetopterygini/Stenophylacini Gen. Sp.;10370;4,8;;;108000004;;
KS2;;15.04.2011;Odontocerum albicorne;6168;1,6;;;108000004;;
KS2;;15.04.2011;Sericostoma flavicorne/personatum;9747;0,8;;;108000004;;
KS2;;15.04.2011;Dugesia sp.;5021;1,6;;;108000004;;
KS2;;13.04.2012;Deronectes latus Ad.;11829;0,8;;;108000004;;
KS2;;13.04.2012;Elmis aenea/maugetii Ad.;14418;1,333333333;;;108000004;;
KS2;;13.04.2012;Limnius perrisi Ad.;12092;1,333333333;;;108000004;;
KS2;;13.04.2012;Limnius perrisi Lv.;5852;2,666666667;;;108000004;;
KS2;;13.04.2012;Limnius volckmari Ad.;12094;2,666666667;;;108000004;;
KS2;;13.04.2012;Limnius volckmari Lv.;5854;5,333333333;;;108000004;;
KS2;;13.04.2012;Oulimnius tuberculatus Ad.;12105;1,333333333;;;108000004;;
KS2;;13.04.2012;Oulimnius tuberculatus Lv.;6261;1,333333333;;;108000004;;
KS2;;13.04.2012;Hydraena gracilis Ad.;5514;4;;;108000004;;
KS2;;13.04.2012;Hydrocyphon deflexicollis Lv.;14053;1,333333333;;;108000004;;
KS2;;13.04.2012;Ceratopogoninae Gen. sp.;10725;8;;;108000004;;
KS2;;13.04.2012;Chironomidae Gen. sp.;4642;42,66666667;;;108000004;;
KS2;;13.04.2012;Chironomini Gen. sp.;4644;1,333333333;;;108000004;;
KS2;;13.04.2012;Tanypodinae Gen. sp.;6972;9,333333333;;;108000004;;
KS2;;13.04.2012;Eloeophila sp.;9654;8;;;108000004;;
KS2;;13.04.2012;Prosimulium sp.;6591;0,8;;;108000004;;
KS2;;13.04.2012;Simulium sp.;6853;2,666666667;;;108000004;;
KS2;;13.04.2012;Simulium vernum;7842;1,333333333;;;108000004;;
KS2;;13.04.2012;Tabanidae Gen. sp.;8485;6,133333333;;;108000004;;
KS2;;13.04.2012;Baetis rhodani;4415;17,33333333;;;108000004;;
KS2;;13.04.2012;Centroptilum luteolum;8850;12;;;108000004;;
KS2;;13.04.2012;Baetis sp.;4419;39;;;108000004;;
KS2;;13.04.2012;Ephemera danica;5124;74,93333333;;;108000004;;
KS2;;13.04.2012;Ecdyonurus venosus-Gr.;5059;3,466666667;;;108000004;;
KS2;;13.04.2012;Epeorus assimilis;12550;1,6;;;108000004;;
KS2;;13.04.2012;Rhithrogena semicolorata-Gr.;6745;11,3;;;108000004;;
KS2;;13.04.2012;Habroleptoides confusa;5367;1,333333333;;;108000004;;
KS2;;13.04.2012;Habrophlebia lauta;5370;14;;;108000004;;
KS2;;13.04.2012;Ancylus fluviatilis;4310;0,8;;;108000004;;
KS2;;13.04.2012;Sialis fuliginosa;6821;4,8;;;108000004;;
KS2;;13.04.2012;Oligochaeta Gen. sp.;8736;1,333333333;;;108000004;;
KS2;;13.04.2012;Chloroperla sp.;4671;4,8;;;108000004;;
KS2;;13.04.2012;Siphonoperla sp.;6867;17,33333333;;;108000004;;
KS2;;13.04.2012;Leuctra sp.;5790;6,666666667;;;108000004;;
KS2;;13.04.2012;Amphinemura sp.;4293;1,333333333;;;108000004;;
KS2;;13.04.2012;Protonemura sp.;6616;14,66666667;;;108000004;;
KS2;;13.04.2012;Isoperla sp.;5673;4,266666667;;;108000004;;
KS2;;13.04.2012;Perlodes microcephalus;6376;1,6;;;108000004;;
KS2;;13.04.2012;Brachyptera risi;4487;1,333333333;;;108000004;;
KS2;;13.04.2012;Hydropsyche dinarica;5594;4,266666667;;;108000004;;
KS2;;13.04.2012;Halesus digitatus/radiatus/tesselatus;13125;10,93333333;;;108000004;;
KS2;;13.04.2012;Hydatophylax infumatus;5499;2,133333333;;;108000004;;
KS2;;13.04.2012;Chaetopterygini/Stenophylacini Gen. Sp.;10370;62,66666667;;;108000004;;
KS2;;13.04.2012;Polycentropus flavomaculatus flavomaculatus;6468;8,8;;;108000004;;
KS2;;13.04.2012;Sericostoma flavicorne/personatum;9747;6,133333333;;;108000004;;
KS2;;15.04.2013;Platambus maculatus Lv.;6437;2,666666667;;;108000004;;
KS2;;15.04.2013;Elmis sp. Lv.;5095;24;;;108000004;;
KS2;;15.04.2013;Limnius perrisi Lv.;5852;2,666666667;;;108000004;;
KS2;;15.04.2013;Limnius volckmari Ad.;12094;2,666666667;;;108000004;;
KS2;;15.04.2013;Limnius volckmari Lv.;5854;5,333333333;;;108000004;;
KS2;;15.04.2013;Oulimnius tuberculatus Lv.;6261;10,66666667;;;108000004;;
KS2;;15.04.2013;Hydraena gracilis Ad.;5514;8;;;108000004;;
KS2;;15.04.2013;Hydrocyphon deflexicollis Lv.;14053;10,66666667;;;108000004;;
KS2;;15.04.2013;Atherix/Ibisia sp.;20196;11,46666667;;;108000004;;
KS2;;15.04.2013;Ceratopogoninae Gen. sp.;10725;2,666666667;;;108000004;;
KS2;;15.04.2013;Chironomidae Gen. sp.;4642;40;;;108000004;;
KS2;;15.04.2013;Chironomini Gen. sp.;4644;50,66666667;;;108000004;;
KS2;;15.04.2013;Tanypodinae Gen. sp.;6972;5,333333333;;;108000004;;
KS2;;15.04.2013;Tanytarsini Gen. sp.;6977;2,666666667;;;108000004;;
KS2;;15.04.2013;Eloeophila sp.;9654;2,666666667;;;108000004;;
KS2;;15.04.2013;Limoniidae Gen. sp.;8483;2,666666667;;;108000004;;
KS2;;15.04.2013;Dicranota sp.;4955;3,466666667;;;108000004;;
KS2;;15.04.2013;Prosimulium sp.;6591;2,666666667;;;108000004;;
KS2;;15.04.2013;Simulium sp.;6853;82,66666667;;;108000004;;
KS2;;15.04.2013;Simulium vernum;7842;5,333333333;;;108000004;;
KS2;;15.04.2013;Tabanidae Gen. sp.;8485;2,666666667;;;108000004;;
KS2;;15.04.2013;Baetis rhodani;4415;31;;;108000004;;
KS2;;15.04.2013;Centroptilum luteolum;8850;16;;;108000004;;
KS2;;15.04.2013;Baetis sp.;4419;18;;;108000004;;
KS2;;15.04.2013;Ephemera danica;5124;236,2666667;;;108000004;;
KS2;;15.04.2013;Ecdyonurus venosus-Gr.;5059;19;;;108000004;;
KS2;;15.04.2013;Rhithrogena semicolorata-Gr.;6745;6;;;108000004;;
KS2;;15.04.2013;Habroleptoides confusa;5367;0,8;;;108000004;;
KS2;;15.04.2013;Habrophlebia lauta;5370;44;;;108000004;;
KS2;;15.04.2013;Ancylus fluviatilis;4310;11,46666667;;;108000004;;
KS2;;15.04.2013;Eiseniella tetraedra;5075;3,466666667;;;108000004;;
KS2;;15.04.2013;Oligochaeta Gen. sp.;8736;2,666666667;;;108000004;;
KS2;;15.04.2013;Siphonoperla sp.;6867;21,33333333;;;108000004;;
KS2;;15.04.2013;Leuctra nigra;5779;2,666666667;;;108000004;;
KS2;;15.04.2013;Leuctra sp.;5790;8;;;108000004;;
KS2;;15.04.2013;Nemoura sp.;6108;39,73333333;;;108000004;;
KS2;;15.04.2013;Protonemura sp.;6616;8;;;108000004;;
KS2;;15.04.2013;Perla marginata;6370;5,333333333;;;108000004;;
KS2;;15.04.2013;Brachyptera risi;4487;2,666666667;;;108000004;;
KS2;;15.04.2013;Hydropsyche dinarica;5594;3,6;;;108000004;;
KS2;;15.04.2013;Hydropsyche saxonica;5602;5;;;108000004;;
KS2;;15.04.2013;Hydropsyche siltalai;5604;3,6;;;108000004;;
KS2;;15.04.2013;Halesus digitatus/radiatus/tesselatus;13125;29,06666667;;;108000004;;
KS2;;15.04.2013;Chaetopterygini/Stenophylacini Gen. Sp.;10370;85,7;;;108000004;;
KS2;;15.04.2013;Odontocerum albicorne;6168;3,466666667;;;108000004;;
KS2;;15.04.2013;Polycentropus flavomaculatus flavomaculatus;6468;2,666666667;;;108000004;;
KS2;;15.04.2013;Sericostoma flavicorne/personatum;9747;16;;;108000004;;
KS2;;10.04.2014;Deronectes latus Ad.;11829;24,8;;;108000004;;
KS2;;10.04.2014;Elmis sp. Lv.;5095;4,8;;;108000004;;
KS2;;10.04.2014;Esolus parallelepipedus Ad.;12082;19,2;;;108000004;;
KS2;;10.04.2014;Esolus sp. Lv.;5169;4,8;;;108000004;;
KS2;;10.04.2014;Limnius perrisi Lv.;5852;38,4;;;108000004;;
KS2;;10.04.2014;Limnius volckmari Ad.;12094;4,8;;;108000004;;
KS2;;10.04.2014;Limnius volckmari Lv.;5854;168;;;108000004;;
KS2;;10.04.2014;Oulimnius tuberculatus Ad.;12105;43,2;;;108000004;;
KS2;;10.04.2014;Oulimnius tuberculatus Lv.;6261;187,2;;;108000004;;
KS2;;10.04.2014;Hydraena gracilis Ad.;5514;14,4;;;108000004;;
KS2;;10.04.2014;Hydrocyphon deflexicollis Lv.;14053;4,8;;;108000004;;
KS2;;10.04.2014;Ceratopogoninae Gen. sp.;10725;4,8;;;108000004;;
KS2;;10.04.2014;Chironomidae Gen. sp.;4642;115,2;;;108000004;;
KS2;;10.04.2014;Tanypodinae Gen. sp.;6972;58,4;;;108000004;;
KS2;;10.04.2014;Tanytarsini Gen. sp.;6977;4,8;;;108000004;;
KS2;;10.04.2014;Eloeophila sp.;9654;9,6;;;108000004;;
KS2;;10.04.2014;Prosimulium sp.;6591;4,8;;;108000004;;
KS2;;10.04.2014;Simulium sp.;6853;48;;;108000004;;
KS2;;10.04.2014;Tabanidae Gen. sp.;8485;33,6;;;108000004;;
KS2;;10.04.2014;Baetis rhodani;4415;49;;;108000004;;
KS2;;10.04.2014;Centroptilum luteolum;8850;105;;;108000004;;
KS2;;10.04.2014;Baetis sp.;4419;60;;;108000004;;
KS2;;10.04.2014;Ephemera danica;5124;344;;;108000004;;
KS2;;10.04.2014;Ecdyonurus venosus-Gr.;5059;6,4;;;108000004;;
KS2;;10.04.2014;Habroleptoides confusa;5367;41,6;;;108000004;;
KS2;;10.04.2014;Habrophlebia lauta;5370;164;;;108000004;;
KS2;;10.04.2014;Leptophlebia marginata;5730;0,8;;;108000004;;
KS2;;10.04.2014;Siphlonurus sp.;6864;9,6;;;108000004;;
KS2;;10.04.2014;Ancylus fluviatilis;4310;3,2;;;108000004;;
KS2;;10.04.2014;Sialis fuliginosa;6821;9,6;;;108000004;;
KS2;;10.04.2014;Calopteryx virgo;4532;2,4;;;108000004;;
KS2;;10.04.2014;Cordulegaster boltonii;4740;0,8;;;108000004;;
KS2;;10.04.2014;Eiseniella tetraedra;5075;5,6;;;108000004;;
KS2;;10.04.2014;Siphonoperla sp.;6867;4,8;;;108000004;;
KS2;;10.04.2014;Nemoura sp.;6108;110,4;;;108000004;;
KS2;;10.04.2014;Isoperla sp.;5673;1,6;;;108000004;;
KS2;;10.04.2014;Hydropsyche pellucidula;5601;0,8;;;108000004;;
KS2;;10.04.2014;Hydropsyche saxonica;5602;0,8;;;108000004;;
KS2;;10.04.2014;Halesus digitatus/radiatus/tesselatus;13125;13,6;;;108000004;;
KS2;;10.04.2014;Potamophylax cingulatus cingulatus;6521;0,8;;;108000004;;
KS2;;10.04.2014;Chaetopterygini/Stenophylacini Gen. Sp.;10370;116;;;108000004;;
KS2;;10.04.2014;Odontocerum albicorne;6168;2,4;;;108000004;;
KS2;;10.04.2014;Cyrnus trimaculatus;4877;4,8;;;108000004;;
KS2;;10.04.2014;Polycentropus flavomaculatus flavomaculatus;6468;15,2;;;108000004;;
KS2;;10.04.2014;Sericostoma flavicorne/personatum;9747;24,8;;;108000004;;
KS2;;15.04.2015;Deronectes latus Ad.;11829;4;;;108000004;;
KS2;;15.04.2015;Elmis sp. Lv.;5095;24;;;108000004;;
KS2;;15.04.2015;Esolus sp. Lv.;5169;12;;;108000004;;
KS2;;15.04.2015;Limnius perrisi Lv.;5852;8;;;108000004;;
KS2;;15.04.2015;Limnius volckmari Lv.;5854;44;;;108000004;;
KS2;;15.04.2015;Oulimnius tuberculatus Ad.;12105;4;;;108000004;;
KS2;;15.04.2015;Oulimnius tuberculatus Lv.;6261;68;;;108000004;;
KS2;;15.04.2015;Hydraena gracilis Ad.;5514;4;;;108000004;;
KS2;;15.04.2015;Hydraena reyi Ad.;5526;4;;;108000004;;
KS2;;15.04.2015;Hydrocyphon deflexicollis Lv.;14053;48,8;;;108000004;;
KS2;;15.04.2015;Atherix/Ibisia sp.;20196;12,8;;;108000004;;
KS2;;15.04.2015;Ceratopogoninae Gen. sp.;10725;16;;;108000004;;
KS2;;15.04.2015;Chironomidae Gen. sp.;4642;129,6;;;108000004;;
KS2;;15.04.2015;Chironomini Gen. sp.;4644;4;;;108000004;;
KS2;;15.04.2015;Tanypodinae Gen. sp.;6972;68;;;108000004;;
KS2;;15.04.2015;Dicranota sp.;4955;4;;;108000004;;
KS2;;15.04.2015;Prosimulium sp.;6591;1,6;;;108000004;;
KS2;;15.04.2015;Simulium sp.;6853;44,8;;;108000004;;
KS2;;15.04.2015;Tabanidae Gen. sp.;8485;8,8;;;108000004;;
KS2;;15.04.2015;Baetis muticus;4409;16;;;108000004;;
KS2;;15.04.2015;Baetis rhodani;4415;52;;;108000004;;
KS2;;15.04.2015;Baetis niger;4410;96,8;;;108000004;;
KS2;;15.04.2015;Centroptilum luteolum;8850;4;;;108000004;;
KS2;;15.04.2015;Baetis sp.;4419;12;;;108000004;;
KS2;;15.04.2015;Ephemera danica;5124;216,8;;;108000004;;
KS2;;15.04.2015;Ecdyonurus venosus-Gr.;5059;16;;;108000004;;
KS2;;15.04.2015;Rhithrogena semicolorata-Gr.;6745;12,8;;;108000004;;
KS2;;15.04.2015;Habroleptoides confusa;5367;34,8;;;108000004;;
KS2;;15.04.2015;Habrophlebia lauta;5370;204;;;108000004;;
KS2;;15.04.2015;Ancylus fluviatilis;4310;4,8;;;108000004;;
KS2;;15.04.2015;Corixinae Gen. sp.;4747;24;;;108000004;;
KS2;;15.04.2015;Pyrrhosoma nymphula;6667;0,8;;;108000004;;
KS2;;15.04.2015;Stylodrilus heringianus;6935;4;;;108000004;;
KS2;;15.04.2015;Oligochaeta Gen. sp.;8736;28;;;108000004;;
KS2;;15.04.2015;Siphonoperla sp.;6867;4;;;108000004;;
KS2;;15.04.2015;Leuctra sp.;5790;8;;;108000004;;
KS2;;15.04.2015;Amphinemura sp.;4293;8;;;108000004;;
KS2;;15.04.2015;Nemoura sp.;6108;50,4;;;108000004;;
KS2;;15.04.2015;Protonemura sp.;6616;20;;;108000004;;
KS2;;15.04.2015;Chaetopterygini/Stenophylacini Gen. Sp.;10370;88;;;108000004;;
KS2;;15.04.2015;Odontocerum albicorne;6168;22,4;;;108000004;;
KS2;;15.04.2015;Polycentropus flavomaculatus flavomaculatus;6468;8;;;108000004;;
KS2;;15.04.2015;Sericostoma flavicorne/personatum;9747;56;;;108000004;;
KS2;;08.04.2016;Pisidium sp.;6425;5,333333333;;;108000004;;
KS2;;08.04.2016;Deronectes latus Ad.;11829;3,466666667;;;108000004;;
KS2;;08.04.2016;Elmis sp. Lv.;5095;5,333333333;;;108000004;;
KS2;;08.04.2016;Limnius perrisi Lv.;5852;8;;;108000004;;
KS2;;08.04.2016;Limnius volckmari Lv.;5854;75,46666667;;;108000004;;
KS2;;08.04.2016;Oulimnius tuberculatus Ad.;12105;2,666666667;;;108000004;;
KS2;;08.04.2016;Oulimnius tuberculatus Lv.;6261;18,66666667;;;108000004;;
KS2;;08.04.2016;Orectochilus villosus Lv.;6200;8;;;108000004;;
KS2;;08.04.2016;Anacaena globulus Ad.;9544;2,666666667;;;108000004;;
KS2;;08.04.2016;Laccobius striatulus Ad.;9590;2,666666667;;;108000004;;
KS2;;08.04.2016;Hydrocyphon deflexicollis Lv.;14053;10,66666667;;;108000004;;
KS2;;08.04.2016;Atherix/Ibisia sp.;20196;10,66666667;;;108000004;;
KS2;;08.04.2016;Ceratopogoninae Gen. sp.;10725;29,33333333;;;108000004;;
KS2;;08.04.2016;Chironomidae Gen. sp.;4642;104;;;108000004;;
KS2;;08.04.2016;Chironomini Gen. sp.;4644;8;;;108000004;;
KS2;;08.04.2016;Tanypodinae Gen. sp.;6972;37,33333333;;;108000004;;
KS2;;08.04.2016;Eloeophila sp.;9654;5,333333333;;;108000004;;
KS2;;08.04.2016;Prosimulium sp.;6591;16;;;108000004;;
KS2;;08.04.2016;Simulium sp.;6853;64;;;108000004;;
KS2;;08.04.2016;Simulium vernum;7842;13,33333333;;;108000004;;
KS2;;08.04.2016;Tabanidae Gen. sp.;8485;26,66666667;;;108000004;;
KS2;;08.04.2016;Baetis muticus;4409;5,333333333;;;108000004;;
KS2;;08.04.2016;Baetis rhodani;4415;60,26666667;;;108000004;;
KS2;;08.04.2016;Baetis vernus;4427;5,333333333;;;108000004;;
KS2;;08.04.2016;Baetis niger;4410;19,46666667;;;108000004;;
KS2;;08.04.2016;Centroptilum luteolum;8850;2,666666667;;;108000004;;
KS2;;08.04.2016;Baetis sp.;4419;8;;;108000004;;
KS2;;08.04.2016;Ephemera danica;5124;121,3333333;;;108000004;;
KS2;;08.04.2016;Ecdyonurus venosus-Gr.;5059;8;;;108000004;;
KS2;;08.04.2016;Rhithrogena semicolorata-Gr.;6745;8;;;108000004;;
KS2;;08.04.2016;Habroleptoides confusa;5367;32,8;;;108000004;;
KS2;;08.04.2016;Habrophlebia lauta;5370;5,333333333;;;108000004;;
KS2;;08.04.2016;Paraleptophlebia submarginata;6309;8;;;108000004;;
KS2;;08.04.2016;Radix balthica;16959;5,333333333;;;108000004;;
KS2;;08.04.2016;Ancylus fluviatilis;4310;8;;;108000004;;
KS2;;08.04.2016;Corixinae Gen. sp.;4747;2,666666667;;;108000004;;
KS2;;08.04.2016;Helobdella stagnalis;5413;3,466666667;;;108000004;;
KS2;;08.04.2016;Sialis lutaria;6822;2,666666667;;;108000004;;
KS2;;08.04.2016;Calopteryx virgo;4532;3,466666667;;;108000004;;
KS2;;08.04.2016;Platycnemis pennipes;6438;2,666666667;;;108000004;;
KS2;;08.04.2016;Stylodrilus heringianus;6935;2,666666667;;;108000004;;
KS2;;08.04.2016;Siphonoperla sp.;6867;11,46666667;;;108000004;;
KS2;;08.04.2016;Leuctra sp.;5790;2,666666667;;;108000004;;
KS2;;08.04.2016;Amphinemura sp.;4293;5,333333333;;;108000004;;
KS2;;08.04.2016;Nemoura sp.;6108;21,33333333;;;108000004;;
KS2;;08.04.2016;Protonemura sp.;6616;2,666666667;;;108000004;;
KS2;;08.04.2016;Isoperla sp.;5673;8;;;108000004;;
KS2;;08.04.2016;Hydropsyche saxonica;5602;2,666666667;;;108000004;;
KS2;;08.04.2016;Hydroptila sp.;5616;5,333333333;;;108000004;;
KS2;;08.04.2016;Chaetopterygini/Stenophylacini Gen. Sp.;10370;18,66666667;;;108000004;;
KS2;;08.04.2016;Odontocerum albicorne;6168;8;;;108000004;;
KS2;;08.04.2016;Cyrnus trimaculatus;4877;5,333333333;;;108000004;;
KS2;;08.04.2016;Polycentropus flavomaculatus flavomaculatus;6468;18,7;;;108000004;;
KS2;;08.04.2016;Sericostoma flavicorne/personatum;9747;13,33333333;;;108000004;;
KS2;;13.04.2017;Pisidium sp.;6425;14,4;;;108000004;;
KS2;;13.04.2017;Deronectes latus Ad.;11829;5,6;;;108000004;;
KS2;;13.04.2017;Elmis aenea/maugetii Ad.;14418;4,8;;;108000004;;
KS2;;13.04.2017;Esolus parallelepipedus Ad.;12082;4,8;;;108000004;;
KS2;;13.04.2017;Esolus sp. Lv.;5169;19,2;;;108000004;;
KS2;;13.04.2017;Limnius perrisi Lv.;5852;9,6;;;108000004;;
KS2;;13.04.2017;Limnius volckmari Ad.;12094;9,6;;;108000004;;
KS2;;13.04.2017;Limnius volckmari Lv.;5854;110,4;;;108000004;;
KS2;;13.04.2017;Oulimnius tuberculatus Ad.;12105;91,2;;;108000004;;
KS2;;13.04.2017;Oulimnius tuberculatus Lv.;6261;100,8;;;108000004;;
KS2;;13.04.2017;Hydraena gracilis Ad.;5514;9,6;;;108000004;;
KS2;;13.04.2017;Anacaena globulus Ad.;9544;0,8;;;108000004;;
KS2;;13.04.2017;Hydrocyphon deflexicollis Lv.;14053;28,8;;;108000004;;
KS2;;13.04.2017;Atherix/Ibisia sp.;20196;14,4;;;108000004;;
KS2;;13.04.2017;Ceratopogoninae Gen. sp.;10725;9,6;;;108000004;;
KS2;;13.04.2017;Chironomidae Gen. sp.;4642;111,2;;;108000004;;
KS2;;13.04.2017;Chironomini Gen. sp.;4644;4,8;;;108000004;;
KS2;;13.04.2017;Tanypodinae Gen. sp.;6972;63,2;;;108000004;;
KS2;;13.04.2017;Tanytarsini Gen. sp.;6977;4,8;;;108000004;;
KS2;;13.04.2017;Prosimulium sp.;6591;4,8;;;108000004;;
KS2;;13.04.2017;Simulium sp.;6853;192,8;;;108000004;;
KS2;;13.04.2017;Simulium vernum;7842;29,6;;;108000004;;
KS2;;13.04.2017;Tabanidae Gen. sp.;8485;9,6;;;108000004;;
KS2;;13.04.2017;Baetis rhodani;4415;10;;;108000004;;
KS2;;13.04.2017;Baetis niger;4410;34;;;108000004;;
KS2;;13.04.2017;Centroptilum luteolum;8850;34;;;108000004;;
KS2;;13.04.2017;Baetis sp.;4419;15;;;108000004;;
KS2;;13.04.2017;Ephemera danica;5124;139,2;;;108000004;;
KS2;;13.04.2017;Ecdyonurus venosus-Gr.;5059;5,6;;;108000004;;
KS2;;13.04.2017;Habroleptoides confusa;5367;42;;;108000004;;
KS2;;13.04.2017;Habrophlebia lauta;5370;90;;;108000004;;
KS2;;13.04.2017;Paraleptophlebia submarginata;6309;8,8;;;108000004;;
KS2;;13.04.2017;Ancylus fluviatilis;4310;30,4;;;108000004;;
KS2;;13.04.2017;Helobdella stagnalis;5413;15,2;;;108000004;;
KS2;;13.04.2017;Calopteryx virgo;4532;0,8;;;108000004;;
KS2;;13.04.2017;Cordulegaster boltonii;4740;1,6;;;108000004;;
KS2;;13.04.2017;Eiseniella tetraedra;5075;4,8;;;108000004;;
KS2;;13.04.2017;Lumbriculidae Gen. Sp.;7490;14,4;;;108000004;;
KS2;;13.04.2017;Siphonoperla sp.;6867;19,2;;;108000004;;
KS2;;13.04.2017;Nemoura sp.;6108;97,6;;;108000004;;
KS2;;13.04.2017;Brachyptera risi;4487;4,8;;;108000004;;
KS2;;13.04.2017;Halesus digitatus/radiatus/tesselatus;13125;19,2;;;108000004;;
KS2;;13.04.2017;Limnephilus rhombicus rhombicus;5841;11,2;;;108000004;;
KS2;;13.04.2017;Chaetopterygini/Stenophylacini Gen. Sp.;10370;101,6;;;108000004;;
KS2;;13.04.2017;Odontocerum albicorne;6168;9,6;;;108000004;;
KS2;;13.04.2017;Polycentropus flavomaculatus flavomaculatus;6468;25,6;;;108000004;;
KS2;;13.04.2017;Sericostoma flavicorne/personatum;9747;20;;;108000004;;
KS2;;18.04.2018;Pisidium sp.;6425;8;;;108000004;;
KS2;;18.04.2018;Deronectes latus Ad.;11829;4,8;;;108000004;;
KS2;;18.04.2018;Elmis aenea/maugetii Ad.;14418;4;;;108000004;;
KS2;;18.04.2018;Elmis sp. Lv.;5095;16;;;108000004;;
KS2;;18.04.2018;Esolus sp. Lv.;5169;36;;;108000004;;
KS2;;18.04.2018;Limnius perrisi Lv.;5852;4;;;108000004;;
KS2;;18.04.2018;Limnius volckmari Lv.;5854;52;;;108000004;;
KS2;;18.04.2018;Oulimnius tuberculatus Ad.;12105;68;;;108000004;;
KS2;;18.04.2018;Oulimnius tuberculatus Lv.;6261;76;;;108000004;;
KS2;;18.04.2018;Orectochilus villosus Lv.;6200;16,8;;;108000004;;
KS2;;18.04.2018;Hydraena gracilis Ad.;5514;8;;;108000004;;
KS2;;18.04.2018;Anacaena globulus Ad.;9544;4;;;108000004;;
KS2;;18.04.2018;Hydrocyphon deflexicollis Lv.;14053;68;;;108000004;;
KS2;;18.04.2018;Atherix/Ibisia sp.;20196;8;;;108000004;;
KS2;;18.04.2018;Ceratopogoninae Gen. sp.;10725;28;;;108000004;;
KS2;;18.04.2018;Chironomidae Gen. sp.;4642;312;;;108000004;;
KS2;;18.04.2018;Chironomini Gen. sp.;4644;4;;;108000004;;
KS2;;18.04.2018;Tanypodinae Gen. sp.;6972;64;;;108000004;;
KS2;;18.04.2018;Eloeophila sp.;9654;8;;;108000004;;
KS2;;18.04.2018;Dicranota sp.;4955;4;;;108000004;;
KS2;;18.04.2018;Prosimulium sp.;6591;28;;;108000004;;
KS2;;18.04.2018;Simulium sp.;6853;32;;;108000004;;
KS2;;18.04.2018;Simulium vernum;7842;8;;;108000004;;
KS2;;18.04.2018;Baetis rhodani;4415;97,6;;;108000004;;
KS2;;18.04.2018;Baetis sp.;4419;116;;;108000004;;
KS2;;18.04.2018;Ephemera danica;5124;53,6;;;108000004;;
KS2;;18.04.2018;Ecdyonurus venosus-Gr.;5059;20;;;108000004;;
KS2;;18.04.2018;Rhithrogena semicolorata-Gr.;6745;5,6;;;108000004;;
KS2;;18.04.2018;Habrophlebia lauta;5370;113;;;108000004;;
KS2;;18.04.2018;Paraleptophlebia submarginata;6309;2,4;;;108000004;;
KS2;;18.04.2018;Radix balthica;16959;4;;;108000004;;
KS2;;18.04.2018;Corixinae Gen. sp.;4747;16;;;108000004;;
KS2;;18.04.2018;Helobdella stagnalis;5413;8;;;108000004;;
KS2;;18.04.2018;Sialis fuliginosa;6821;0,8;;;108000004;;
KS2;;18.04.2018;Calopteryx splendens;4530;0,8;;;108000004;;
KS2;;18.04.2018;Pyrrhosoma nymphula;6667;3,2;;;108000004;;
KS2;;18.04.2018;Cordulegaster boltonii;4740;0,8;;;108000004;;
KS2;;18.04.2018;Eiseniella tetraedra;5075;4;;;108000004;;
KS2;;18.04.2018;Lumbriculidae Gen. Sp.;7490;12,8;;;108000004;;
KS2;;18.04.2018;Oligochaeta Gen. sp.;8736;4;;;108000004;;
KS2;;18.04.2018;Siphonoperla sp.;6867;8,8;;;108000004;;
KS2;;18.04.2018;Leuctra sp.;5790;20;;;108000004;;
KS2;;18.04.2018;Nemoura sp.;6108;44,8;;;108000004;;
KS2;;18.04.2018;Isoperla sp.;5673;0,8;;;108000004;;
KS2;;18.04.2018;Hydropsyche pellucidula;5601;8;;;108000004;;
KS2;;18.04.2018;Halesus digitatus/radiatus/tesselatus;13125;2,4;;;108000004;;
KS2;;18.04.2018;Chaetopterygini/Stenophylacini Gen. Sp.;10370;60;;;108000004;;
KS2;;18.04.2018;Odontocerum albicorne;6168;17,6;;;108000004;;
KS2;;18.04.2018;Cyrnus trimaculatus;4877;8;;;108000004;;
KS2;;18.04.2018;Polycentropus flavomaculatus flavomaculatus;6468;8;;;108000004;;
KS2;;18.04.2018;Sericostoma flavicorne/personatum;9747;32;;;108000004;;
KS2;;18.04.2018;Dugesia sp.;5021;0,8;;;108000004;;
KS2;;08.04.2019;Deronectes latus Ad.;11829;4;;;108000004;;
KS2;;08.04.2019;Elmis sp. Lv.;5095;4;;;108000004;;
KS2;;08.04.2019;Limnius volckmari Lv.;5854;20;;;108000004;;
KS2;;08.04.2019;Oulimnius tuberculatus Ad.;12105;64;;;108000004;;
KS2;;08.04.2019;Oulimnius tuberculatus Lv.;6261;72;;;108000004;;
KS2;;08.04.2019;Orectochilus villosus Lv.;6200;0,8;;;108000004;;
KS2;;08.04.2019;Anacaena globulus Ad.;9544;8;;;108000004;;
KS2;;08.04.2019;Hydrocyphon deflexicollis Lv.;14053;8;;;108000004;;
KS2;;08.04.2019;Ceratopogoninae Gen. sp.;10725;4;;;108000004;;
KS2;;08.04.2019;Chironomidae Gen. sp.;4642;162,4;;;108000004;;
KS2;;08.04.2019;Chironomini Gen. sp.;4644;8;;;108000004;;
KS2;;08.04.2019;Prodiamesa olivacea;6583;4;;;108000004;;
KS2;;08.04.2019;Tanypodinae Gen. sp.;6972;176;;;108000004;;
KS2;;08.04.2019;Tanytarsini Gen. sp.;6977;12;;;108000004;;
KS2;;08.04.2019;Eloeophila sp.;9654;12;;;108000004;;
KS2;;08.04.2019;Lispe sp.;7739;4;;;108000004;;
KS2;;08.04.2019;Pilaria sp.;6403;4;;;108000004;;
KS2;;08.04.2019;Prosimulium sp.;6591;33,6;;;108000004;;
KS2;;08.04.2019;Simulium sp.;6853;76;;;108000004;;
KS2;;08.04.2019;Tabanidae Gen. sp.;8485;24;;;108000004;;
KS2;;08.04.2019;Baetis sp.;4419;12;;;108000004;;
KS2;;08.04.2019;Ephemera danica;5124;104;;;108000004;;
KS2;;08.04.2019;Ecdyonurus venosus-Gr.;5059;0,8;;;108000004;;
KS2;;08.04.2019;Habroleptoides confusa;5367;0,8;;;108000004;;
KS2;;08.04.2019;Habrophlebia lauta;5370;64;;;108000004;;
KS2;;08.04.2019;Siphlonurus sp.;6864;0,8;;;108000004;;
KS2;;08.04.2019;Radix balthica;16959;8;;;108000004;;
KS2;;08.04.2019;Erpobdella testacea;5161;4;;;108000004;;
KS2;;08.04.2019;Sialis fuliginosa;6821;24,8;;;108000004;;
KS2;;08.04.2019;Calopteryx splendens;4530;4,8;;;108000004;;
KS2;;08.04.2019;Calopteryx virgo;4532;4,8;;;108000004;;
KS2;;08.04.2019;Pyrrhosoma nymphula;6667;2,4;;;108000004;;
KS2;;08.04.2019;Cordulegaster boltonii;4740;4,8;;;108000004;;
KS2;;08.04.2019;Platycnemis pennipes;6438;28;;;108000004;;
KS2;;08.04.2019;Eiseniella tetraedra;5075;12;;;108000004;;
KS2;;08.04.2019;Oligochaeta Gen. sp.;8736;16;;;108000004;;
KS2;;08.04.2019;Siphonoperla sp.;6867;4;;;108000004;;
KS2;;08.04.2019;Nemoura sp.;6108;244;;;108000004;;
KS2;;08.04.2019;Isoperla sp.;5673;4;;;108000004;;
KS2;;08.04.2019;Brachyptera risi;4487;52;;;108000004;;
KS2;;08.04.2019;Halesus digitatus/radiatus/tesselatus;13125;1,6;;;108000004;;
KS2;;08.04.2019;Limnephilus rhombicus rhombicus;5841;12;;;108000004;;
KS2;;08.04.2019;Chaetopterygini/Stenophylacini Gen. Sp.;10370;232;;;108000004;;
KS2;;08.04.2019;Odontocerum albicorne;6168;1,6;;;108000004;;
KS2;;08.04.2019;Cyrnus trimaculatus;4877;20;;;108000004;;
KS2;;08.04.2019;Polycentropus flavomaculatus flavomaculatus;6468;4;;;108000004;;
KS2;;08.04.2019;Sericostoma flavicorne/personatum;9747;0,8;;;108000004;;
H2;;14.04.2010;Pisidium sp.;6425;0,8;;;108000005;;
H2;;14.04.2010;Elmis aenea/maugetii Ad.;14418;6,4;;;108000005;;
H2;;14.04.2010;Elmis sp. Lv.;5095;12,8;;;108000005;;
H2;;14.04.2010;Esolus sp. Lv.;5169;0,8;;;108000005;;
H2;;14.04.2010;Limnius volckmari Ad.;12094;1,6;;;108000005;;
H2;;14.04.2010;Limnius volckmari Lv.;5854;15,2;;;108000005;;
H2;;14.04.2010;Oulimnius tuberculatus Ad.;12105;2,4;;;108000005;;
H2;;14.04.2010;Orectochilus villosus Lv.;6200;6,4;;;108000005;;
H2;;14.04.2010;Hydraena gracilis Ad.;5514;6,4;;;108000005;;
H2;;14.04.2010;Hydrocyphon deflexicollis Lv.;14053;9,6;;;108000005;;
H2;;14.04.2010;Atherix/Ibisia sp.;20196;3,2;;;108000005;;
H2;;14.04.2010;Ceratopogoninae Gen. sp.;10725;3,2;;;108000005;;
H2;;14.04.2010;Chironomidae Gen. sp.;4642;29,6;;;108000005;;
H2;;14.04.2010;Clinocerinae Gen. sp.;19847;0,8;;;108000005;;
H2;;14.04.2010;Eloeophila sp.;9654;4;;;108000005;;
H2;;14.04.2010;Prosimulium sp.;6591;2,4;;;108000005;;
H2;;14.04.2010;Simulium sp.;6853;7,2;;;108000005;;
H2;;14.04.2010;Tipula sp.;7077;0,8;;;108000005;;
H2;;14.04.2010;Baetis rhodani;4415;30,4;;;108000005;;
H2;;14.04.2010;Baetis niger;4410;0,8;;;108000005;;
H2;;14.04.2010;Baetis sp.;4419;8;;;108000005;;
H2;;14.04.2010;Ephemera danica;5124;3,2;;;108000005;;
H2;;14.04.2010;Ecdyonurus venosus-Gr.;5059;14,4;;;108000005;;
H2;;14.04.2010;Epeorus assimilis;12550;6,4;;;108000005;;
H2;;14.04.2010;Rhithrogena semicolorata-Gr.;6745;25,6;;;108000005;;
H2;;14.04.2010;Habroleptoides confusa;5367;12,8;;;108000005;;
H2;;14.04.2010;Eiseniella tetraedra;5075;3,2;;;108000005;;
H2;;14.04.2010;Stylodrilus heringianus;6935;0,8;;;108000005;;
H2;;14.04.2010;Chloroperla sp.;4671;2,4;;;108000005;;
H2;;14.04.2010;Siphonoperla sp.;6867;4,8;;;108000005;;
H2;;14.04.2010;Leuctra sp.;5790;0,8;;;108000005;;
H2;;14.04.2010;Nemoura sp.;6108;1,6;;;108000005;;
H2;;14.04.2010;Protonemura sp.;6616;2,4;;;108000005;;
H2;;14.04.2010;Perla marginata;6370;5,6;;;108000005;;
H2;;14.04.2010;Isoperla sp.;5673;0,8;;;108000005;;
H2;;14.04.2010;Brachyptera risi;4487;11,2;;;108000005;;
H2;;14.04.2010;Micrasema longulum;5983;1,6;;;108000005;;
H2;;14.04.2010;Agapetus ochripes;4253;0,8;;;108000005;;
H2;;14.04.2010;Hydropsyche pellucidula;5601;6,4;;;108000005;;
H2;;14.04.2010;Hydropsyche siltalai;5604;0,8;;;108000005;;
H2;;14.04.2010;Athripsodes bilineatus bilineatus;4368;3,2;;;108000005;;
H2;;14.04.2010;Anomalopterygella chauviniana;4327;0,8;;;108000005;;
H2;;14.04.2010;Chaetopterygini/Stenophylacini Gen. Sp.;10370;0,8;;;108000005;;
H2;;14.04.2010;Odontocerum albicorne;6168;0,8;;;108000005;;
H2;;14.04.2010;Polycentropus flavomaculatus flavomaculatus;6468;0,8;;;108000005;;
H2;;14.04.2010;Rhyacophila dorsalis/nubila;19110;3,2;;;108000005;;
H2;;14.04.2010;Sericostoma flavicorne/personatum;9747;4;;;108000005;;
H2;;15.04.2011;Deronectes latus Ad.;11829;0,8;;;108000005;;
H2;;15.04.2011;Elmis aenea/maugetii Ad.;14418;18,4;;;108000005;;
H2;;15.04.2011;Elmis sp. Lv.;5095;0,8;;;108000005;;
H2;;15.04.2011;Esolus parallelepipedus Ad.;12082;0,8;;;108000005;;
H2;;15.04.2011;Esolus sp. Lv.;5169;0,8;;;108000005;;
H2;;15.04.2011;Limnius volckmari Ad.;12094;1,6;;;108000005;;
H2;;15.04.2011;Limnius volckmari Lv.;5854;2,4;;;108000005;;
H2;;15.04.2011;Oulimnius tuberculatus Ad.;12105;2,4;;;108000005;;
H2;;15.04.2011;Oulimnius tuberculatus Lv.;6261;1,6;;;108000005;;
H2;;15.04.2011;Orectochilus villosus Lv.;6200;4;;;108000005;;
H2;;15.04.2011;Hydraena gracilis Ad.;5514;5,6;;;108000005;;
H2;;15.04.2011;Hydrocyphon deflexicollis Lv.;14053;1,6;;;108000005;;
H2;;15.04.2011;Atherix/Ibisia sp.;20196;5,6;;;108000005;;
H2;;15.04.2011;Chironomidae Gen. sp.;4642;27,2;;;108000005;;
H2;;15.04.2011;Tanypodinae Gen. sp.;6972;6,4;;;108000005;;
H2;;15.04.2011;Limoniidae Gen. sp.;8483;0,8;;;108000005;;
H2;;15.04.2011;Prosimulium sp.;6591;10,4;;;108000005;;
H2;;15.04.2011;Simulium sp.;6853;79,2;;;108000005;;
H2;;15.04.2011;Simulium vernum;7842;0,8;;;108000005;;
H2;;15.04.2011;Tabanidae Gen. sp.;8485;1,6;;;108000005;;
H2;;15.04.2011;Baetis rhodani;4415;91,2;;;108000005;;
H2;;15.04.2011;Baetis vernus;4427;4;;;108000005;;
H2;;15.04.2011;Baetis niger;4410;4;;;108000005;;
H2;;15.04.2011;Baetis sp.;4419;40;;;108000005;;
H2;;15.04.2011;Torleya major;7083;0,8;;;108000005;;
H2;;15.04.2011;Ephemera danica;5124;1,6;;;108000005;;
H2;;15.04.2011;Ecdyonurus venosus-Gr.;5059;27;;;108000005;;
H2;;15.04.2011;Electrogena sp.;5083;12,8;;;108000005;;
H2;;15.04.2011;Epeorus assimilis;12550;3,2;;;108000005;;
H2;;15.04.2011;Rhithrogena semicolorata-Gr.;6745;33;;;108000005;;
H2;;15.04.2011;Habroleptoides confusa;5367;24,8;;;108000005;;
H2;;15.04.2011;Habrophlebia lauta;5370;1,6;;;108000005;;
H2;;15.04.2011;Chloroperla sp.;4671;5,6;;;108000005;;
H2;;15.04.2011;Siphonoperla sp.;6867;20;;;108000005;;
H2;;15.04.2011;Amphinemura sp.;4293;1,6;;;108000005;;
H2;;15.04.2011;Protonemura sp.;6616;8,8;;;108000005;;
H2;;15.04.2011;Perla marginata;6370;3,2;;;108000005;;
H2;;15.04.2011;Isoperla sp.;5673;7,2;;;108000005;;
H2;;15.04.2011;Perlodes microcephalus;6376;0,8;;;108000005;;
H2;;15.04.2011;Brachyptera risi;4487;8,8;;;108000005;;
H2;;15.04.2011;Silo piceus;6835;0,8;;;108000005;;
H2;;15.04.2011;Hydropsyche pellucidula;5601;15,4;;;108000005;;
H2;;15.04.2011;Hydropsyche siltalai;5604;15,4;;;108000005;;
H2;;15.04.2011;Lepidostoma hirtum;5723;2,4;;;108000005;;
H2;;15.04.2011;Chaetopterygini/Stenophylacini Gen. Sp.;10370;4;;;108000005;;
H2;;15.04.2011;Cyrnus trimaculatus;4877;0,8;;;108000005;;
H2;;15.04.2011;Rhyacophila dorsalis/nubila;19110;0,8;;;108000005;;
H2;;15.04.2011;Sericostoma flavicorne/personatum;9747;6,4;;;108000005;;
H2;;13.04.2012;Elmis aenea/maugetii Ad.;14418;45,37142857;;;108000005;;
H2;;13.04.2012;Elmis sp. Lv.;5095;48;;;108000005;;
H2;;13.04.2012;Esolus sp. Lv.;5169;10,28571429;;;108000005;;
H2;;13.04.2012;Limnius volckmari Lv.;5854;10,28571429;;;108000005;;
H2;;13.04.2012;Oulimnius tuberculatus Ad.;12105;10,28571429;;;108000005;;
H2;;13.04.2012;Oulimnius tuberculatus Lv.;6261;92,57142857;;;108000005;;
H2;;13.04.2012;Orectochilus villosus Lv.;6200;4,228571429;;;108000005;;
H2;;13.04.2012;Hydrocyphon deflexicollis Lv.;14053;34,28571429;;;108000005;;
H2;;13.04.2012;Atherix/Ibisia sp.;20196;6,857142857;;;108000005;;
H2;;13.04.2012;Ceratopogoninae Gen. sp.;10725;13,71428571;;;108000005;;
H2;;13.04.2012;Chironomidae Gen. sp.;4642;137,1428571;;;108000005;;
H2;;13.04.2012;Chironomini Gen. sp.;4644;10,28571429;;;108000005;;
H2;;13.04.2012;Tanypodinae Gen. sp.;6972;30,85714286;;;108000005;;
H2;;13.04.2012;Tanytarsini Gen. sp.;6977;48;;;108000005;;
H2;;13.04.2012;Hemerodromia sp.;5442;3,428571429;;;108000005;;
H2;;13.04.2012;Antocha sp.;4330;6,857142857;;;108000005;;
H2;;13.04.2012;Eloeophila sp.;9654;3,428571429;;;108000005;;
H2;;13.04.2012;Dicranota sp.;4955;20,57142857;;;108000005;;
H2;;13.04.2012;Prosimulium sp.;6591;0,8;;;108000005;;
H2;;13.04.2012;Simulium sp.;6853;78,85714286;;;108000005;;
H2;;13.04.2012;Tabanidae Gen. sp.;8485;10,28571429;;;108000005;;
H2;;13.04.2012;Baetis rhodani;4415;170;;;108000005;;
H2;;13.04.2012;Baetis sp.;4419;58;;;108000005;;
H2;;13.04.2012;Caenis luctuosa;4521;1,6;;;108000005;;
H2;;13.04.2012;Torleya major;7083;6,857142857;;;108000005;;
H2;;13.04.2012;Ephemera danica;5124;21,37142857;;;108000005;;
H2;;13.04.2012;Ecdyonurus venosus-Gr.;5059;76;;;108000005;;
H2;;13.04.2012;Epeorus assimilis;12550;5,028571429;;;108000005;;
H2;;13.04.2012;Rhithrogena semicolorata-Gr.;6745;34;;;108000005;;
H2;;13.04.2012;Habroleptoides confusa;5367;88;;;108000005;;
H2;;13.04.2012;Radix balthica;16959;3,428571429;;;108000005;;
H2;;13.04.2012;Calopteryx virgo;4532;0,8;;;108000005;;
H2;;13.04.2012;Cordulegaster boltonii;4740;0,8;;;108000005;;
H2;;13.04.2012;Stylodrilus heringianus;6935;0,8;;;108000005;;
H2;;13.04.2012;Oligochaeta Gen. sp.;8736;6,857142857;;;108000005;;
H2;;13.04.2012;Siphonoperla sp.;6867;17,14285714;;;108000005;;
H2;;13.04.2012;Perla marginata;6370;7,428571429;;;108000005;;
H2;;13.04.2012;Isoperla sp.;5673;4,228571429;;;108000005;;
H2;;13.04.2012;Brachyptera risi;4487;0,8;;;108000005;;
H2;;13.04.2012;Hydropsyche pellucidula;5601;63,7;;;108000005;;
H2;;13.04.2012;Hydropsyche siltalai;5604;7;;;108000005;;
H2;;13.04.2012;Hydroptila sp.;5616;3,428571429;;;108000005;;
H2;;13.04.2012;Lepidostoma basale;5713;0,8;;;108000005;;
H2;;13.04.2012;Athripsodes bilineatus bilineatus;4368;41,2;;;108000005;;
H2;;13.04.2012;Chaetopterygini/Stenophylacini Gen. Sp.;10370;10,28571429;;;108000005;;
H2;;13.04.2012;Odontocerum albicorne;6168;3,428571429;;;108000005;;
H2;;13.04.2012;Polycentropus flavomaculatus flavomaculatus;6468;10,28571429;;;108000005;;
H2;;13.04.2012;Polycentropus irroratus;6469;3,428571429;;;108000005;;
H2;;13.04.2012;Sericostoma flavicorne/personatum;9747;14,51428571;;;108000005;;
H2;;15.04.2013;Elmis aenea/maugetii Ad.;14418;18,66666667;;;108000005;;
H2;;15.04.2013;Elmis sp. Lv.;5095;74,66666667;;;108000005;;
H2;;15.04.2013;Esolus parallelepipedus Ad.;12082;16;;;108000005;;
H2;;15.04.2013;Esolus sp. Lv.;5169;16;;;108000005;;
H2;;15.04.2013;Limnius volckmari Ad.;12094;8;;;108000005;;
H2;;15.04.2013;Limnius volckmari Lv.;5854;17,33333333;;;108000005;;
H2;;15.04.2013;Oulimnius tuberculatus Ad.;12105;8;;;108000005;;
H2;;15.04.2013;Oulimnius tuberculatus Lv.;6261;48;;;108000005;;
H2;;15.04.2013;Orectochilus villosus Lv.;6200;8,8;;;108000005;;
H2;;15.04.2013;Hydrocyphon deflexicollis Lv.;14053;50,66666667;;;108000005;;
H2;;15.04.2013;Gammarus pulex;5291;0,8;;;108000005;;
H2;;15.04.2013;Atherix/Ibisia sp.;20196;5,333333333;;;108000005;;
H2;;15.04.2013;Ceratopogoninae Gen. sp.;10725;5,333333333;;;108000005;;
H2;;15.04.2013;Chironomidae Gen. sp.;4642;50,66666667;;;108000005;;
H2;;15.04.2013;Chironomini Gen. sp.;4644;5,333333333;;;108000005;;
H2;;15.04.2013;Tanypodinae Gen. sp.;6972;16;;;108000005;;
H2;;15.04.2013;Antocha sp.;4330;5,333333333;;;108000005;;
H2;;15.04.2013;Dicranota sp.;4955;2,666666667;;;108000005;;
H2;;15.04.2013;Prosimulium sp.;6591;5,333333333;;;108000005;;
H2;;15.04.2013;Simulium sp.;6853;74,4;;;108000005;;
H2;;15.04.2013;Tabanidae Gen. sp.;8485;6,133333333;;;108000005;;
H2;;15.04.2013;Tipula sp.;7077;5,333333333;;;108000005;;
H2;;15.04.2013;Baetis rhodani;4415;88,8;;;108000005;;
H2;;15.04.2013;Baetis sp.;4419;47;;;108000005;;
H2;;15.04.2013;Torleya major;7083;29,33333333;;;108000005;;
H2;;15.04.2013;Ephemera danica;5124;38,13333333;;;108000005;;
H2;;15.04.2013;Ecdyonurus venosus-Gr.;5059;57,6;;;108000005;;
H2;;15.04.2013;Epeorus assimilis;12550;6,933333333;;;108000005;;
H2;;15.04.2013;Rhithrogena semicolorata-Gr.;6745;74,66666667;;;108000005;;
H2;;15.04.2013;Habroleptoides confusa;5367;142;;;108000005;;
H2;;15.04.2013;Radix balthica;16959;2,666666667;;;108000005;;
H2;;15.04.2013;Sialis lutaria;6822;3,5;;;108000005;;
H2;;15.04.2013;Calopteryx virgo;4532;0,8;;;108000005;;
H2;;15.04.2013;Eiseniella tetraedra;5075;2,666666667;;;108000005;;
H2;;15.04.2013;Stylodrilus heringianus;6935;2,666666667;;;108000005;;
H2;;15.04.2013;Oligochaeta Gen. sp.;8736;24;;;108000005;;
H2;;15.04.2013;Chloroperla sp.;4671;2,666666667;;;108000005;;
H2;;15.04.2013;Siphonoperla sp.;6867;21,33333333;;;108000005;;
H2;;15.04.2013;Amphinemura sp.;4293;2,666666667;;;108000005;;
H2;;15.04.2013;Nemoura sp.;6108;27,46666667;;;108000005;;
H2;;15.04.2013;Protonemura sp.;6616;2,666666667;;;108000005;;
H2;;15.04.2013;Perla marginata;6370;1,6;;;108000005;;
H2;;15.04.2013;Perlodes microcephalus;6376;1,6;;;108000005;;
H2;;15.04.2013;Brachyptera risi;4487;3,466666667;;;108000005;;
H2;;15.04.2013;Micrasema longulum;5983;2,666666667;;;108000005;;
H2;;15.04.2013;Silo piceus;6835;2,666666667;;;108000005;;
H2;;15.04.2013;Hydropsyche pellucidula;5601;12,26666667;;;108000005;;
H2;;15.04.2013;Hydropsyche siltalai;5604;8;;;108000005;;
H2;;15.04.2013;Hydroptila sp.;5616;11,46666667;;;108000005;;
H2;;15.04.2013;Lepidostoma basale;5713;8;;;108000005;;
H2;;15.04.2013;Mystacides azurea;6062;5,333333333;;;108000005;;
H2;;15.04.2013;Halesus digitatus/radiatus/tesselatus;13125;22,93333333;;;108000005;;
H2;;15.04.2013;Chaetopterygini/Stenophylacini Gen. Sp.;10370;32;;;108000005;;
H2;;15.04.2013;Polycentropus flavomaculatus flavomaculatus;6468;8;;;108000005;;
H2;;15.04.2013;Lype sp.;8847;2,666666667;;;108000005;;
H2;;15.04.2013;Rhyacophila dorsalis/nubila;19110;5,333333333;;;108000005;;
H2;;15.04.2013;Sericostoma flavicorne/personatum;9747;11,46666667;;;108000005;;
H2;;10.04.2014;Elmis aenea/maugetii Ad.;14418;51,42857143;;;108000005;;
H2;;10.04.2014;Elmis sp. Lv.;5095;17,14285714;;;108000005;;
H2;;10.04.2014;Esolus parallelepipedus Ad.;12082;41,14285714;;;108000005;;
H2;;10.04.2014;Esolus sp. Lv.;5169;24;;;108000005;;
H2;;10.04.2014;Limnius volckmari Ad.;12094;6,857142857;;;108000005;;
H2;;10.04.2014;Limnius volckmari Lv.;5854;34,28571429;;;108000005;;
H2;;10.04.2014;Oulimnius tuberculatus Ad.;12105;61,71428571;;;108000005;;
H2;;10.04.2014;Oulimnius tuberculatus Lv.;6261;109,7142857;;;108000005;;
H2;;10.04.2014;Orectochilus villosus Lv.;6200;4,228571429;;;108000005;;
H2;;10.04.2014;Hydraena gracilis Ad.;5514;6,857142857;;;108000005;;
H2;;10.04.2014;Gammarus pulex;5291;11,88571429;;;108000005;;
H2;;10.04.2014;Atherix/Ibisia sp.;20196;13,71428571;;;108000005;;
H2;;10.04.2014;Ceratopogoninae Gen. sp.;10725;17,14285714;;;108000005;;
H2;;10.04.2014;Chironomidae Gen. sp.;4642;198,8571429;;;108000005;;
H2;;10.04.2014;Chironomini Gen. sp.;4644;20,57142857;;;108000005;;
H2;;10.04.2014;Tanypodinae Gen. sp.;6972;30,85714286;;;108000005;;
H2;;10.04.2014;Tanytarsini Gen. sp.;6977;3,428571429;;;108000005;;
H2;;10.04.2014;Chelifera sp.;4638;6,857142857;;;108000005;;
H2;;10.04.2014;Hemerodromia sp.;5442;3,428571429;;;108000005;;
H2;;10.04.2014;Eloeophila sp.;9654;13,71428571;;;108000005;;
H2;;10.04.2014;Dicranota sp.;4955;3,428571429;;;108000005;;
H2;;10.04.2014;Simulium sp.;6853;17,94285714;;;108000005;;
H2;;10.04.2014;Tabanidae Gen. sp.;8485;30,85714286;;;108000005;;
H2;;10.04.2014;Baetis rhodani;4415;10,9;;;108000005;;
H2;;10.04.2014;Centroptilum luteolum;8850;10,9;;;108000005;;
H2;;10.04.2014;Baetis sp.;4419;19;;;108000005;;
H2;;10.04.2014;Torleya major;7083;10,28571429;;;108000005;;
H2;;10.04.2014;Ephemera danica;5124;28,22857143;;;108000005;;
H2;;10.04.2014;Ecdyonurus venosus-Gr.;5059;24,57142857;;;108000005;;
H2;;10.04.2014;Epeorus assimilis;12550;14,51428571;;;108000005;;
H2;;10.04.2014;Rhithrogena semicolorata-Gr.;6745;6,9;;;108000005;;
H2;;10.04.2014;Habroleptoides confusa;5367;86;;;108000005;;
H2;;10.04.2014;Ancylus fluviatilis;4310;0,8;;;108000005;;
H2;;10.04.2014;Sialis lutaria;6822;6,857142857;;;108000005;;
H2;;10.04.2014;Calopteryx virgo;4532;3,428571429;;;108000005;;
H2;;10.04.2014;Eiseniella tetraedra;5075;3,428571429;;;108000005;;
H2;;10.04.2014;Stylodrilus heringianus;6935;3,428571429;;;108000005;;
H2;;10.04.2014;Oligochaeta Gen. sp.;8736;10,28571429;;;108000005;;
H2;;10.04.2014;Siphonoperla sp.;6867;3,428571429;;;108000005;;
H2;;10.04.2014;Leuctra geniculata;5237;10,28571429;;;108000005;;
H2;;10.04.2014;Nemoura sp.;6108;29,02857143;;;108000005;;
H2;;10.04.2014;Protonemura sp.;6616;3,428571429;;;108000005;;
H2;;10.04.2014;Perla marginata;6370;0,8;;;108000005;;
H2;;10.04.2014;Agapetus ochripes;4253;10;;;108000005;;
H2;;10.04.2014;Silo piceus;6835;6,857142857;;;108000005;;
H2;;10.04.2014;Hydropsyche pellucidula;5601;11,1;;;108000005;;
H2;;10.04.2014;Lepidostoma hirtum;5723;14,51428571;;;108000005;;
H2;;10.04.2014;Mystacides azurea;6062;3,428571429;;;108000005;;
H2;;10.04.2014;Halesus digitatus/radiatus/tesselatus;13125;13,71428571;;;108000005;;
H2;;10.04.2014;Chaetopterygini/Stenophylacini Gen. Sp.;10370;11,08571429;;;108000005;;
H2;;10.04.2014;Cyrnus trimaculatus;4877;3,428571429;;;108000005;;
H2;;10.04.2014;Polycentropus flavomaculatus flavomaculatus;6468;6,2;;;108000005;;
H2;;10.04.2014;Polycentropus irroratus;6469;4,8;;;108000005;;
H2;;10.04.2014;Rhyacophila dorsalis/nubila;19110;4,228571429;;;108000005;;
H2;;10.04.2014;Sericostoma flavicorne/personatum;9747;10,28571429;;;108000005;;
H2;;15.04.2015;Deronectes latus Ad.;11829;0,8;;;108000005;;
H2;;15.04.2015;Elmis aenea/maugetii Ad.;14418;54,8;;;108000005;;
H2;;15.04.2015;Elmis sp. Lv.;5095;48;;;108000005;;
H2;;15.04.2015;Esolus parallelepipedus Ad.;12082;42;;;108000005;;
H2;;15.04.2015;Esolus sp. Lv.;5169;36;;;108000005;;
H2;;15.04.2015;Limnius volckmari Ad.;12094;6;;;108000005;;
H2;;15.04.2015;Limnius volckmari Lv.;5854;12;;;108000005;;
H2;;15.04.2015;Oulimnius tuberculatus Ad.;12105;66;;;108000005;;
H2;;15.04.2015;Oulimnius tuberculatus Lv.;6261;54;;;108000005;;
H2;;15.04.2015;Orectochilus villosus Lv.;6200;29,4;;;108000005;;
H2;;15.04.2015;Hydraena gracilis Ad.;5514;3,8;;;108000005;;
H2;;15.04.2015;Anacaena globulus Ad.;9544;0,8;;;108000005;;
H2;;15.04.2015;Hydrocyphon deflexicollis Lv.;14053;34,6;;;108000005;;
H2;;15.04.2015;Gammarus fossarum;5288;10;;;108000005;;
H2;;15.04.2015;Gammarus pulex;5291;48;;;108000005;;
H2;;15.04.2015;Atherix/Ibisia sp.;20196;3,8;;;108000005;;
H2;;15.04.2015;Ceratopogoninae Gen. sp.;10725;3;;;108000005;;
H2;;15.04.2015;Chironomidae Gen. sp.;4642;51;;;108000005;;
H2;;15.04.2015;Chironomini Gen. sp.;4644;3;;;108000005;;
H2;;15.04.2015;Chelifera sp.;4638;6,8;;;108000005;;
H2;;15.04.2015;Eloeophila sp.;9654;3;;;108000005;;
H2;;15.04.2015;Dicranota sp.;4955;3;;;108000005;;
H2;;15.04.2015;Simulium sp.;6853;9;;;108000005;;
H2;;15.04.2015;Tabanidae Gen. sp.;8485;6;;;108000005;;
H2;;15.04.2015;Baetis muticus;4409;6;;;108000005;;
H2;;15.04.2015;Baetis rhodani;4415;90,8;;;108000005;;
H2;;15.04.2015;Baetis niger;4410;12;;;108000005;;
H2;;15.04.2015;Centroptilum luteolum;8850;6;;;108000005;;
H2;;15.04.2015;Baetis sp.;4419;28;;;108000005;;
H2;;15.04.2015;Torleya major;7083;15,8;;;108000005;;
H2;;15.04.2015;Ephemera danica;5124;9,8;;;108000005;;
H2;;15.04.2015;Ecdyonurus venosus-Gr.;5059;33;;;108000005;;
H2;;15.04.2015;Epeorus assimilis;12550;16,8;;;108000005;;
H2;;15.04.2015;Rhithrogena semicolorata-Gr.;6745;25,6;;;108000005;;
H2;;15.04.2015;Habroleptoides confusa;5367;54;;;108000005;;
H2;;15.04.2015;Radix balthica;16959;12,8;;;108000005;;
H2;;15.04.2015;Ancylus fluviatilis;4310;6;;;108000005;;
H2;;15.04.2015;Calopteryx virgo;4532;3;;;108000005;;
H2;;15.04.2015;Eiseniella tetraedra;5075;3;;;108000005;;
H2;;15.04.2015;Stylodrilus heringianus;6935;36;;;108000005;;
H2;;15.04.2015;Oligochaeta Gen. sp.;8736;12;;;108000005;;
H2;;15.04.2015;Leuctra nigra;5779;3;;;108000005;;
H2;;15.04.2015;Leuctra sp.;5790;6;;;108000005;;
H2;;15.04.2015;Nemoura sp.;6108;3;;;108000005;;
H2;;15.04.2015;Perla marginata;6370;9,8;;;108000005;;
H2;;15.04.2015;Micrasema longulum;5983;0,8;;;108000005;;
H2;;15.04.2015;Agapetus ochripes;4253;39;;;108000005;;
H2;;15.04.2015;Silo piceus;6835;7,6;;;108000005;;
H2;;15.04.2015;Hydropsyche pellucidula;5601;3;;;108000005;;
H2;;15.04.2015;Lepidostoma basale;5713;9,8;;;108000005;;
H2;;15.04.2015;Lepidostoma hirtum;5723;9;;;108000005;;
H2;;15.04.2015;Anomalopterygella chauviniana;4327;0,8;;;108000005;;
H2;;15.04.2015;Halesus digitatus/radiatus/tesselatus;13125;4,6;;;108000005;;
H2;;15.04.2015;Chaetopterygini/Stenophylacini Gen. Sp.;10370;3;;;108000005;;
H2;;15.04.2015;Cyrnus trimaculatus;4877;3;;;108000005;;
H2;;15.04.2015;Plectrocnemia conspersa conspersa;6444;0,8;;;108000005;;
H2;;15.04.2015;Polycentropus flavomaculatus flavomaculatus;6468;21;;;108000005;;
H2;;15.04.2015;Sericostoma flavicorne/personatum;9747;18;;;108000005;;
H2;;15.04.2015;Dugesia sp.;5021;3,8;;;108000005;;
H2;;08.04.2016;Deronectes latus Ad.;11829;1,6;;;108000005;;
H2;;08.04.2016;Nebrioporus elegans Ad.;11997;3,466666667;;;108000005;;
H2;;08.04.2016;Elmis aenea/maugetii Ad.;14418;53,33333333;;;108000005;;
H2;;08.04.2016;Elmis sp. Lv.;5095;13,33333333;;;108000005;;
H2;;08.04.2016;Esolus parallelepipedus Ad.;12082;2,666666667;;;108000005;;
H2;;08.04.2016;Esolus sp. Lv.;5169;37,33333333;;;108000005;;
H2;;08.04.2016;Limnius volckmari Ad.;12094;5,333333333;;;108000005;;
H2;;08.04.2016;Limnius volckmari Lv.;5854;5,333333333;;;108000005;;
H2;;08.04.2016;Oulimnius tuberculatus Ad.;12105;48;;;108000005;;
H2;;08.04.2016;Oulimnius tuberculatus Lv.;6261;61,33333333;;;108000005;;
H2;;08.04.2016;Orectochilus villosus Lv.;6200;24;;;108000005;;
H2;;08.04.2016;Hydraena gracilis Ad.;5514;5,3;;;108000005;;
H2;;08.04.2016;Hydrocyphon deflexicollis Lv.;14053;34,66666667;;;108000005;;
H2;;08.04.2016;Gammarus pulex;5291;60,3;;;108000005;;
H2;;08.04.2016;Atherix/Ibisia sp.;20196;10,66666667;;;108000005;;
H2;;08.04.2016;Ceratopogoninae Gen. sp.;10725;2,666666667;;;108000005;;
H2;;08.04.2016;Chironomidae Gen. sp.;4642;99,46666667;;;108000005;;
H2;;08.04.2016;Chironomini Gen. sp.;4644;2,666666667;;;108000005;;
H2;;08.04.2016;Tanypodinae Gen. sp.;6972;19,46666667;;;108000005;;
H2;;08.04.2016;Dicranota sp.;4955;13,33333333;;;108000005;;
H2;;08.04.2016;Simulium sp.;6853;26,66666667;;;108000005;;
H2;;08.04.2016;Simulium vernum;7842;2,666666667;;;108000005;;
H2;;08.04.2016;Tabanidae Gen. sp.;8485;6,933333333;;;108000005;;
H2;;08.04.2016;Baetis lutheri;4406;5,333333333;;;108000005;;
H2;;08.04.2016;Baetis rhodani;4415;72;;;108000005;;
H2;;08.04.2016;Baetis vernus;4427;16;;;108000005;;
H2;;08.04.2016;Baetis niger;4410;2,666666667;;;108000005;;
H2;;08.04.2016;Centroptilum luteolum;8850;10,66666667;;;108000005;;
H2;;08.04.2016;Baetis sp.;4419;8;;;108000005;;
H2;;08.04.2016;Torleya major;7083;5,333333333;;;108000005;;
H2;;08.04.2016;Ephemera danica;5124;90,66666667;;;108000005;;
H2;;08.04.2016;Ecdyonurus venosus-Gr.;5059;11,2;;;108000005;;
H2;;08.04.2016;Epeorus assimilis;12550;2,666666667;;;108000005;;
H2;;08.04.2016;Rhithrogena semicolorata-Gr.;6745;13,33333333;;;108000005;;
H2;;08.04.2016;Habroleptoides confusa;5367;13,33333333;;;108000005;;
H2;;08.04.2016;Habrophlebia lauta;5370;8;;;108000005;;
H2;;08.04.2016;Paraleptophlebia submarginata;6309;21,33333333;;;108000005;;
H2;;08.04.2016;Sialis fuliginosa;6821;2,666666667;;;108000005;;
H2;;08.04.2016;Sialis lutaria;6822;0,8;;;108000005;;
H2;;08.04.2016;Calopteryx splendens;4530;26;;;108000005;;
H2;;08.04.2016;Calopteryx virgo;4532;0,8;;;108000005;;
H2;;08.04.2016;Eiseniella tetraedra;5075;2,666666667;;;108000005;;
H2;;08.04.2016;Stylodrilus heringianus;6935;3,466666667;;;108000005;;
H2;;08.04.2016;Oligochaeta Gen. sp.;8736;2,666666667;;;108000005;;
H2;;08.04.2016;Siphonoperla sp.;6867;2,666666667;;;108000005;;
H2;;08.04.2016;Leuctra sp.;5790;10,66666667;;;108000005;;
H2;;08.04.2016;Nemoura sp.;6108;5,333333333;;;108000005;;
H2;;08.04.2016;Protonemura sp.;6616;5,333333333;;;108000005;;
H2;;08.04.2016;Perla marginata;6370;7,733333333;;;108000005;;
H2;;08.04.2016;Perlodes microcephalus;6376;0,8;;;108000005;;
H2;;08.04.2016;Brachyptera risi;4487;2,666666667;;;108000005;;
H2;;08.04.2016;Agapetus ochripes;4253;2,666666667;;;108000005;;
H2;;08.04.2016;Silo nigricornis;6833;2,666666667;;;108000005;;
H2;;08.04.2016;Hydropsyche dinarica;5594;5,333333333;;;108000005;;
H2;;08.04.2016;Hydropsyche pellucidula;5601;41,6;;;108000005;;
H2;;08.04.2016;Hydroptila sp.;5616;8;;;108000005;;
H2;;08.04.2016;Lepidostoma hirtum;5723;2,666666667;;;108000005;;
H2;;08.04.2016;Halesus digitatus/radiatus/tesselatus;13125;8;;;108000005;;
H2;;08.04.2016;Chaetopterygini/Stenophylacini Gen. Sp.;10370;0,8;;;108000005;;
H2;;08.04.2016;Polycentropus flavomaculatus flavomaculatus;6468;5,33;;;108000005;;
H2;;08.04.2016;Rhyacophila dorsalis/nubila;19110;3,5;;;108000005;;
H2;;08.04.2016;Sericostoma flavicorne/personatum;9747;26,4;;;108000005;;
H2;;13.04.2017;Pisidium sp.;6425;6;;;108000005;;
H2;;13.04.2017;Deronectes latus Ad.;11829;3,8;;;108000005;;
H2;;13.04.2017;Elmis aenea/maugetii Ad.;14418;55,6;;;108000005;;
H2;;13.04.2017;Elmis sp. Lv.;5095;75;;;108000005;;
H2;;13.04.2017;Esolus parallelepipedus Ad.;12082;90;;;108000005;;
H2;;13.04.2017;Esolus sp. Lv.;5169;30;;;108000005;;
H2;;13.04.2017;Limnius volckmari Ad.;12094;12,8;;;108000005;;
H2;;13.04.2017;Limnius volckmari Lv.;5854;42;;;108000005;;
H2;;13.04.2017;Oulimnius tuberculatus Ad.;12105;180;;;108000005;;
H2;;13.04.2017;Oulimnius tuberculatus Lv.;6261;30;;;108000005;;
H2;;13.04.2017;Hydraena gracilis Ad.;5514;6;;;108000005;;
H2;;13.04.2017;Gammarus pulex;5291;51,8;;;108000005;;
H2;;13.04.2017;Atherix/Ibisia sp.;20196;24;;;108000005;;
H2;;13.04.2017;Ceratopogoninae Gen. sp.;10725;6;;;108000005;;
H2;;13.04.2017;Chironomidae Gen. sp.;4642;93,8;;;108000005;;
H2;;13.04.2017;Tanypodinae Gen. sp.;6972;36;;;108000005;;
H2;;13.04.2017;Tanytarsini Gen. sp.;6977;3;;;108000005;;
H2;;13.04.2017;Clinocerinae Gen. sp.;19847;6;;;108000005;;
H2;;13.04.2017;Dicranota sp.;4955;3;;;108000005;;
H2;;13.04.2017;Prosimulium sp.;6591;3;;;108000005;;
H2;;13.04.2017;Simulium sp.;6853;54,8;;;108000005;;
H2;;13.04.2017;Simulium vernum;7842;6;;;108000005;;
H2;;13.04.2017;Tabanidae Gen. sp.;8485;6;;;108000005;;
H2;;13.04.2017;Tipula sp.;7077;0,8;;;108000005;;
H2;;13.04.2017;Procloeon bifidum;6574;18,8;;;108000005;;
H2;;13.04.2017;Baetis sp.;4419;15;;;108000005;;
H2;;13.04.2017;Torleya major;7083;6;;;108000005;;
H2;;13.04.2017;Ephemera danica;5124;4,6;;;108000005;;
H2;;13.04.2017;Ecdyonurus venosus-Gr.;5059;1,6;;;108000005;;
H2;;13.04.2017;Habroleptoides confusa;5367;1,6;;;108000005;;
H2;;13.04.2017;Leptophlebia marginata;5730;4,6;;;108000005;;
H2;;13.04.2017;Paraleptophlebia submarginata;6309;19,8;;;108000005;;
H2;;13.04.2017;Siphlonurus sp.;6864;6;;;108000005;;
H2;;13.04.2017;Radix balthica;16959;6;;;108000005;;
H2;;13.04.2017;Ancylus fluviatilis;4310;12,8;;;108000005;;
H2;;13.04.2017;Sialis fuliginosa;6821;3,8;;;108000005;;
H2;;13.04.2017;Sialis lutaria;6822;7,6;;;108000005;;
H2;;13.04.2017;Calopteryx splendens;4530;3;;;108000005;;
H2;;13.04.2017;Calopteryx virgo;4532;0,8;;;108000005;;
H2;;13.04.2017;Chalcolestes viridis;4629;3;;;108000005;;
H2;;13.04.2017;Stylodrilus heringianus;6935;9;;;108000005;;
H2;;13.04.2017;Leuctra sp.;5790;12;;;108000005;;
H2;;13.04.2017;Nemoura sp.;6108;7,6;;;108000005;;
H2;;13.04.2017;Perla marginata;6370;1,6;;;108000005;;
H2;;13.04.2017;Brachyptera risi;4487;7,6;;;108000005;;
H2;;13.04.2017;Micrasema longulum;5983;1,6;;;108000005;;
H2;;13.04.2017;Silo nigricornis;6833;0,8;;;108000005;;
H2;;13.04.2017;Silo piceus;6835;3;;;108000005;;
H2;;13.04.2017;Hydropsyche siltalai;5604;6;;;108000005;;
H2;;13.04.2017;Lepidostoma basale;5713;3;;;108000005;;
H2;;13.04.2017;Oecetis testacea;6175;3,8;;;108000005;;
H2;;13.04.2017;Halesus digitatus/radiatus/tesselatus;13125;7,6;;;108000005;;
H2;;13.04.2017;Chaetopterygini/Stenophylacini Gen. Sp.;10370;12;;;108000005;;
H2;;13.04.2017;Anabolia nervosa;4300;3;;;108000005;;
H2;;13.04.2017;Polycentropus flavomaculatus flavomaculatus;6468;48;;;108000005;;
H2;;13.04.2017;Rhyacophila dorsalis/nubila;19110;3;;;108000005;;
H2;;13.04.2017;Sericostoma flavicorne/personatum;9747;3,8;;;108000005;;
H2;;13.04.2017;Dugesia sp.;5021;3;;;108000005;;
H2;;18.04.2018;Pisidium sp.;6425;12;;;108000005;;
H2;;18.04.2018;Laccophilus hyalinus Ad.;12051;4;;;108000005;;
H2;;18.04.2018;Elmis aenea/maugetii Ad.;14418;116;;;108000005;;
H2;;18.04.2018;Elmis sp. Lv.;5095;16;;;108000005;;
H2;;18.04.2018;Esolus parallelepipedus Ad.;12082;112;;;108000005;;
H2;;18.04.2018;Esolus sp. Lv.;5169;216;;;108000005;;
H2;;18.04.2018;Limnius volckmari Lv.;5854;48;;;108000005;;
H2;;18.04.2018;Oulimnius tuberculatus Ad.;12105;104;;;108000005;;
H2;;18.04.2018;Oulimnius tuberculatus Lv.;6261;144;;;108000005;;
H2;;18.04.2018;Orectochilus villosus Lv.;6200;8;;;108000005;;
H2;;18.04.2018;Hydraena gracilis Ad.;5514;40;;;108000005;;
H2;;18.04.2018;Gammarus pulex;5291;36;;;108000005;;
H2;;18.04.2018;Ceratopogoninae Gen. sp.;10725;36;;;108000005;;
H2;;18.04.2018;Chironomidae Gen. sp.;4642;36;;;108000005;;
H2;;18.04.2018;Tanypodinae Gen. sp.;6972;16;;;108000005;;
H2;;18.04.2018;Tanytarsini Gen. sp.;6977;16;;;108000005;;
H2;;18.04.2018;Chelifera sp.;4638;12;;;108000005;;
H2;;18.04.2018;Dicranota sp.;4955;8;;;108000005;;
H2;;18.04.2018;Simulium sp.;6853;52;;;108000005;;
H2;;18.04.2018;Simulium vernum;7842;4;;;108000005;;
H2;;18.04.2018;Tipula sp.;7077;0,8;;;108000005;;
H2;;18.04.2018;Baetis rhodani;4415;52;;;108000005;;
H2;;18.04.2018;Centroptilum luteolum;8850;48;;;108000005;;
H2;;18.04.2018;Baetis sp.;4419;248;;;108000005;;
H2;;18.04.2018;Torleya major;7083;8;;;108000005;;
H2;;18.04.2018;Ecdyonurus venosus-Gr.;5059;20;;;108000005;;
H2;;18.04.2018;Rhithrogena semicolorata-Gr.;6745;4;;;108000005;;
H2;;18.04.2018;Radix balthica;16959;20,8;;;108000005;;
H2;;18.04.2018;Gyraulus albus;5354;16;;;108000005;;
H2;;18.04.2018;Calopteryx splendens;4530;18;;;108000005;;
H2;;18.04.2018;Calopteryx virgo;4532;27;;;108000005;;
H2;;18.04.2018;Pyrrhosoma nymphula;6667;0,8;;;108000005;;
H2;;18.04.2018;Eiseniella tetraedra;5075;8;;;108000005;;
H2;;18.04.2018;Stylodrilus heringianus;6935;4;;;108000005;;
H2;;18.04.2018;Lumbriculidae Gen. Sp.;7490;8;;;108000005;;
H2;;18.04.2018;Oligochaeta Gen. sp.;8736;4;;;108000005;;
H2;;18.04.2018;Leuctra sp.;5790;28;;;108000005;;
H2;;18.04.2018;Nemoura sp.;6108;28,8;;;108000005;;
H2;;18.04.2018;Protonemura sp.;6616;4;;;108000005;;
H2;;18.04.2018;Brachyptera risi;4487;4;;;108000005;;
H2;;18.04.2018;Hydropsyche pellucidula;5601;20;;;108000005;;
H2;;18.04.2018;Hydroptila sp.;5616;4;;;108000005;;
H2;;18.04.2018;Lepidostoma basale;5713;4;;;108000005;;
H2;;18.04.2018;Lepidostoma hirtum;5723;12,8;;;108000005;;
H2;;18.04.2018;Mystacides azurea;6062;4;;;108000005;;
H2;;18.04.2018;Oecetis testacea;6175;4;;;108000005;;
H2;;18.04.2018;Halesus digitatus/radiatus/tesselatus;13125;41,6;;;108000005;;
H2;;18.04.2018;Chaetopterygini/Stenophylacini Gen. Sp.;10370;4;;;108000005;;
H2;;18.04.2018;Anabolia nervosa;4300;12;;;108000005;;
H2;;18.04.2018;Polycentropus flavomaculatus flavomaculatus;6468;12,8;;;108000005;;
H2;;08.04.2019;Pisidium sp.;6425;4,8;;;108000005;;
H2;;08.04.2019;Deronectes latus Ad.;11829;4,8;;;108000005;;
H2;;08.04.2019;Elmis aenea/maugetii Ad.;14418;129,6;;;108000005;;
H2;;08.04.2019;Elmis sp. Lv.;5095;57,6;;;108000005;;
H2;;08.04.2019;Esolus parallelepipedus Ad.;12082;408;;;108000005;;
H2;;08.04.2019;Esolus sp. Lv.;5169;86,4;;;108000005;;
H2;;08.04.2019;Limnius volckmari Ad.;12094;19,2;;;108000005;;
H2;;08.04.2019;Limnius volckmari Lv.;5854;24;;;108000005;;
H2;;08.04.2019;Oulimnius tuberculatus Ad.;12105;340,8;;;108000005;;
H2;;08.04.2019;Oulimnius tuberculatus Lv.;6261;48;;;108000005;;
H2;;08.04.2019;Hydraena gracilis Ad.;5514;19,2;;;108000005;;
H2;;08.04.2019;Anacaena globulus Ad.;9544;0,8;;;108000005;;
H2;;08.04.2019;Gammarus pulex;5291;4,8;;;108000005;;
H2;;08.04.2019;Atherix/Ibisia sp.;20196;2,4;;;108000005;;
H2;;08.04.2019;Chironomidae Gen. sp.;4642;60,8;;;108000005;;
H2;;08.04.2019;Chironomini Gen. sp.;4644;9,6;;;108000005;;
H2;;08.04.2019;Tanypodinae Gen. sp.;6972;19,2;;;108000005;;
H2;;08.04.2019;Muscidae Gen. sp.;8659;4,8;;;108000005;;
H2;;08.04.2019;Dicranota sp.;4955;4,8;;;108000005;;
H2;;08.04.2019;Prosimulium sp.;6591;38,4;;;108000005;;
H2;;08.04.2019;Simulium sp.;6853;436,8;;;108000005;;
H2;;08.04.2019;Tabanidae Gen. sp.;8485;5,6;;;108000005;;
H2;;08.04.2019;Baetis rhodani;4415;30;;;108000005;;
H2;;08.04.2019;Centroptilum luteolum;8850;5;;;108000005;;
H2;;08.04.2019;Baetis sp.;4419;10,2;;;108000005;;
H2;;08.04.2019;Caenis luctuosa;4521;9,6;;;108000005;;
H2;;08.04.2019;Ephemera danica;5124;8;;;108000005;;
H2;;08.04.2019;Ecdyonurus venosus-Gr.;5059;0,8;;;108000005;;
H2;;08.04.2019;Gyraulus albus;5354;4,8;;;108000005;;
H2;;08.04.2019;Ancylus fluviatilis;4310;5,6;;;108000005;;
H2;;08.04.2019;Haemopis sanguisuga;5373;0,8;;;108000005;;
H2;;08.04.2019;Eiseniella tetraedra;5075;19,2;;;108000005;;
H2;;08.04.2019;Nemoura sp.;6108;20;;;108000005;;
H2;;08.04.2019;Protonemura sp.;6616;9,6;;;108000005;;
H2;;08.04.2019;Isoperla sp.;5673;1,6;;;108000005;;
H2;;08.04.2019;Brachyptera risi;4487;77,6;;;108000005;;
H2;;08.04.2019;Oecetis testacea;6175;4,8;;;108000005;;
H2;;08.04.2019;Halesus digitatus/radiatus/tesselatus;13125;20;;;108000005;;
H2;;08.04.2019;Potamophylax cingulatus cingulatus;6521;4,8;;;108000005;;
H2;;08.04.2019;Chaetopterygini/Stenophylacini Gen. Sp.;10370;33,6;;;108000005;;
H2;;08.04.2019;Sericostoma flavicorne/personatum;9747;4;;;108000005;;
