Site ID;Sample ID;Sampling date;Taxon name;Taxon ID;Abundance;Definition of abundance class;Abundance class;Site_ID_Ellen;;
108000156;Taferlruck Measuring Station_09.06.1983;09.06.1983;Nemoura sp.;6108;1;;;108000156;;
108000156;Taferlruck Measuring Station_14.12.1983;14.12.1983;Diura bicaudata;4988;1;;;108000156;;
108000156;Taferlruck Measuring Station_14.12.1983;14.12.1983;Elmis rioloides;17778;1;;;108000156;;
108000156;Taferlruck Measuring Station_14.12.1983;14.12.1983;Elmis sp.;17779;1;;;108000156;;
108000156;Taferlruck Measuring Station_14.12.1983;14.12.1983;Perlodes microcephalus;6376;1;;;108000156;;
108000156;Taferlruck Measuring Station_14.12.1983;14.12.1983;Potamophylax sp.;6527;1;;;108000156;;
108000156;Taferlruck Measuring Station_14.12.1983;14.12.1983;Silo sp.;6836;1;;;108000156;;
108000156;Taferlruck Measuring Station_19.03.1986;19.03.1986;Ameletus inopinatus;4288;1;;;108000156;;
108000156;Taferlruck Measuring Station_19.03.1986;19.03.1986;Drusus annulatus;5001;1;;;108000156;;
108000156;Taferlruck Measuring Station_19.03.1986;19.03.1986;Elmis sp.;17779;1;;;108000156;;
108000156;Taferlruck Measuring Station_19.03.1986;19.03.1986;Nemoura mortoni;6103;1;;;108000156;;
108000156;Taferlruck Measuring Station_19.03.1986;19.03.1986;Protonemura meyeri;6610;1;;;108000156;;
108000156;Taferlruck Measuring Station_19.03.1986;19.03.1986;Tubificidae Gen. sp.;7117;1;;;108000156;;
108000156;Taferlruck Measuring Station_12.11.1986;12.11.1986;Chaetopterygopsis maclachlani;4622;1;;;108000156;;
108000156;Taferlruck Measuring Station_12.11.1986;12.11.1986;Hydraena gracilis;18064;1;;;108000156;;
108000156;Taferlruck Measuring Station_12.11.1986;12.11.1986;Perlodes sp.;6377;1;;;108000156;;
108000156;Taferlruck Measuring Station_12.11.1986;12.11.1986;Plectrocnemia geniculata ssp.;19393;1;;;108000156;;
108000156;Taferlruck Measuring Station_12.11.1986;12.11.1986;Rhyacophila sp.;6780;1;;;108000156;;
108000156;Taferlruck Measuring Station_15.04.1987;15.04.1987;Elmis latreillei;17773;1;;;108000156;;
108000156;Taferlruck Measuring Station_15.04.1987;15.04.1987;Perlodes sp.;6377;1;;;108000156;;
108000156;Taferlruck Measuring Station_12.06.1989;12.06.1989;Amphinemura sulcicollis;4295;1;;;108000156;;
108000156;Taferlruck Measuring Station_12.06.1989;12.06.1989;Elmis rioloides;17778;1;;;108000156;;
108000156;Taferlruck Measuring Station_12.06.1989;12.06.1989;Leuctra inermis;5769;1;;;108000156;;
108000156;Taferlruck Measuring Station_12.06.1989;12.06.1989;Plectrocnemia geniculata ssp.;19393;1;;;108000156;;
108000156;Taferlruck Measuring Station_12.06.1989;12.06.1989;Tipulidae Gen. sp.;8487;1;;;108000156;;
108000156;Taferlruck Measuring Station_29.08.1990;29.08.1990;Elodes sp. Lv.;5418;2;;;108000156;;
108000156;Taferlruck Measuring Station_29.08.1990;29.08.1990;Leuctra inermis;5769;1;;;108000156;;
108000156;Taferlruck Measuring Station_29.08.1990;29.08.1990;Leuctra pseudosignifera;5783;1;;;108000156;;
108000156;Taferlruck Measuring Station_29.08.1990;29.08.1990;Perlodes sp.;6377;1;;;108000156;;
108000156;Taferlruck Measuring Station_29.08.1990;29.08.1990;Plectrocnemia conspersa ssp.;21218;1;;;108000156;;
108000156;Taferlruck Measuring Station_17.06.1991;17.06.1991;Amphinemura sulcicollis;4295;1;;;108000156;;
108000156;Taferlruck Measuring Station_17.06.1991;17.06.1991;Drusus annulatus;5001;1;;;108000156;;
108000156;Taferlruck Measuring Station_17.06.1991;17.06.1991;Ecclisopteryx guttulata;5034;1;;;108000156;;
108000156;Taferlruck Measuring Station_17.06.1991;17.06.1991;Halesus sp.;5378;1;;;108000156;;
108000156;Taferlruck Measuring Station_17.06.1991;17.06.1991;Ceratopogoninae Gen. sp.;10725;1;;;108000156;;
108000156;Taferlruck Measuring Station_17.06.1991;17.06.1991;Leuctra nigra;5779;1;;;108000156;;
108000156;Taferlruck Measuring Station_17.06.1991;17.06.1991;Protonemura intricata  ;21381;1;;;108000156;;
108000156;Taferlruck Measuring Station_17.06.1991;17.06.1991;Rhithrogena sp.;6747;1;;;108000156;;
108000156;Taferlruck Measuring Station_17.06.1991;17.06.1991;Rhyacophila praemorsa;6776;1;;;108000156;;
108000156;Taferlruck Measuring Station_17.06.1991;17.06.1991;Sialis fuliginosa;6821;1;;;108000156;;
108000156;Taferlruck Measuring Station_30.03.1992;30.03.1992;Baetis alpinus;4381;1;;;108000156;;
108000156;Taferlruck Measuring Station_30.03.1992;30.03.1992;Crunoecia sp.;8946;1;;;108000156;;
108000156;Taferlruck Measuring Station_30.03.1992;30.03.1992;Leuctra nigra;5779;1;;;108000156;;
108000156;Taferlruck Measuring Station_30.03.1992;30.03.1992;Prosimulium tomosvaryi;6592;1;;;108000156;;
108000156;Taferlruck Measuring Station_30.03.1992;30.03.1992;Simulium vernum-Gr.;19460;1;;;108000156;;
108000156;Taferlruck Measuring Station_26.07.1993;26.07.1993;Amphinemura standfussi;4294;1;;;108000156;;
108000156;Taferlruck Measuring Station_26.07.1993;26.07.1993;Drusus annulatus;5001;1;;;108000156;;
108000156;Taferlruck Measuring Station_26.07.1993;26.07.1993;Ecclisopteryx madida;5035;1;;;108000156;;
108000156;Taferlruck Measuring Station_26.07.1993;26.07.1993;Leuctra inermis;5769;1;;;108000156;;
108000156;Taferlruck Measuring Station_26.07.1993;26.07.1993;Polycelis felina;6463;1;;;108000156;;
108000156;Taferlruck Measuring Station_26.07.1993;26.07.1993;Protonemura auberti;6596;1;;;108000156;;
108000156;Taferlruck Measuring Station_20.06.1994;20.06.1994;Leuctra inermis;5769;1;;;108000156;;
108000156;Taferlruck Measuring Station_20.06.1994;20.06.1994;Protonemura auberti;6596;1;;;108000156;;
108000156;Taferlruck Measuring Station_20.06.1994;20.06.1994;Protonemura intricata  ;21381;1;;;108000156;;
108000156;Taferlruck Measuring Station_20.06.1994;20.06.1994;Rhyacophila tristis;6784;1;;;108000156;;
108000156;Taferlruck Measuring Station_20.06.1994;20.06.1994;Simulium (Nevermannia) sp.;9752;1;;;108000156;;
108000156;Taferlruck Measuring Station_07.06.1995;07.06.1995;Amphinemura sp.;4293;1;;;108000156;;
108000156;Taferlruck Measuring Station_07.06.1995;07.06.1995;Amphinemura sulcicollis;4295;1;;;108000156;;
108000156;Taferlruck Measuring Station_07.06.1995;07.06.1995;Leuctra hippopus;5768;1;;;108000156;;
108000156;Taferlruck Measuring Station_07.06.1995;07.06.1995;Leuctra inermis;5769;1;;;108000156;;
108000156;Taferlruck Measuring Station_07.06.1995;07.06.1995;Leuctra nigra;5779;1;;;108000156;;
108000156;Taferlruck Measuring Station_07.06.1995;07.06.1995;Leuctra sp.;5790;1;;;108000156;;
108000156;Taferlruck Measuring Station_07.06.1995;07.06.1995;Oligochaeta Gen. sp.;8736;1;;;108000156;;
108000156;Taferlruck Measuring Station_07.06.1995;07.06.1995;Protonemura auberti;6596;1;;;108000156;;
108000156;Taferlruck Measuring Station_07.06.1995;07.06.1995;Protonemura intricata  ;21381;1;;;108000156;;
108000156;Taferlruck Measuring Station_07.06.1995;07.06.1995;Protonemura sp.;6616;1;;;108000156;;
108000156;Taferlruck Measuring Station_07.06.1995;07.06.1995;Rhyacophila sp.;6780;1;;;108000156;;
108000156;Taferlruck Measuring Station_07.06.1995;07.06.1995;Siphonoperla sp.;6867;1;;;108000156;;
108000156;Taferlruck Measuring Station_28.05.1996;28.05.1996;Agriotypus armatus;16890;1;;;108000156;;
108000156;Taferlruck Measuring Station_28.05.1996;28.05.1996;Anacaena globulus;17503;1;;;108000156;;
108000156;Taferlruck Measuring Station_28.05.1996;28.05.1996;Leuctra alpina  ;5744;1;;;108000156;;
108000156;Taferlruck Measuring Station_28.05.1996;28.05.1996;Leuctra inermis;5769;1;;;108000156;;
108000156;Taferlruck Measuring Station_28.05.1996;28.05.1996;Leuctra nigra;5779;1;;;108000156;;
108000156;Taferlruck Measuring Station_28.05.1996;28.05.1996;Leuctra rauscheri;5785;1;;;108000156;;
108000156;Taferlruck Measuring Station_28.05.1996;28.05.1996;Lithax niger;5893;1;;;108000156;;
108000156;Taferlruck Measuring Station_28.05.1996;28.05.1996;Nemoura sp.;6108;1;;;108000156;;
108000156;Taferlruck Measuring Station_28.05.1996;28.05.1996;Oreodytes sanmarkii;18616;1;;;108000156;;
108000156;Taferlruck Measuring Station_28.05.1996;28.05.1996;Perlodes microcephalus;6376;1;;;108000156;;
108000156;Taferlruck Measuring Station_28.05.1996;28.05.1996;Philopotamus ludificatus;6386;1;;;108000156;;
108000156;Taferlruck Measuring Station_28.05.1996;28.05.1996;Protonemura meyeri;6610;1;;;108000156;;
108000156;Taferlruck Measuring Station_28.05.1996;28.05.1996;Rhyacophila evoluta;6764;1;;;108000156;;
108000156;Taferlruck Measuring Station_15.05.1997;15.05.1997;Baetis sp.;4419;1;;;108000156;;
108000156;Taferlruck Measuring Station_15.05.1997;15.05.1997;Crunoecia kempnyi;4818;1;;;108000156;;
108000156;Taferlruck Measuring Station_15.05.1997;15.05.1997;Ecclisopteryx guttulata;5034;1;;;108000156;;
108000156;Taferlruck Measuring Station_15.05.1997;15.05.1997;Ecdyonurus sp.;5053;1;;;108000156;;
108000156;Taferlruck Measuring Station_15.05.1997;15.05.1997;Leuctra hippopus;5768;1;;;108000156;;
108000156;Taferlruck Measuring Station_15.05.1997;15.05.1997;Leuctra pseudosignifera;5783;1;;;108000156;;
108000156;Taferlruck Measuring Station_15.05.1997;15.05.1997;Micrasema minimum;5984;1;;;108000156;;
108000156;Taferlruck Measuring Station_15.05.1997;15.05.1997;Rhyacophila evoluta;6764;1;;;108000156;;
108000156;Taferlruck Measuring Station_15.05.1997;15.05.1997;Rhyacophila obliterata;6773;1;;;108000156;;
108000156;Taferlruck Measuring Station_15.05.1997;15.05.1997;Simulium (Nevermannia) sp.;9752;1;;;108000156;;
108000156;Taferlruck Measuring Station_14.05.1998;14.05.1998;Apatania sp.;4334;1;;;108000156;;
108000156;Taferlruck Measuring Station_14.05.1998;14.05.1998;Leuctra nigra;5779;1;;;108000156;;
108000156;Taferlruck Measuring Station_14.05.1998;14.05.1998;Leuctra rauscheri;5785;1;;;108000156;;
108000156;Taferlruck Measuring Station_14.05.1998;14.05.1998;Lithax niger;5893;1;;;108000156;;
108000156;Taferlruck Measuring Station_14.05.1998;14.05.1998;Nemoura sp.;6108;1;;;108000156;;
108000156;Taferlruck Measuring Station_14.05.1998;14.05.1998;Potamophylax cingulatus ssp.;19394;1;;;108000156;;
108000156;Taferlruck Measuring Station_14.05.1998;14.05.1998;Potamophylax luctuosus ssp.;21665;1;;;108000156;;
108000156;Taferlruck Measuring Station_14.05.1998;14.05.1998;Protonemura meyeri;6610;1;;;108000156;;
108000156;Taferlruck Measuring Station_25.05.1999;25.05.1999;Leuctra hippopus;5768;1;;;108000156;;
108000156;Taferlruck Measuring Station_25.05.1999;25.05.1999;Leuctra inermis;5769;1;;;108000156;;
108000156;Taferlruck Measuring Station_25.05.1999;25.05.1999;Leuctra nigra;5779;1;;;108000156;;
108000156;Taferlruck Measuring Station_25.05.1999;25.05.1999;Leuctra prima  ;5780;1;;;108000156;;
108000156;Taferlruck Measuring Station_25.05.1999;25.05.1999;Leuctra rauscheri;5785;1;;;108000156;;
108000156;Taferlruck Measuring Station_25.05.1999;25.05.1999;Pisidium sp.;6425;1;;;108000156;;
108000156;Taferlruck Measuring Station_25.05.1999;25.05.1999;Protonemura auberti;6596;1;;;108000156;;
108000156;Taferlruck Measuring Station_25.05.1999;25.05.1999;Protonemura meyeri;6610;1;;;108000156;;
108000156;Taferlruck Measuring Station_25.05.1999;25.05.1999;Sialis fuliginosa;6821;1;;;108000156;;
108000156;Taferlruck Measuring Station_15.06.2000;15.06.2000;Ameletus inopinatus;4288;1;;;108000156;;
108000156;Taferlruck Measuring Station_15.06.2000;15.06.2000;Baetis sp.;4419;1;;;108000156;;
108000156;Taferlruck Measuring Station_15.06.2000;15.06.2000;Brachyptera seticornis;4488;1;;;108000156;;
108000156;Taferlruck Measuring Station_15.06.2000;15.06.2000;Chaetopteryx major;4624;1;;;108000156;;
108000156;Taferlruck Measuring Station_15.06.2000;15.06.2000;Chloroperla susemicheli;4672;1;;;108000156;;
108000156;Taferlruck Measuring Station_15.06.2000;15.06.2000;Leuctra hippopus;5768;1;;;108000156;;
108000156;Taferlruck Measuring Station_15.06.2000;15.06.2000;Leuctra inermis;5769;1;;;108000156;;
108000156;Taferlruck Measuring Station_15.06.2000;15.06.2000;Lithax niger;5893;1;;;108000156;;
108000156;Taferlruck Measuring Station_15.06.2000;15.06.2000;Plectrocnemia geniculata ssp.;19393;1;;;108000156;;
108000156;Taferlruck Measuring Station_15.06.2000;15.06.2000;Protonemura auberti;6596;1;;;108000156;;
108000156;Taferlruck Measuring Station_15.06.2000;15.06.2000;Protonemura intricata;21381;1;;;108000156;;
108000156;Taferlruck Measuring Station_15.06.2000;15.06.2000;Ptilocolepus granulatus granulatus;6665;1;;;108000156;;
108000156;Taferlruck Measuring Station_15.06.2000;15.06.2000;Rhithrogena sp.;6747;1;;;108000156;;
108000156;Taferlruck Measuring Station_15.06.2000;15.06.2000;Simulium variegatum-Gr.;20427;1;;;108000156;;
108000156;Taferlruck Measuring Station_15.05.2001;15.05.2001;Capnia vidua ssp.;19314;1;;;108000156;;
108000156;Taferlruck Measuring Station_15.05.2001;15.05.2001;Crunoecia sp.;8946;1;;;108000156;;
108000156;Taferlruck Measuring Station_15.05.2001;15.05.2001;Ecclisopteryx guttulata;5034;1;;;108000156;;
108000156;Taferlruck Measuring Station_15.05.2001;15.05.2001;Hydraena gracilis Ad.;5514;1;;;108000156;;
108000156;Taferlruck Measuring Station_15.05.2001;15.05.2001;Leuctra hippopus;5768;1;;;108000156;;
108000156;Taferlruck Measuring Station_15.05.2001;15.05.2001;Leuctra inermis;5769;1;;;108000156;;
108000156;Taferlruck Measuring Station_15.05.2001;15.05.2001;Leuctra nigra;5779;1;;;108000156;;
108000156;Taferlruck Measuring Station_15.05.2001;15.05.2001;Leuctra prima  ;5780;1;;;108000156;;
108000156;Taferlruck Measuring Station_15.05.2001;15.05.2001;Nemoura sp.;6108;1;;;108000156;;
108000156;Taferlruck Measuring Station_15.05.2001;15.05.2001;Niphargus sp.;6127;1;;;108000156;;
108000156;Taferlruck Measuring Station_15.05.2001;15.05.2001;Perlodes microcephalus;6376;1;;;108000156;;
108000156;Taferlruck Measuring Station_15.05.2001;15.05.2001;Philopotamus ludificatus;6386;1;;;108000156;;
108000156;Taferlruck Measuring Station_21.05.2002;21.05.2002;Capnia vidua ssp.;19314;1;;;108000156;;
108000156;Taferlruck Measuring Station_21.05.2002;21.05.2002;Diura bicaudata;4988;1;;;108000156;;
108000156;Taferlruck Measuring Station_21.05.2002;21.05.2002;Leuctra hippopus;5768;1;;;108000156;;
108000156;Taferlruck Measuring Station_21.05.2002;21.05.2002;Leuctra inermis;5769;1;;;108000156;;
108000156;Taferlruck Measuring Station_21.05.2002;21.05.2002;Leuctra nigra;5779;1;;;108000156;;
108000156;Taferlruck Measuring Station_21.05.2002;21.05.2002;Leuctra prima  ;5780;1;;;108000156;;
108000156;Taferlruck Measuring Station_21.05.2002;21.05.2002;Leuctra rauscheri;5785;1;;;108000156;;
108000156;Taferlruck Measuring Station_21.05.2002;21.05.2002;Nemoura cinerea  ;21356;1;;;108000156;;
108000156;Taferlruck Measuring Station_21.05.2002;21.05.2002;Perlodes microcephalus;6376;1;;;108000156;;
108000156;Taferlruck Measuring Station_21.05.2002;21.05.2002;Potamophylax luctuosus ssp.;21665;1;;;108000156;;
108000156;Taferlruck Measuring Station_21.05.2002;21.05.2002;Protonemura auberti;6596;1;;;108000156;;
108000156;Taferlruck Measuring Station_21.05.2002;21.05.2002;Protonemura austriaca  ;6597;1;;;108000156;;
108000156;Taferlruck Measuring Station_21.05.2002;21.05.2002;Protonemura meyeri;6610;1;;;108000156;;
108000156;Taferlruck Measuring Station_17.06.2003;17.06.2003;Agriotypus armatus;16890;1;;;108000156;;
108000156;Taferlruck Measuring Station_17.06.2003;17.06.2003;Allogamus uncatus;4267;1;;;108000156;;
108000156;Taferlruck Measuring Station_17.06.2003;17.06.2003;Amphinemura sulcicollis;4295;1;;;108000156;;
108000156;Taferlruck Measuring Station_17.06.2003;17.06.2003;Brachyptera seticornis;4488;1;;;108000156;;
108000156;Taferlruck Measuring Station_17.06.2003;17.06.2003;Gammarus fossarum;5288;1;;;108000156;;
108000156;Taferlruck Measuring Station_17.06.2003;17.06.2003;Habrophlebia lauta;5370;1;;;108000156;;
108000156;Taferlruck Measuring Station_17.06.2003;17.06.2003;Leuctra alpina  ;5744;1;;;108000156;;
108000156;Taferlruck Measuring Station_17.06.2003;17.06.2003;Leuctra hippopus;5768;1;;;108000156;;
108000156;Taferlruck Measuring Station_17.06.2003;17.06.2003;Leuctra nigra;5779;1;;;108000156;;
108000156;Taferlruck Measuring Station_17.06.2003;17.06.2003;Nemurella pictetii  ;6113;1;;;108000156;;
108000156;Taferlruck Measuring Station_17.06.2003;17.06.2003;Protonemura auberti;6596;1;;;108000156;;
108000156;Taferlruck Measuring Station_17.06.2003;17.06.2003;Protonemura intricata  ;21381;1;;;108000156;;
108000156;Taferlruck Measuring Station_17.06.2003;17.06.2003;Ptilocolepus granulatus granulatus;6665;1;;;108000156;;
108000156;Taferlruck Measuring Station_17.06.2003;17.06.2003;Siphonoperla torrentium ssp.;21307;1;;;108000156;;
108000156;Taferlruck Measuring Station_17.06.2003;17.06.2003;Tipulidae Gen. sp.;8487;1;;;108000156;;
108000156;Taferlruck Measuring Station_26.04.2004;26.04.2004;Diura bicaudata;4988;1;;;108000156;;
108000156;Taferlruck Measuring Station_26.04.2004;26.04.2004;Leuctra hippopus;5768;1;;;108000156;;
108000156;Taferlruck Measuring Station_26.04.2004;26.04.2004;Leuctra prima  ;5780;1;;;108000156;;
108000156;Taferlruck Measuring Station_26.04.2004;26.04.2004;Lithax niger;5893;1;;;108000156;;
108000156;Taferlruck Measuring Station_26.04.2004;26.04.2004;Nemoura mortoni;6103;1;;;108000156;;
108000156;Taferlruck Measuring Station_26.04.2004;26.04.2004;Protonemura meyeri;6610;1;;;108000156;;
108000156;Taferlruck Measuring Station_26.04.2004;26.04.2004;Simulium vernum;7842;1;;;108000156;;
108000156;Taferlruck Measuring Station_26.04.2004;26.04.2004;Diura bicaudata;4988;1;;;108000156;;
108000156;Taferlruck Measuring Station_26.04.2004;26.04.2004;Leuctra hippopus;5768;1;;;108000156;;
108000156;Taferlruck Measuring Station_26.04.2004;26.04.2004;Leuctra prima  ;5780;1;;;108000156;;
108000156;Taferlruck Measuring Station_26.04.2004;26.04.2004;Lithax niger;5893;1;;;108000156;;
108000156;Taferlruck Measuring Station_26.04.2004;26.04.2004;Nemoura mortoni;6103;1;;;108000156;;
108000156;Taferlruck Measuring Station_26.04.2004;26.04.2004;Protonemura meyeri;6610;1;;;108000156;;
108000156;Taferlruck Measuring Station_26.04.2004;26.04.2004;Simulium vernum;7842;1;;;108000156;;
108000156;Taferlruck Measuring Station_23.05.2017;23.05.2017;Ecclisopteryx madida;5035;1;;;108000156;;
108000156;Taferlruck Measuring Station_23.05.2017;23.05.2017;Oligochaeta Gen. sp.;8736;1;;;108000156;;
108000156;Taferlruck Measuring Station_23.05.2017;23.05.2017;Polycelis felina;6463;1;;;108000156;;
108000156;Taferlruck Measuring Station_09.06.1983;09.06.1983;Agabus sturmii;17494;6;;;108000156;;
108000156;Taferlruck Measuring Station_09.06.1983;09.06.1983;Amphinemura sp.;4293;6;;;108000156;;
108000156;Taferlruck Measuring Station_09.06.1983;09.06.1983;Apatania fimbriata;4332;6;;;108000156;;
108000156;Taferlruck Measuring Station_09.06.1983;09.06.1983;Brachyptera sp.;4489;6;;;108000156;;
108000156;Taferlruck Measuring Station_09.06.1983;09.06.1983;Chaetopterygini Gen. sp.;10544;6;;;108000156;;
108000156;Taferlruck Measuring Station_09.06.1983;09.06.1983;Elmis sp.;17779;6;;;108000156;;
108000156;Taferlruck Measuring Station_09.06.1983;09.06.1983;Esolus angustatus;17816;6;;;108000156;;
108000156;Taferlruck Measuring Station_09.06.1983;09.06.1983;Halesus sp.;5378;6;;;108000156;;
108000156;Taferlruck Measuring Station_09.06.1983;09.06.1983;Leuctra sp.;5790;6;;;108000156;;
108000156;Taferlruck Measuring Station_09.06.1983;09.06.1983;Limnius perrisi;18418;6;;;108000156;;
108000156;Taferlruck Measuring Station_09.06.1983;09.06.1983;Polycelis felina;6463;6;;;108000156;;
108000156;Taferlruck Measuring Station_09.06.1983;09.06.1983;Potamophylax sp.;6527;6;;;108000156;;
108000156;Taferlruck Measuring Station_09.06.1983;09.06.1983;Sericostoma personatum;6817;6;;;108000156;;
108000156;Taferlruck Measuring Station_09.06.1983;09.06.1983;Simuliidae Gen. sp.;6842;6;;;108000156;;
108000156;Taferlruck Measuring Station_14.12.1983;14.12.1983;Isoperla sp.;5673;6;;;108000156;;
108000156;Taferlruck Measuring Station_14.12.1983;14.12.1983;Leuctra sp.;5790;6;;;108000156;;
108000156;Taferlruck Measuring Station_14.12.1983;14.12.1983;Limnephilidae Gen. sp.;5809;6;;;108000156;;
108000156;Taferlruck Measuring Station_14.12.1983;14.12.1983;Limnius perrisi;18418;6;;;108000156;;
108000156;Taferlruck Measuring Station_14.12.1983;14.12.1983;Limoniidae Gen. sp.;8483;6;;;108000156;;
108000156;Taferlruck Measuring Station_14.12.1983;14.12.1983;Rhithrogena sp.;6747;6;;;108000156;;
108000156;Taferlruck Measuring Station_14.12.1983;14.12.1983;Simuliidae Gen. sp.;6842;6;;;108000156;;
108000156;Taferlruck Measuring Station_19.03.1986;19.03.1986;Apatania sp.;4334;6;;;108000156;;
108000156;Taferlruck Measuring Station_19.03.1986;19.03.1986;Diura bicaudata;4988;6;;;108000156;;
108000156;Taferlruck Measuring Station_19.03.1986;19.03.1986;Drusus discolor;5007;6;;;108000156;;
108000156;Taferlruck Measuring Station_19.03.1986;19.03.1986;Ecclisopteryx guttulata;5034;6;;;108000156;;
108000156;Taferlruck Measuring Station_19.03.1986;19.03.1986;Elodes sp.;17791;12;;;108000156;;
108000156;Taferlruck Measuring Station_19.03.1986;19.03.1986;Glossosoma sp.;5316;6;;;108000156;;
108000156;Taferlruck Measuring Station_19.03.1986;19.03.1986;Goeridae Gen. sp.;9981;6;;;108000156;;
108000156;Taferlruck Measuring Station_19.03.1986;19.03.1986;Isoperla sp.;5673;6;;;108000156;;
108000156;Taferlruck Measuring Station_19.03.1986;19.03.1986;Leuctra braueri;5751;6;;;108000156;;
108000156;Taferlruck Measuring Station_19.03.1986;19.03.1986;Leuctra sp.;5790;6;;;108000156;;
108000156;Taferlruck Measuring Station_19.03.1986;19.03.1986;Limnius perrisi;18418;6;;;108000156;;
108000156;Taferlruck Measuring Station_19.03.1986;19.03.1986;Limoniidae Gen. sp.;8483;6;;;108000156;;
108000156;Taferlruck Measuring Station_19.03.1986;19.03.1986;Philopotamus sp.;6388;6;;;108000156;;
108000156;Taferlruck Measuring Station_19.03.1986;19.03.1986;Plectrocnemia conspersa ssp.;21218;6;;;108000156;;
108000156;Taferlruck Measuring Station_19.03.1986;19.03.1986;Potamophylax sp.;6527;6;;;108000156;;
108000156;Taferlruck Measuring Station_19.03.1986;19.03.1986;Protonemura sp.;6616;6;;;108000156;;
108000156;Taferlruck Measuring Station_19.03.1986;19.03.1986;Rhyacophila dorsalis ssp.;19398;6;;;108000156;;
108000156;Taferlruck Measuring Station_19.03.1986;19.03.1986;Rhyacophila sp.;6780;6;;;108000156;;
108000156;Taferlruck Measuring Station_19.03.1986;19.03.1986;Simuliidae Gen. sp.;6842;6;;;108000156;;
108000156;Taferlruck Measuring Station_12.11.1986;12.11.1986;Chironomidae Gen. sp.;4642;6;;;108000156;;
108000156;Taferlruck Measuring Station_12.11.1986;12.11.1986;Diura bicaudata;4988;6;;;108000156;;
108000156;Taferlruck Measuring Station_12.11.1986;12.11.1986;Drusus discolor;5007;6;;;108000156;;
108000156;Taferlruck Measuring Station_12.11.1986;12.11.1986;Elmis rioloides;17778;6;;;108000156;;
108000156;Taferlruck Measuring Station_12.11.1986;12.11.1986;Gammarus fossarum;5288;6;;;108000156;;
108000156;Taferlruck Measuring Station_12.11.1986;12.11.1986;Glossosoma sp.;5316;6;;;108000156;;
108000156;Taferlruck Measuring Station_12.11.1986;12.11.1986;Isoperla sp.;5673;6;;;108000156;;
108000156;Taferlruck Measuring Station_12.11.1986;12.11.1986;Leuctra sp.;5790;6;;;108000156;;
108000156;Taferlruck Measuring Station_12.11.1986;12.11.1986;Limoniidae Gen. sp.;8483;6;;;108000156;;
108000156;Taferlruck Measuring Station_12.11.1986;12.11.1986;Micrasema minimum;5984;6;;;108000156;;
108000156;Taferlruck Measuring Station_12.11.1986;12.11.1986;Odontocerum albicorne;6168;6;;;108000156;;
108000156;Taferlruck Measuring Station_12.11.1986;12.11.1986;Philopotamus ludificatus;6386;6;;;108000156;;
108000156;Taferlruck Measuring Station_15.04.1987;15.04.1987;Apatania sp.;4334;6;;;108000156;;
108000156;Taferlruck Measuring Station_15.04.1987;15.04.1987;Diura bicaudata;4988;6;;;108000156;;
108000156;Taferlruck Measuring Station_15.04.1987;15.04.1987;Drusus annulatus;5001;6;;;108000156;;
108000156;Taferlruck Measuring Station_15.04.1987;15.04.1987;Drusus discolor;5007;6;;;108000156;;
108000156;Taferlruck Measuring Station_15.04.1987;15.04.1987;Ecclisopteryx guttulata;5034;6;;;108000156;;
108000156;Taferlruck Measuring Station_15.04.1987;15.04.1987;Ecclisopteryx madida;5035;6;;;108000156;;
108000156;Taferlruck Measuring Station_15.04.1987;15.04.1987;Leuctra sp.;5790;6;;;108000156;;
108000156;Taferlruck Measuring Station_15.04.1987;15.04.1987;Micrasema longulum;5983;6;;;108000156;;
108000156;Taferlruck Measuring Station_15.04.1987;15.04.1987;Micrasema minimum;5984;6;;;108000156;;
108000156;Taferlruck Measuring Station_15.04.1987;15.04.1987;Philopotamus ludificatus;6386;6;;;108000156;;
108000156;Taferlruck Measuring Station_15.04.1987;15.04.1987;Potamophylax sp.;6527;6;;;108000156;;
108000156;Taferlruck Measuring Station_15.04.1987;15.04.1987;Protonemura sp.;6616;6;;;108000156;;
108000156;Taferlruck Measuring Station_15.04.1987;15.04.1987;Rhyacophila dorsalis ssp.;19398;6;;;108000156;;
108000156;Taferlruck Measuring Station_15.04.1987;15.04.1987;Rhyacophila sp.;6780;6;;;108000156;;
108000156;Taferlruck Measuring Station_15.04.1987;15.04.1987;Rhyacophila tristis;6784;6;;;108000156;;
108000156;Taferlruck Measuring Station_15.04.1987;15.04.1987;Sericostoma sp.;6818;6;;;108000156;;
108000156;Taferlruck Measuring Station_12.06.1989;12.06.1989;Amphinemura sp.;4293;6;;;108000156;;
108000156;Taferlruck Measuring Station_12.06.1989;12.06.1989;Apatania sp.;4334;6;;;108000156;;
108000156;Taferlruck Measuring Station_12.06.1989;12.06.1989;Brachyptera seticornis;4488;6;;;108000156;;
108000156;Taferlruck Measuring Station_12.06.1989;12.06.1989;Drusus discolor;5007;6;;;108000156;;
108000156;Taferlruck Measuring Station_12.06.1989;12.06.1989;Leuctra sp.;5790;6;;;108000156;;
108000156;Taferlruck Measuring Station_12.06.1989;12.06.1989;Limnephilidae Gen. sp.;5809;6;;;108000156;;
108000156;Taferlruck Measuring Station_12.06.1989;12.06.1989;Limnius perrisi Lv.;5852;6;;;108000156;;
108000156;Taferlruck Measuring Station_12.06.1989;12.06.1989;Odontocerum albicorne;6168;6;;;108000156;;
108000156;Taferlruck Measuring Station_12.06.1989;12.06.1989;Rhyacophila sp.;6780;6;;;108000156;;
108000156;Taferlruck Measuring Station_12.06.1989;12.06.1989;Silo sp.;6836;6;;;108000156;;
108000156;Taferlruck Measuring Station_12.06.1989;12.06.1989;Siphonoperla torrentium ssp.;21307;6;;;108000156;;
108000156;Taferlruck Measuring Station_12.06.1989;12.06.1989;Tubificidae Gen. sp.;7117;6;;;108000156;;
108000156;Taferlruck Measuring Station_29.08.1990;29.08.1990;Apatania fimbriata;4332;6;;;108000156;;
108000156;Taferlruck Measuring Station_29.08.1990;29.08.1990;Baetis alpinus;4381;6;;;108000156;;
108000156;Taferlruck Measuring Station_29.08.1990;29.08.1990;Drusus annulatus;5001;6;;;108000156;;
108000156;Taferlruck Measuring Station_29.08.1990;29.08.1990;Drusus discolor;5007;6;;;108000156;;
108000156;Taferlruck Measuring Station_29.08.1990;29.08.1990;Ecclisopteryx guttulata;5034;6;;;108000156;;
108000156;Taferlruck Measuring Station_29.08.1990;29.08.1990;Ceratopogoninae Gen. sp.;10725;6;;;108000156;;
108000156;Taferlruck Measuring Station_29.08.1990;29.08.1990;Isoperla sp.;5673;6;;;108000156;;
108000156;Taferlruck Measuring Station_29.08.1990;29.08.1990;Leuctra sp.;5790;6;;;108000156;;
108000156;Taferlruck Measuring Station_29.08.1990;29.08.1990;Limnephilidae Gen. sp.;5809;6;;;108000156;;
108000156;Taferlruck Measuring Station_29.08.1990;29.08.1990;Limnius perrisi;18418;6;;;108000156;;
108000156;Taferlruck Measuring Station_29.08.1990;29.08.1990;Micrasema longulum;5983;6;;;108000156;;
108000156;Taferlruck Measuring Station_29.08.1990;29.08.1990;Oligochaeta Gen. sp.;8736;6;;;108000156;;
108000156;Taferlruck Measuring Station_29.08.1990;29.08.1990;Philopotamus ludificatus;6386;6;;;108000156;;
108000156;Taferlruck Measuring Station_29.08.1990;29.08.1990;Potamophylax sp.;6527;6;;;108000156;;
108000156;Taferlruck Measuring Station_29.08.1990;29.08.1990;Protonemura sp.;6616;6;;;108000156;;
108000156;Taferlruck Measuring Station_29.08.1990;29.08.1990;Sericostomatidae Gen. sp.;9311;6;;;108000156;;
108000156;Taferlruck Measuring Station_29.08.1990;29.08.1990;Silo pallipes;6834;6;;;108000156;;
108000156;Taferlruck Measuring Station_29.08.1990;29.08.1990;Simuliidae Gen. sp.;6842;6;;;108000156;;
108000156;Taferlruck Measuring Station_17.06.1991;17.06.1991;Apatania fimbriata;4332;6;;;108000156;;
108000156;Taferlruck Measuring Station_17.06.1991;17.06.1991;Chaetopterygopsis maclachlani;4622;6;;;108000156;;
108000156;Taferlruck Measuring Station_17.06.1991;17.06.1991;Diura bicaudata;4988;6;;;108000156;;
108000156;Taferlruck Measuring Station_17.06.1991;17.06.1991;Ecclisopteryx madida;5035;6;;;108000156;;
108000156;Taferlruck Measuring Station_17.06.1991;17.06.1991;Isoperla sp.;5673;6;;;108000156;;
108000156;Taferlruck Measuring Station_17.06.1991;17.06.1991;Limnephilidae Gen. sp.;5809;6;;;108000156;;
108000156;Taferlruck Measuring Station_17.06.1991;17.06.1991;Oligochaeta Gen. sp.;8736;6;;;108000156;;
108000156;Taferlruck Measuring Station_17.06.1991;17.06.1991;Oreodytes sanmarkii;18616;6;;;108000156;;
108000156;Taferlruck Measuring Station_17.06.1991;17.06.1991;Philopotamus ludificatus;6386;6;;;108000156;;
108000156;Taferlruck Measuring Station_17.06.1991;17.06.1991;Prosimulium latimucro;6589;6;;;108000156;;
108000156;Taferlruck Measuring Station_17.06.1991;17.06.1991;Protonemura sp.;6616;6;;;108000156;;
108000156;Taferlruck Measuring Station_17.06.1991;17.06.1991;Rhyacophila sp.;6780;6;;;108000156;;
108000156;Taferlruck Measuring Station_17.06.1991;17.06.1991;Silo pallipes;6834;6;;;108000156;;
108000156;Taferlruck Measuring Station_17.06.1991;17.06.1991;Simulium vernum-Gr.;19460;6;;;108000156;;
108000156;Taferlruck Measuring Station_30.03.1992;30.03.1992;Allogamus sp.;4266;6;;;108000156;;
108000156;Taferlruck Measuring Station_30.03.1992;30.03.1992;Ameletus inopinatus;4288;6;;;108000156;;
108000156;Taferlruck Measuring Station_30.03.1992;30.03.1992;Glossosoma intermedium;5315;6;;;108000156;;
108000156;Taferlruck Measuring Station_30.03.1992;30.03.1992;Isoperla sp.;5673;6;;;108000156;;
108000156;Taferlruck Measuring Station_30.03.1992;30.03.1992;Limnius perrisi;18418;6;;;108000156;;
108000156;Taferlruck Measuring Station_30.03.1992;30.03.1992;Limoniidae Gen. sp.;8483;6;;;108000156;;
108000156;Taferlruck Measuring Station_30.03.1992;30.03.1992;Nemoura mortoni;6103;6;;;108000156;;
108000156;Taferlruck Measuring Station_30.03.1992;30.03.1992;Odontocerum albicorne;6168;6;;;108000156;;
108000156;Taferlruck Measuring Station_30.03.1992;30.03.1992;Philopotamus ludificatus;6386;6;;;108000156;;
108000156;Taferlruck Measuring Station_30.03.1992;30.03.1992;Rhyacophila evoluta;6764;6;;;108000156;;
108000156;Taferlruck Measuring Station_30.03.1992;30.03.1992;Rhyacophila sp.;6780;6;;;108000156;;
108000156;Taferlruck Measuring Station_30.03.1992;30.03.1992;Sericostomatidae Gen. sp.;9311;6;;;108000156;;
108000156;Taferlruck Measuring Station_30.03.1992;30.03.1992;Simulium monticola;6848;6;;;108000156;;
108000156;Taferlruck Measuring Station_26.07.1993;26.07.1993;Anomalopterygella chauviniana;4327;6;;;108000156;;
108000156;Taferlruck Measuring Station_26.07.1993;26.07.1993;Apatania fimbriata;4332;6;;;108000156;;
108000156;Taferlruck Measuring Station_26.07.1993;26.07.1993;Baetis alpinus;4381;6;;;108000156;;
108000156;Taferlruck Measuring Station_26.07.1993;26.07.1993;Drusus discolor;5007;6;;;108000156;;
108000156;Taferlruck Measuring Station_26.07.1993;26.07.1993;Elmis aenea;17768;6;;;108000156;;
108000156;Taferlruck Measuring Station_26.07.1993;26.07.1993;Elodes sp. Lv.;5418;12;;;108000156;;
108000156;Taferlruck Measuring Station_26.07.1993;26.07.1993;Leuctra pseudocingulata;5781;6;;;108000156;;
108000156;Taferlruck Measuring Station_26.07.1993;26.07.1993;Leuctra pseudosignifera;5783;6;;;108000156;;
108000156;Taferlruck Measuring Station_26.07.1993;26.07.1993;Leuctra sp.;5790;6;;;108000156;;
108000156;Taferlruck Measuring Station_26.07.1993;26.07.1993;Limoniidae Gen. sp.;8483;6;;;108000156;;
108000156;Taferlruck Measuring Station_26.07.1993;26.07.1993;Lumbriculidae Gen. sp.;7490;6;;;108000156;;
108000156;Taferlruck Measuring Station_26.07.1993;26.07.1993;Odontocerum albicorne;6168;6;;;108000156;;
108000156;Taferlruck Measuring Station_26.07.1993;26.07.1993;Oligochaeta Gen. sp.;8736;6;;;108000156;;
108000156;Taferlruck Measuring Station_26.07.1993;26.07.1993;Philopotamus ludificatus;6386;6;;;108000156;;
108000156;Taferlruck Measuring Station_26.07.1993;26.07.1993;Plectrocnemia conspersa ssp.;21218;6;;;108000156;;
108000156;Taferlruck Measuring Station_26.07.1993;26.07.1993;Rhyacophila praemorsa;6776;6;;;108000156;;
108000156;Taferlruck Measuring Station_26.07.1993;26.07.1993;Sericostomatidae Gen. sp.;9311;6;;;108000156;;
108000156;Taferlruck Measuring Station_26.07.1993;26.07.1993;Simulium brevidens;7834;6;;;108000156;;
108000156;Taferlruck Measuring Station_26.07.1993;26.07.1993;Simulium cryophilum;7839;6;;;108000156;;
108000156;Taferlruck Measuring Station_26.07.1993;26.07.1993;Simulium vernum;7842;6;;;108000156;;
108000156;Taferlruck Measuring Station_20.06.1994;20.06.1994;Ameletus inopinatus;4288;6;;;108000156;;
108000156;Taferlruck Measuring Station_20.06.1994;20.06.1994;Diura bicaudata;4988;6;;;108000156;;
108000156;Taferlruck Measuring Station_20.06.1994;20.06.1994;Elodes sp. Lv.;5418;12;;;108000156;;
108000156;Taferlruck Measuring Station_20.06.1994;20.06.1994;Glossosomatidae Gen. sp.;9971;6;;;108000156;;
108000156;Taferlruck Measuring Station_20.06.1994;20.06.1994;Limoniidae Gen. sp.;8483;6;;;108000156;;
108000156;Taferlruck Measuring Station_20.06.1994;20.06.1994;Micrasema longulum;5983;6;;;108000156;;
108000156;Taferlruck Measuring Station_20.06.1994;20.06.1994;Philopotamus ludificatus;6386;6;;;108000156;;
108000156;Taferlruck Measuring Station_20.06.1994;20.06.1994;Plectrocnemia conspersa ssp.;21218;6;;;108000156;;
108000156;Taferlruck Measuring Station_20.06.1994;20.06.1994;Polycelis felina;6463;6;;;108000156;;
108000156;Taferlruck Measuring Station_20.06.1994;20.06.1994;Rhyacophila (Rhyacophila) sp.;13965;6;;;108000156;;
108000156;Taferlruck Measuring Station_20.06.1994;20.06.1994;Sericostoma sp.;6818;6;;;108000156;;
108000156;Taferlruck Measuring Station_20.06.1994;20.06.1994;Sialis fuliginosa;6821;6;;;108000156;;
108000156;Taferlruck Measuring Station_20.06.1994;20.06.1994;Simulium monticola;6848;6;;;108000156;;
108000156;Taferlruck Measuring Station_20.06.1994;20.06.1994;Siphonoperla torrentium ssp.;21307;6;;;108000156;;
108000156;Taferlruck Measuring Station_07.06.1995;07.06.1995;Chironomidae Gen. sp.;4642;6;;;108000156;;
108000156;Taferlruck Measuring Station_07.06.1995;07.06.1995;Dicranota sp.;4955;6;;;108000156;;
108000156;Taferlruck Measuring Station_07.06.1995;07.06.1995;Elmis rioloides;17778;6;;;108000156;;
108000156;Taferlruck Measuring Station_07.06.1995;07.06.1995;Halesus sp.;5378;6;;;108000156;;
108000156;Taferlruck Measuring Station_07.06.1995;07.06.1995;Limnius perrisi;18418;6;;;108000156;;
108000156;Taferlruck Measuring Station_07.06.1995;07.06.1995;Philopotamus ludificatus;6386;6;;;108000156;;
108000156;Taferlruck Measuring Station_07.06.1995;07.06.1995;Rhyacophila praemorsa;6776;6;;;108000156;;
108000156;Taferlruck Measuring Station_07.06.1995;07.06.1995;Sericostoma personatum;6817;6;;;108000156;;
108000156;Taferlruck Measuring Station_07.06.1995;07.06.1995;Tipulidae Gen. sp.;8487;6;;;108000156;;
108000156;Taferlruck Measuring Station_07.06.1995;07.06.1995;Velia caprai ssp.;19445;6;;;108000156;;
108000156;Taferlruck Measuring Station_28.05.1996;28.05.1996;Apatania fimbriata;4332;6;;;108000156;;
108000156;Taferlruck Measuring Station_28.05.1996;28.05.1996;Chironomidae Gen. sp.;4642;6;;;108000156;;
108000156;Taferlruck Measuring Station_28.05.1996;28.05.1996;Dicranota sp.;4955;6;;;108000156;;
108000156;Taferlruck Measuring Station_28.05.1996;28.05.1996;Diura bicaudata;4988;6;;;108000156;;
108000156;Taferlruck Measuring Station_28.05.1996;28.05.1996;Drusus discolor;5007;6;;;108000156;;
108000156;Taferlruck Measuring Station_28.05.1996;28.05.1996;Limnephilidae Gen. sp.;5809;6;;;108000156;;
108000156;Taferlruck Measuring Station_28.05.1996;28.05.1996;Odontocerum albicorne;6168;6;;;108000156;;
108000156;Taferlruck Measuring Station_28.05.1996;28.05.1996;Oligochaeta Gen. sp.;8736;6;;;108000156;;
108000156;Taferlruck Measuring Station_28.05.1996;28.05.1996;Sericostoma sp.;6818;6;;;108000156;;
108000156;Taferlruck Measuring Station_28.05.1996;28.05.1996;Simulium monticola;6848;6;;;108000156;;
108000156;Taferlruck Measuring Station_15.05.1997;15.05.1997;Ameletus inopinatus;4288;6;;;108000156;;
108000156;Taferlruck Measuring Station_15.05.1997;15.05.1997;Baetis alpinus;4381;6;;;108000156;;
108000156;Taferlruck Measuring Station_15.05.1997;15.05.1997;Capnia vidua ssp.;19314;6;;;108000156;;
108000156;Taferlruck Measuring Station_15.05.1997;15.05.1997;Chironomidae Gen. sp.;4642;6;;;108000156;;
108000156;Taferlruck Measuring Station_15.05.1997;15.05.1997;Dicranota sp.;4955;6;;;108000156;;
108000156;Taferlruck Measuring Station_15.05.1997;15.05.1997;Diura bicaudata;4988;6;;;108000156;;
108000156;Taferlruck Measuring Station_15.05.1997;15.05.1997;Drusus discolor;5007;6;;;108000156;;
108000156;Taferlruck Measuring Station_15.05.1997;15.05.1997;Elmis sp.;17779;6;;;108000156;;
108000156;Taferlruck Measuring Station_15.05.1997;15.05.1997;Hydraena sp.;18130;6;;;108000156;;
108000156;Taferlruck Measuring Station_15.05.1997;15.05.1997;Lithax niger;5893;6;;;108000156;;
108000156;Taferlruck Measuring Station_15.05.1997;15.05.1997;Odontocerum albicorne;6168;6;;;108000156;;
108000156;Taferlruck Measuring Station_15.05.1997;15.05.1997;Oligochaeta Gen. sp.;8736;6;;;108000156;;
108000156;Taferlruck Measuring Station_15.05.1997;15.05.1997;Perlodes microcephalus;6376;6;;;108000156;;
108000156;Taferlruck Measuring Station_15.05.1997;15.05.1997;Philopotamus ludificatus;6386;6;;;108000156;;
108000156;Taferlruck Measuring Station_15.05.1997;15.05.1997;Plectrocnemia conspersa ssp.;21218;6;;;108000156;;
108000156;Taferlruck Measuring Station_14.05.1998;14.05.1998;Ameletus inopinatus;4288;6;;;108000156;;
108000156;Taferlruck Measuring Station_14.05.1998;14.05.1998;Anomalopterygella chauviniana;4327;6;;;108000156;;
108000156;Taferlruck Measuring Station_14.05.1998;14.05.1998;Baetis alpinus;4381;6;;;108000156;;
108000156;Taferlruck Measuring Station_14.05.1998;14.05.1998;Chironomidae Gen. sp.;4642;6;;;108000156;;
108000156;Taferlruck Measuring Station_14.05.1998;14.05.1998;Dicranota sp.;4955;6;;;108000156;;
108000156;Taferlruck Measuring Station_14.05.1998;14.05.1998;Diura bicaudata;4988;6;;;108000156;;
108000156;Taferlruck Measuring Station_14.05.1998;14.05.1998;Ecclisopteryx madida;5035;6;;;108000156;;
108000156;Taferlruck Measuring Station_14.05.1998;14.05.1998;Elmis latreillei Lv.;5088;6;;;108000156;;
108000156;Taferlruck Measuring Station_14.05.1998;14.05.1998;Elodes sp. Ad.;14050;6;;;108000156;;
108000156;Taferlruck Measuring Station_14.05.1998;14.05.1998;Gerris sp.;5303;6;;;108000156;;
108000156;Taferlruck Measuring Station_14.05.1998;14.05.1998;Hydropsyche tenuis;5606;6;;;108000156;;
108000156;Taferlruck Measuring Station_14.05.1998;14.05.1998;Limnephilidae Gen. sp.;5809;6;;;108000156;;
108000156;Taferlruck Measuring Station_14.05.1998;14.05.1998;Odontocerum albicorne;6168;6;;;108000156;;
108000156;Taferlruck Measuring Station_14.05.1998;14.05.1998;Oligochaeta Gen. sp.;8736;6;;;108000156;;
108000156;Taferlruck Measuring Station_14.05.1998;14.05.1998;Perlodes microcephalus;6376;6;;;108000156;;
108000156;Taferlruck Measuring Station_14.05.1998;14.05.1998;Philopotamus ludificatus;6386;6;;;108000156;;
108000156;Taferlruck Measuring Station_14.05.1998;14.05.1998;Sericostoma sp.;6818;6;;;108000156;;
108000156;Taferlruck Measuring Station_14.05.1998;14.05.1998;Silo pallipes;6834;6;;;108000156;;
108000156;Taferlruck Measuring Station_14.05.1998;14.05.1998;Simulium monticola;6848;6;;;108000156;;
108000156;Taferlruck Measuring Station_14.05.1998;14.05.1998;Siphonoperla sp.;6867;6;;;108000156;;
108000156;Taferlruck Measuring Station_25.05.1999;25.05.1999;Amphinemura sp.;4293;6;;;108000156;;
108000156;Taferlruck Measuring Station_25.05.1999;25.05.1999;Baetis alpinus;4381;6;;;108000156;;
108000156;Taferlruck Measuring Station_25.05.1999;25.05.1999;Drusinae Gen. sp.;8656;6;;;108000156;;
108000156;Taferlruck Measuring Station_25.05.1999;25.05.1999;Elmis sp. Lv.;5095;6;;;108000156;;
108000156;Taferlruck Measuring Station_25.05.1999;25.05.1999;Elodes sp. Ad.;14050;6;;;108000156;;
108000156;Taferlruck Measuring Station_25.05.1999;25.05.1999;Esolus angustatus;17816;6;;;108000156;;
108000156;Taferlruck Measuring Station_25.05.1999;25.05.1999;Hydrachnidia Gen. sp.;8825;6;;;108000156;;
108000156;Taferlruck Measuring Station_25.05.1999;25.05.1999;Limnephilidae Gen. sp.;5809;6;;;108000156;;
108000156;Taferlruck Measuring Station_25.05.1999;25.05.1999;Limoniidae Gen. sp.;8483;6;;;108000156;;
108000156;Taferlruck Measuring Station_25.05.1999;25.05.1999;Lithax niger;5893;6;;;108000156;;
108000156;Taferlruck Measuring Station_25.05.1999;25.05.1999;Micrasema longulum;5983;6;;;108000156;;
108000156;Taferlruck Measuring Station_25.05.1999;25.05.1999;Oligochaeta Gen. sp.;8736;6;;;108000156;;
108000156;Taferlruck Measuring Station_25.05.1999;25.05.1999;Pedicia sp.;6354;6;;;108000156;;
108000156;Taferlruck Measuring Station_25.05.1999;25.05.1999;Plectrocnemia sp.;6447;6;;;108000156;;
108000156;Taferlruck Measuring Station_25.05.1999;25.05.1999;Simuliidae Gen. sp.;6842;6;;;108000156;;
108000156;Taferlruck Measuring Station_15.06.2000;15.06.2000;Baetis alpinus;4381;6;;;108000156;;
108000156;Taferlruck Measuring Station_15.06.2000;15.06.2000;Dicranota sp.;4955;6;;;108000156;;
108000156;Taferlruck Measuring Station_15.06.2000;15.06.2000;Drusinae Gen. sp.;8656;6;;;108000156;;
108000156;Taferlruck Measuring Station_15.06.2000;15.06.2000;Elmis rioloides;17778;6;;;108000156;;
108000156;Taferlruck Measuring Station_15.06.2000;15.06.2000;Elodes sp. Lv.;5418;6;;;108000156;;
108000156;Taferlruck Measuring Station_15.06.2000;15.06.2000;Esolus angustatus;17816;6;;;108000156;;
108000156;Taferlruck Measuring Station_15.06.2000;15.06.2000;Gerris sp.;5303;6;;;108000156;;
108000156;Taferlruck Measuring Station_15.06.2000;15.06.2000;Halesus sp.;5378;6;;;108000156;;
108000156;Taferlruck Measuring Station_15.06.2000;15.06.2000;Hydraena saga Ad.;5529;6;;;108000156;;
108000156;Taferlruck Measuring Station_15.06.2000;15.06.2000;Limoniidae Gen. sp.;8483;6;;;108000156;;
108000156;Taferlruck Measuring Station_15.06.2000;15.06.2000;Odontocerum albicorne;6168;6;;;108000156;;
108000156;Taferlruck Measuring Station_15.06.2000;15.06.2000;Oligochaeta Gen. sp.;8736;6;;;108000156;;
108000156;Taferlruck Measuring Station_15.06.2000;15.06.2000;Oreodytes sanmarkii;18616;6;;;108000156;;
108000156;Taferlruck Measuring Station_15.06.2000;15.06.2000;Plectrocnemia conspersa ssp.;21218;6;;;108000156;;
108000156;Taferlruck Measuring Station_15.06.2000;15.06.2000;Rhyacophila sp.;6780;6;;;108000156;;
108000156;Taferlruck Measuring Station_15.06.2000;15.06.2000;Simulium monticola;6848;6;;;108000156;;
108000156;Taferlruck Measuring Station_15.06.2000;15.06.2000;Siphonoperla torrentium ssp.;21307;6;;;108000156;;
108000156;Taferlruck Measuring Station_15.05.2001;15.05.2001;Amphinemura sulcicollis;4295;6;;;108000156;;
108000156;Taferlruck Measuring Station_15.05.2001;15.05.2001;Baetis alpinus;4381;6;;;108000156;;
108000156;Taferlruck Measuring Station_15.05.2001;15.05.2001;Dicranota sp.;4955;6;;;108000156;;
108000156;Taferlruck Measuring Station_15.05.2001;15.05.2001;Drusus discolor;5007;6;;;108000156;;
108000156;Taferlruck Measuring Station_15.05.2001;15.05.2001;Gerris sp.;5303;6;;;108000156;;
108000156;Taferlruck Measuring Station_15.05.2001;15.05.2001;Glossosoma intermedium;5315;6;;;108000156;;
108000156;Taferlruck Measuring Station_15.05.2001;15.05.2001;Limoniidae Gen. sp.;8483;6;;;108000156;;
108000156;Taferlruck Measuring Station_15.05.2001;15.05.2001;Odontocerum albicorne;6168;6;;;108000156;;
108000156;Taferlruck Measuring Station_15.05.2001;15.05.2001;Oligochaeta Gen. sp.;8736;6;;;108000156;;
108000156;Taferlruck Measuring Station_15.05.2001;15.05.2001;Plectrocnemia conspersa ssp.;21218;6;;;108000156;;
108000156;Taferlruck Measuring Station_15.05.2001;15.05.2001;Polycelis felina;6463;6;;;108000156;;
108000156;Taferlruck Measuring Station_15.05.2001;15.05.2001;Rhyacophila tristis;6784;6;;;108000156;;
108000156;Taferlruck Measuring Station_15.05.2001;15.05.2001;Simulium monticola;6848;6;;;108000156;;
108000156;Taferlruck Measuring Station_15.05.2001;15.05.2001;Simulium vernum-Gr.;19460;6;;;108000156;;
108000156;Taferlruck Measuring Station_21.05.2002;21.05.2002;Baetis alpinus;4381;6;;;108000156;;
108000156;Taferlruck Measuring Station_21.05.2002;21.05.2002;Drusus discolor;5007;6;;;108000156;;
108000156;Taferlruck Measuring Station_21.05.2002;21.05.2002;Ecclisopteryx madida;5035;6;;;108000156;;
108000156;Taferlruck Measuring Station_21.05.2002;21.05.2002;Elmis sp. Lv.;5095;6;;;108000156;;
108000156;Taferlruck Measuring Station_21.05.2002;21.05.2002;Micrasema longulum;5983;6;;;108000156;;
108000156;Taferlruck Measuring Station_21.05.2002;21.05.2002;Nemoura sp.;6108;6;;;108000156;;
108000156;Taferlruck Measuring Station_21.05.2002;21.05.2002;Oligochaeta Gen. sp.;8736;6;;;108000156;;
108000156;Taferlruck Measuring Station_21.05.2002;21.05.2002;Prosimulium sp.;6591;6;;;108000156;;
108000156;Taferlruck Measuring Station_21.05.2002;21.05.2002;Sericostomatidae Gen. sp.;9311;6;;;108000156;;
108000156;Taferlruck Measuring Station_17.06.2003;17.06.2003;Amphinemura sp.;4293;6;;;108000156;;
108000156;Taferlruck Measuring Station_17.06.2003;17.06.2003;Dicranota sp.;4955;6;;;108000156;;
108000156;Taferlruck Measuring Station_17.06.2003;17.06.2003;Elmis latreillei;17773;6;;;108000156;;
108000156;Taferlruck Measuring Station_17.06.2003;17.06.2003;Gerris sp.;5303;6;;;108000156;;
108000156;Taferlruck Measuring Station_17.06.2003;17.06.2003;Glossosoma conformis;5314;6;;;108000156;;
108000156;Taferlruck Measuring Station_17.06.2003;17.06.2003;Hydraena gracilis;18064;6;;;108000156;;
108000156;Taferlruck Measuring Station_17.06.2003;17.06.2003;Isoperla sp.;5673;6;;;108000156;;
108000156;Taferlruck Measuring Station_17.06.2003;17.06.2003;Limoniidae Gen. sp.;8483;6;;;108000156;;
108000156;Taferlruck Measuring Station_17.06.2003;17.06.2003;Lithax niger;5893;6;;;108000156;;
108000156;Taferlruck Measuring Station_17.06.2003;17.06.2003;Micrasema longulum;5983;6;;;108000156;;
108000156;Taferlruck Measuring Station_17.06.2003;17.06.2003;Odontocerum albicorne;6168;6;;;108000156;;
108000156;Taferlruck Measuring Station_17.06.2003;17.06.2003;Oligochaeta Gen. sp.;8736;6;;;108000156;;
108000156;Taferlruck Measuring Station_17.06.2003;17.06.2003;Sericostoma personatum;6817;6;;;108000156;;
108000156;Taferlruck Measuring Station_17.06.2003;17.06.2003;Simulium tuberosum;6854;6;;;108000156;;
108000156;Taferlruck Measuring Station_17.06.2003;17.06.2003;Simulium vernum;7842;6;;;108000156;;
108000156;Taferlruck Measuring Station_26.04.2004;26.04.2004;Amphinemura sp.;4293;6;;;108000156;;
108000156;Taferlruck Measuring Station_26.04.2004;26.04.2004;Baetis alpinus;4381;6;;;108000156;;
108000156;Taferlruck Measuring Station_26.04.2004;26.04.2004;Chaetopterygopsis maclachlani;4622;6;;;108000156;;
108000156;Taferlruck Measuring Station_26.04.2004;26.04.2004;Chironomidae Gen. sp.;4642;6;;;108000156;;
108000156;Taferlruck Measuring Station_26.04.2004;26.04.2004;Chloroperlidae Gen. sp.;4674;6;;;108000156;;
108000156;Taferlruck Measuring Station_26.04.2004;26.04.2004;Deronectes platynotus;17705;6;;;108000156;;
108000156;Taferlruck Measuring Station_26.04.2004;26.04.2004;Dicranota sp.;4955;6;;;108000156;;
108000156;Taferlruck Measuring Station_26.04.2004;26.04.2004;Drusus discolor;5007;6;;;108000156;;
108000156;Taferlruck Measuring Station_26.04.2004;26.04.2004;Ecclisopteryx guttulata;5034;6;;;108000156;;
108000156;Taferlruck Measuring Station_26.04.2004;26.04.2004;Ecclisopteryx madida;5035;6;;;108000156;;
108000156;Taferlruck Measuring Station_26.04.2004;26.04.2004;Ecdyonurus venosus-Gr.;5059;6;;;108000156;;
108000156;Taferlruck Measuring Station_26.04.2004;26.04.2004;Elmis rioloides Ad.;5094;6;;;108000156;;
108000156;Taferlruck Measuring Station_26.04.2004;26.04.2004;Halesus sp.;5378;6;;;108000156;;
108000156;Taferlruck Measuring Station_26.04.2004;26.04.2004;Hydropsyche tenuis;5606;6;;;108000156;;
108000156;Taferlruck Measuring Station_26.04.2004;26.04.2004;Isoperla sp.;5673;6;;;108000156;;
108000156;Taferlruck Measuring Station_26.04.2004;26.04.2004;Leuctra nigra;5779;6;;;108000156;;
108000156;Taferlruck Measuring Station_26.04.2004;26.04.2004;Micrasema minimum;5984;6;;;108000156;;
108000156;Taferlruck Measuring Station_26.04.2004;26.04.2004;Nemoura sp.;6108;6;;;108000156;;
108000156;Taferlruck Measuring Station_26.04.2004;26.04.2004;Perlodes microcephalus;6376;6;;;108000156;;
108000156;Taferlruck Measuring Station_26.04.2004;26.04.2004;Plectrocnemia conspersa ssp.;21218;6;;;108000156;;
108000156;Taferlruck Measuring Station_26.04.2004;26.04.2004;Potamophylax sp.;6527;6;;;108000156;;
108000156;Taferlruck Measuring Station_26.04.2004;26.04.2004;Rhithrogena semicolorata-Gr.;6745;6;;;108000156;;
108000156;Taferlruck Measuring Station_26.04.2004;26.04.2004;Rhyacophila tristis;6784;6;;;108000156;;
108000156;Taferlruck Measuring Station_26.04.2004;26.04.2004;Sericostoma sp.;6818;6;;;108000156;;
108000156;Taferlruck Measuring Station_26.04.2004;26.04.2004;Simulium monticola;6848;6;;;108000156;;
108000156;Taferlruck Measuring Station_26.04.2004;26.04.2004;Amphinemura sp.;4293;6;;;108000156;;
108000156;Taferlruck Measuring Station_26.04.2004;26.04.2004;Baetis alpinus;4381;6;;;108000156;;
108000156;Taferlruck Measuring Station_26.04.2004;26.04.2004;Chaetopterygopsis maclachlani;4622;6;;;108000156;;
108000156;Taferlruck Measuring Station_26.04.2004;26.04.2004;Chironomidae Gen. sp.;4642;6;;;108000156;;
108000156;Taferlruck Measuring Station_26.04.2004;26.04.2004;Chloroperlidae Gen. sp.;4674;6;;;108000156;;
108000156;Taferlruck Measuring Station_26.04.2004;26.04.2004;Deronectes platynotus Ad.;11833;6;;;108000156;;
108000156;Taferlruck Measuring Station_26.04.2004;26.04.2004;Dicranota sp.;4955;6;;;108000156;;
108000156;Taferlruck Measuring Station_26.04.2004;26.04.2004;Drusus discolor;5007;6;;;108000156;;
108000156;Taferlruck Measuring Station_26.04.2004;26.04.2004;Ecclisopteryx guttulata;5034;6;;;108000156;;
108000156;Taferlruck Measuring Station_26.04.2004;26.04.2004;Ecclisopteryx madida;5035;6;;;108000156;;
108000156;Taferlruck Measuring Station_26.04.2004;26.04.2004;Ecdyonurus venosus-Gr.;5059;6;;;108000156;;
108000156;Taferlruck Measuring Station_26.04.2004;26.04.2004;Elmis rioloides Ad.;5094;6;;;108000156;;
108000156;Taferlruck Measuring Station_26.04.2004;26.04.2004;Halesus sp.;5378;6;;;108000156;;
108000156;Taferlruck Measuring Station_26.04.2004;26.04.2004;Hydropsyche tenuis;5606;6;;;108000156;;
108000156;Taferlruck Measuring Station_26.04.2004;26.04.2004;Isoperla sp.;5673;6;;;108000156;;
108000156;Taferlruck Measuring Station_26.04.2004;26.04.2004;Leuctra nigra;5779;6;;;108000156;;
108000156;Taferlruck Measuring Station_26.04.2004;26.04.2004;Micrasema minimum;5984;6;;;108000156;;
108000156;Taferlruck Measuring Station_26.04.2004;26.04.2004;Nemoura sp.;6108;6;;;108000156;;
108000156;Taferlruck Measuring Station_26.04.2004;26.04.2004;Perlodes microcephalus;6376;6;;;108000156;;
108000156;Taferlruck Measuring Station_26.04.2004;26.04.2004;Plectrocnemia conspersa ssp.;21218;6;;;108000156;;
108000156;Taferlruck Measuring Station_26.04.2004;26.04.2004;Potamophylax sp.;6527;6;;;108000156;;
108000156;Taferlruck Measuring Station_26.04.2004;26.04.2004;Rhithrogena semicolorata-Gr.;6745;6;;;108000156;;
108000156;Taferlruck Measuring Station_26.04.2004;26.04.2004;Rhyacophila tristis;6784;6;;;108000156;;
108000156;Taferlruck Measuring Station_26.04.2004;26.04.2004;Sericostoma sp.;6818;6;;;108000156;;
108000156;Taferlruck Measuring Station_26.04.2004;26.04.2004;Simulium monticola;6848;6;;;108000156;;
108000156;Taferlruck Measuring Station_23.05.2017;23.05.2017;Agapetus fuscipes;4251;6;;;108000156;;
108000156;Taferlruck Measuring Station_23.05.2017;23.05.2017;Ameletus inopinatus;4288;6;;;108000156;;
108000156;Taferlruck Measuring Station_23.05.2017;23.05.2017;Amphinemura sp.;4293;6;;;108000156;;
108000156;Taferlruck Measuring Station_23.05.2017;23.05.2017;Baetis niger;4410;6;;;108000156;;
108000156;Taferlruck Measuring Station_23.05.2017;23.05.2017;Chironomidae Gen. sp.;4642;6;;;108000156;;
108000156;Taferlruck Measuring Station_23.05.2017;23.05.2017;Deronectes platynotus Ad.;11833;6;;;108000156;;
108000156;Taferlruck Measuring Station_23.05.2017;23.05.2017;Dicranota sp.;4955;6;;;108000156;;
108000156;Taferlruck Measuring Station_23.05.2017;23.05.2017;Ecdyonurus venosus-Gr.;5059;6;;;108000156;;
108000156;Taferlruck Measuring Station_23.05.2017;23.05.2017;Hydropsyche tenuis;5606;6;;;108000156;;
108000156;Taferlruck Measuring Station_23.05.2017;23.05.2017;Isoperla sp.;5673;6;;;108000156;;
108000156;Taferlruck Measuring Station_23.05.2017;23.05.2017;Oreodytes sanmarkii Ad.;12010;6;;;108000156;;
108000156;Taferlruck Measuring Station_23.05.2017;23.05.2017;Potamophylax sp.;6527;6;;;108000156;;
108000156;Taferlruck Measuring Station_23.05.2017;23.05.2017;Rhyacophila (Rhyacophila) sp.;13965;6;;;108000156;;
108000156;Taferlruck Measuring Station_23.05.2017;23.05.2017;Sericostoma sp.;6818;6;;;108000156;;
108000156;Taferlruck Measuring Station_23.05.2017;23.05.2017;Silo pallipes;6834;6;;;108000156;;
108000156;Taferlruck Measuring Station_09.06.1983;09.06.1983;Drusus discolor;5007;20;;;108000156;;
108000156;Taferlruck Measuring Station_09.06.1983;09.06.1983;Oreodytes sanmarkii;18616;20;;;108000156;;
108000156;Taferlruck Measuring Station_09.06.1983;09.06.1983;Protonemura sp.;6616;20;;;108000156;;
108000156;Taferlruck Measuring Station_09.06.1983;09.06.1983;Rhyacophila sp.;6780;20;;;108000156;;
108000156;Taferlruck Measuring Station_09.06.1983;09.06.1983;Silo sp.;6836;20;;;108000156;;
108000156;Taferlruck Measuring Station_14.12.1983;14.12.1983;Amphinemura sp.;4293;20;;;108000156;;
108000156;Taferlruck Measuring Station_14.12.1983;14.12.1983;Brachyptera sp.;4489;20;;;108000156;;
108000156;Taferlruck Measuring Station_14.12.1983;14.12.1983;Epeorus assimilis;12550;20;;;108000156;;
108000156;Taferlruck Measuring Station_14.12.1983;14.12.1983;Micrasema longulum;5983;20;;;108000156;;
108000156;Taferlruck Measuring Station_14.12.1983;14.12.1983;Protonemura sp.;6616;20;;;108000156;;
108000156;Taferlruck Measuring Station_14.12.1983;14.12.1983;Rhyacophila sp.;6780;20;;;108000156;;
108000156;Taferlruck Measuring Station_19.03.1986;19.03.1986;Capnia vidua ssp.;19314;20;;;108000156;;
108000156;Taferlruck Measuring Station_12.11.1986;12.11.1986;Apatania sp.;4334;20;;;108000156;;
108000156;Taferlruck Measuring Station_12.11.1986;12.11.1986;Brachyptera sp.;4489;20;;;108000156;;
108000156;Taferlruck Measuring Station_12.11.1986;12.11.1986;Ecclisopteryx guttulata;5034;20;;;108000156;;
108000156;Taferlruck Measuring Station_12.11.1986;12.11.1986;Elmis sp.;17779;20;;;108000156;;
108000156;Taferlruck Measuring Station_12.11.1986;12.11.1986;Limnius perrisi;18418;20;;;108000156;;
108000156;Taferlruck Measuring Station_12.11.1986;12.11.1986;Potamophylax sp.;6527;20;;;108000156;;
108000156;Taferlruck Measuring Station_12.11.1986;12.11.1986;Somatochlora metallica;6878;20;;;108000156;;
108000156;Taferlruck Measuring Station_15.04.1987;15.04.1987;Brachyptera seticornis;4488;20;;;108000156;;
108000156;Taferlruck Measuring Station_15.04.1987;15.04.1987;Glossosoma sp.;5316;20;;;108000156;;
108000156;Taferlruck Measuring Station_15.04.1987;15.04.1987;Isoperla sp.;5673;20;;;108000156;;
108000156;Taferlruck Measuring Station_15.04.1987;15.04.1987;Silo pallipes;6834;20;;;108000156;;
108000156;Taferlruck Measuring Station_12.06.1989;12.06.1989;Potamophylax cingulatus ssp.;19394;20;;;108000156;;
108000156;Taferlruck Measuring Station_12.06.1989;12.06.1989;Protonemura sp.;6616;20;;;108000156;;
108000156;Taferlruck Measuring Station_12.06.1989;12.06.1989;Simuliidae Gen. sp.;6842;20;;;108000156;;
108000156;Taferlruck Measuring Station_29.08.1990;29.08.1990;Baetis sp.;4419;20;;;108000156;;
108000156;Taferlruck Measuring Station_29.08.1990;29.08.1990;Chironomidae Gen. sp.;4642;20;;;108000156;;
108000156;Taferlruck Measuring Station_29.08.1990;29.08.1990;Diura bicaudata;4988;20;;;108000156;;
108000156;Taferlruck Measuring Station_29.08.1990;29.08.1990;Limoniidae Gen. sp.;8483;20;;;108000156;;
108000156;Taferlruck Measuring Station_29.08.1990;29.08.1990;Rhyacophila obliterata;6773;20;;;108000156;;
108000156;Taferlruck Measuring Station_17.06.1991;17.06.1991;Amphinemura sp.;4293;20;;;108000156;;
108000156;Taferlruck Measuring Station_17.06.1991;17.06.1991;Chironomidae Gen. sp.;4642;20;;;108000156;;
108000156;Taferlruck Measuring Station_17.06.1991;17.06.1991;Leuctra inermis;5769;20;;;108000156;;
108000156;Taferlruck Measuring Station_17.06.1991;17.06.1991;Limnius perrisi;18418;20;;;108000156;;
108000156;Taferlruck Measuring Station_17.06.1991;17.06.1991;Potamophylax sp.;6527;20;;;108000156;;
108000156;Taferlruck Measuring Station_17.06.1991;17.06.1991;Siphonoperla torrentium ssp.;21307;20;;;108000156;;
108000156;Taferlruck Measuring Station_30.03.1992;30.03.1992;Brachyptera starmachi;10599;20;;;108000156;;
108000156;Taferlruck Measuring Station_30.03.1992;30.03.1992;Diura bicaudata;4988;20;;;108000156;;
108000156;Taferlruck Measuring Station_30.03.1992;30.03.1992;Drusinae Gen. sp.;8656;20;;;108000156;;
108000156;Taferlruck Measuring Station_30.03.1992;30.03.1992;Drusus discolor;5007;20;;;108000156;;
108000156;Taferlruck Measuring Station_30.03.1992;30.03.1992;Ecclisopteryx madida;5035;20;;;108000156;;
108000156;Taferlruck Measuring Station_30.03.1992;30.03.1992;Leuctra sp.;5790;20;;;108000156;;
108000156;Taferlruck Measuring Station_30.03.1992;30.03.1992;Limnephilidae Gen. sp.;5809;20;;;108000156;;
108000156;Taferlruck Measuring Station_30.03.1992;30.03.1992;Micrasema longulum;5983;20;;;108000156;;
108000156;Taferlruck Measuring Station_30.03.1992;30.03.1992;Perlodes microcephalus;6376;20;;;108000156;;
108000156;Taferlruck Measuring Station_30.03.1992;30.03.1992;Silo pallipes;6834;20;;;108000156;;
108000156;Taferlruck Measuring Station_26.07.1993;26.07.1993;Chaetopterygopsis maclachlani;4622;20;;;108000156;;
108000156;Taferlruck Measuring Station_26.07.1993;26.07.1993;Chironomidae Gen. sp.;4642;20;;;108000156;;
108000156;Taferlruck Measuring Station_26.07.1993;26.07.1993;Diura bicaudata;4988;20;;;108000156;;
108000156;Taferlruck Measuring Station_26.07.1993;26.07.1993;Limnius perrisi;18418;20;;;108000156;;
108000156;Taferlruck Measuring Station_26.07.1993;26.07.1993;Oreodytes sanmarkii;18616;20;;;108000156;;
108000156;Taferlruck Measuring Station_26.07.1993;26.07.1993;Protonemura sp.;6616;20;;;108000156;;
108000156;Taferlruck Measuring Station_26.07.1993;26.07.1993;Silo pallipes;6834;20;;;108000156;;
108000156;Taferlruck Measuring Station_26.07.1993;26.07.1993;Simulium argyreatum;6843;20;;;108000156;;
108000156;Taferlruck Measuring Station_26.07.1993;26.07.1993;Simulium monticola;6848;20;;;108000156;;
108000156;Taferlruck Measuring Station_20.06.1994;20.06.1994;Amphinemura sulcicollis;4295;20;;;108000156;;
108000156;Taferlruck Measuring Station_20.06.1994;20.06.1994;Baetis alpinus;4381;20;;;108000156;;
108000156;Taferlruck Measuring Station_20.06.1994;20.06.1994;Brachyptera seticornis;4488;20;;;108000156;;
108000156;Taferlruck Measuring Station_20.06.1994;20.06.1994;Chaetopterygini Gen. sp.;10544;20;;;108000156;;
108000156;Taferlruck Measuring Station_20.06.1994;20.06.1994;Chaetopterygopsis maclachlani;4622;20;;;108000156;;
108000156;Taferlruck Measuring Station_20.06.1994;20.06.1994;Chironomidae Gen. sp.;4642;20;;;108000156;;
108000156;Taferlruck Measuring Station_20.06.1994;20.06.1994;Drusinae Gen. sp.;8656;20;;;108000156;;
108000156;Taferlruck Measuring Station_20.06.1994;20.06.1994;Drusus discolor;5007;20;;;108000156;;
108000156;Taferlruck Measuring Station_20.06.1994;20.06.1994;Halesus sp.;5378;20;;;108000156;;
108000156;Taferlruck Measuring Station_20.06.1994;20.06.1994;Isoperla sp.;5673;20;;;108000156;;
108000156;Taferlruck Measuring Station_20.06.1994;20.06.1994;Limnephilidae Gen. sp.;5809;20;;;108000156;;
108000156;Taferlruck Measuring Station_20.06.1994;20.06.1994;Odontocerum albicorne;6168;20;;;108000156;;
108000156;Taferlruck Measuring Station_20.06.1994;20.06.1994;Oreodytes sanmarkii;18616;20;;;108000156;;
108000156;Taferlruck Measuring Station_07.06.1995;07.06.1995;Ameletus inopinatus;4288;20;;;108000156;;
108000156;Taferlruck Measuring Station_07.06.1995;07.06.1995;Brachyptera seticornis;4488;20;;;108000156;;
108000156;Taferlruck Measuring Station_07.06.1995;07.06.1995;Chaetopterygini Gen. sp.;10544;20;;;108000156;;
108000156;Taferlruck Measuring Station_07.06.1995;07.06.1995;Chaetopterygopsis maclachlani;4622;20;;;108000156;;
108000156;Taferlruck Measuring Station_07.06.1995;07.06.1995;Diura bicaudata;4988;20;;;108000156;;
108000156;Taferlruck Measuring Station_07.06.1995;07.06.1995;Drusus annulatus;5001;20;;;108000156;;
108000156;Taferlruck Measuring Station_07.06.1995;07.06.1995;Ecclisopteryx madida;5035;20;;;108000156;;
108000156;Taferlruck Measuring Station_07.06.1995;07.06.1995;Leuctra rauscheri;5785;20;;;108000156;;
108000156;Taferlruck Measuring Station_07.06.1995;07.06.1995;Odontocerum albicorne;6168;20;;;108000156;;
108000156;Taferlruck Measuring Station_07.06.1995;07.06.1995;Polycelis felina;6463;20;;;108000156;;
108000156;Taferlruck Measuring Station_07.06.1995;07.06.1995;Potamophylax sp.;6527;20;;;108000156;;
108000156;Taferlruck Measuring Station_07.06.1995;07.06.1995;Protonemura meyeri;6610;20;;;108000156;;
108000156;Taferlruck Measuring Station_07.06.1995;07.06.1995;Silo pallipes;6834;20;;;108000156;;
108000156;Taferlruck Measuring Station_28.05.1996;28.05.1996;Ameletus inopinatus;4288;20;;;108000156;;
108000156;Taferlruck Measuring Station_28.05.1996;28.05.1996;Isoperla sp.;5673;20;;;108000156;;
108000156;Taferlruck Measuring Station_28.05.1996;28.05.1996;Leuctra sp.;5790;20;;;108000156;;
108000156;Taferlruck Measuring Station_28.05.1996;28.05.1996;Micrasema longulum;5983;20;;;108000156;;
108000156;Taferlruck Measuring Station_28.05.1996;28.05.1996;Plectrocnemia conspersa ssp.;21218;20;;;108000156;;
108000156;Taferlruck Measuring Station_28.05.1996;28.05.1996;Potamophylax sp.;6527;20;;;108000156;;
108000156;Taferlruck Measuring Station_28.05.1996;28.05.1996;Protonemura sp.;6616;20;;;108000156;;
108000156;Taferlruck Measuring Station_28.05.1996;28.05.1996;Rhyacophila sp.;6780;20;;;108000156;;
108000156;Taferlruck Measuring Station_28.05.1996;28.05.1996;Silo pallipes;6834;20;;;108000156;;
108000156;Taferlruck Measuring Station_28.05.1996;28.05.1996;Siphonoperla torrentium ssp.;21307;20;;;108000156;;
108000156;Taferlruck Measuring Station_15.05.1997;15.05.1997;Amphinemura sp.;4293;20;;;108000156;;
108000156;Taferlruck Measuring Station_15.05.1997;15.05.1997;Apatania fimbriata;4332;20;;;108000156;;
108000156;Taferlruck Measuring Station_15.05.1997;15.05.1997;Ecclisopteryx madida;5035;20;;;108000156;;
108000156;Taferlruck Measuring Station_15.05.1997;15.05.1997;Isoperla sp.;5673;20;;;108000156;;
108000156;Taferlruck Measuring Station_15.05.1997;15.05.1997;Limnephilidae Gen. sp.;5809;20;;;108000156;;
108000156;Taferlruck Measuring Station_15.05.1997;15.05.1997;Limnius perrisi;18418;20;;;108000156;;
108000156;Taferlruck Measuring Station_15.05.1997;15.05.1997;Micrasema longulum;5983;20;;;108000156;;
108000156;Taferlruck Measuring Station_15.05.1997;15.05.1997;Oreodytes sanmarkii;18616;20;;;108000156;;
108000156;Taferlruck Measuring Station_15.05.1997;15.05.1997;Protonemura sp.;6616;20;;;108000156;;
108000156;Taferlruck Measuring Station_15.05.1997;15.05.1997;Rhyacophila sp.;6780;20;;;108000156;;
108000156;Taferlruck Measuring Station_15.05.1997;15.05.1997;Sericostoma personatum;6817;20;;;108000156;;
108000156;Taferlruck Measuring Station_15.05.1997;15.05.1997;Silo pallipes;6834;20;;;108000156;;
108000156;Taferlruck Measuring Station_15.05.1997;15.05.1997;Siphonoperla torrentium ssp.;21307;20;;;108000156;;
108000156;Taferlruck Measuring Station_14.05.1998;14.05.1998;Drusus discolor;5007;20;;;108000156;;
108000156;Taferlruck Measuring Station_14.05.1998;14.05.1998;Isoperla sp.;5673;20;;;108000156;;
108000156;Taferlruck Measuring Station_14.05.1998;14.05.1998;Leuctra sp.;5790;20;;;108000156;;
108000156;Taferlruck Measuring Station_14.05.1998;14.05.1998;Limnius perrisi;18418;20;;;108000156;;
108000156;Taferlruck Measuring Station_14.05.1998;14.05.1998;Micrasema longulum;5983;20;;;108000156;;
108000156;Taferlruck Measuring Station_14.05.1998;14.05.1998;Potamophylax sp.;6527;20;;;108000156;;
108000156;Taferlruck Measuring Station_14.05.1998;14.05.1998;Protonemura sp.;6616;20;;;108000156;;
108000156;Taferlruck Measuring Station_14.05.1998;14.05.1998;Rhyacophila sp.;6780;20;;;108000156;;
108000156;Taferlruck Measuring Station_25.05.1999;25.05.1999;Apatania fimbriata;4332;20;;;108000156;;
108000156;Taferlruck Measuring Station_25.05.1999;25.05.1999;Chironomidae Gen. sp.;4642;20;;;108000156;;
108000156;Taferlruck Measuring Station_25.05.1999;25.05.1999;Drusus discolor;5007;20;;;108000156;;
108000156;Taferlruck Measuring Station_25.05.1999;25.05.1999;Isoperla sp.;5673;20;;;108000156;;
108000156;Taferlruck Measuring Station_25.05.1999;25.05.1999;Odontocerum albicorne;6168;20;;;108000156;;
108000156;Taferlruck Measuring Station_25.05.1999;25.05.1999;Sericostoma sp.;6818;20;;;108000156;;
108000156;Taferlruck Measuring Station_25.05.1999;25.05.1999;Siphonoperla sp.;6867;20;;;108000156;;
108000156;Taferlruck Measuring Station_15.06.2000;15.06.2000;Allogamus uncatus;4267;20;;;108000156;;
108000156;Taferlruck Measuring Station_15.06.2000;15.06.2000;Amphinemura sulcicollis;4295;20;;;108000156;;
108000156;Taferlruck Measuring Station_15.06.2000;15.06.2000;Apatania fimbriata;4332;20;;;108000156;;
108000156;Taferlruck Measuring Station_15.06.2000;15.06.2000;Chaetopterygini Gen. sp.;10544;20;;;108000156;;
108000156;Taferlruck Measuring Station_15.06.2000;15.06.2000;Chaetopterygopsis maclachlani;4622;20;;;108000156;;
108000156;Taferlruck Measuring Station_15.06.2000;15.06.2000;Chironomidae Gen. sp.;4642;20;;;108000156;;
108000156;Taferlruck Measuring Station_15.06.2000;15.06.2000;Drusus discolor;5007;20;;;108000156;;
108000156;Taferlruck Measuring Station_15.06.2000;15.06.2000;Limnephilidae Gen. sp.;5809;20;;;108000156;;
108000156;Taferlruck Measuring Station_15.06.2000;15.06.2000;Micrasema longulum;5983;20;;;108000156;;
108000156;Taferlruck Measuring Station_15.06.2000;15.06.2000;Rhyacophila praemorsa;6776;20;;;108000156;;
108000156;Taferlruck Measuring Station_15.06.2000;15.06.2000;Sericostoma sp.;6818;20;;;108000156;;
108000156;Taferlruck Measuring Station_15.06.2000;15.06.2000;Simulium vernum;7842;20;;;108000156;;
108000156;Taferlruck Measuring Station_15.05.2001;15.05.2001;Ameletus inopinatus;4288;20;;;108000156;;
108000156;Taferlruck Measuring Station_15.05.2001;15.05.2001;Chironomidae Gen. sp.;4642;20;;;108000156;;
108000156;Taferlruck Measuring Station_15.05.2001;15.05.2001;Diura bicaudata;4988;20;;;108000156;;
108000156;Taferlruck Measuring Station_15.05.2001;15.05.2001;Halesus sp.;5378;20;;;108000156;;
108000156;Taferlruck Measuring Station_15.05.2001;15.05.2001;Isoperla sp.;5673;20;;;108000156;;
108000156;Taferlruck Measuring Station_15.05.2001;15.05.2001;Lithax niger;5893;20;;;108000156;;
108000156;Taferlruck Measuring Station_15.05.2001;15.05.2001;Micrasema longulum;5983;20;;;108000156;;
108000156;Taferlruck Measuring Station_15.05.2001;15.05.2001;Oreodytes sanmarkii;18616;20;;;108000156;;
108000156;Taferlruck Measuring Station_15.05.2001;15.05.2001;Sericostoma sp.;6818;20;;;108000156;;
108000156;Taferlruck Measuring Station_15.05.2001;15.05.2001;Siphonoperla torrentium ssp.;21307;20;;;108000156;;
108000156;Taferlruck Measuring Station_21.05.2002;21.05.2002;Ameletus inopinatus;4288;20;;;108000156;;
108000156;Taferlruck Measuring Station_21.05.2002;21.05.2002;Amphinemura sulcicollis;4295;20;;;108000156;;
108000156;Taferlruck Measuring Station_21.05.2002;21.05.2002;Apatania fimbriata;4332;20;;;108000156;;
108000156;Taferlruck Measuring Station_21.05.2002;21.05.2002;Chironomidae Gen. sp.;4642;20;;;108000156;;
108000156;Taferlruck Measuring Station_21.05.2002;21.05.2002;Isoperla sp.;5673;20;;;108000156;;
108000156;Taferlruck Measuring Station_21.05.2002;21.05.2002;Lithax niger;5893;20;;;108000156;;
108000156;Taferlruck Measuring Station_21.05.2002;21.05.2002;Odontocerum albicorne;6168;20;;;108000156;;
108000156;Taferlruck Measuring Station_21.05.2002;21.05.2002;Oreodytes sanmarkii;18616;20;;;108000156;;
108000156;Taferlruck Measuring Station_21.05.2002;21.05.2002;Pedicia sp.;6354;20;;;108000156;;
108000156;Taferlruck Measuring Station_21.05.2002;21.05.2002;Simulium vernum-Gr.;19460;20;;;108000156;;
108000156;Taferlruck Measuring Station_21.05.2002;21.05.2002;Siphonoperla torrentium ssp.;21307;20;;;108000156;;
108000156;Taferlruck Measuring Station_17.06.2003;17.06.2003;Baetis alpinus;4381;20;;;108000156;;
108000156;Taferlruck Measuring Station_17.06.2003;17.06.2003;Chaetopterygopsis maclachlani;4622;20;;;108000156;;
108000156;Taferlruck Measuring Station_17.06.2003;17.06.2003;Drusus discolor;5007;20;;;108000156;;
108000156;Taferlruck Measuring Station_17.06.2003;17.06.2003;Esolus angustatus;17816;20;;;108000156;;
108000156;Taferlruck Measuring Station_17.06.2003;17.06.2003;Halesus sp.;5378;20;;;108000156;;
108000156;Taferlruck Measuring Station_17.06.2003;17.06.2003;Leuctra sp.;5790;20;;;108000156;;
108000156;Taferlruck Measuring Station_17.06.2003;17.06.2003;Limnephilidae Gen. sp.;5809;20;;;108000156;;
108000156;Taferlruck Measuring Station_17.06.2003;17.06.2003;Oreodytes sanmarkii;18616;20;;;108000156;;
108000156;Taferlruck Measuring Station_17.06.2003;17.06.2003;Potamophylax sp.;6527;20;;;108000156;;
108000156;Taferlruck Measuring Station_17.06.2003;17.06.2003;Rhyacophila praemorsa;6776;20;;;108000156;;
108000156;Taferlruck Measuring Station_17.06.2003;17.06.2003;Silo pallipes;6834;20;;;108000156;;
108000156;Taferlruck Measuring Station_17.06.2003;17.06.2003;Siphlonurus lacustris;6863;20;;;108000156;;
108000156;Taferlruck Measuring Station_26.04.2004;26.04.2004;Ameletus inopinatus;4288;20;;;108000156;;
108000156;Taferlruck Measuring Station_26.04.2004;26.04.2004;Micrasema longulum;5983;20;;;108000156;;
108000156;Taferlruck Measuring Station_26.04.2004;26.04.2004;Odontocerum albicorne;6168;20;;;108000156;;
108000156;Taferlruck Measuring Station_26.04.2004;26.04.2004;Oreodytes sanmarkii;18616;20;;;108000156;;
108000156;Taferlruck Measuring Station_26.04.2004;26.04.2004;Prosimulium tomosvaryi;6592;20;;;108000156;;
108000156;Taferlruck Measuring Station_26.04.2004;26.04.2004;Protonemura sp.;6616;20;;;108000156;;
108000156;Taferlruck Measuring Station_26.04.2004;26.04.2004;Rhyacophila sp.;6780;20;;;108000156;;
108000156;Taferlruck Measuring Station_26.04.2004;26.04.2004;Silo pallipes;6834;20;;;108000156;;
108000156;Taferlruck Measuring Station_26.04.2004;26.04.2004;Ameletus inopinatus;4288;20;;;108000156;;
108000156;Taferlruck Measuring Station_26.04.2004;26.04.2004;Leuctra sp.;5790;20;;;108000156;;
108000156;Taferlruck Measuring Station_26.04.2004;26.04.2004;Micrasema longulum;5983;20;;;108000156;;
108000156;Taferlruck Measuring Station_26.04.2004;26.04.2004;Odontocerum albicorne;6168;20;;;108000156;;
108000156;Taferlruck Measuring Station_26.04.2004;26.04.2004;Oreodytes sanmarkii Ad.;12010;20;;;108000156;;
108000156;Taferlruck Measuring Station_26.04.2004;26.04.2004;Prosimulium tomosvaryi;6592;20;;;108000156;;
108000156;Taferlruck Measuring Station_26.04.2004;26.04.2004;Protonemura sp.;6616;20;;;108000156;;
108000156;Taferlruck Measuring Station_26.04.2004;26.04.2004;Rhyacophila sp.;6780;20;;;108000156;;
108000156;Taferlruck Measuring Station_26.04.2004;26.04.2004;Silo pallipes;6834;20;;;108000156;;
108000156;Taferlruck Measuring Station_23.05.2017;23.05.2017;Baetis rhodani;4415;20;;;108000156;;
108000156;Taferlruck Measuring Station_23.05.2017;23.05.2017;Chaetopterygini/Stenophylacini Gen. sp.;10370;20;;;108000156;;
108000156;Taferlruck Measuring Station_23.05.2017;23.05.2017;Elmis sp. Lv.;5095;20;;;108000156;;
108000156;Taferlruck Measuring Station_23.05.2017;23.05.2017;Halesus sp.;5378;20;;;108000156;;
108000156;Taferlruck Measuring Station_23.05.2017;23.05.2017;Leuctra sp.;5790;20;;;108000156;;
108000156;Taferlruck Measuring Station_23.05.2017;23.05.2017;Odontocerum albicorne;6168;20;;;108000156;;
108000156;Taferlruck Measuring Station_23.05.2017;23.05.2017;Protonemura sp.;6616;20;;;108000156;;
108000156;Taferlruck Measuring Station_23.05.2017;23.05.2017;Rhithrogena semicolorata-Gr.;6745;20;;;108000156;;
108000156;Taferlruck Measuring Station_19.03.1986;19.03.1986;Limnephilidae Gen. sp.;5809;26;;;108000156;;
108000156;Taferlruck Measuring Station_19.03.1986;19.03.1986;Brachyptera seticornis;4488;65;;;108000156;;
108000156;Taferlruck Measuring Station_12.11.1986;12.11.1986;Silo pallipes;6834;65;;;108000156;;
108000156;Taferlruck Measuring Station_17.06.1991;17.06.1991;Ameletus inopinatus;4288;65;;;108000156;;
108000156;Taferlruck Measuring Station_17.06.1991;17.06.1991;Anomalopterygella chauviniana;4327;65;;;108000156;;
108000156;Taferlruck Measuring Station_30.03.1992;30.03.1992;Apatania fimbriata;4332;65;;;108000156;;
108000156;Taferlruck Measuring Station_30.03.1992;30.03.1992;Capnia vidua ssp.;19314;65;;;108000156;;
108000156;Taferlruck Measuring Station_30.03.1992;30.03.1992;Ecclisopteryx guttulata;5034;65;;;108000156;;
108000156;Taferlruck Measuring Station_30.03.1992;30.03.1992;Leuctra pseudosignifera;5783;65;;;108000156;;
108000156;Taferlruck Measuring Station_30.03.1992;30.03.1992;Potamophylax sp.;6527;65;;;108000156;;
108000156;Taferlruck Measuring Station_26.07.1993;26.07.1993;Baetis vernus;4427;65;;;108000156;;
108000156;Taferlruck Measuring Station_26.07.1993;26.07.1993;Limnephilidae Gen. sp.;5809;65;;;108000156;;
108000156;Taferlruck Measuring Station_26.07.1993;26.07.1993;Potamophylax sp.;6527;65;;;108000156;;
108000156;Taferlruck Measuring Station_26.07.1993;26.07.1993;Rhyacophila evoluta;6764;65;;;108000156;;
108000156;Taferlruck Measuring Station_20.06.1994;20.06.1994;Apatania fimbriata;4332;65;;;108000156;;
108000156;Taferlruck Measuring Station_20.06.1994;20.06.1994;Oligochaeta Gen. sp.;8736;65;;;108000156;;
108000156;Taferlruck Measuring Station_20.06.1994;20.06.1994;Potamophylax sp.;6527;65;;;108000156;;
108000156;Taferlruck Measuring Station_20.06.1994;20.06.1994;Rhyacophila praemorsa;6776;65;;;108000156;;
108000156;Taferlruck Measuring Station_20.06.1994;20.06.1994;Silo sp.;6836;65;;;108000156;;
108000156;Taferlruck Measuring Station_07.06.1995;07.06.1995;Anomalopterygella chauviniana;4327;65;;;108000156;;
108000156;Taferlruck Measuring Station_07.06.1995;07.06.1995;Apatania fimbriata;4332;65;;;108000156;;
108000156;Taferlruck Measuring Station_07.06.1995;07.06.1995;Isoperla sp.;5673;65;;;108000156;;
108000156;Taferlruck Measuring Station_07.06.1995;07.06.1995;Sialis fuliginosa;6821;65;;;108000156;;
108000156;Taferlruck Measuring Station_28.05.1996;28.05.1996;Ecclisopteryx madida;5035;65;;;108000156;;
108000156;Taferlruck Measuring Station_28.05.1996;28.05.1996;Limnius perrisi;18418;65;;;108000156;;
108000156;Taferlruck Measuring Station_15.05.1997;15.05.1997;Brachyptera seticornis;4488;65;;;108000156;;
108000156;Taferlruck Measuring Station_15.05.1997;15.05.1997;Leuctra nigra;5779;65;;;108000156;;
108000156;Taferlruck Measuring Station_15.05.1997;15.05.1997;Leuctra sp.;5790;65;;;108000156;;
108000156;Taferlruck Measuring Station_15.05.1997;15.05.1997;Potamophylax sp.;6527;65;;;108000156;;
108000156;Taferlruck Measuring Station_14.05.1998;14.05.1998;Brachyptera seticornis;4488;65;;;108000156;;
108000156;Taferlruck Measuring Station_25.05.1999;25.05.1999;Leuctra sp.;5790;65;;;108000156;;
108000156;Taferlruck Measuring Station_25.05.1999;25.05.1999;Limnius perrisi;18418;65;;;108000156;;
108000156;Taferlruck Measuring Station_25.05.1999;25.05.1999;Potamophylax sp.;6527;65;;;108000156;;
108000156;Taferlruck Measuring Station_25.05.1999;25.05.1999;Protonemura sp.;6616;65;;;108000156;;
108000156;Taferlruck Measuring Station_25.05.1999;25.05.1999;Rhyacophila sp.;6780;65;;;108000156;;
108000156;Taferlruck Measuring Station_25.05.1999;25.05.1999;Silo pallipes;6834;65;;;108000156;;
108000156;Taferlruck Measuring Station_15.06.2000;15.06.2000;Leuctra sp.;5790;65;;;108000156;;
108000156;Taferlruck Measuring Station_15.06.2000;15.06.2000;Limnius perrisi;18418;65;;;108000156;;
108000156;Taferlruck Measuring Station_15.06.2000;15.06.2000;Potamophylax cingulatus alpinus;15950;65;;;108000156;;
108000156;Taferlruck Measuring Station_15.06.2000;15.06.2000;Protonemura sp.;6616;65;;;108000156;;
108000156;Taferlruck Measuring Station_15.05.2001;15.05.2001;Apatania fimbriata;4332;65;;;108000156;;
108000156;Taferlruck Measuring Station_15.05.2001;15.05.2001;Ecclisopteryx madida;5035;65;;;108000156;;
108000156;Taferlruck Measuring Station_15.05.2001;15.05.2001;Leuctra sp.;5790;65;;;108000156;;
108000156;Taferlruck Measuring Station_15.05.2001;15.05.2001;Limnephilidae Gen. sp.;5809;65;;;108000156;;
108000156;Taferlruck Measuring Station_15.05.2001;15.05.2001;Protonemura sp.;6616;65;;;108000156;;
108000156;Taferlruck Measuring Station_15.05.2001;15.05.2001;Rhyacophila sp.;6780;65;;;108000156;;
108000156;Taferlruck Measuring Station_21.05.2002;21.05.2002;Esolus angustatus;17816;65;;;108000156;;
108000156;Taferlruck Measuring Station_21.05.2002;21.05.2002;Limnephilidae Gen. sp.;5809;65;;;108000156;;
108000156;Taferlruck Measuring Station_21.05.2002;21.05.2002;Potamophylax sp.;6527;65;;;108000156;;
108000156;Taferlruck Measuring Station_21.05.2002;21.05.2002;Rhyacophila sp.;6780;65;;;108000156;;
108000156;Taferlruck Measuring Station_21.05.2002;21.05.2002;Silo pallipes;6834;65;;;108000156;;
108000156;Taferlruck Measuring Station_17.06.2003;17.06.2003;Baetis vernus;4427;65;;;108000156;;
108000156;Taferlruck Measuring Station_17.06.2003;17.06.2003;Chironomidae Gen. sp.;4642;65;;;108000156;;
108000156;Taferlruck Measuring Station_17.06.2003;17.06.2003;Limnius perrisi;18418;65;;;108000156;;
108000156;Taferlruck Measuring Station_17.06.2003;17.06.2003;Protonemura sp.;6616;65;;;108000156;;
108000156;Taferlruck Measuring Station_17.06.2003;17.06.2003;Rhyacophila evoluta;6764;65;;;108000156;;
108000156;Taferlruck Measuring Station_17.06.2003;17.06.2003;Simulium monticola;6848;65;;;108000156;;
108000156;Taferlruck Measuring Station_26.04.2004;26.04.2004;Brachyptera seticornis;4488;65;;;108000156;;
108000156;Taferlruck Measuring Station_26.04.2004;26.04.2004;Leuctra sp.;5790;65;;;108000156;;
108000156;Taferlruck Measuring Station_26.04.2004;26.04.2004;Limnius perrisi;18418;65;;;108000156;;
108000156;Taferlruck Measuring Station_26.04.2004;26.04.2004;Brachyptera seticornis;4488;65;;;108000156;;
108000156;Taferlruck Measuring Station_26.04.2004;26.04.2004;Limnius perrisi Ad.;12092;65;;;108000156;;
108000156;Taferlruck Measuring Station_23.05.2017;23.05.2017;Baetis alpinus;4381;65;;;108000156;;
108000156;Taferlruck Measuring Station_23.05.2017;23.05.2017;Limnius perrisi Ad.;12092;65;;;108000156;;
108000156;Taferlruck Measuring Station_12.06.1989;12.06.1989;Chironomidae Gen. sp.;4642;200;;;108000156;;
108000156;Taferlruck Measuring Station_30.03.1992;30.03.1992;Brachyptera seticornis;4488;200;;;108000156;;
108000156;Taferlruck Measuring Station_20.06.1994;20.06.1994;Leuctra sp.;5790;200;;;108000156;;
108000156;Taferlruck Measuring Station_20.06.1994;20.06.1994;Limnius perrisi;18418;200;;;108000156;;
108000156;Taferlruck Measuring Station_20.06.1994;20.06.1994;Protonemura sp.;6616;200;;;108000156;;
108000156;Taferlruck Measuring Station_28.05.1996;28.05.1996;Brachyptera seticornis;4488;200;;;108000156;;
108000156;Taferlruck Measuring Station_25.05.1999;25.05.1999;Brachyptera seticornis;4488;200;;;108000156;;
108000156;Taferlruck Measuring Station_15.06.2000;15.06.2000;Silo pallipes;6834;200;;;108000156;;
108000156;Taferlruck Measuring Station_15.05.2001;15.05.2001;Brachyptera seticornis;4488;200;;;108000156;;
108000156;Taferlruck Measuring Station_15.05.2001;15.05.2001;Limnius perrisi;18418;200;;;108000156;;
108000156;Taferlruck Measuring Station_15.05.2001;15.05.2001;Potamophylax sp.;6527;200;;;108000156;;
108000156;Taferlruck Measuring Station_15.05.2001;15.05.2001;Silo pallipes;6834;200;;;108000156;;
108000156;Taferlruck Measuring Station_21.05.2002;21.05.2002;Brachyptera seticornis;4488;200;;;108000156;;
108000156;Taferlruck Measuring Station_21.05.2002;21.05.2002;Leuctra sp.;5790;200;;;108000156;;
108000156;Taferlruck Measuring Station_21.05.2002;21.05.2002;Limnius perrisi;18418;200;;;108000156;;
108000156;Taferlruck Measuring Station_21.05.2002;21.05.2002;Protonemura sp.;6616;200;;;108000156;;
108000156;Taferlruck Measuring Station_23.05.2017;23.05.2017;Gammarus fossarum;5288;200;;;108000156;;
108000156;Taferlruck Measuring Station_23.05.2017;23.05.2017;Glossosoma conformis;5314;200;;;108000156;;
