Site ID;Sample ID;Sampling date;Taxon name;Taxon ID;Abundance;Definition of abundance class;Abundance class;Site_ID_Ellen;;
TER_4;TER_4_21.10.2020;21.10.2020;Capniidae/Leuctridae indet. lv.;;1;;;;;
TER_4;TER_4_17.10.2019;17.10.2019;Capniidae/Leuctridae indet. lv.;;4;;;;;
TER_4;TER_4_28.10.2016;28.10.2016;Capniidae/Leuctridae indet. lv.;;32;;;;;
TER_4;TER_4_09.10.2014;09.10.2014;Agapetus ochripes lv.;4253;1;;;;;
TER_4;TER_4_10.10.2013;10.10.2013;Agapetus ochripes lv.;4253;8;;;;;
TER_4;TER_4_19.10.2017;19.10.2017;Ameletus inopinatus lv.;4288;28;;;;;
TER_4;TER_4_17.10.2019;17.10.2019;Ameletus inopinatus lv.;4288;1;;;;;
TER_4;TER_4_10.10.2013;10.10.2013;Ameletus inopinatus lv.;4288;28;;;;;
TER_4;TER_4_06.10.2021;06.10.2021;Ameletus inopinatus lv.;4288;60;;;;;
TER_4;TER_4_28.10.2016;28.10.2016;Ameletus inopinatus lv.;4288;16;;;;;
TER_4;TER_4_21.10.2020;21.10.2020;Ameletus inopinatus lv.;4288;124;;;;;
TER_4;TER_4_23.09.1999;23.09.1999;Ameletus inopinatus lv.;4288;13;;;;;
TER_4;TER_4_15.10.2015;15.10.2015;Ameletus inopinatus lv.;4288;1;;;;;
TER_4;TER_4_11.10.2018;11.10.2018;Ameletus inopinatus lv.;4288;7;;;;;
TER_4;TER_4_19.10.2022;19.10.2022;Ameletus inopinatus lv.;4288;4;;;;;
TER_4;TER_4_09.10.2014;09.10.2014;Ameletus inopinatus lv.;4288;5;;;;;
TER_4;TER_4_28.10.2016;28.10.2016;Amphinemura sp. lv.;4293;448;;;;;
TER_4;TER_4_15.10.2015;15.10.2015;Amphinemura sp. lv.;4293;540;;;;;
TER_4;TER_4_23.09.1999;23.09.1999;Amphinemura sp. lv.;4293;120;;;;;
TER_4;TER_4_11.10.2018;11.10.2018;Amphinemura sp. lv.;4293;26;;;;;
TER_4;TER_4_09.10.2014;09.10.2014;Amphinemura sp. lv.;4293;320;;;;;
TER_4;TER_4_19.10.2022;19.10.2022;Amphinemura sp. lv.;4293;96;;;;;
TER_4;TER_4_17.10.2019;17.10.2019;Amphinemura sp. lv.;4293;64;;;;;
TER_4;TER_4_10.10.2013;10.10.2013;Amphinemura sp. lv.;4293;824;;;;;
TER_4;TER_4_19.10.2017;19.10.2017;Amphinemura sp. lv.;4293;296;;;;;
TER_4;TER_4_06.10.2021;06.10.2021;Amphinemura sp. lv.;4293;4;;;;;
TER_4;TER_4_21.10.2020;21.10.2020;Amphinemura sp. lv.;4293;44;;;;;
TER_4;TER_4_28.10.2016;28.10.2016;Antocha sp. lv.;4330;2;;;;;
TER_4;TER_4_06.10.2021;06.10.2021;Antocha sp. lv.;4330;1;;;;;
TER_4;TER_4_19.10.2022;19.10.2022;Antocha sp. lv.;4330;2;;;;;
TER_4;TER_4_19.10.2017;19.10.2017;Antocha sp. lv.;4330;1;;;;;
TER_4;TER_4_15.10.2015;15.10.2015;Antocha sp. lv.;4330;2;;;;;
TER_4;TER_4_06.10.2021;06.10.2021;Apatania sp. lv.;4334;2;;;;;
TER_4;TER_4_19.10.2017;19.10.2017;Apatania sp. lv.;4334;8;;;;;
TER_4;TER_4_06.10.2021;06.10.2021;Arctopsyche ladogensis lv.;10659;2;;;;;
TER_4;TER_4_11.10.2018;11.10.2018;Arctopsyche ladogensis lv.;10659;1;;;;;
TER_4;TER_4_19.10.2017;19.10.2017;Arctopsyche ladogensis lv.;10659;1;;;;;
TER_4;TER_4_19.10.2022;19.10.2022;Arctopsyche ladogensis lv.;10659;1;;;;;
TER_4;TER_4_23.09.1999;23.09.1999;Arctopsyche ladogensis lv.;10659;1;;;;;
TER_4;TER_4_28.10.2016;28.10.2016;Arctopsyche ladogensis lv.;10659;7;;;;;
TER_4;TER_4_15.10.2015;15.10.2015;Arctopsyche ladogensis lv.;10659;42;;;;;
TER_4;TER_4_09.10.2014;09.10.2014;Arctopsyche ladogensis lv.;10659;6;;;;;
TER_4;TER_4_17.10.2019;17.10.2019;Arctopsyche ladogensis lv.;10659;2;;;;;
TER_4;TER_4_10.10.2013;10.10.2013;Arctopsyche ladogensis lv.;10659;8;;;;;
TER_4;TER_4_09.10.2014;09.10.2014;Baetidae indet. lv.;4380;16;;;;;
TER_4;TER_4_28.10.2016;28.10.2016;Baetidae indet. lv.;4380;28;;;;;
TER_4;TER_4_19.10.2017;19.10.2017;Baetidae indet. lv.;4380;12;;;;;
TER_4;TER_4_17.10.2019;17.10.2019;Baetidae indet. lv.;4380;192;;;;;
TER_4;TER_4_19.10.2022;19.10.2022;Baetidae indet. lv.;4380;272;;;;;
TER_4;TER_4_06.10.2021;06.10.2021;Baetidae indet. lv.;4380;1;;;;;
TER_4;TER_4_15.10.2015;15.10.2015;Baetidae indet. lv.;4380;6;;;;;
TER_4;TER_4_11.10.2018;11.10.2018;Baetidae indet. lv.;4380;22;;;;;
TER_4;TER_4_21.10.2020;21.10.2020;Baetidae indet. lv.;4380;112;;;;;
TER_4;TER_4_10.10.2013;10.10.2013;Baetidae indet. lv.;4380;20;;;;;
TER_4;TER_4_17.10.2019;17.10.2019;Baetis muticus/niger lv.;;12;;;;;
TER_4;TER_4_21.10.2020;21.10.2020;Baetis muticus/niger lv.;;6;;;;;
TER_4;TER_4_06.10.2021;06.10.2021;Baetis sp. lv.;4419;128;;;;;
TER_4;TER_4_11.10.2018;11.10.2018;Baetis muticus/niger lv.;;9;;;;;
TER_4;TER_4_19.10.2022;19.10.2022;Baetis sp. lv.;4419;128;;;;;
TER_4;TER_4_15.10.2015;15.10.2015;Baetis sp. lv.;4419;80;;;;;
TER_4;TER_4_19.10.2017;19.10.2017;Baetis sp. lv.;4419;40;;;;;
TER_4;TER_4_10.10.2013;10.10.2013;Baetis sp. lv.;4419;216;;;;;
TER_4;TER_4_09.10.2014;09.10.2014;Baetis sp. lv.;4419;120;;;;;
TER_4;TER_4_28.10.2016;28.10.2016;Baetis sp. lv.;4419;68;;;;;
TER_4;TER_4_15.10.2015;15.10.2015;Baetis muticus lv.;4409;32;;;;;
TER_4;TER_4_09.10.2014;09.10.2014;Baetis muticus lv.;4409;14;;;;;
TER_4;TER_4_28.10.2016;28.10.2016;Baetis muticus lv.;4409;136;;;;;
TER_4;TER_4_17.10.2019;17.10.2019;Baetis muticus lv.;4409;1;;;;;
TER_4;TER_4_06.10.2021;06.10.2021;Baetis muticus lv.;4409;10;;;;;
TER_4;TER_4_10.10.2013;10.10.2013;Baetis muticus lv.;4409;40;;;;;
TER_4;TER_4_19.10.2017;19.10.2017;Baetis muticus lv.;4409;32;;;;;
TER_4;TER_4_23.09.1999;23.09.1999;Baetis muticus lv.;4409;96;;;;;
TER_4;TER_4_19.10.2022;19.10.2022;Baetis muticus lv.;4409;4;;;;;
TER_4;TER_4_19.10.2022;19.10.2022;Baetis niger lv.;4410;1;;;;;
TER_4;TER_4_17.10.2019;17.10.2019;Baetis niger lv.;4410;1;;;;;
TER_4;TER_4_17.10.2019;17.10.2019;Baetis rhodani lv.;4415;328;;;;;
TER_4;TER_4_23.09.1999;23.09.1999;Baetis rhodani lv.;4415;832;;;;;
TER_4;TER_4_19.10.2022;19.10.2022;Baetis rhodani lv.;4415;368;;;;;
TER_4;TER_4_15.10.2015;15.10.2015;Baetis rhodani lv.;4415;560;;;;;
TER_4;TER_4_09.10.2014;09.10.2014;Baetis rhodani lv.;4415;828;;;;;
TER_4;TER_4_10.10.2013;10.10.2013;Baetis rhodani lv.;4415;576;;;;;
TER_4;TER_4_21.10.2020;21.10.2020;Baetis rhodani lv.;4415;496;;;;;
TER_4;TER_4_06.10.2021;06.10.2021;Baetis rhodani lv.;4415;112;;;;;
TER_4;TER_4_19.10.2017;19.10.2017;Baetis rhodani lv.;4415;496;;;;;
TER_4;TER_4_11.10.2018;11.10.2018;Baetis rhodani lv.;4415;36;;;;;
TER_4;TER_4_28.10.2016;28.10.2016;Baetis rhodani lv.;4415;612;;;;;
TER_4;TER_4_10.10.2013;10.10.2013;Brachyptera risi lv.;4487;16;;;;;
TER_4;TER_4_28.10.2016;28.10.2016;Brachyptera risi lv.;4487;10;;;;;
TER_4;TER_4_15.10.2015;15.10.2015;Brachyptera risi lv.;4487;14;;;;;
TER_4;TER_4_23.09.1999;23.09.1999;Brachyptera risi lv.;4487;2;;;;;
TER_4;TER_4_17.10.2019;17.10.2019;Brachyptera risi lv.;4487;12;;;;;
TER_4;TER_4_19.10.2022;19.10.2022;Brachyptera risi lv.;4487;1;;;;;
TER_4;TER_4_21.10.2020;21.10.2020;Brachyptera risi lv.;4487;1;;;;;
TER_4;TER_4_19.10.2017;19.10.2017;Brachyptera risi lv.;4487;4;;;;;
TER_4;TER_4_09.10.2014;09.10.2014;Brachyptera risi lv.;4487;8;;;;;
TER_4;TER_4_23.09.1999;23.09.1999;Capnia atra lv.;4548;48;;;;;
TER_4;TER_4_10.10.2013;10.10.2013;Capniidae indet. lv.;8440;16;;;;;
TER_4;TER_4_09.10.2014;09.10.2014;Capniidae indet. lv.;8440;2;;;;;
TER_4;TER_4_19.10.2022;19.10.2022;Capnia sp. lv.;4552;20;;;;;
TER_4;TER_4_21.10.2020;21.10.2020;Capnia sp. lv.;4552;36;;;;;
TER_4;TER_4_09.10.2014;09.10.2014;Capnia sp. lv.;4552;40;;;;;
TER_4;TER_4_15.10.2015;15.10.2015;Capnia sp. lv.;4552;60;;;;;
TER_4;TER_4_06.10.2021;06.10.2021;Capnia sp. lv.;4552;52;;;;;
TER_4;TER_4_17.10.2019;17.10.2019;Capnia sp. lv.;4552;8;;;;;
TER_4;TER_4_11.10.2018;11.10.2018;Capnia sp. lv.;4552;48;;;;;
TER_4;TER_4_19.10.2017;19.10.2017;Capnia sp. lv.;4552;128;;;;;
TER_4;TER_4_28.10.2016;28.10.2016;Capnia sp. lv.;4552;148;;;;;
TER_4;TER_4_10.10.2013;10.10.2013;Capnia sp. lv.;4552;64;;;;;
TER_4;TER_4_21.10.2020;21.10.2020;Capnia pygmaea lv.;10710;1;;;;;
TER_4;TER_4_21.10.2020;21.10.2020;Capnopsis schilleri lv.;4555;1;;;;;
TER_4;TER_4_15.10.2015;15.10.2015;Capnopsis schilleri lv.;4555;6;;;;;
TER_4;TER_4_09.10.2014;09.10.2014;Capnopsis schilleri lv.;4555;20;;;;;
TER_4;TER_4_19.10.2022;19.10.2022;Capnopsis schilleri lv.;4555;1;;;;;
TER_4;TER_4_19.10.2017;19.10.2017;Capnopsis schilleri lv.;4555;2;;;;;
TER_4;TER_4_17.10.2019;17.10.2019;Capnopsis schilleri lv.;4555;1;;;;;
TER_4;TER_4_10.10.2013;10.10.2013;Capnopsis schilleri lv.;4555;20;;;;;
TER_4;TER_4_28.10.2016;28.10.2016;Capnopsis schilleri lv.;4555;2;;;;;
TER_4;TER_4_06.10.2021;06.10.2021;Capnopsis schilleri lv.;4555;1;;;;;
TER_4;TER_4_10.10.2013;10.10.2013;Ceratopogonidae indet. lv.;4585;24;;;;;
TER_4;TER_4_17.10.2019;17.10.2019;Ceratopogonidae indet. lv.;4585;1;;;;;
TER_4;TER_4_06.10.2021;06.10.2021;Ceratopogonidae indet. lv.;4585;2;;;;;
TER_4;TER_4_15.10.2015;15.10.2015;Ceratopogonidae indet. lv.;4585;6;;;;;
TER_4;TER_4_21.10.2020;21.10.2020;Ceratopogonidae indet. lv.;4585;7;;;;;
TER_4;TER_4_09.10.2014;09.10.2014;Ceratopogonidae indet. lv.;4585;16;;;;;
TER_4;TER_4_11.10.2018;11.10.2018;Ceratopogonidae indet. lv.;4585;10;;;;;
TER_4;TER_4_28.10.2016;28.10.2016;Ceratopogonidae indet. lv.;4585;2;;;;;
TER_4;TER_4_19.10.2022;19.10.2022;Ceratopogonidae indet. lv.;4585;4;;;;;
TER_4;TER_4_19.10.2017;19.10.2017;Ceratopogonidae indet. lv.;4585;1;;;;;
TER_4;TER_4_09.10.2014;09.10.2014;Chaetopteryx/annitella lv.;13123;2;;;;;
TER_4;TER_4_19.10.2022;19.10.2022;Hydropsyche nevae lv.;13020;6;;;;;
TER_4;TER_4_06.10.2021;06.10.2021;Hydropsyche nevae lv.;13020;7;;;;;
TER_4;TER_4_23.09.1999;23.09.1999;Hydropsyche nevae lv.;13020;1;;;;;
TER_4;TER_4_19.10.2017;19.10.2017;Hydropsyche nevae lv.;13020;4;;;;;
TER_4;TER_4_09.10.2014;09.10.2014;Hydropsyche nevae lv.;13020;22;;;;;
TER_4;TER_4_15.10.2015;15.10.2015;Hydropsyche nevae lv.;13020;2;;;;;
TER_4;TER_4_10.10.2013;10.10.2013;Hydropsyche nevae lv.;13020;12;;;;;
TER_4;TER_4_28.10.2016;28.10.2016;Hydropsyche nevae lv.;13020;24;;;;;
TER_4;TER_4_17.10.2019;17.10.2019;Hydropsyche nevae lv.;13020;2;;;;;
TER_4;TER_4_06.10.2021;06.10.2021;Chironomidae indet. lv.;4642;144;;;;;
TER_4;TER_4_15.10.2015;15.10.2015;Chironomidae indet. lv.;4642;360;;;;;
TER_4;TER_4_17.10.2019;17.10.2019;Chironomidae indet. lv.;4642;640;;;;;
TER_4;TER_4_21.10.2020;21.10.2020;Chironomidae indet. lv.;4642;736;;;;;
TER_4;TER_4_19.10.2022;19.10.2022;Chironomidae indet. lv.;4642;576;;;;;
TER_4;TER_4_11.10.2018;11.10.2018;Chironomidae indet. lv.;4642;60;;;;;
TER_4;TER_4_23.09.1999;23.09.1999;Chironomidae indet. lv.;4642;568;;;;;
TER_4;TER_4_19.10.2017;19.10.2017;Chironomidae indet. lv.;4642;248;;;;;
TER_4;TER_4_09.10.2014;09.10.2014;Chironomidae indet. lv.;4642;388;;;;;
TER_4;TER_4_10.10.2013;10.10.2013;Chironomidae indet. lv.;4642;584;;;;;
TER_4;TER_4_28.10.2016;28.10.2016;Chironomidae indet. lv.;4642;280;;;;;
TER_4;TER_4_15.10.2015;15.10.2015;Chloroperlidae indet. lv.;4674;3;;;;;
TER_4;TER_4_09.10.2014;09.10.2014;Chloroperlidae indet. lv.;4674;3;;;;;
TER_4;TER_4_15.10.2015;15.10.2015;Dicranota sp. lv.;4955;64;;;;;
TER_4;TER_4_19.10.2017;19.10.2017;Dicranota sp. lv.;4955;24;;;;;
TER_4;TER_4_28.10.2016;28.10.2016;Dicranota sp. lv.;4955;42;;;;;
TER_4;TER_4_10.10.2013;10.10.2013;Dicranota sp. lv.;4955;48;;;;;
TER_4;TER_4_19.10.2022;19.10.2022;Dicranota sp. lv.;4955;5;;;;;
TER_4;TER_4_09.10.2014;09.10.2014;Dicranota sp. lv.;4955;30;;;;;
TER_4;TER_4_10.10.2013;10.10.2013;Diptera indet. lv.;9353;2;;;;;
TER_4;TER_4_23.09.1999;23.09.1999;Diptera indet. lv.;9353;16;;;;;
TER_4;TER_4_23.09.1999;23.09.1999;Diura nanseni lv.;13624;21;;;;;
TER_4;TER_4_15.10.2015;15.10.2015;Diura nanseni lv.;13624;72;;;;;
TER_4;TER_4_21.10.2020;21.10.2020;Diura nanseni lv.;13624;12;;;;;
TER_4;TER_4_11.10.2018;11.10.2018;Diura nanseni lv.;13624;2;;;;;
TER_4;TER_4_09.10.2014;09.10.2014;Diura nanseni lv.;13624;56;;;;;
TER_4;TER_4_10.10.2013;10.10.2013;Diura nanseni lv.;13624;48;;;;;
TER_4;TER_4_28.10.2016;28.10.2016;Diura nanseni lv.;13624;14;;;;;
TER_4;TER_4_19.10.2022;19.10.2022;Diura nanseni lv.;13624;12;;;;;
TER_4;TER_4_19.10.2017;19.10.2017;Diura nanseni lv.;13624;10;;;;;
TER_4;TER_4_17.10.2019;17.10.2019;Diura nanseni lv.;13624;18;;;;;
TER_4;TER_4_06.10.2021;06.10.2021;Diura nanseni lv.;13624;28;;;;;
TER_4;TER_4_09.10.2014;09.10.2014;Ecclisopteryx dalecarlica lv.;5033;2;;;;;
TER_4;TER_4_10.10.2013;10.10.2013;Ecclisopteryx dalecarlica lv.;5033;8;;;;;
TER_4;TER_4_09.10.2014;09.10.2014;Elmis aena ad.;12066;2;;;;;
TER_4;TER_4_10.10.2013;10.10.2013;Elmis aena ad.;12066;8;;;;;
TER_4;TER_4_06.10.2021;06.10.2021;Elmis aena lv.;5087;1;;;;;
TER_4;TER_4_17.10.2019;17.10.2019;Elmis aena lv.;5087;1;;;;;
TER_4;TER_4_21.10.2020;21.10.2020;Elmis aena lv.;5087;2;;;;;
TER_4;TER_4_19.10.2022;19.10.2022;Elmis aena lv.;5087;1;;;;;
TER_4;TER_4_23.09.1999;23.09.1999;Elmidae indet. lv.;8470;2;;;;;
TER_4;TER_4_10.10.2013;10.10.2013;Elmidae indet. lv.;8470;2;;;;;
TER_4;TER_4_10.10.2013;10.10.2013;Empididae indet. lv.;5097;6;;;;;
TER_4;TER_4_21.10.2020;21.10.2020;Empididae indet. lv.;5097;1;;;;;
TER_4;TER_4_17.10.2019;17.10.2019;Empididae indet. lv.;5097;4;;;;;
TER_4;TER_4_09.10.2014;09.10.2014;Empididae indet. lv.;5097;3;;;;;
TER_4;TER_4_10.10.2013;10.10.2013;Ephemerella aroni lv.;20125;28;;;;;
TER_4;TER_4_23.09.1999;23.09.1999;Ephemerella aroni lv.;20125;72;;;;;
TER_4;TER_4_06.10.2021;06.10.2021;Ephemerella aroni lv.;20125;32;;;;;
TER_4;TER_4_15.10.2015;15.10.2015;Ephemerella aroni lv.;20125;4;;;;;
TER_4;TER_4_21.10.2020;21.10.2020;Ephemerella aroni lv.;20125;20;;;;;
TER_4;TER_4_17.10.2019;17.10.2019;Ephemerella aroni lv.;20125;8;;;;;
TER_4;TER_4_19.10.2022;19.10.2022;Ephemerella aroni lv.;20125;18;;;;;
TER_4;TER_4_11.10.2018;11.10.2018;Ephemerella aroni lv.;20125;1;;;;;
TER_4;TER_4_19.10.2017;19.10.2017;Ephemerella aroni lv.;20125;4;;;;;
TER_4;TER_4_09.10.2014;09.10.2014;Ephemerella aroni lv.;20125;10;;;;;
TER_4;TER_4_28.10.2016;28.10.2016;Ephemerella aroni lv.;20125;2;;;;;
TER_4;TER_4_17.10.2019;17.10.2019;Ephemeroptera indet. lv.;8714;1;;;;;
TER_4;TER_4_28.10.2016;28.10.2016;Ephemerella mucronata lv.;5135;74;;;;;
TER_4;TER_4_17.10.2019;17.10.2019;Ephemerella mucronata lv.;5135;2;;;;;
TER_4;TER_4_23.09.1999;23.09.1999;Ephemerella mucronata lv.;5135;48;;;;;
TER_4;TER_4_19.10.2017;19.10.2017;Ephemerella mucronata lv.;5135;40;;;;;
TER_4;TER_4_10.10.2013;10.10.2013;Ephemerella mucronata lv.;5135;208;;;;;
TER_4;TER_4_21.10.2020;21.10.2020;Ephemerella mucronata lv.;5135;6;;;;;
TER_4;TER_4_11.10.2018;11.10.2018;Ephemerella mucronata lv.;5135;8;;;;;
TER_4;TER_4_15.10.2015;15.10.2015;Ephemerella mucronata lv.;5135;14;;;;;
TER_4;TER_4_09.10.2014;09.10.2014;Ephemerella mucronata lv.;5135;34;;;;;
TER_4;TER_4_17.10.2019;17.10.2019;Gastropoda indet.;9338;4;;;;;
TER_4;TER_4_21.10.2020;21.10.2020;Glossosoma intermedium lv.;5315;1;;;;;
TER_4;TER_4_09.10.2014;09.10.2014;Glossosoma intermedium lv.;5315;1;;;;;
TER_4;TER_4_23.09.1999;23.09.1999;Glossosoma sp. lv.;5316;1;;;;;
TER_4;TER_4_10.10.2013;10.10.2013;Glossosoma sp. lv.;5316;2;;;;;
TER_4;TER_4_15.10.2015;15.10.2015;Glossosoma sp. lv.;5316;1;;;;;
TER_4;TER_4_06.10.2021;06.10.2021;Gyraulus acronicus;5353;1;;;;;
TER_4;TER_4_19.10.2022;19.10.2022;Heptagenia dalecarlica lv.;12552;16;;;;;
TER_4;TER_4_10.10.2013;10.10.2013;Heptagenia dalecarlica lv.;12552;8;;;;;
TER_4;TER_4_15.10.2015;15.10.2015;Heptagenia dalecarlica lv.;12552;34;;;;;
TER_4;TER_4_17.10.2019;17.10.2019;Heptagenia dalecarlica lv.;12552;22;;;;;
TER_4;TER_4_11.10.2018;11.10.2018;Heptagenia dalecarlica lv.;12552;14;;;;;
TER_4;TER_4_21.10.2020;21.10.2020;Heptagenia dalecarlica lv.;12552;24;;;;;
TER_4;TER_4_23.09.1999;23.09.1999;Heptagenia dalecarlica lv.;12552;136;;;;;
TER_4;TER_4_28.10.2016;28.10.2016;Heptagenia dalecarlica lv.;12552;34;;;;;
TER_4;TER_4_19.10.2017;19.10.2017;Heptagenia dalecarlica lv.;12552;54;;;;;
TER_4;TER_4_09.10.2014;09.10.2014;Heptagenia dalecarlica lv.;12552;20;;;;;
TER_4;TER_4_06.10.2021;06.10.2021;Heptagenia dalecarlica lv.;12552;18;;;;;
TER_4;TER_4_09.10.2014;09.10.2014;Heptageniidae indet. lv.;5458;16;;;;;
TER_4;TER_4_21.10.2020;21.10.2020;Heptageniidae indet. lv.;5458;40;;;;;
TER_4;TER_4_11.10.2018;11.10.2018;Heptageniidae indet. lv.;5458;28;;;;;
TER_4;TER_4_19.10.2022;19.10.2022;Heptageniidae indet. lv.;5458;4;;;;;
TER_4;TER_4_06.10.2021;06.10.2021;Heptageniidae indet. lv.;5458;4;;;;;
TER_4;TER_4_10.10.2013;10.10.2013;Heptageniidae indet. lv.;5458;64;;;;;
TER_4;TER_4_15.10.2015;15.10.2015;Heptageniidae indet. lv.;5458;6;;;;;
TER_4;TER_4_28.10.2016;28.10.2016;Heptageniidae indet. lv.;5458;96;;;;;
TER_4;TER_4_17.10.2019;17.10.2019;Heptageniidae indet. lv.;5458;50;;;;;
TER_4;TER_4_19.10.2017;19.10.2017;Heptageniidae indet. lv.;5458;4;;;;;
TER_4;TER_4_06.10.2021;06.10.2021;Heptagenia sp. lv.;5456;5;;;;;
TER_4;TER_4_19.10.2022;19.10.2022;Heptagenia sp. lv.;5456;6;;;;;
TER_4;TER_4_09.10.2014;09.10.2014;Heptagenia sp. lv.;5456;12;;;;;
TER_4;TER_4_23.09.1999;23.09.1999;Heptagenia sp. lv.;5456;112;;;;;
TER_4;TER_4_15.10.2015;15.10.2015;Heptagenia sp. lv.;5456;4;;;;;
TER_4;TER_4_28.10.2016;28.10.2016;Heptagenia sp. lv.;5456;18;;;;;
TER_4;TER_4_19.10.2017;19.10.2017;Heptagenia sp. lv.;5456;6;;;;;
TER_4;TER_4_10.10.2013;10.10.2013;Heptagenia sp. lv.;5456;32;;;;;
TER_4;TER_4_19.10.2017;19.10.2017;Hydrachnidia indet. ad.;15453;14;;;;;
TER_4;TER_4_15.10.2015;15.10.2015;Hydrachnidia indet. ad.;15453;10;;;;;
TER_4;TER_4_17.10.2019;17.10.2019;Hydrachnidia indet. ad.;15453;10;;;;;
TER_4;TER_4_09.10.2014;09.10.2014;Hydrachnidia indet. ad.;15453;20;;;;;
TER_4;TER_4_28.10.2016;28.10.2016;Hydrachnidia indet. ad.;15453;48;;;;;
TER_4;TER_4_11.10.2018;11.10.2018;Hydrachnidia indet. ad.;15453;3;;;;;
TER_4;TER_4_23.09.1999;23.09.1999;Hydrachnidia indet. ad.;15453;40;;;;;
TER_4;TER_4_21.10.2020;21.10.2020;Hydrachnidia indet. ad.;15453;12;;;;;
TER_4;TER_4_17.10.2019;17.10.2019;Hydraena sp. ad.;5531;1;;;;;
TER_4;TER_4_11.10.2018;11.10.2018;Hydraena sp. ad.;5531;1;;;;;
TER_4;TER_4_28.10.2016;28.10.2016;Hydraena sp. ad.;5531;1;;;;;
TER_4;TER_4_21.10.2020;21.10.2020;Hydraena sp. ad.;5531;12;;;;;
TER_4;TER_4_21.10.2020;21.10.2020;Hydroptilidae indet. lv.;7455;1;;;;;
TER_4;TER_4_21.10.2020;21.10.2020;Hydroptila sp. lv.;5616;4;;;;;
TER_4;TER_4_19.10.2017;19.10.2017;Hydroptila sp. lv.;5616;2;;;;;
TER_4;TER_4_19.10.2022;19.10.2022;Hydropsyche sp. lv.;5605;2;;;;;
TER_4;TER_4_09.10.2014;09.10.2014;Hydropsyche sp. lv.;5605;3;;;;;
TER_4;TER_4_15.10.2015;15.10.2015;Hydropsyche sp. lv.;5605;26;;;;;
TER_4;TER_4_17.10.2019;17.10.2019;Hydropsyche sp. lv.;5605;6;;;;;
TER_4;TER_4_10.10.2013;10.10.2013;Hydropsyche sp. lv.;5605;18;;;;;
TER_4;TER_4_28.10.2016;28.10.2016;Hydropsyche sp. lv.;5605;4;;;;;
TER_4;TER_4_10.10.2013;10.10.2013;Isoperla sp. lv.;5673;4;;;;;
TER_4;TER_4_09.10.2014;09.10.2014;Isoperla sp. lv.;5673;1;;;;;
TER_4;TER_4_06.10.2021;06.10.2021;Leptophlebiidae indet. lv.;7201;1;;;;;
TER_4;TER_4_10.10.2013;10.10.2013;Leptophlebiidae indet. lv.;7201;4;;;;;
TER_4;TER_4_28.10.2016;28.10.2016;Leptophlebiidae indet. lv.;7201;3;;;;;
TER_4;TER_4_15.10.2015;15.10.2015;Leptophlebiidae indet. lv.;7201;3;;;;;
TER_4;TER_4_09.10.2014;09.10.2014;Leptophlebiidae indet. lv.;7201;1;;;;;
TER_4;TER_4_19.10.2017;19.10.2017;Leptophlebiidae indet. lv.;7201;1;;;;;
TER_4;TER_4_09.10.2014;09.10.2014;Lepidostoma hirtum lv.;5723;2;;;;;
TER_4;TER_4_10.10.2013;10.10.2013;Lepidostoma hirtum lv.;5723;8;;;;;
TER_4;TER_4_11.10.2018;11.10.2018;Lepidostoma hirtum lv.;5723;1;;;;;
TER_4;TER_4_28.10.2016;28.10.2016;Lepidostoma hirtum lv.;5723;1;;;;;
TER_4;TER_4_06.10.2021;06.10.2021;Lepidostoma hirtum lv.;5723;3;;;;;
TER_4;TER_4_19.10.2022;19.10.2022;Lepidostoma hirtum lv.;5723;1;;;;;
TER_4;TER_4_21.10.2020;21.10.2020;Lepidostoma hirtum lv.;5723;2;;;;;
TER_4;TER_4_15.10.2015;15.10.2015;Lepidostoma hirtum lv.;5723;4;;;;;
TER_4;TER_4_19.10.2017;19.10.2017;Lepidostoma hirtum lv.;5723;16;;;;;
TER_4;TER_4_17.10.2019;17.10.2019;Lepidostomatidae indet. lv.;5725;1;;;;;
TER_4;TER_4_10.10.2013;10.10.2013;Leuctridae indet. lv.;8437;20;;;;;
TER_4;TER_4_10.10.2013;10.10.2013;Leuctra hippopus lv.;5768;8;;;;;
TER_4;TER_4_11.10.2018;11.10.2018;Leuctra hippopus lv.;5768;1;;;;;
TER_4;TER_4_09.10.2014;09.10.2014;Leuctra hippopus lv.;5768;4;;;;;
TER_4;TER_4_15.10.2015;15.10.2015;Leuctra hippopus lv.;5768;6;;;;;
TER_4;TER_4_28.10.2016;28.10.2016;Leuctra hippopus lv.;5768;2;;;;;
TER_4;TER_4_23.09.1999;23.09.1999;Leuctra hippopus lv.;5768;2;;;;;
TER_4;TER_4_19.10.2017;19.10.2017;Leuctra hippopus lv.;5768;4;;;;;
TER_4;TER_4_06.10.2021;06.10.2021;Leuctra nigra lv.;5779;2;;;;;
TER_4;TER_4_19.10.2017;19.10.2017;Leuctra nigra lv.;5779;2;;;;;
TER_4;TER_4_09.10.2014;09.10.2014;Leuctra nigra lv.;5779;2;;;;;
TER_4;TER_4_15.10.2015;15.10.2015;Leuctra nigra lv.;5779;4;;;;;
TER_4;TER_4_21.10.2020;21.10.2020;Leuctra nigra lv.;5779;1;;;;;
TER_4;TER_4_28.10.2016;28.10.2016;Leuctra nigra lv.;5779;1;;;;;
TER_4;TER_4_10.10.2013;10.10.2013;Leuctra nigra lv.;5779;24;;;;;
TER_4;TER_4_10.10.2013;10.10.2013;Leuctra sp. lv.;5790;32;;;;;
TER_4;TER_4_19.10.2017;19.10.2017;Leuctra sp. lv.;5790;12;;;;;
TER_4;TER_4_17.10.2019;17.10.2019;Leuctra sp. lv.;5790;6;;;;;
TER_4;TER_4_28.10.2016;28.10.2016;Leuctra sp. lv.;5790;4;;;;;
TER_4;TER_4_19.10.2022;19.10.2022;Leuctra sp. lv.;5790;2;;;;;
TER_4;TER_4_09.10.2014;09.10.2014;Leuctra sp. lv.;5790;4;;;;;
TER_4;TER_4_15.10.2015;15.10.2015;Leuctra sp. lv.;5790;20;;;;;
TER_4;TER_4_19.10.2022;19.10.2022;Limoniidae indet. lv.;8483;3;;;;;
TER_4;TER_4_06.10.2021;06.10.2021;Limoniidae indet. lv.;8483;2;;;;;
TER_4;TER_4_21.10.2020;21.10.2020;Limoniidae indet. lv.;8483;1;;;;;
TER_4;TER_4_19.10.2022;19.10.2022;Limnius volckmari ad.;12094;1;;;;;
TER_4;TER_4_21.10.2020;21.10.2020;Limnius volckmari lv.;5854;3;;;;;
TER_4;TER_4_15.10.2015;15.10.2015;Limnius volckmari lv.;5854;2;;;;;
TER_4;TER_4_11.10.2018;11.10.2018;Limnius volckmari lv.;5854;1;;;;;
TER_4;TER_4_06.10.2021;06.10.2021;Limnius volckmari lv.;5854;5;;;;;
TER_4;TER_4_09.10.2014;09.10.2014;Limnius volckmari lv.;5854;10;;;;;
TER_4;TER_4_17.10.2019;17.10.2019;Limnius volckmari lv.;5854;2;;;;;
TER_4;TER_4_19.10.2022;19.10.2022;Limnius volckmari lv.;5854;3;;;;;
TER_4;TER_4_28.10.2016;28.10.2016;Limnephilidae indet. lv.;5809;1;;;;;
TER_4;TER_4_21.10.2020;21.10.2020;Limnephilidae indet. lv.;5809;20;;;;;
TER_4;TER_4_19.10.2022;19.10.2022;Limnephilidae indet. lv.;5809;1;;;;;
TER_4;TER_4_17.10.2019;17.10.2019;Limnephilidae indet. lv.;5809;4;;;;;
TER_4;TER_4_09.10.2014;09.10.2014;Limnephilidae indet. lv.;5809;3;;;;;
TER_4;TER_4_10.10.2013;10.10.2013;Limnephilidae indet. lv.;5809;4;;;;;
TER_4;TER_4_06.10.2021;06.10.2021;Limnephilidae indet. lv.;5809;24;;;;;
TER_4;TER_4_15.10.2015;15.10.2015;Limnephilidae indet. lv.;5809;6;;;;;
TER_4;TER_4_11.10.2018;11.10.2018;Limnephilidae indet. lv.;5809;1;;;;;
TER_4;TER_4_17.10.2019;17.10.2019;Micrasema setiferum lv.;7192;2;;;;;
TER_4;TER_4_06.10.2021;06.10.2021;Micrasema setiferum lv.;7192;1;;;;;
TER_4;TER_4_10.10.2013;10.10.2013;Nematomorpha indet.;10624;2;;;;;
TER_4;TER_4_19.10.2017;19.10.2017;Nemouridae indet. lv.;8422;1;;;;;
TER_4;TER_4_10.10.2013;10.10.2013;Nemouridae indet. lv.;8422;2;;;;;
TER_4;TER_4_09.10.2014;09.10.2014;Nemouridae indet. lv.;8422;28;;;;;
TER_4;TER_4_11.10.2018;11.10.2018;Nemouridae indet. lv.;8422;1;;;;;
TER_4;TER_4_15.10.2015;15.10.2015;Nemouridae indet. lv.;8422;6;;;;;
TER_4;TER_4_28.10.2016;28.10.2016;Nemouridae indet. lv.;8422;2;;;;;
TER_4;TER_4_17.10.2019;17.10.2019;Oligochaeta indet.;8736;84;;;;;
TER_4;TER_4_21.10.2020;21.10.2020;Oligochaeta indet.;8736;768;;;;;
TER_4;TER_4_11.10.2018;11.10.2018;Oligochaeta indet.;8736;104;;;;;
TER_4;TER_4_06.10.2021;06.10.2021;Oligochaeta indet.;8736;264;;;;;
TER_4;TER_4_09.10.2014;09.10.2014;Oligochaeta indet.;8736;18;;;;;
TER_4;TER_4_19.10.2022;19.10.2022;Oligochaeta indet.;8736;144;;;;;
TER_4;TER_4_10.10.2013;10.10.2013;Oligochaeta indet.;8736;56;;;;;
TER_4;TER_4_23.09.1999;23.09.1999;Oligochaeta indet.;8736;112;;;;;
TER_4;TER_4_15.10.2015;15.10.2015;Oligochaeta indet.;8736;42;;;;;
TER_4;TER_4_19.10.2017;19.10.2017;Oligochaeta indet.;8736;152;;;;;
TER_4;TER_4_28.10.2016;28.10.2016;Oligochaeta indet.;8736;104;;;;;
TER_4;TER_4_21.10.2020;21.10.2020;Pediciidae indet. lv.;14641;32;;;;;
TER_4;TER_4_06.10.2021;06.10.2021;Pediciidae indet. lv.;14641;24;;;;;
TER_4;TER_4_11.10.2018;11.10.2018;Pediciidae indet. lv.;14641;1;;;;;
TER_4;TER_4_17.10.2019;17.10.2019;Pediciidae indet. lv.;14641;22;;;;;
TER_4;TER_4_19.10.2022;19.10.2022;Pediciidae indet. lv.;14641;12;;;;;
TER_4;TER_4_28.10.2016;28.10.2016;Perlodidae indet. lv.;8432;2;;;;;
TER_4;TER_4_17.10.2019;17.10.2019;Philopotamus montanus lv.;6387;1;;;;;
TER_4;TER_4_23.09.1999;23.09.1999;Plectrocnemia conspersa lv.;6444;1;;;;;
TER_4;TER_4_17.10.2019;17.10.2019;Plecoptera indet. lv.;8750;1;;;;;
TER_4;TER_4_11.10.2018;11.10.2018;Plecoptera indet. lv.;8750;3;;;;;
TER_4;TER_4_21.10.2020;21.10.2020;Plecoptera indet. lv.;8750;1;;;;;
TER_4;TER_4_10.10.2013;10.10.2013;Polycentropus flavomaculatus lv.;6468;4;;;;;
TER_4;TER_4_23.09.1999;23.09.1999;Polycentropus flavomaculatus lv.;6468;2;;;;;
TER_4;TER_4_15.10.2015;15.10.2015;Polycentropus flavomaculatus lv.;6468;1;;;;;
TER_4;TER_4_09.10.2014;09.10.2014;Polycentropus flavomaculatus lv.;6468;3;;;;;
TER_4;TER_4_19.10.2022;19.10.2022;Polycentropus flavomaculatus lv.;6468;1;;;;;
TER_4;TER_4_06.10.2021;06.10.2021;Polycentropus flavomaculatus lv.;6468;1;;;;;
TER_4;TER_4_21.10.2020;21.10.2020;Polycentropus flavomaculatus lv.;6468;1;;;;;
TER_4;TER_4_28.10.2016;28.10.2016;Polycentropus flavomaculatus lv.;6468;1;;;;;
TER_4;TER_4_19.10.2017;19.10.2017;Polycentropus flavomaculatus lv.;6468;1;;;;;
TER_4;TER_4_06.10.2021;06.10.2021;Potamophylax cingulatus lv.;6521;1;;;;;
TER_4;TER_4_19.10.2017;19.10.2017;Potamophylax sp. lv.;6527;1;;;;;
TER_4;TER_4_21.10.2020;21.10.2020;Potamophylax sp. lv.;6527;4;;;;;
TER_4;TER_4_10.10.2013;10.10.2013;Potamophylax sp. lv.;6527;4;;;;;
TER_4;TER_4_21.10.2020;21.10.2020;Psychodidae indet. lv.;8753;8;;;;;
TER_4;TER_4_17.10.2019;17.10.2019;Psychodidae indet. lv.;8753;4;;;;;
TER_4;TER_4_19.10.2022;19.10.2022;Psychodidae indet. lv.;8753;2;;;;;
TER_4;TER_4_06.10.2021;06.10.2021;Psychodidae indet. lv.;8753;1;;;;;
TER_4;TER_4_19.10.2022;19.10.2022;Radix labiata/balthica;16983;3;;;;;
TER_4;TER_4_10.10.2013;10.10.2013;Radix labiata/balthica;16983;4;;;;;
TER_4;TER_4_15.10.2015;15.10.2015;Radix labiata/balthica;16983;8;;;;;
TER_4;TER_4_19.10.2017;19.10.2017;Radix labiata/balthica;16983;1;;;;;
TER_4;TER_4_09.10.2014;09.10.2014;Radix labiata/balthica;16983;12;;;;;
TER_4;TER_4_11.10.2018;11.10.2018;Radix labiata/balthica;16983;5;;;;;
TER_4;TER_4_17.10.2019;17.10.2019;Radix labiata/balthica;16983;12;;;;;
TER_4;TER_4_23.09.1999;23.09.1999;Radix labiata/balthica;16983;2;;;;;
TER_4;TER_4_21.10.2020;21.10.2020;Radix labiata/balthica;16983;16;;;;;
TER_4;TER_4_06.10.2021;06.10.2021;Radix labiata/balthica;16983;14;;;;;
TER_4;TER_4_28.10.2016;28.10.2016;Radix labiata/balthica;16983;3;;;;;
TER_4;TER_4_09.10.2014;09.10.2014;Rhyacophila nubila lv.;6772;20;;;;;
TER_4;TER_4_19.10.2017;19.10.2017;Rhyacophila nubila lv.;6772;2;;;;;
TER_4;TER_4_15.10.2015;15.10.2015;Rhyacophila nubila lv.;6772;6;;;;;
TER_4;TER_4_19.10.2022;19.10.2022;Rhyacophila nubila lv.;6772;4;;;;;
TER_4;TER_4_23.09.1999;23.09.1999;Rhyacophila nubila lv.;6772;10;;;;;
TER_4;TER_4_10.10.2013;10.10.2013;Rhyacophila nubila lv.;6772;16;;;;;
TER_4;TER_4_06.10.2021;06.10.2021;Rhyacophila nubila lv.;6772;1;;;;;
TER_4;TER_4_21.10.2020;21.10.2020;Rhyacophila nubila lv.;6772;4;;;;;
TER_4;TER_4_28.10.2016;28.10.2016;Rhyacophila nubila lv.;6772;4;;;;;
TER_4;TER_4_10.10.2013;10.10.2013;Rhyacophila sp. lv.;6780;24;;;;;
TER_4;TER_4_09.10.2014;09.10.2014;Rhyacophila sp. lv.;6780;8;;;;;
TER_4;TER_4_11.10.2018;11.10.2018;Rhyacophila sp. lv.;6780;1;;;;;
TER_4;TER_4_17.10.2019;17.10.2019;Rhyacophila sp. lv.;6780;1;;;;;
TER_4;TER_4_28.10.2016;28.10.2016;Rhyacophila sp. lv.;6780;1;;;;;
TER_4;TER_4_15.10.2015;15.10.2015;Rhyacophila sp. lv.;6780;4;;;;;
TER_4;TER_4_21.10.2020;21.10.2020;Rhyacophila sp. lv.;6780;1;;;;;
TER_4;TER_4_21.10.2020;21.10.2020;Sericostoma personatum lv.;6817;3;;;;;
TER_4;TER_4_15.10.2015;15.10.2015;Sericostoma personatum lv.;6817;2;;;;;
TER_4;TER_4_28.10.2016;28.10.2016;Sericostoma personatum lv.;6817;3;;;;;
TER_4;TER_4_10.10.2013;10.10.2013;Sericostoma personatum lv.;6817;4;;;;;
TER_4;TER_4_19.10.2017;19.10.2017;Sericostoma personatum lv.;6817;1;;;;;
TER_4;TER_4_09.10.2014;09.10.2014;Sericostoma personatum lv.;6817;3;;;;;
TER_4;TER_4_17.10.2019;17.10.2019;Simuliidae indet. lv.;6842;92;;;;;
TER_4;TER_4_28.10.2016;28.10.2016;Simuliidae indet. lv.;6842;12;;;;;
TER_4;TER_4_19.10.2022;19.10.2022;Simuliidae indet. lv.;6842;26;;;;;
TER_4;TER_4_21.10.2020;21.10.2020;Simuliidae indet. lv.;6842;32;;;;;
TER_4;TER_4_23.09.1999;23.09.1999;Simuliidae indet. lv.;6842;1;;;;;
TER_4;TER_4_06.10.2021;06.10.2021;Simuliidae indet. lv.;6842;3;;;;;
TER_4;TER_4_19.10.2017;19.10.2017;Simuliidae indet. lv.;6842;4;;;;;
TER_4;TER_4_09.10.2014;09.10.2014;Simuliidae indet. lv.;6842;6;;;;;
TER_4;TER_4_15.10.2015;15.10.2015;Simuliidae indet. lv.;6842;8;;;;;
TER_4;TER_4_23.09.1999;23.09.1999;Siphonoperla burmeisteri lv.;11139;3;;;;;
TER_4;TER_4_15.10.2015;15.10.2015;Siphonoperla burmeisteri lv.;11139;10;;;;;
TER_4;TER_4_09.10.2014;09.10.2014;Siphonoperla burmeisteri lv.;11139;3;;;;;
TER_4;TER_4_19.10.2017;19.10.2017;Siphonoperla burmeisteri lv.;11139;1;;;;;
TER_4;TER_4_19.10.2022;19.10.2022;Siphonoperla burmeisteri lv.;11139;2;;;;;
TER_4;TER_4_21.10.2020;21.10.2020;Siphonoperla burmeisteri lv.;11139;1;;;;;
TER_4;TER_4_10.10.2013;10.10.2013;Siphonoperla burmeisteri lv.;11139;4;;;;;
TER_4;TER_4_11.10.2018;11.10.2018;Siphonoperla burmeisteri lv.;11139;6;;;;;
TER_4;TER_4_28.10.2016;28.10.2016;Siphonoperla burmeisteri lv.;11139;4;;;;;
TER_4;TER_4_06.10.2021;06.10.2021;Siphonoperla burmeisteri lv.;11139;2;;;;;
TER_4;TER_4_15.10.2015;15.10.2015;Taeniopteryx nebulosa lv.;6969;14;;;;;
TER_4;TER_4_19.10.2017;19.10.2017;Taeniopteryx nebulosa lv.;6969;4;;;;;
TER_4;TER_4_23.09.1999;23.09.1999;Taeniopteryx nebulosa lv.;6969;1;;;;;
TER_4;TER_4_09.10.2014;09.10.2014;Taeniopteryx nebulosa lv.;6969;4;;;;;
TER_4;TER_4_28.10.2016;28.10.2016;Taeniopteryx nebulosa lv.;6969;3;;;;;
TER_4;TER_4_21.10.2020;21.10.2020;Taeniopteryx nebulosa lv.;6969;1;;;;;
TER_4;TER_4_06.10.2021;06.10.2021;Taeniopteryx nebulosa lv.;6969;5;;;;;
TER_4;TER_4_10.10.2013;10.10.2013;Taeniopteryx nebulosa lv.;6969;24;;;;;
TER_4;TER_4_17.10.2019;17.10.2019;Taeniopteryx nebulosa lv.;6969;6;;;;;
TER_4;TER_4_06.10.2021;06.10.2021;Tipulidae indet. lv.;8487;1;;;;;
TER_4;TER_4_28.10.2016;28.10.2016;Tipulidae indet. lv.;8487;1;;;;;
TER_4;TER_4_21.10.2020;21.10.2020;Tipulidae indet. lv.;8487;1;;;;;
TER_4;TER_4_19.10.2017;19.10.2017;Tipulidae indet. lv.;8487;2;;;;;
TER_5;TER_5_10.10.2013;10.10.2013;Capniidae/Leuctridae indet. lv.;;14;;;;;
TER_5;TER_5_09.10.2014;09.10.2014;Arctopsyche ladogensis lv.;10659;16;;;;;
TER_5;TER_5_10.10.2013;10.10.2013;Arctopsyche ladogensis lv.;10659;22;;;;;
TER_5;TER_5_28.10.2016;28.10.2016;Arctopsyche ladogensis lv.;10659;2;;;;;
TER_5;TER_5_22.10.2020;22.10.2020;Arctopsyche ladogensis lv.;10659;1;;;;;
TER_5;TER_5_19.10.2017;19.10.2017;Arctopsyche ladogensis lv.;10659;12;;;;;
TER_5;TER_5_15.10.2015;15.10.2015;Arctopsyche ladogensis lv.;10659;4;;;;;
TER_5;TER_5_12.10.2018;12.10.2018;Arctopsyche ladogensis lv.;10659;3;;;;;
TER_5;TER_5_23.09.1999;23.09.1999;Arctopsyche ladogensis lv.;10659;3;;;;;
TER_5;TER_5_20.10.2022;20.10.2022;Arctopsyche ladogensis lv.;10659;1;;;;;
TER_5;TER_5_19.10.2017;19.10.2017;Baetidae indet. lv.;4380;8;;;;;
TER_5;TER_5_12.10.2018;12.10.2018;Baetidae indet. lv.;4380;2;;;;;
TER_5;TER_5_17.10.2019;17.10.2019;Baetidae indet. lv.;4380;14;;;;;
TER_5;TER_5_28.10.2016;28.10.2016;Baetidae indet. lv.;4380;10;;;;;
TER_5;TER_5_20.10.2022;20.10.2022;Baetidae indet. lv.;4380;90;;;;;
TER_5;TER_5_22.10.2020;22.10.2020;Baetidae indet. lv.;4380;4;;;;;
TER_5;TER_5_15.10.2015;15.10.2015;Baetis sp. lv.;4419;86;;;;;
TER_5;TER_5_28.10.2016;28.10.2016;Baetis sp. lv.;4419;18;;;;;
TER_5;TER_5_09.10.2014;09.10.2014;Baetis sp. lv.;4419;16;;;;;
TER_5;TER_5_19.10.2017;19.10.2017;Baetis sp. lv.;4419;6;;;;;
TER_5;TER_5_22.10.2020;22.10.2020;Baetis rhodani lv.;4415;14;;;;;
TER_5;TER_5_19.10.2017;19.10.2017;Baetis rhodani lv.;4415;42;;;;;
TER_5;TER_5_06.10.2021;06.10.2021;Baetis rhodani lv.;4415;3;;;;;
TER_5;TER_5_23.09.1999;23.09.1999;Baetis rhodani lv.;4415;18;;;;;
TER_5;TER_5_28.10.2016;28.10.2016;Baetis rhodani lv.;4415;38;;;;;
TER_5;TER_5_09.10.2014;09.10.2014;Baetis rhodani lv.;4415;100;;;;;
TER_5;TER_5_15.10.2015;15.10.2015;Baetis rhodani lv.;4415;212;;;;;
TER_5;TER_5_20.10.2022;20.10.2022;Baetis rhodani lv.;4415;80;;;;;
TER_5;TER_5_23.09.1999;23.09.1999;Brachyptera risi lv.;4487;2;;;;;
TER_5;TER_5_12.10.2018;12.10.2018;Capnia sp. lv.;4552;4;;;;;
TER_5;TER_5_10.10.2013;10.10.2013;Capnia sp. lv.;4552;5;;;;;
TER_5;TER_5_06.10.2021;06.10.2021;Capnia sp. lv.;4552;2;;;;;
TER_5;TER_5_06.10.2021;06.10.2021;Ceratopogonidae indet. lv.;4585;3;;;;;
TER_5;TER_5_15.10.2015;15.10.2015;Ceratopogonidae indet. lv.;4585;80;;;;;
TER_5;TER_5_12.10.2018;12.10.2018;Ceratopogonidae indet. lv.;4585;4;;;;;
TER_5;TER_5_09.10.2014;09.10.2014;Ceratopogonidae indet. lv.;4585;2;;;;;
TER_5;TER_5_20.10.2022;20.10.2022;Ceratopogonidae indet. lv.;4585;2;;;;;
TER_5;TER_5_22.10.2020;22.10.2020;Ceratopogonidae indet. lv.;4585;3;;;;;
TER_5;TER_5_19.10.2017;19.10.2017;Ceratopogonidae indet. lv.;4585;4;;;;;
TER_5;TER_5_28.10.2016;28.10.2016;Ceratopogonidae indet. lv.;4585;6;;;;;
TER_5;TER_5_17.10.2019;17.10.2019;Ceratopogonidae indet. lv.;4585;1;;;;;
TER_5;TER_5_28.10.2016;28.10.2016;Chironomidae indet. lv.;4642;240;;;;;
TER_5;TER_5_20.10.2022;20.10.2022;Chironomidae indet. lv.;4642;312;;;;;
TER_5;TER_5_12.10.2018;12.10.2018;Chironomidae indet. lv.;4642;32;;;;;
TER_5;TER_5_22.10.2020;22.10.2020;Chironomidae indet. lv.;4642;120;;;;;
TER_5;TER_5_17.10.2019;17.10.2019;Chironomidae indet. lv.;4642;38;;;;;
TER_5;TER_5_15.10.2015;15.10.2015;Chironomidae indet. lv.;4642;192;;;;;
TER_5;TER_5_23.09.1999;23.09.1999;Chironomidae indet. lv.;4642;77;;;;;
TER_5;TER_5_06.10.2021;06.10.2021;Chironomidae indet. lv.;4642;56;;;;;
TER_5;TER_5_19.10.2017;19.10.2017;Chironomidae indet. lv.;4642;26;;;;;
TER_5;TER_5_09.10.2014;09.10.2014;Chironomidae indet. lv.;4642;228;;;;;
TER_5;TER_5_06.10.2021;06.10.2021;Dicranota sp. lv.;4955;1;;;;;
TER_5;TER_5_15.10.2015;15.10.2015;Dicranota sp. lv.;4955;8;;;;;
TER_5;TER_5_20.10.2022;20.10.2022;Dicranota sp. lv.;4955;1;;;;;
TER_5;TER_5_15.10.2015;15.10.2015;Diptera indet. lv.;9353;2;;;;;
TER_5;TER_5_22.10.2020;22.10.2020;Diptera indet. lv.;9353;1;;;;;
TER_5;TER_5_06.10.2021;06.10.2021;Diptera indet. lv.;9353;1;;;;;
TER_5;TER_5_28.10.2016;28.10.2016;Diptera indet. lv.;9353;6;;;;;
TER_5;TER_5_23.09.1999;23.09.1999;Diptera indet. lv.;9353;8;;;;;
TER_5;TER_5_09.10.2014;09.10.2014;Diura nanseni lv.;13624;4;;;;;
TER_5;TER_5_19.10.2017;19.10.2017;Diura nanseni lv.;13624;1;;;;;
TER_5;TER_5_06.10.2021;06.10.2021;Diura nanseni lv.;13624;1;;;;;
TER_5;TER_5_15.10.2015;15.10.2015;Diura nanseni lv.;13624;6;;;;;
TER_5;TER_5_10.10.2013;10.10.2013;Diura nanseni lv.;13624;2;;;;;
TER_5;TER_5_20.10.2022;20.10.2022;Diura nanseni lv.;13624;2;;;;;
TER_5;TER_5_17.10.2019;17.10.2019;Diura nanseni lv.;13624;1;;;;;
TER_5;TER_5_22.10.2020;22.10.2020;Diura nanseni lv.;13624;2;;;;;
TER_5;TER_5_28.10.2016;28.10.2016;Diura nanseni lv.;13624;6;;;;;
TER_5;TER_5_19.10.2017;19.10.2017;Elmis aena lv.;5087;1;;;;;
TER_5;TER_5_12.10.2018;12.10.2018;Empididae indet. lv.;5097;2;;;;;
TER_5;TER_5_06.10.2021;06.10.2021;Empididae indet. lv.;5097;1;;;;;
TER_5;TER_5_23.09.1999;23.09.1999;Hydrachnidia indet. ad.;15453;2;;;;;
TER_5;TER_5_20.10.2022;20.10.2022;Hydrachnidia indet. ad.;15453;18;;;;;
TER_5;TER_5_09.10.2014;09.10.2014;Hydropsyche sp. lv.;5605;2;;;;;
TER_5;TER_5_10.10.2013;10.10.2013;Hydropsyche sp. lv.;5605;18;;;;;
TER_5;TER_5_15.10.2015;15.10.2015;Hydropsyche sp. lv.;5605;4;;;;;
TER_5;TER_5_10.10.2013;10.10.2013;Isoperla sp. lv.;5673;6;;;;;
TER_5;TER_5_23.09.1999;23.09.1999;Leuctra hippopus lv.;5768;1;;;;;
TER_5;TER_5_22.10.2020;22.10.2020;Limnephilidae indet. lv.;5809;1;;;;;
TER_5;TER_5_20.10.2022;20.10.2022;Limnephilidae indet. lv.;5809;10;;;;;
TER_5;TER_5_19.10.2017;19.10.2017;Nemouridae indet. lv.;8422;10;;;;;
TER_5;TER_5_09.10.2014;09.10.2014;Nemouridae indet. lv.;8422;88;;;;;
TER_5;TER_5_15.10.2015;15.10.2015;Nemouridae indet. lv.;8422;14;;;;;
TER_5;TER_5_28.10.2016;28.10.2016;Nemouridae indet. lv.;8422;16;;;;;
TER_5;TER_5_12.10.2018;12.10.2018;Nemouridae indet. lv.;8422;4;;;;;
TER_5;TER_5_19.10.2017;19.10.2017;Oligochaeta indet.;8736;2;;;;;
TER_5;TER_5_28.10.2016;28.10.2016;Oligochaeta indet.;8736;24;;;;;
TER_5;TER_5_12.10.2018;12.10.2018;Oligochaeta indet.;8736;2;;;;;
TER_5;TER_5_15.10.2015;15.10.2015;Oligochaeta indet.;8736;16;;;;;
TER_5;TER_5_23.09.1999;23.09.1999;Oligochaeta indet.;8736;4;;;;;
TER_5;TER_5_09.10.2014;09.10.2014;Oligochaeta indet.;8736;8;;;;;
TER_5;TER_5_28.10.2016;28.10.2016;Oxyethira sp. lv.;6268;12;;;;;
TER_5;TER_5_17.10.2019;17.10.2019;Oxyethira sp. lv.;6268;1;;;;;
TER_5;TER_5_22.10.2020;22.10.2020;Oxyethira sp. lv.;6268;3;;;;;
TER_5;TER_5_12.10.2018;12.10.2018;Oxyethira sp. lv.;6268;4;;;;;
TER_5;TER_5_10.10.2013;10.10.2013;Oxyethira sp. lv.;6268;4;;;;;
TER_5;TER_5_06.10.2021;06.10.2021;Oxyethira sp. lv.;6268;3;;;;;
TER_5;TER_5_15.10.2015;15.10.2015;Oxyethira sp. lv.;6268;2;;;;;
TER_5;TER_5_23.09.1999;23.09.1999;Oxyethira sp. lv.;6268;5;;;;;
TER_5;TER_5_09.10.2014;09.10.2014;Oxyethira sp. lv.;6268;1;;;;;
TER_5;TER_5_20.10.2022;20.10.2022;Oxyethira sp. lv.;6268;1;;;;;
TER_5;TER_5_17.10.2019;17.10.2019;Plectrocnemia conspersa lv.;6444;1;;;;;
TER_5;TER_5_12.10.2018;12.10.2018;Plectrocnemia conspersa lv.;6444;3;;;;;
TER_5;TER_5_10.10.2013;10.10.2013;Polycentropodidae indet. lv.;8478;3;;;;;
TER_5;TER_5_23.09.1999;23.09.1999;Polycentropodidae indet. lv.;8478;3;;;;;
TER_5;TER_5_12.10.2018;12.10.2018;Polycentropus flavomaculatus lv.;6468;10;;;;;
TER_5;TER_5_06.10.2021;06.10.2021;Polycentropus flavomaculatus lv.;6468;2;;;;;
TER_5;TER_5_22.10.2020;22.10.2020;Polycentropus flavomaculatus lv.;6468;1;;;;;
TER_5;TER_5_17.10.2019;17.10.2019;Polycentropus flavomaculatus lv.;6468;2;;;;;
TER_5;TER_5_23.09.1999;23.09.1999;Rhyacophila nubila lv.;6772;1;;;;;
TER_5;TER_5_15.10.2015;15.10.2015;Rhyacophila nubila lv.;6772;4;;;;;
TER_5;TER_5_10.10.2013;10.10.2013;Rhyacophila nubila lv.;6772;14;;;;;
TER_5;TER_5_28.10.2016;28.10.2016;Rhyacophila nubila lv.;6772;14;;;;;
TER_5;TER_5_19.10.2017;19.10.2017;Rhyacophila nubila lv.;6772;4;;;;;
TER_5;TER_5_09.10.2014;09.10.2014;Rhyacophila nubila lv.;6772;2;;;;;
TER_5;TER_5_17.10.2019;17.10.2019;Rhyacophila sp. lv.;6780;1;;;;;
TER_5;TER_5_09.10.2014;09.10.2014;Rhyacophila sp. lv.;6780;4;;;;;
TER_5;TER_5_09.10.2014;09.10.2014;Sialis sp. lv.;6823;2;;;;;
TER_5;TER_5_12.10.2018;12.10.2018;Simuliidae indet. lv.;6842;2;;;;;
TER_5;TER_5_19.10.2017;19.10.2017;Simuliidae indet. lv.;6842;3;;;;;
TER_5;TER_5_20.10.2022;20.10.2022;Siphonoperla burmeisteri lv.;11139;4;;;;;
TER_5;TER_5_19.10.2017;19.10.2017;Taeniopteryx nebulosa lv.;6969;1;;;;;
TER_5;TER_5_28.10.2016;28.10.2016;Taeniopteryx nebulosa lv.;6969;7;;;;;
TER_5;TER_5_06.10.2021;06.10.2021;Tipulidae indet. lv.;8487;2;;;;;
TER_2;TER_2_10.08.2021;10.08.2021;Capniidae/Leuctridae indet. lv.;;68;;;;;
TER_3;TER_3_10.07.2021;10.07.2021;Capniidae/Leuctridae indet. lv.;;1;;;;;
TER_3;TER_3_10.05.2021;10.05.2021;Capniidae/Leuctridae indet. lv.;;3;;;;;
TER_2;TER_2_10.06.2023;10.06.2023;Agapetus ochripes lv.;4253;18;;;;;
TER_2;TER_2_10.08.2021;10.08.2021;Agapetus ochripes lv.;4253;4;;;;;
TER_2;TER_2_10.05.2021;10.05.2021;Agapetus ochripes lv.;4253;6;;;;;
TER_2;TER_2_10.06.2023;10.06.2023;Ameletus inopinatus lv.;4288;12;;;;;
TER_2;TER_2_10.05.2021;10.05.2021;Ameletus inopinatus lv.;4288;20;;;;;
TER_2;TER_2_10.08.2021;10.08.2021;Ameletus inopinatus lv.;4288;16;;;;;
TER_2;TER_2_10.08.2021;10.08.2021;Amphinemura sp. lv.;4293;230;;;;;
TER_2;TER_2_10.06.2023;10.06.2023;Amphinemura sp. lv.;4293;38;;;;;
TER_2;TER_2_10.05.2021;10.05.2021;Amphinemura sp. lv.;4293;60;;;;;
TER_2;TER_2_10.08.2021;10.08.2021;Apatania sp. lv.;4334;10;;;;;
TER_2;TER_2_10.06.2023;10.06.2023;Apatania sp. lv.;4334;1;;;;;
TER_2;TER_2_10.05.2021;10.05.2021;Apatania sp. lv.;4334;2;;;;;
TER_3;TER_3_10.05.2021;10.05.2021;Apatania sp. lv.;4334;3;;;;;
TER_2;TER_2_10.08.2021;10.08.2021;Arctopsyche ladogensis lv.;10659;4;;;;;
TER_3;TER_3_10.07.2021;10.07.2021;Arctopsyche ladogensis lv.;10659;1;;;;;
TER_3;TER_3_10.06.2023;10.06.2023;Arctopsyche ladogensis lv.;10659;2;;;;;
TER_3;TER_3_10.05.2021;10.05.2021;Arctopsyche ladogensis lv.;10659;2;;;;;
TER_2;TER_2_10.05.2021;10.05.2021;Arctopsyche ladogensis lv.;10659;6;;;;;
TER_2;TER_2_10.06.2023;10.06.2023;Arctopsyche ladogensis lv.;10659;2;;;;;
TER_2;TER_2_10.05.2021;10.05.2021;Baetidae indet. lv.;4380;528;;;;;
TER_2;TER_2_10.06.2023;10.06.2023;Baetidae indet. lv.;4380;920;;;;;
TER_2;TER_2_10.08.2021;10.08.2021;Baetidae indet. lv.;4380;600;;;;;
TER_2;TER_2_10.08.2021;10.08.2021;Baetis muticus/niger lv.;;52;;;;;
TER_2;TER_2_10.05.2021;10.05.2021;Baetis muticus/niger lv.;;256;;;;;
TER_2;TER_2_10.06.2023;10.06.2023;Baetis muticus/niger lv.;;10;;;;;
TER_3;TER_3_10.06.2023;10.06.2023;Baetis sp. lv.;4419;52;;;;;
TER_3;TER_3_10.07.2021;10.07.2021;Baetis sp. lv.;4419;208;;;;;
TER_3;TER_3_10.05.2021;10.05.2021;Baetis sp. lv.;4419;100;;;;;
TER_2;TER_2_10.05.2021;10.05.2021;Baetis muticus lv.;4409;20;;;;;
TER_2;TER_2_10.06.2023;10.06.2023;Baetis muticus lv.;4409;144;;;;;
TER_2;TER_2_10.08.2021;10.08.2021;Baetis muticus lv.;4409;14;;;;;
TER_2;TER_2_10.08.2021;10.08.2021;Baetis niger lv.;4410;20;;;;;
TER_2;TER_2_10.05.2021;10.05.2021;Baetis niger lv.;4410;28;;;;;
TER_2;TER_2_10.06.2023;10.06.2023;Baetis niger lv.;4410;48;;;;;
TER_3;TER_3_10.07.2021;10.07.2021;Baetis rhodani lv.;4415;160;;;;;
TER_2;TER_2_10.05.2021;10.05.2021;Baetis rhodani lv.;4415;248;;;;;
TER_3;TER_3_10.06.2023;10.06.2023;Baetis rhodani lv.;4415;18;;;;;
TER_2;TER_2_10.08.2021;10.08.2021;Baetis rhodani lv.;4415;864;;;;;
TER_3;TER_3_10.05.2021;10.05.2021;Baetis rhodani lv.;4415;84;;;;;
TER_2;TER_2_10.06.2023;10.06.2023;Baetis rhodani lv.;4415;896;;;;;
TER_3;TER_3_10.05.2021;10.05.2021;Brachyptera risi lv.;4487;1;;;;;
TER_3;TER_3_10.06.2023;10.06.2023;Capnia sp. lv.;4552;80;;;;;
TER_2;TER_2_10.08.2021;10.08.2021;Capnia sp. lv.;4552;4;;;;;
TER_3;TER_3_10.07.2021;10.07.2021;Capnia sp. lv.;4552;3;;;;;
TER_2;TER_2_10.06.2023;10.06.2023;Capnia sp. lv.;4552;20;;;;;
TER_3;TER_3_10.05.2021;10.05.2021;Capnia sp. lv.;4552;9;;;;;
TER_2;TER_2_10.06.2023;10.06.2023;Capnopsis schilleri lv.;4555;4;;;;;
TER_2;TER_2_10.06.2023;10.06.2023;Ceratopogonidae indet. lv.;4585;1;;;;;
TER_2;TER_2_10.08.2021;10.08.2021;Ceratopogonidae indet. lv.;4585;40;;;;;
TER_3;TER_3_10.07.2021;10.07.2021;Ceratopogonidae indet. lv.;4585;4;;;;;
TER_3;TER_3_10.05.2021;10.05.2021;Ceratopogonidae indet. lv.;4585;10;;;;;
TER_3;TER_3_10.06.2023;10.06.2023;Ceratopogonidae indet. lv.;4585;3;;;;;
TER_2;TER_2_10.05.2021;10.05.2021;Ceratopogonidae indet. lv.;4585;24;;;;;
TER_2;TER_2_10.06.2023;10.06.2023;Hydropsyche nevae lv.;13020;1;;;;;
TER_3;TER_3_10.06.2023;10.06.2023;Chironomidae indet. lv.;4642;368;;;;;
TER_3;TER_3_10.05.2021;10.05.2021;Chironomidae indet. lv.;4642;1056;;;;;
TER_2;TER_2_10.08.2021;10.08.2021;Chironomidae indet. lv.;4642;1696;;;;;
TER_3;TER_3_10.07.2021;10.07.2021;Chironomidae indet. lv.;4642;1904;;;;;
TER_2;TER_2_10.06.2023;10.06.2023;Chironomidae indet. lv.;4642;496;;;;;
TER_2;TER_2_10.05.2021;10.05.2021;Chironomidae indet. lv.;4642;1216;;;;;
TER_3;TER_3_10.06.2023;10.06.2023;Chloroperlidae indet. lv.;4674;2;;;;;
TER_2;TER_2_10.05.2021;10.05.2021;Corixinae sp. lv.;4747;1;;;;;
TER_3;TER_3_10.07.2021;10.07.2021;Dicranota sp. lv.;4955;10;;;;;
TER_3;TER_3_10.05.2021;10.05.2021;Dicranota sp. lv.;4955;14;;;;;
TER_2;TER_2_10.06.2023;10.06.2023;Dicranota sp. lv.;4955;6;;;;;
TER_3;TER_3_10.06.2023;10.06.2023;Dicranota sp. lv.;4955;4;;;;;
TER_3;TER_3_10.07.2021;10.07.2021;Diura nanseni lv.;13624;20;;;;;
TER_3;TER_3_10.06.2023;10.06.2023;Diura nanseni lv.;13624;12;;;;;
TER_3;TER_3_10.05.2021;10.05.2021;Diura nanseni lv.;13624;6;;;;;
TER_2;TER_2_10.05.2021;10.05.2021;Diura nanseni lv.;13624;12;;;;;
TER_2;TER_2_10.08.2021;10.08.2021;Diura nanseni lv.;13624;34;;;;;
TER_2;TER_2_10.06.2023;10.06.2023;Diura nanseni lv.;13624;24;;;;;
TER_2;TER_2_10.08.2021;10.08.2021;Ecclisopteryx dalecarlica lv.;5033;2;;;;;
TER_2;TER_2_10.06.2023;10.06.2023;Elmis aena ad.;12066;1;;;;;
TER_2;TER_2_10.05.2021;10.05.2021;Elmis aena ad.;12066;28;;;;;
TER_2;TER_2_10.08.2021;10.08.2021;Elmis aena ad.;12066;2;;;;;
TER_2;TER_2_10.06.2023;10.06.2023;Elmis aena lv.;5087;184;;;;;
TER_2;TER_2_10.05.2021;10.05.2021;Elmis aena lv.;5087;384;;;;;
TER_2;TER_2_10.08.2021;10.08.2021;Elmis aena lv.;5087;80;;;;;
TER_2;TER_2_10.05.2021;10.05.2021;Empididae indet. lv.;5097;3;;;;;
TER_2;TER_2_10.08.2021;10.08.2021;Empididae indet. lv.;5097;14;;;;;
TER_2;TER_2_10.06.2023;10.06.2023;Empididae indet. lv.;5097;1;;;;;
TER_2;TER_2_10.06.2023;10.06.2023;Ephemerella aroni lv.;20125;2;;;;;
TER_2;TER_2_10.05.2021;10.05.2021;Ephemerella aroni lv.;20125;6;;;;;
TER_2;TER_2_10.05.2021;10.05.2021;Ephemerella mucronata lv.;5135;8;;;;;
TER_2;TER_2_10.08.2021;10.08.2021;Ephemerella mucronata lv.;5135;8;;;;;
TER_2;TER_2_10.06.2023;10.06.2023;Ephemerella mucronata lv.;5135;8;;;;;
TER_2;TER_2_10.05.2021;10.05.2021;Glossosoma intermedium lv.;5315;1;;;;;
TER_2;TER_2_10.06.2023;10.06.2023;Glossosoma sp. lv.;5316;1;;;;;
TER_2;TER_2_10.08.2021;10.08.2021;Heptagenia dalecarlica lv.;12552;10;;;;;
TER_2;TER_2_10.05.2021;10.05.2021;Heptagenia dalecarlica lv.;12552;24;;;;;
TER_2;TER_2_10.06.2023;10.06.2023;Heptagenia dalecarlica lv.;12552;32;;;;;
TER_2;TER_2_10.06.2023;10.06.2023;Heptageniidae indet. lv.;5458;20;;;;;
TER_2;TER_2_10.05.2021;10.05.2021;Heptageniidae indet. lv.;5458;44;;;;;
TER_2;TER_2_10.08.2021;10.08.2021;Heptageniidae indet. lv.;5458;16;;;;;
TER_2;TER_2_10.08.2021;10.08.2021;Heptagenia sp. lv.;5456;6;;;;;
TER_2;TER_2_10.06.2023;10.06.2023;Heptagenia sp. lv.;5456;14;;;;;
TER_2;TER_2_10.06.2023;10.06.2023;Heptagenia sulphurea lv.;5457;1;;;;;
TER_2;TER_2_10.06.2023;10.06.2023;Hydrachnidia indet. ad.;15453;4;;;;;
TER_2;TER_2_10.05.2021;10.05.2021;Hydrachnidia indet. ad.;15453;80;;;;;
TER_3;TER_3_10.05.2021;10.05.2021;Hydrachnidia indet. ad.;15453;2;;;;;
TER_2;TER_2_10.08.2021;10.08.2021;Hydrachnidia indet. ad.;15453;18;;;;;
TER_3;TER_3_10.07.2021;10.07.2021;Hydrachnidia indet. ad.;15453;1;;;;;
TER_2;TER_2_10.08.2021;10.08.2021;Hydraena sp. ad.;5531;2;;;;;
TER_2;TER_2_10.05.2021;10.05.2021;Hydraena sp. ad.;5531;44;;;;;
TER_2;TER_2_10.06.2023;10.06.2023;Hydraena sp. ad.;5531;112;;;;;
TER_2;TER_2_10.08.2021;10.08.2021;Hydroptila sp. lv.;5616;14;;;;;
TER_2;TER_2_10.06.2023;10.06.2023;Hydroptila sp. lv.;5616;8;;;;;
TER_2;TER_2_10.05.2021;10.05.2021;Hydroptila sp. lv.;5616;8;;;;;
TER_2;TER_2_10.06.2023;10.06.2023;Isoperla grammatica lv.;5667;2;;;;;
TER_2;TER_2_10.05.2021;10.05.2021;Isoperla grammatica lv.;5667;1;;;;;
TER_2;TER_2_10.05.2021;10.05.2021;Isoperla sp. lv.;5673;8;;;;;
TER_3;TER_3_10.06.2023;10.06.2023;Isoperla sp. lv.;5673;3;;;;;
TER_2;TER_2_10.08.2021;10.08.2021;Isoperla sp. lv.;5673;5;;;;;
TER_2;TER_2_10.06.2023;10.06.2023;Isoperla sp. lv.;5673;22;;;;;
TER_2;TER_2_10.05.2021;10.05.2021;Ithytrichia sp. lv.;9050;60;;;;;
TER_2;TER_2_10.08.2021;10.08.2021;Ithytrichia sp. lv.;9050;4;;;;;
TER_3;TER_3_10.06.2023;10.06.2023;Ithytrichia sp. lv.;9050;2;;;;;
TER_2;TER_2_10.06.2023;10.06.2023;Ithytrichia sp. lv.;9050;1;;;;;
TER_2;TER_2_10.06.2023;10.06.2023;Leuctra hippopus lv.;5768;42;;;;;
TER_2;TER_2_10.08.2021;10.08.2021;Leuctra hippopus lv.;5768;4;;;;;
TER_2;TER_2_10.05.2021;10.05.2021;Leuctra hippopus lv.;5768;16;;;;;
TER_3;TER_3_10.06.2023;10.06.2023;Leuctra sp. lv.;5790;4;;;;;
TER_2;TER_2_10.06.2023;10.06.2023;Leuctra sp. lv.;5790;128;;;;;
TER_2;TER_2_10.08.2021;10.08.2021;Leuctra sp. lv.;5790;22;;;;;
TER_2;TER_2_10.05.2021;10.05.2021;Leuctra sp. lv.;5790;16;;;;;
TER_2;TER_2_10.06.2023;10.06.2023;Limoniidae indet. lv.;8483;2;;;;;
TER_2;TER_2_10.05.2021;10.05.2021;Limoniidae indet. lv.;8483;1;;;;;
TER_3;TER_3_10.07.2021;10.07.2021;Limnephilidae indet. lv.;5809;1;;;;;
TER_2;TER_2_10.05.2021;10.05.2021;Limnephilidae indet. lv.;5809;1;;;;;
TER_3;TER_3_10.06.2023;10.06.2023;Limnephilidae indet. lv.;5809;1;;;;;
TER_2;TER_2_10.08.2021;10.08.2021;Micrasema setiferum lv.;7192;128;;;;;
TER_2;TER_2_10.05.2021;10.05.2021;Micrasema setiferum lv.;7192;120;;;;;
TER_2;TER_2_10.06.2023;10.06.2023;Micrasema setiferum lv.;7192;384;;;;;
TER_2;TER_2_10.05.2021;10.05.2021;Nemouridae indet. lv.;8422;1;;;;;
TER_2;TER_2_10.08.2021;10.08.2021;Nemoura sp. lv.;6108;2;;;;;
TER_2;TER_2_10.05.2021;10.05.2021;Oligochaeta indet.;8736;480;;;;;
TER_2;TER_2_10.08.2021;10.08.2021;Oligochaeta indet.;8736;80;;;;;
TER_2;TER_2_10.06.2023;10.06.2023;Oligochaeta indet.;8736;60;;;;;
TER_3;TER_3_10.07.2021;10.07.2021;Oxyethira sp. lv.;6268;2;;;;;
TER_2;TER_2_10.06.2023;10.06.2023;Oxyethira sp. lv.;6268;12;;;;;
TER_3;TER_3_10.05.2021;10.05.2021;Oxyethira sp. lv.;6268;5;;;;;
TER_2;TER_2_10.05.2021;10.05.2021;Oxyethira sp. lv.;6268;36;;;;;
TER_2;TER_2_10.08.2021;10.08.2021;Oxyethira sp. lv.;6268;5;;;;;
TER_2;TER_2_10.08.2021;10.08.2021;Pediciidae indet. lv.;14641;18;;;;;
TER_2;TER_2_10.06.2023;10.06.2023;Perlodidae indet. lv.;8432;1;;;;;
TER_2;TER_2_10.05.2021;10.05.2021;Perlodidae indet. lv.;8432;16;;;;;
TER_2;TER_2_10.08.2021;10.08.2021;Perlodidae indet. lv.;8432;2;;;;;
TER_3;TER_3_10.07.2021;10.07.2021;Perlodidae indet. lv.;8432;3;;;;;
TER_2;TER_2_10.06.2023;10.06.2023;Polycentropodidae indet. lv.;8478;1;;;;;
TER_2;TER_2_10.05.2021;10.05.2021;Polycentropodidae indet. lv.;8478;16;;;;;
TER_2;TER_2_10.08.2021;10.08.2021;Polycentropodidae indet. lv.;8478;4;;;;;
TER_2;TER_2_10.08.2021;10.08.2021;Polycentropus flavomaculatus lv.;6468;12;;;;;
TER_2;TER_2_10.06.2023;10.06.2023;Polycentropus flavomaculatus lv.;6468;2;;;;;
TER_2;TER_2_10.05.2021;10.05.2021;Polycentropus flavomaculatus lv.;6468;6;;;;;
TER_2;TER_2_10.05.2021;10.05.2021;Potamophylax latipennis lv.;6522;2;;;;;
TER_2;TER_2_10.05.2021;10.05.2021;Potamophylax sp. lv.;6527;1;;;;;
TER_2;TER_2_10.08.2021;10.08.2021;Potamophylax sp. lv.;6527;1;;;;;
TER_2;TER_2_10.06.2023;10.06.2023;Potamophylax sp. lv.;6527;1;;;;;
TER_2;TER_2_10.06.2023;10.06.2023;Protonemura meyeri lv.;6610;1;;;;;
TER_2;TER_2_10.08.2021;10.08.2021;Protonemura meyeri lv.;6610;4;;;;;
TER_2;TER_2_10.05.2021;10.05.2021;Psychodidae indet. lv.;8753;20;;;;;
TER_2;TER_2_10.06.2023;10.06.2023;Psychodidae indet. lv.;8753;24;;;;;
TER_2;TER_2_10.08.2021;10.08.2021;Psychodidae indet. lv.;8753;24;;;;;
TER_2;TER_2_10.08.2021;10.08.2021;Radix labiata/balthica;16983;14;;;;;
TER_2;TER_2_10.05.2021;10.05.2021;Radix labiata/balthica;16983;36;;;;;
TER_2;TER_2_10.06.2023;10.06.2023;Radix labiata/balthica;16983;10;;;;;
TER_2;TER_2_10.05.2021;10.05.2021;Rhyacophila nubila lv.;6772;12;;;;;
TER_2;TER_2_10.06.2023;10.06.2023;Rhyacophila nubila lv.;6772;8;;;;;
TER_3;TER_3_10.07.2021;10.07.2021;Rhyacophila nubila lv.;6772;14;;;;;
TER_3;TER_3_10.06.2023;10.06.2023;Rhyacophila nubila lv.;6772;12;;;;;
TER_2;TER_2_10.08.2021;10.08.2021;Rhyacophila nubila lv.;6772;16;;;;;
TER_2;TER_2_10.05.2021;10.05.2021;Rhyacophila sp. lv.;6780;32;;;;;
TER_3;TER_3_10.06.2023;10.06.2023;Rhyacophila sp. lv.;6780;34;;;;;
TER_3;TER_3_10.07.2021;10.07.2021;Rhyacophila sp. lv.;6780;8;;;;;
TER_3;TER_3_10.05.2021;10.05.2021;Rhyacophila sp. lv.;6780;4;;;;;
TER_2;TER_2_10.06.2023;10.06.2023;Rhyacophila sp. lv.;6780;4;;;;;
TER_2;TER_2_10.08.2021;10.08.2021;Rhyacophila sp. lv.;6780;2;;;;;
TER_2;TER_2_10.06.2023;10.06.2023;Sericostomatidae indet. lv.;9311;1;;;;;
TER_2;TER_2_10.05.2021;10.05.2021;Sericostomatidae indet. lv.;9311;2;;;;;
TER_2;TER_2_10.05.2021;10.05.2021;Sericostoma personatum lv.;6817;6;;;;;
TER_2;TER_2_10.06.2023;10.06.2023;Sericostoma personatum lv.;6817;3;;;;;
TER_2;TER_2_10.05.2021;10.05.2021;Silo pallipes lv.;6834;1;;;;;
TER_3;TER_3_10.07.2021;10.07.2021;Simuliidae indet. lv.;6842;1;;;;;
TER_2;TER_2_10.08.2021;10.08.2021;Simuliidae indet. lv.;6842;22;;;;;
TER_2;TER_2_10.05.2021;10.05.2021;Simuliidae indet. lv.;6842;6;;;;;
TER_3;TER_3_10.05.2021;10.05.2021;Simuliidae indet. lv.;6842;6;;;;;
TER_2;TER_2_10.06.2023;10.06.2023;Simuliidae indet. lv.;6842;96;;;;;
TER_3;TER_3_10.07.2021;10.07.2021;Siphonoperla burmeisteri lv.;11139;12;;;;;
TER_2;TER_2_10.06.2023;10.06.2023;Siphonoperla burmeisteri lv.;11139;2;;;;;
TER_2;TER_2_10.08.2021;10.08.2021;Siphonoperla burmeisteri lv.;11139;6;;;;;
TER_2;TER_2_10.05.2021;10.05.2021;Siphonoperla burmeisteri lv.;11139;1;;;;;
TER_3;TER_3_10.05.2021;10.05.2021;Siphonoperla burmeisteri lv.;11139;6;;;;;
TER_2;TER_2_10.05.2021;10.05.2021;Sphaeriidae indet.;8429;1;;;;;
TER_2;TER_2_10.05.2021;10.05.2021;Taeniopteryx nebulosa lv.;6969;2;;;;;
TER_3;TER_3_10.07.2021;10.07.2021;Taeniopteryx nebulosa lv.;6969;6;;;;;
TER_3;TER_3_10.06.2023;10.06.2023;Taeniopteryx nebulosa lv.;6969;22;;;;;
TER_2;TER_2_10.06.2023;10.06.2023;Taeniopteryx nebulosa lv.;6969;10;;;;;
TER_3;TER_3_10.05.2021;10.05.2021;Taeniopteryx nebulosa lv.;6969;2;;;;;
TER_2;TER_2_10.08.2021;10.08.2021;Taeniopteryx nebulosa lv.;6969;3;;;;;
TER_2;TER_2_10.05.2021;10.05.2021;Tipulidae indet. lv.;8487;1;;;;;
TER_2;TER_2_10.06.2023;10.06.2023;Tipulidae indet. lv.;8487;1;;;;;
