Site ID;Sample ID;Sampling date;Taxon name;Taxon ID;Abundance;Definition of abundance class;Abundance class;Site_ID_Ellen;;
OPPEFo01;OPPEFo01_29.09.1988;29.09.1988;Baetis rhodani;4415;4;;;111000001;;
OPPEFo01;OPPEFo01_29.09.1988;29.09.1988;Chironomidae Gen. sp.;4642;362;;;111000001;;
OPPEFo01;OPPEFo01_29.09.1988;29.09.1988;Diptera Gen. sp.;9353;10;;;111000001;;
OPPEFo01;OPPEFo01_29.09.1988;29.09.1988;Nematoda Gen. sp.;8813;1;;;111000001;;
OPPEFo01;OPPEFo01_29.09.1988;29.09.1988;Nemoura cinerea cinerea;6095;3;;;111000001;;
OPPEFo01;OPPEFo01_29.09.1988;29.09.1988;Oligochaeta Gen. sp.;8736;91;;;111000001;;
OPPEFo01;OPPEFo01_29.09.1988;29.09.1988;Rhyacophila nubila;6772;1;;;111000001;;
OPPEFo01;OPPEFo01_29.09.1988;29.09.1988;Simuliidae Gen. sp.;6842;19;;;111000001;;
OPPEFo01;OPPEFo01_08.10.1991;08.10.1991;Chironomidae Gen. sp.;4642;488;;;111000001;;
OPPEFo01;OPPEFo01_08.10.1991;08.10.1991;Chironomidae Gen. sp.;4642;12;;;111000001;;
OPPEFo01;OPPEFo01_08.10.1991;08.10.1991;Hydrachnidia Gen. sp.;8825;6;;;111000001;;
OPPEFo01;OPPEFo01_08.10.1991;08.10.1991;Oligochaeta Gen. sp.;8736;36;;;111000001;;
OPPEFo01;OPPEFo01_08.10.1991;08.10.1991;Simuliidae Gen. sp.;6842;42;;;111000001;;
OPPEFo01;OPPEFo01_07.10.2012;07.10.2012;Baetis rhodani;4415;14;;;111000001;;
OPPEFo01;OPPEFo01_07.10.2012;07.10.2012;Baetis sp.;4419;4;;;111000001;;
OPPEFo01;OPPEFo01_07.10.2012;07.10.2012;Ceratopogonidae Gen. sp.;4585;1;;;111000001;;
OPPEFo01;OPPEFo01_07.10.2012;07.10.2012;Chironomidae Gen. sp.;4642;120;;;111000001;;
OPPEFo01;OPPEFo01_07.10.2012;07.10.2012;Diptera Gen. sp.;9353;10;;;111000001;;
OPPEFo01;OPPEFo01_07.10.2012;07.10.2012;Empididae Gen. sp.;5097;8;;;111000001;;
OPPEFo01;OPPEFo01_07.10.2012;07.10.2012;Hydrachnidia Gen. sp.;8825;2;;;111000001;;
OPPEFo01;OPPEFo01_07.10.2012;07.10.2012;Hydroptila sp.;5616;4;;;111000001;;
OPPEFo01;OPPEFo01_07.10.2012;07.10.2012;Hydroptilidae Gen. sp.;7455;4;;;111000001;;
OPPEFo01;OPPEFo01_07.10.2012;07.10.2012;Leuctra sp.;5790;6;;;111000001;;
OPPEFo01;OPPEFo01_07.10.2012;07.10.2012;Limoniidae/Pediciidae Indet. Lv.;8483/14641;2;;;111000001;;
OPPEFo01;OPPEFo01_07.10.2012;07.10.2012;Oligochaeta Gen. sp.;8736;8;;;111000001;;
OPPEFo01;OPPEFo01_07.10.2012;07.10.2012;Polycentropodidae Gen. sp.;8478;5;;;111000001;;
OPPEFo01;OPPEFo01_07.10.2012;07.10.2012;Polycentropus flavomaculatus flavomaculatus;6468;6;;;111000001;;
OPPEFo01;OPPEFo01_07.10.2012;07.10.2012;Rhyacophila nubila;6772;28;;;111000001;;
OPPEFo01;OPPEFo01_07.10.2012;07.10.2012;Rhyacophila sp.;6780;2;;;111000001;;
OPPEFo01;OPPEFo01_07.10.2012;07.10.2012;Simuliidae Gen. sp.;6842;64;;;111000001;;
OPPEFo01;OPPEFo01_09.10.2013;09.10.2013;Amphinemura sp.;4293;12;;;111000001;;
OPPEFo01;OPPEFo01_09.10.2013;09.10.2013;Baetis rhodani;4415;64;;;111000001;;
OPPEFo01;OPPEFo01_09.10.2013;09.10.2013;Baetis sp.;4419;48;;;111000001;;
OPPEFo01;OPPEFo01_09.10.2013;09.10.2013;Chironomidae Gen. sp.;4642;944;;;111000001;;
OPPEFo01;OPPEFo01_09.10.2013;09.10.2013;Dicranota sp.;4955;24;;;111000001;;
OPPEFo01;OPPEFo01_09.10.2013;09.10.2013;Empididae Gen. sp.;5097;6;;;111000001;;
OPPEFo01;OPPEFo01_09.10.2013;09.10.2013;Hydroptila sp.;5616;20;;;111000001;;
OPPEFo01;OPPEFo01_09.10.2013;09.10.2013;Leuctra hippopus;5768;4;;;111000001;;
OPPEFo01;OPPEFo01_09.10.2013;09.10.2013;Leuctra sp.;5790;8;;;111000001;;
OPPEFo01;OPPEFo01_09.10.2013;09.10.2013;Limnephilidae Gen. sp.;5809;2;;;111000001;;
OPPEFo01;OPPEFo01_09.10.2013;09.10.2013;Nematomorpha Gen. sp.;10624;2;;;111000001;;
OPPEFo01;OPPEFo01_09.10.2013;09.10.2013;Oligochaeta Gen. sp.;8736;1;;;111000001;;
OPPEFo01;OPPEFo01_09.10.2013;09.10.2013;Polycentropodidae Gen. sp.;8478;208;;;111000001;;
OPPEFo01;OPPEFo01_09.10.2013;09.10.2013;Polycentropus flavomaculatus flavomaculatus;6468;104;;;111000001;;
OPPEFo01;OPPEFo01_09.10.2013;09.10.2013;Rhyacophila nubila;6772;32;;;111000001;;
OPPEFo01;OPPEFo01_09.10.2013;09.10.2013;Rhyacophila sp.;6780;52;;;111000001;;
OPPEFo01;OPPEFo01_09.10.2013;09.10.2013;Simuliidae Gen. sp.;6842;128;;;111000001;;
OPPEFo01;OPPEFo01_09.10.2013;09.10.2013;Tipulidae Gen. sp.;8487;8;;;111000001;;
OPPEFo01;OPPEFo01_08.10.2014;08.10.2014;Apatania sp.;4334;1;;;111000001;;
OPPEFo01;OPPEFo01_08.10.2014;08.10.2014;Baetis muticus;4409;1;;;111000001;;
OPPEFo01;OPPEFo01_08.10.2014;08.10.2014;Baetis rhodani;4415;6;;;111000001;;
OPPEFo01;OPPEFo01_08.10.2014;08.10.2014;Baetis sp.;4419;4;;;111000001;;
OPPEFo01;OPPEFo01_08.10.2014;08.10.2014;Capniidae Gen. sp.;8440;3;;;111000001;;
OPPEFo01;OPPEFo01_08.10.2014;08.10.2014;Ceratopogonidae Gen. sp.;4585;16;;;111000001;;
OPPEFo01;OPPEFo01_08.10.2014;08.10.2014;Chironomidae Gen. sp.;4642;240;;;111000001;;
OPPEFo01;OPPEFo01_08.10.2014;08.10.2014;Dicranota sp.;4955;24;;;111000001;;
OPPEFo01;OPPEFo01_08.10.2014;08.10.2014;Diptera Gen. sp.;9353;1;;;111000001;;
OPPEFo01;OPPEFo01_08.10.2014;08.10.2014;Heptagenia sp.;5456;1;;;111000001;;
OPPEFo01;OPPEFo01_08.10.2014;08.10.2014;Hydrachnidia Gen. sp.;8825;1;;;111000001;;
OPPEFo01;OPPEFo01_08.10.2014;08.10.2014;Hydroptila sp.;5616;20;;;111000001;;
OPPEFo01;OPPEFo01_08.10.2014;08.10.2014;Isoperla sp.;5673;4;;;111000001;;
OPPEFo01;OPPEFo01_08.10.2014;08.10.2014;Leuctra sp.;5790;3;;;111000001;;
OPPEFo01;OPPEFo01_08.10.2014;08.10.2014;Limnephilidae Gen. sp.;5809;3;;;111000001;;
OPPEFo01;OPPEFo01_08.10.2014;08.10.2014;Oligochaeta Gen. sp.;8736;4;;;111000001;;
OPPEFo01;OPPEFo01_08.10.2014;08.10.2014;Polycentropodidae Gen. sp.;8478;6;;;111000001;;
OPPEFo01;OPPEFo01_08.10.2014;08.10.2014;Polycentropus flavomaculatus flavomaculatus;6468;44;;;111000001;;
OPPEFo01;OPPEFo01_08.10.2014;08.10.2014;Rhyacophila nubila;6772;16;;;111000001;;
OPPEFo01;OPPEFo01_08.10.2014;08.10.2014;Rhyacophila sp.;6780;14;;;111000001;;
OPPEFo01;OPPEFo01_08.10.2014;08.10.2014;Simuliidae Gen. sp.;6842;48;;;111000001;;
OPPEFo01;OPPEFo01_14.10.2015;14.10.2015;Amphinemura sp.;4293;16;;;111000001;;
OPPEFo01;OPPEFo01_14.10.2015;14.10.2015;Baetis rhodani;4415;160;;;111000001;;
OPPEFo01;OPPEFo01_14.10.2015;14.10.2015;Baetis sp.;4419;80;;;111000001;;
OPPEFo01;OPPEFo01_14.10.2015;14.10.2015;Chironomidae Gen. sp.;4642;2080;;;111000001;;
OPPEFo01;OPPEFo01_14.10.2015;14.10.2015;Dicranota sp.;4955;40;;;111000001;;
OPPEFo01;OPPEFo01_14.10.2015;14.10.2015;Elmis aenea Lv.;5087;2;;;111000001;;
OPPEFo01;OPPEFo01_14.10.2015;14.10.2015;Empididae Gen. sp.;5097;6;;;111000001;;
OPPEFo01;OPPEFo01_14.10.2015;14.10.2015;Hydroptila sp.;5616;28;;;111000001;;
OPPEFo01;OPPEFo01_14.10.2015;14.10.2015;Isoperla sp.;5673;2;;;111000001;;
OPPEFo01;OPPEFo01_14.10.2015;14.10.2015;Leuctra hippopus;5768;3;;;111000001;;
OPPEFo01;OPPEFo01_14.10.2015;14.10.2015;Leuctra sp.;5790;10;;;111000001;;
OPPEFo01;OPPEFo01_14.10.2015;14.10.2015;Limnephilidae Gen. sp.;5809;3;;;111000001;;
OPPEFo01;OPPEFo01_14.10.2015;14.10.2015;Oligochaeta Gen. sp.;8736;2;;;111000001;;
OPPEFo01;OPPEFo01_14.10.2015;14.10.2015;Oxyethira sp.;6268;2;;;111000001;;
OPPEFo01;OPPEFo01_14.10.2015;14.10.2015;Polycentropodidae Gen. sp.;8478;48;;;111000001;;
OPPEFo01;OPPEFo01_14.10.2015;14.10.2015;Polycentropus flavomaculatus flavomaculatus;6468;134;;;111000001;;
OPPEFo01;OPPEFo01_14.10.2015;14.10.2015;Rhyacophila nubila;6772;56;;;111000001;;
OPPEFo01;OPPEFo01_14.10.2015;14.10.2015;Rhyacophila sp.;6780;32;;;111000001;;
OPPEFo01;OPPEFo01_14.10.2015;14.10.2015;Simuliidae Gen. sp.;6842;64;;;111000001;;
OPPEFo01;OPPEFo01_14.10.2015;14.10.2015;Taeniopteryx nebulosa;6969;2;;;111000001;;
OPPEFo01;OPPEFo01_27.10.2016;27.10.2016;Amphinemura sp.;4293;48;;;111000001;;
OPPEFo01;OPPEFo01_27.10.2016;27.10.2016;Baetis rhodani;4415;220;;;111000001;;
OPPEFo01;OPPEFo01_27.10.2016;27.10.2016;Baetis sp.;4419;112;;;111000001;;
OPPEFo01;OPPEFo01_27.10.2016;27.10.2016;Capniidae/Leuctridae indet. Lv.;8440/8437;6;;;111000001;;
OPPEFo01;OPPEFo01_27.10.2016;27.10.2016;Chironomidae Gen. sp.;4642;1296;;;111000001;;
OPPEFo01;OPPEFo01_27.10.2016;27.10.2016;Dicranota sp.;4955;30;;;111000001;;
OPPEFo01;OPPEFo01_27.10.2016;27.10.2016;Hydrachnidia Gen. sp.;8825;22;;;111000001;;
OPPEFo01;OPPEFo01_27.10.2016;27.10.2016;Hydroptila sp.;5616;90;;;111000001;;
OPPEFo01;OPPEFo01_27.10.2016;27.10.2016;Isoperla sp.;5673;4;;;111000001;;
OPPEFo01;OPPEFo01_27.10.2016;27.10.2016;Leuctra hippopus;5768;12;;;111000001;;
OPPEFo01;OPPEFo01_27.10.2016;27.10.2016;Limnephilidae Gen. sp.;5809;2;;;111000001;;
OPPEFo01;OPPEFo01_27.10.2016;27.10.2016;Oligochaeta Gen. sp.;8736;1;;;111000001;;
OPPEFo01;OPPEFo01_27.10.2016;27.10.2016;Oxyethira sp.;6268;4;;;111000001;;
OPPEFo01;OPPEFo01_27.10.2016;27.10.2016;Polycentropodidae Gen. sp.;8478;32;;;111000001;;
OPPEFo01;OPPEFo01_27.10.2016;27.10.2016;Polycentropus flavomaculatus flavomaculatus;6468;212;;;111000001;;
OPPEFo01;OPPEFo01_27.10.2016;27.10.2016;Rhyacophila nubila;6772;20;;;111000001;;
OPPEFo01;OPPEFo01_27.10.2016;27.10.2016;Rhyacophila sp.;6780;6;;;111000001;;
OPPEFo01;OPPEFo01_27.10.2016;27.10.2016;Sericostoma personatum;6817;2;;;111000001;;
OPPEFo01;OPPEFo01_27.10.2016;27.10.2016;Simuliidae Gen. sp.;6842;320;;;111000001;;
OPPEFo01;OPPEFo01_18.10.2017;18.10.2017;Amphinemura sp.;4293;6;;;111000001;;
OPPEFo01;OPPEFo01_18.10.2017;18.10.2017;Baetis rhodani;4415;176;;;111000001;;
OPPEFo01;OPPEFo01_18.10.2017;18.10.2017;Baetis sp.;4419;240;;;111000001;;
OPPEFo01;OPPEFo01_18.10.2017;18.10.2017;Chironomidae Gen. sp.;4642;1472;;;111000001;;
OPPEFo01;OPPEFo01_18.10.2017;18.10.2017;Dicranota sp.;4955;64;;;111000001;;
OPPEFo01;OPPEFo01_18.10.2017;18.10.2017;Hydrachnidia Gen. sp.;8825;30;;;111000001;;
OPPEFo01;OPPEFo01_18.10.2017;18.10.2017;Hydroptila sp.;5616;192;;;111000001;;
OPPEFo01;OPPEFo01_18.10.2017;18.10.2017;Isoperla sp.;5673;2;;;111000001;;
OPPEFo01;OPPEFo01_18.10.2017;18.10.2017;Leuctra hippopus;5768;8;;;111000001;;
OPPEFo01;OPPEFo01_18.10.2017;18.10.2017;Leuctra sp.;5790;2;;;111000001;;
OPPEFo01;OPPEFo01_18.10.2017;18.10.2017;Limnephilidae Gen. sp.;5809;2;;;111000001;;
OPPEFo01;OPPEFo01_18.10.2017;18.10.2017;Oligochaeta Gen. sp.;8736;4;;;111000001;;
OPPEFo01;OPPEFo01_18.10.2017;18.10.2017;Oxyethira sp.;6268;2;;;111000001;;
OPPEFo01;OPPEFo01_18.10.2017;18.10.2017;Polycentropodidae Gen. sp.;8478;12;;;111000001;;
OPPEFo01;OPPEFo01_18.10.2017;18.10.2017;Polycentropus flavomaculatus flavomaculatus;6468;336;;;111000001;;
OPPEFo01;OPPEFo01_18.10.2017;18.10.2017;Rhyacophila nubila;6772;16;;;111000001;;
OPPEFo01;OPPEFo01_18.10.2017;18.10.2017;Rhyacophila sp.;6780;10;;;111000001;;
OPPEFo01;OPPEFo01_18.10.2017;18.10.2017;Sericostoma personatum;6817;6;;;111000001;;
OPPEFo01;OPPEFo01_18.10.2017;18.10.2017;Simuliidae Gen. sp.;6842;224;;;111000001;;
OPPEFo01;OPPEFo01_10.10.2018;10.10.2018;Amphinemura sp.;4293;176;;;111000001;;
OPPEFo01;OPPEFo01_10.10.2018;10.10.2018;Baetidae Gen. sp.;4380;48;;;111000001;;
OPPEFo01;OPPEFo01_10.10.2018;10.10.2018;Baetis rhodani;4415;112;;;111000001;;
OPPEFo01;OPPEFo01_10.10.2018;10.10.2018;Baetis sp.;4419;360;;;111000001;;
OPPEFo01;OPPEFo01_10.10.2018;10.10.2018;Capniidae/Leuctridae indet. Lv.;8440/8437;12;;;111000001;;
OPPEFo01;OPPEFo01_10.10.2018;10.10.2018;Chironomidae Gen. sp.;4642;680;;;111000001;;
OPPEFo01;OPPEFo01_10.10.2018;10.10.2018;Dicranota sp.;4955;12;;;111000001;;
OPPEFo01;OPPEFo01_10.10.2018;10.10.2018;Elmis aenea Lv.;5087;1;;;111000001;;
OPPEFo01;OPPEFo01_10.10.2018;10.10.2018;Hydrachnidia Gen. sp.;8825;6;;;111000001;;
OPPEFo01;OPPEFo01_10.10.2018;10.10.2018;Hydroptila sp.;5616;104;;;111000001;;
OPPEFo01;OPPEFo01_10.10.2018;10.10.2018;Isoperla grammatica;5667;6;;;111000001;;
OPPEFo01;OPPEFo01_10.10.2018;10.10.2018;Leuctra sp.;5790;184;;;111000001;;
OPPEFo01;OPPEFo01_10.10.2018;10.10.2018;Oligochaeta Gen. sp.;8736;10;;;111000001;;
OPPEFo01;OPPEFo01_10.10.2018;10.10.2018;Polycentropodidae Gen. sp.;8478;32;;;111000001;;
OPPEFo01;OPPEFo01_10.10.2018;10.10.2018;Polycentropus flavomaculatus flavomaculatus;6468;144;;;111000001;;
OPPEFo01;OPPEFo01_10.10.2018;10.10.2018;Rhyacophila nubila;6772;24;;;111000001;;
OPPEFo01;OPPEFo01_10.10.2018;10.10.2018;Rhyacophila sp.;6780;2;;;111000001;;
OPPEFo01;OPPEFo01_10.10.2018;10.10.2018;Sericostoma personatum;6817;4;;;111000001;;
OPPEFo01;OPPEFo01_10.10.2018;10.10.2018;Simuliidae Gen. sp.;6842;240;;;111000001;;
OPPEFo01;OPPEFo01_10.10.2018;10.10.2018;Taeniopteryx nebulosa;6969;2;;;111000001;;
OPPEFo01;OPPEFo01_16.10.2019;16.10.2019;Amphinemura sp.;4293;56;;;111000001;;
OPPEFo01;OPPEFo01_16.10.2019;16.10.2019;Baetidae Gen. sp.;4380;52;;;111000001;;
OPPEFo01;OPPEFo01_16.10.2019;16.10.2019;Baetis rhodani;4415;128;;;111000001;;
OPPEFo01;OPPEFo01_16.10.2019;16.10.2019;Baetis sp.;4419;120;;;111000001;;
OPPEFo01;OPPEFo01_16.10.2019;16.10.2019;Capniidae/Leuctridae indet. Lv.;8440/8437;96;;;111000001;;
OPPEFo01;OPPEFo01_16.10.2019;16.10.2019;Ceratopogonidae Gen. sp.;4585;2;;;111000001;;
OPPEFo01;OPPEFo01_16.10.2019;16.10.2019;Chironomidae Gen. sp.;4642;784;;;111000001;;
OPPEFo01;OPPEFo01_16.10.2019;16.10.2019;Dicranota sp.;4955;4;;;111000001;;
OPPEFo01;OPPEFo01_16.10.2019;16.10.2019;Elmis aenea Lv.;5087;2;;;111000001;;
OPPEFo01;OPPEFo01_16.10.2019;16.10.2019;Hydrachnidia Gen. sp.;8825;2;;;111000001;;
OPPEFo01;OPPEFo01_16.10.2019;16.10.2019;Hydroptila sp.;5616;52;;;111000001;;
OPPEFo01;OPPEFo01_16.10.2019;16.10.2019;Isoperla grammatica;5667;1;;;111000001;;
OPPEFo01;OPPEFo01_16.10.2019;16.10.2019;Leuctra hippopus;5768;10;;;111000001;;
OPPEFo01;OPPEFo01_16.10.2019;16.10.2019;Limnephilidae Gen. sp.;5809;1;;;111000001;;
OPPEFo01;OPPEFo01_16.10.2019;16.10.2019;Oligochaeta Gen. sp.;8736;8;;;111000001;;
OPPEFo01;OPPEFo01_16.10.2019;16.10.2019;Oxyethira sp.;6268;4;;;111000001;;
OPPEFo01;OPPEFo01_16.10.2019;16.10.2019;Polycentropodidae Gen. sp.;8478;64;;;111000001;;
OPPEFo01;OPPEFo01_16.10.2019;16.10.2019;Polycentropus flavomaculatus flavomaculatus;6468;72;;;111000001;;
OPPEFo01;OPPEFo01_16.10.2019;16.10.2019;Rhyacophila nubila;6772;4;;;111000001;;
OPPEFo01;OPPEFo01_16.10.2019;16.10.2019;Rhyacophila sp.;6780;2;;;111000001;;
OPPEFo01;OPPEFo01_16.10.2019;16.10.2019;Sericostoma personatum;6817;2;;;111000001;;
OPPEFo01;OPPEFo01_16.10.2019;16.10.2019;Simuliidae Gen. sp.;6842;20;;;111000001;;
HEDEFo05;HEDEFo05_07.10.1983;07.10.1983;Baetis muticus;4409;19;;;111000002;;
HEDEFo05;HEDEFo05_07.10.1983;07.10.1983;Ameletus inopinatus;4288;1;;;111000002;;
HEDEFo05;HEDEFo05_07.10.1983;07.10.1983;Amphinemura sp.;4293;2;;;111000002;;
HEDEFo05;HEDEFo05_07.10.1983;07.10.1983;Arctopsyche ladogensis;10659;23;;;111000002;;
HEDEFo05;HEDEFo05_07.10.1983;07.10.1983;Baetis rhodani;4415;1117;;;111000002;;
HEDEFo05;HEDEFo05_07.10.1983;07.10.1983;Brachyptera risi;4487;1;;;111000002;;
HEDEFo05;HEDEFo05_07.10.1983;07.10.1983;Capnia sp.;4552;70;;;111000002;;
HEDEFo05;HEDEFo05_07.10.1983;07.10.1983;Capnopsis schilleri schilleri;4555;2;;;111000002;;
HEDEFo05;HEDEFo05_07.10.1983;07.10.1983;Ceratopogonidae Gen. sp.;4585;10;;;111000002;;
HEDEFo05;HEDEFo05_07.10.1983;07.10.1983;Chironomidae Gen. sp.;4642;130;;;111000002;;
HEDEFo05;HEDEFo05_07.10.1983;07.10.1983;Coleoptera Gen. sp. Lv.;10626;80;;;111000002;;
HEDEFo05;HEDEFo05_07.10.1983;07.10.1983;Diptera Gen. sp.;9353;3;;;111000002;;
HEDEFo05;HEDEFo05_07.10.1983;07.10.1983;Diura nanseni;13624;50;;;111000002;;
HEDEFo05;HEDEFo05_07.10.1983;07.10.1983;Ephemerella aroni;20125;195;;;111000002;;
HEDEFo05;HEDEFo05_07.10.1983;07.10.1983;Heptagenia sulphurea;5457;8;;;111000002;;
HEDEFo05;HEDEFo05_07.10.1983;07.10.1983;Isoperla sp.;5673;15;;;111000002;;
HEDEFo05;HEDEFo05_07.10.1983;07.10.1983;Limnephilidae Gen. sp.;5809;1;;;111000002;;
HEDEFo05;HEDEFo05_07.10.1983;07.10.1983;Oligochaeta Gen. sp.;8736;65;;;111000002;;
HEDEFo05;HEDEFo05_07.10.1983;07.10.1983;Polycentropus flavomaculatus flavomaculatus;6468;1;;;111000002;;
HEDEFo05;HEDEFo05_07.10.1983;07.10.1983;Rhyacophila nubila;6772;57;;;111000002;;
HEDEFo05;HEDEFo05_07.10.1983;07.10.1983;Simuliidae Gen. sp.;6842;2;;;111000002;;
HEDEFo05;HEDEFo05_07.10.1983;07.10.1983;Siphonoperla burmeisteri;11139;1;;;111000002;;
HEDEFo05;HEDEFo05_07.10.1983;07.10.1983;Taeniopteryx nebulosa;6969;3;;;111000002;;
HEDEFo05;HEDEFo05_07.10.1983;07.10.1983;Tipulidae Gen. sp.;8487;36;;;111000002;;
HEDEFo05;HEDEFo05_29.09.1987;29.09.1987;Baetis rhodani;4415;416;;;111000002;;
HEDEFo05;HEDEFo05_29.09.1987;29.09.1987;Capnia sp.;4552;21;;;111000002;;
HEDEFo05;HEDEFo05_29.09.1987;29.09.1987;Chironomidae Gen. sp.;4642;105;;;111000002;;
HEDEFo05;HEDEFo05_29.09.1987;29.09.1987;Coleoptera Gen. sp. Lv.;10626;36;;;111000002;;
HEDEFo05;HEDEFo05_29.09.1987;29.09.1987;Diura nanseni;13624;37;;;111000002;;
HEDEFo05;HEDEFo05_29.09.1987;29.09.1987;Ephemerella aroni;20125;67;;;111000002;;
HEDEFo05;HEDEFo05_29.09.1987;29.09.1987;Hydrachnidia Gen. sp.;8825;1;;;111000002;;
HEDEFo05;HEDEFo05_29.09.1987;29.09.1987;Isoperla sp.;5673;9;;;111000002;;
HEDEFo05;HEDEFo05_29.09.1987;29.09.1987;Oligochaeta Gen. sp.;8736;33;;;111000002;;
HEDEFo05;HEDEFo05_29.09.1987;29.09.1987;Polycentropus flavomaculatus flavomaculatus;6468;2;;;111000002;;
HEDEFo05;HEDEFo05_29.09.1987;29.09.1987;Rhyacophila nubila;6772;23;;;111000002;;
HEDEFo05;HEDEFo05_29.09.1987;29.09.1987;Taeniopteryx nebulosa;6969;3;;;111000002;;
HEDEFo05;HEDEFo05_29.09.1987;29.09.1987;Tipulidae Gen. sp.;8487;4;;;111000002;;
HEDEFo05;HEDEFo05_29.09.1988;29.09.1988;Ameletus inopinatus;4288;3;;;111000002;;
HEDEFo05;HEDEFo05_29.09.1988;29.09.1988;Amphinemura borealis;4292;1;;;111000002;;
HEDEFo05;HEDEFo05_29.09.1988;29.09.1988;Amphinemura sp.;4293;12;;;111000002;;
HEDEFo05;HEDEFo05_29.09.1988;29.09.1988;Arctopsyche ladogensis;10659;4;;;111000002;;
HEDEFo05;HEDEFo05_29.09.1988;29.09.1988;Baetis rhodani;4415;1965;;;111000002;;
HEDEFo05;HEDEFo05_29.09.1988;29.09.1988;Capnia pygmaea;10710;14;;;111000002;;
HEDEFo05;HEDEFo05_29.09.1988;29.09.1988;Capnopsis schilleri schilleri;4555;1;;;111000002;;
HEDEFo05;HEDEFo05_29.09.1988;29.09.1988;Chironomidae Gen. sp.;4642;4223;;;111000002;;
HEDEFo05;HEDEFo05_29.09.1988;29.09.1988;Coleoptera Gen. sp. Lv.;10626;981;;;111000002;;
HEDEFo05;HEDEFo05_29.09.1988;29.09.1988;Diptera Gen. sp.;9353;222;;;111000002;;
HEDEFo05;HEDEFo05_29.09.1988;29.09.1988;Diura nanseni;13624;26;;;111000002;;
HEDEFo05;HEDEFo05_29.09.1988;29.09.1988;Ephemerella aroni;20125;24;;;111000002;;
HEDEFo05;HEDEFo05_29.09.1988;29.09.1988;Ephemerella mucronata;5135;8;;;111000002;;
HEDEFo05;HEDEFo05_29.09.1988;29.09.1988;Gastropoda Gen. sp.;9338;6;;;111000002;;
HEDEFo05;HEDEFo05_29.09.1988;29.09.1988;Heptagenia sp.;5456;8;;;111000002;;
HEDEFo05;HEDEFo05_29.09.1988;29.09.1988;Heptagenia sulphurea;5457;22;;;111000002;;
HEDEFo05;HEDEFo05_29.09.1988;29.09.1988;Hydrachnidia Gen. sp.;8825;87;;;111000002;;
HEDEFo05;HEDEFo05_29.09.1988;29.09.1988;Hydropsyche angustipennis angustipennis;5588;2;;;111000002;;
HEDEFo05;HEDEFo05_29.09.1988;29.09.1988;Hydroptila sp.;5616;1;;;111000002;;
HEDEFo05;HEDEFo05_29.09.1988;29.09.1988;Isoperla grammatica;5667;7;;;111000002;;
HEDEFo05;HEDEFo05_29.09.1988;29.09.1988;Leuctra hippopus;5768;12;;;111000002;;
HEDEFo05;HEDEFo05_29.09.1988;29.09.1988;Leuctra sp.;5790;1;;;111000002;;
HEDEFo05;HEDEFo05_29.09.1988;29.09.1988;Limnephilidae Gen. sp.;5809;12;;;111000002;;
HEDEFo05;HEDEFo05_29.09.1988;29.09.1988;Nematoda Gen. sp.;8813;53;;;111000002;;
HEDEFo05;HEDEFo05_29.09.1988;29.09.1988;Baetis niger;4410;91;;;111000002;;
HEDEFo05;HEDEFo05_29.09.1988;29.09.1988;Oligochaeta Gen. sp.;8736;275;;;111000002;;
HEDEFo05;HEDEFo05_29.09.1988;29.09.1988;Polycentropus sp.;6472;26;;;111000002;;
HEDEFo05;HEDEFo05_29.09.1988;29.09.1988;Protonemura meyeri;6610;4;;;111000002;;
HEDEFo05;HEDEFo05_29.09.1988;29.09.1988;Rhyacophila nubila;6772;50;;;111000002;;
HEDEFo05;HEDEFo05_29.09.1988;29.09.1988;Simuliidae Gen. sp.;6842;7;;;111000002;;
HEDEFo05;HEDEFo05_29.09.1988;29.09.1988;Siphonoperla burmeisteri;11139;1;;;111000002;;
HEDEFo05;HEDEFo05_29.09.1988;29.09.1988;Taeniopteryx nebulosa;6969;2;;;111000002;;
HEDEFo05;HEDEFo05_08.10.1991;08.10.1991;Baetis muticus;4409;80;;;111000002;;
HEDEFo05;HEDEFo05_08.10.1991;08.10.1991;Ameletus inopinatus;4288;16;;;111000002;;
HEDEFo05;HEDEFo05_08.10.1991;08.10.1991;Amphinemura sp.;4293;336;;;111000002;;
HEDEFo05;HEDEFo05_08.10.1991;08.10.1991;Arctopsyche ladogensis;10659;32;;;111000002;;
HEDEFo05;HEDEFo05_08.10.1991;08.10.1991;Baetis rhodani;4415;272;;;111000002;;
HEDEFo05;HEDEFo05_08.10.1991;08.10.1991;Capnia pygmaea;10710;16;;;111000002;;
HEDEFo05;HEDEFo05_08.10.1991;08.10.1991;Chironomidae Gen. sp.;4642;5200;;;111000002;;
HEDEFo05;HEDEFo05_08.10.1991;08.10.1991;Coleoptera Gen. sp. Ad.;10625;32;;;111000002;;
HEDEFo05;HEDEFo05_08.10.1991;08.10.1991;Coleoptera Gen. sp. Lv.;10626;288;;;111000002;;
HEDEFo05;HEDEFo05_08.10.1991;08.10.1991;Diptera Gen. sp.;9353;64;;;111000002;;
HEDEFo05;HEDEFo05_08.10.1991;08.10.1991;Diura nanseni;13624;48;;;111000002;;
HEDEFo05;HEDEFo05_08.10.1991;08.10.1991;Ephemerella aroni;20125;16;;;111000002;;
HEDEFo05;HEDEFo05_08.10.1991;08.10.1991;Ephemerella mucronata;5135;16;;;111000002;;
HEDEFo05;HEDEFo05_08.10.1991;08.10.1991;Gastropoda Gen. sp.;9338;16;;;111000002;;
HEDEFo05;HEDEFo05_08.10.1991;08.10.1991;Heptagenia sp.;5456;48;;;111000002;;
HEDEFo05;HEDEFo05_08.10.1991;08.10.1991;Hydrachnidia Gen. sp.;8825;112;;;111000002;;
HEDEFo05;HEDEFo05_08.10.1991;08.10.1991;Isoperla sp.;5673;16;;;111000002;;
HEDEFo05;HEDEFo05_08.10.1991;08.10.1991;Nematoda Gen. sp.;8813;96;;;111000002;;
HEDEFo05;HEDEFo05_08.10.1991;08.10.1991;Baetis niger;4410;48;;;111000002;;
HEDEFo05;HEDEFo05_08.10.1991;08.10.1991;Oligochaeta Gen. sp.;8736;208;;;111000002;;
HEDEFo05;HEDEFo05_08.10.1991;08.10.1991;Rhyacophila nubila;6772;64;;;111000002;;
HEDEFo05;HEDEFo05_07.10.2012;07.10.2012;Agapetus ochripes;4253;1;;;111000002;;
HEDEFo05;HEDEFo05_07.10.2012;07.10.2012;Ameletus inopinatus;4288;96;;;111000002;;
HEDEFo05;HEDEFo05_07.10.2012;07.10.2012;Amphinemura borealis;4292;64;;;111000002;;
HEDEFo05;HEDEFo05_07.10.2012;07.10.2012;Amphinemura sp.;4293;16;;;111000002;;
HEDEFo05;HEDEFo05_07.10.2012;07.10.2012;Apatania sp.;4334;36;;;111000002;;
HEDEFo05;HEDEFo05_07.10.2012;07.10.2012;Arctopsyche ladogensis;10659;14;;;111000002;;
HEDEFo05;HEDEFo05_07.10.2012;07.10.2012;Baetis rhodani;4415;736;;;111000002;;
HEDEFo05;HEDEFo05_07.10.2012;07.10.2012;Baetis sp.;4419;40;;;111000002;;
HEDEFo05;HEDEFo05_07.10.2012;07.10.2012;Brachycentrus subnubilus;4481;2;;;111000002;;
HEDEFo05;HEDEFo05_07.10.2012;07.10.2012;Capnia sp.;4552;36;;;111000002;;
HEDEFo05;HEDEFo05_07.10.2012;07.10.2012;Ceratopogonidae Gen. sp.;4585;48;;;111000002;;
HEDEFo05;HEDEFo05_07.10.2012;07.10.2012;Annitella/Chaetopteryx sp.;13123;1;;;111000002;;
HEDEFo05;HEDEFo05_07.10.2012;07.10.2012;Chironomidae Gen. sp.;4642;208;;;111000002;;
HEDEFo05;HEDEFo05_07.10.2012;07.10.2012;Diura nanseni;13624;56;;;111000002;;
HEDEFo05;HEDEFo05_07.10.2012;07.10.2012;Elmis aenea Ad.;12066;1;;;111000002;;
HEDEFo05;HEDEFo05_07.10.2012;07.10.2012;Elmis aenea Lv.;5087;176;;;111000002;;
HEDEFo05;HEDEFo05_07.10.2012;07.10.2012;Ephemerella aroni;20125;20;;;111000002;;
HEDEFo05;HEDEFo05_07.10.2012;07.10.2012;Ephemerella sp.;5137;1;;;111000002;;
HEDEFo05;HEDEFo05_07.10.2012;07.10.2012;Heptagenia dalecarlica;12552;56;;;111000002;;
HEDEFo05;HEDEFo05_07.10.2012;07.10.2012;Heptagenia sp.;5456;40;;;111000002;;
HEDEFo05;HEDEFo05_07.10.2012;07.10.2012;Hydrachnidia Gen. sp.;8825;20;;;111000002;;
HEDEFo05;HEDEFo05_07.10.2012;07.10.2012;Hydraena sp. Ad.;5531;1;;;111000002;;
HEDEFo05;HEDEFo05_07.10.2012;07.10.2012;Hydroptila sp.;5616;16;;;111000002;;
HEDEFo05;HEDEFo05_07.10.2012;07.10.2012;Isoperla sp.;5673;16;;;111000002;;
HEDEFo05;HEDEFo05_07.10.2012;07.10.2012;Leuctra fusca fusca;5763;2;;;111000002;;
HEDEFo05;HEDEFo05_07.10.2012;07.10.2012;Leuctra sp.;5790;400;;;111000002;;
HEDEFo05;HEDEFo05_07.10.2012;07.10.2012;Limnephilidae Gen. sp.;5809;12;;;111000002;;
HEDEFo05;HEDEFo05_07.10.2012;07.10.2012;Limoniidae/Pediciidae Indet. Lv.;8483/14641;8;;;111000002;;
HEDEFo05;HEDEFo05_07.10.2012;07.10.2012;Micrasema setiferum setiferum;7192;56;;;111000002;;
HEDEFo05;HEDEFo05_07.10.2012;07.10.2012;Oligochaeta Gen. sp.;8736;64;;;111000002;;
HEDEFo05;HEDEFo05_07.10.2012;07.10.2012;Oxyethira sp.;6268;2;;;111000002;;
HEDEFo05;HEDEFo05_07.10.2012;07.10.2012;Polycentropodidae Gen. sp.;8478;1;;;111000002;;
HEDEFo05;HEDEFo05_07.10.2012;07.10.2012;Polycentropus flavomaculatus flavomaculatus;6468;10;;;111000002;;
HEDEFo05;HEDEFo05_07.10.2012;07.10.2012;Psychodidae Gen. sp.;8753;80;;;111000002;;
HEDEFo05;HEDEFo05_07.10.2012;07.10.2012;Rhyacophila nubila;6772;64;;;111000002;;
HEDEFo05;HEDEFo05_07.10.2012;07.10.2012;Rhyacophila sp.;6780;34;;;111000002;;
HEDEFo05;HEDEFo05_07.10.2012;07.10.2012;Sericostoma personatum;6817;16;;;111000002;;
HEDEFo05;HEDEFo05_07.10.2012;07.10.2012;Sphaeriidae Gen. sp.;8429;1;;;111000002;;
HEDEFo05;HEDEFo05_07.10.2012;07.10.2012;Taeniopteryx nebulosa;6969;1;;;111000002;;
HEDEFo05;HEDEFo05_09.10.2013;09.10.2013;Agapetus ochripes;4253;8;;;111000002;;
HEDEFo05;HEDEFo05_09.10.2013;09.10.2013;Baetis muticus;4409;8;;;111000002;;
HEDEFo05;HEDEFo05_09.10.2013;09.10.2013;Ameletus inopinatus;4288;2;;;111000002;;
HEDEFo05;HEDEFo05_09.10.2013;09.10.2013;Amphinemura sp.;4293;112;;;111000002;;
HEDEFo05;HEDEFo05_09.10.2013;09.10.2013;Arctopsyche ladogensis;10659;4;;;111000002;;
HEDEFo05;HEDEFo05_09.10.2013;09.10.2013;Baetis rhodani;4415;936;;;111000002;;
HEDEFo05;HEDEFo05_09.10.2013;09.10.2013;Baetis sp.;4419;504;;;111000002;;
HEDEFo05;HEDEFo05_09.10.2013;09.10.2013;Capnia sp.;4552;112;;;111000002;;
HEDEFo05;HEDEFo05_09.10.2013;09.10.2013;Ceratopogonidae Gen. sp.;4585;6;;;111000002;;
HEDEFo05;HEDEFo05_09.10.2013;09.10.2013;Chironomidae Gen. sp.;4642;312;;;111000002;;
HEDEFo05;HEDEFo05_09.10.2013;09.10.2013;Chloroperlidae Gen. sp.;4674;14;;;111000002;;
HEDEFo05;HEDEFo05_09.10.2013;09.10.2013;Diptera Gen. sp.;9353;8;;;111000002;;
HEDEFo05;HEDEFo05_09.10.2013;09.10.2013;Diura nanseni;13624;48;;;111000002;;
HEDEFo05;HEDEFo05_09.10.2013;09.10.2013;Ecclisopteryx dalecarlica;5033;12;;;111000002;;
HEDEFo05;HEDEFo05_09.10.2013;09.10.2013;Elmis aenea Ad.;12066;8;;;111000002;;
HEDEFo05;HEDEFo05_09.10.2013;09.10.2013;Elmis aenea Lv.;5087;48;;;111000002;;
HEDEFo05;HEDEFo05_09.10.2013;09.10.2013;Ephemerella aroni;20125;48;;;111000002;;
HEDEFo05;HEDEFo05_09.10.2013;09.10.2013;Ephemerella mucronata;5135;32;;;111000002;;
HEDEFo05;HEDEFo05_09.10.2013;09.10.2013;Heptagenia dalecarlica;12552;16;;;111000002;;
HEDEFo05;HEDEFo05_09.10.2013;09.10.2013;Heptagenia sp.;5456;8;;;111000002;;
HEDEFo05;HEDEFo05_09.10.2013;09.10.2013;Hydrachnidia Gen. sp.;8825;4;;;111000002;;
HEDEFo05;HEDEFo05_09.10.2013;09.10.2013;Hydraena sp. Ad.;5531;2;;;111000002;;
HEDEFo05;HEDEFo05_09.10.2013;09.10.2013;Hydroptila sp.;5616;2;;;111000002;;
HEDEFo05;HEDEFo05_09.10.2013;09.10.2013;Isoperla sp.;5673;96;;;111000002;;
HEDEFo05;HEDEFo05_09.10.2013;09.10.2013;Leuctra hippopus;5768;104;;;111000002;;
HEDEFo05;HEDEFo05_09.10.2013;09.10.2013;Leuctra sp.;5790;224;;;111000002;;
HEDEFo05;HEDEFo05_09.10.2013;09.10.2013;Limnephilidae Gen. sp.;5809;12;;;111000002;;
HEDEFo05;HEDEFo05_09.10.2013;09.10.2013;Micrasema setiferum setiferum;7192;62;;;111000002;;
HEDEFo05;HEDEFo05_09.10.2013;09.10.2013;Oligochaeta Gen. sp.;8736;104;;;111000002;;
HEDEFo05;HEDEFo05_09.10.2013;09.10.2013;Oxyethira sp.;6268;14;;;111000002;;
HEDEFo05;HEDEFo05_09.10.2013;09.10.2013;Polycentropus flavomaculatus flavomaculatus;6468;2;;;111000002;;
HEDEFo05;HEDEFo05_09.10.2013;09.10.2013;Protonemura meyeri;6610;4;;;111000002;;
HEDEFo05;HEDEFo05_09.10.2013;09.10.2013;Psychodidae Gen. sp.;8753;8;;;111000002;;
HEDEFo05;HEDEFo05_09.10.2013;09.10.2013;Radix balthica/labiata;16983;2;;;111000002;;
HEDEFo05;HEDEFo05_09.10.2013;09.10.2013;Rhyacophila nubila;6772;80;;;111000002;;
HEDEFo05;HEDEFo05_09.10.2013;09.10.2013;Silo pallipes;6834;8;;;111000002;;
HEDEFo05;HEDEFo05_09.10.2013;09.10.2013;Simuliidae Gen. sp.;6842;16;;;111000002;;
HEDEFo05;HEDEFo05_09.10.2013;09.10.2013;Siphonoperla burmeisteri;11139;4;;;111000002;;
HEDEFo05;HEDEFo05_09.10.2013;09.10.2013;Taeniopteryx nebulosa;6969;20;;;111000002;;
HEDEFo05;HEDEFo05_08.10.2014;08.10.2014;Agapetus ochripes;4253;6;;;111000002;;
HEDEFo05;HEDEFo05_08.10.2014;08.10.2014;Baetis muticus;4409;22;;;111000002;;
HEDEFo05;HEDEFo05_08.10.2014;08.10.2014;Ameletus inopinatus;4288;4;;;111000002;;
HEDEFo05;HEDEFo05_08.10.2014;08.10.2014;Amphinemura sp.;4293;164;;;111000002;;
HEDEFo05;HEDEFo05_08.10.2014;08.10.2014;Apatania sp.;4334;12;;;111000002;;
HEDEFo05;HEDEFo05_08.10.2014;08.10.2014;Arctopsyche ladogensis;10659;10;;;111000002;;
HEDEFo05;HEDEFo05_08.10.2014;08.10.2014;Baetis rhodani;4415;1160;;;111000002;;
HEDEFo05;HEDEFo05_08.10.2014;08.10.2014;Baetis sp.;4419;686;;;111000002;;
HEDEFo05;HEDEFo05_08.10.2014;08.10.2014;Capnia sp.;4552;96;;;111000002;;
HEDEFo05;HEDEFo05_08.10.2014;08.10.2014;Ceratopogonidae Gen. sp.;4585;8;;;111000002;;
HEDEFo05;HEDEFo05_08.10.2014;08.10.2014;Chironomidae Gen. sp.;4642;1408;;;111000002;;
HEDEFo05;HEDEFo05_08.10.2014;08.10.2014;Dicranota sp.;4955;6;;;111000002;;
HEDEFo05;HEDEFo05_08.10.2014;08.10.2014;Diura nanseni;13624;52;;;111000002;;
HEDEFo05;HEDEFo05_08.10.2014;08.10.2014;Elmis aenea Ad.;12066;2;;;111000002;;
HEDEFo05;HEDEFo05_08.10.2014;08.10.2014;Elmis aenea Lv.;5087;88;;;111000002;;
HEDEFo05;HEDEFo05_08.10.2014;08.10.2014;Ephemerella aroni;20125;6;;;111000002;;
HEDEFo05;HEDEFo05_08.10.2014;08.10.2014;Ephemerella mucronata;5135;40;;;111000002;;
HEDEFo05;HEDEFo05_08.10.2014;08.10.2014;Heptagenia dalecarlica;12552;18;;;111000002;;
HEDEFo05;HEDEFo05_08.10.2014;08.10.2014;Heptagenia sp.;5456;8;;;111000002;;
HEDEFo05;HEDEFo05_08.10.2014;08.10.2014;Hydrachnidia Gen. sp.;8825;2;;;111000002;;
HEDEFo05;HEDEFo05_08.10.2014;08.10.2014;Hydraena sp. Ad.;5531;12;;;111000002;;
HEDEFo05;HEDEFo05_08.10.2014;08.10.2014;Hydroptila sp.;5616;2;;;111000002;;
HEDEFo05;HEDEFo05_08.10.2014;08.10.2014;Isoperla sp.;5673;32;;;111000002;;
HEDEFo05;HEDEFo05_08.10.2014;08.10.2014;Leuctra hippopus;5768;24;;;111000002;;
HEDEFo05;HEDEFo05_08.10.2014;08.10.2014;Leuctra sp.;5790;120;;;111000002;;
HEDEFo05;HEDEFo05_08.10.2014;08.10.2014;Limnephilidae Gen. sp.;5809;6;;;111000002;;
HEDEFo05;HEDEFo05_08.10.2014;08.10.2014;Micrasema setiferum setiferum;7192;14;;;111000002;;
HEDEFo05;HEDEFo05_08.10.2014;08.10.2014;Oligochaeta Gen. sp.;8736;48;;;111000002;;
HEDEFo05;HEDEFo05_08.10.2014;08.10.2014;Oxyethira sp.;6268;5;;;111000002;;
HEDEFo05;HEDEFo05_08.10.2014;08.10.2014;Polycentropus flavomaculatus flavomaculatus;6468;1;;;111000002;;
HEDEFo05;HEDEFo05_08.10.2014;08.10.2014;Protonemura meyeri;6610;2;;;111000002;;
HEDEFo05;HEDEFo05_08.10.2014;08.10.2014;Psychodidae Gen. sp.;8753;16;;;111000002;;
HEDEFo05;HEDEFo05_08.10.2014;08.10.2014;Radix balthica/labiata;16983;12;;;111000002;;
HEDEFo05;HEDEFo05_08.10.2014;08.10.2014;Rhyacophila nubila;6772;54;;;111000002;;
HEDEFo05;HEDEFo05_08.10.2014;08.10.2014;Rhyacophila sp.;6780;10;;;111000002;;
HEDEFo05;HEDEFo05_08.10.2014;08.10.2014;Silo pallipes;6834;3;;;111000002;;
HEDEFo05;HEDEFo05_08.10.2014;08.10.2014;Simuliidae Gen. sp.;6842;5;;;111000002;;
HEDEFo05;HEDEFo05_08.10.2014;08.10.2014;Siphonoperla burmeisteri;11139;5;;;111000002;;
HEDEFo05;HEDEFo05_08.10.2014;08.10.2014;Taeniopteryx nebulosa;6969;6;;;111000002;;
HEDEFo05;HEDEFo05_14.10.2015;14.10.2015;Agapetus ochripes;4253;2;;;111000002;;
HEDEFo05;HEDEFo05_14.10.2015;14.10.2015;Baetis muticus;4409;10;;;111000002;;
HEDEFo05;HEDEFo05_14.10.2015;14.10.2015;Ameletus inopinatus;4288;2;;;111000002;;
HEDEFo05;HEDEFo05_14.10.2015;14.10.2015;Amphinemura sp.;4293;220;;;111000002;;
HEDEFo05;HEDEFo05_14.10.2015;14.10.2015;Apatania sp.;4334;42;;;111000002;;
HEDEFo05;HEDEFo05_14.10.2015;14.10.2015;Arctopsyche ladogensis;10659;16;;;111000002;;
HEDEFo05;HEDEFo05_14.10.2015;14.10.2015;Baetis rhodani;4415;1320;;;111000002;;
HEDEFo05;HEDEFo05_14.10.2015;14.10.2015;Baetis sp.;4419;80;;;111000002;;
HEDEFo05;HEDEFo05_14.10.2015;14.10.2015;Capnia sp.;4552;112;;;111000002;;
HEDEFo05;HEDEFo05_14.10.2015;14.10.2015;Ceratopogonidae Gen. sp.;4585;10;;;111000002;;
HEDEFo05;HEDEFo05_14.10.2015;14.10.2015;Chironomidae Gen. sp.;4642;1148;;;111000002;;
HEDEFo05;HEDEFo05_14.10.2015;14.10.2015;Dicranota sp.;4955;2;;;111000002;;
HEDEFo05;HEDEFo05_14.10.2015;14.10.2015;Diura nanseni;13624;68;;;111000002;;
HEDEFo05;HEDEFo05_14.10.2015;14.10.2015;Elmis aenea Lv.;5087;132;;;111000002;;
HEDEFo05;HEDEFo05_14.10.2015;14.10.2015;Ephemerella aroni;20125;14;;;111000002;;
HEDEFo05;HEDEFo05_14.10.2015;14.10.2015;Ephemerella mucronata;5135;64;;;111000002;;
HEDEFo05;HEDEFo05_14.10.2015;14.10.2015;Heptagenia dalecarlica;12552;26;;;111000002;;
HEDEFo05;HEDEFo05_14.10.2015;14.10.2015;Heptagenia sp.;5456;24;;;111000002;;
HEDEFo05;HEDEFo05_14.10.2015;14.10.2015;Hydrachnidia Gen. sp.;8825;8;;;111000002;;
HEDEFo05;HEDEFo05_14.10.2015;14.10.2015;Hydraena sp. Ad.;5531;4;;;111000002;;
HEDEFo05;HEDEFo05_14.10.2015;14.10.2015;Hydroptila sp.;5616;1;;;111000002;;
HEDEFo05;HEDEFo05_14.10.2015;14.10.2015;Isoperla sp.;5673;48;;;111000002;;
HEDEFo05;HEDEFo05_14.10.2015;14.10.2015;Leuctra hippopus;5768;30;;;111000002;;
HEDEFo05;HEDEFo05_14.10.2015;14.10.2015;Leuctra sp.;5790;160;;;111000002;;
HEDEFo05;HEDEFo05_14.10.2015;14.10.2015;Limnephilidae Gen. sp.;5809;2;;;111000002;;
HEDEFo05;HEDEFo05_14.10.2015;14.10.2015;Micrasema setiferum setiferum;7192;6;;;111000002;;
HEDEFo05;HEDEFo05_14.10.2015;14.10.2015;Oligochaeta Gen. sp.;8736;72;;;111000002;;
HEDEFo05;HEDEFo05_14.10.2015;14.10.2015;Oxyethira sp.;6268;4;;;111000002;;
HEDEFo05;HEDEFo05_14.10.2015;14.10.2015;Polycentropus flavomaculatus flavomaculatus;6468;6;;;111000002;;
HEDEFo05;HEDEFo05_14.10.2015;14.10.2015;Protonemura meyeri;6610;5;;;111000002;;
HEDEFo05;HEDEFo05_14.10.2015;14.10.2015;Psychodidae Gen. sp.;8753;32;;;111000002;;
HEDEFo05;HEDEFo05_14.10.2015;14.10.2015;Radix balthica/labiata;16983;2;;;111000002;;
HEDEFo05;HEDEFo05_14.10.2015;14.10.2015;Rhyacophila nubila;6772;22;;;111000002;;
HEDEFo05;HEDEFo05_14.10.2015;14.10.2015;Rhyacophila sp.;6780;2;;;111000002;;
HEDEFo05;HEDEFo05_14.10.2015;14.10.2015;Silo pallipes;6834;1;;;111000002;;
HEDEFo05;HEDEFo05_14.10.2015;14.10.2015;Simuliidae Gen. sp.;6842;28;;;111000002;;
HEDEFo05;HEDEFo05_14.10.2015;14.10.2015;Siphonoperla burmeisteri;11139;3;;;111000002;;
HEDEFo05;HEDEFo05_14.10.2015;14.10.2015;Taeniopteryx nebulosa;6969;14;;;111000002;;
HEDEFo05;HEDEFo05_27.10.2016;27.10.2016;Agapetus ochripes;4253;14;;;111000002;;
HEDEFo05;HEDEFo05_27.10.2016;27.10.2016;Ameletus inopinatus;4288;8;;;111000002;;
HEDEFo05;HEDEFo05_27.10.2016;27.10.2016;Amphinemura sp.;4293;116;;;111000002;;
HEDEFo05;HEDEFo05_27.10.2016;27.10.2016;Apatania sp.;4334;120;;;111000002;;
HEDEFo05;HEDEFo05_27.10.2016;27.10.2016;Arctopsyche ladogensis;10659;10;;;111000002;;
HEDEFo05;HEDEFo05_27.10.2016;27.10.2016;Baetidae Gen. sp.;4380;16;;;111000002;;
HEDEFo05;HEDEFo05_27.10.2016;27.10.2016;Baetis muticus;4409;68;;;111000002;;
HEDEFo05;HEDEFo05_27.10.2016;27.10.2016;Baetis niger;4410;20;;;111000002;;
HEDEFo05;HEDEFo05_27.10.2016;27.10.2016;Baetis rhodani;4415;1008;;;111000002;;
HEDEFo05;HEDEFo05_27.10.2016;27.10.2016;Baetis sp.;4419;62;;;111000002;;
HEDEFo05;HEDEFo05_27.10.2016;27.10.2016;Capnia sp.;4552;92;;;111000002;;
HEDEFo05;HEDEFo05_27.10.2016;27.10.2016;Ceratopogonidae Gen. sp.;4585;30;;;111000002;;
HEDEFo05;HEDEFo05_27.10.2016;27.10.2016;Chironomidae Gen. sp.;4642;1438;;;111000002;;
HEDEFo05;HEDEFo05_27.10.2016;27.10.2016;Dicranota sp.;4955;20;;;111000002;;
HEDEFo05;HEDEFo05_27.10.2016;27.10.2016;Diura nanseni;13624;42;;;111000002;;
HEDEFo05;HEDEFo05_27.10.2016;27.10.2016;Elmis aenea Lv.;5087;182;;;111000002;;
HEDEFo05;HEDEFo05_27.10.2016;27.10.2016;Ephemerella aroni;20125;18;;;111000002;;
HEDEFo05;HEDEFo05_27.10.2016;27.10.2016;Ephemerella mucronata;5135;8;;;111000002;;
HEDEFo05;HEDEFo05_27.10.2016;27.10.2016;Heptagenia dalecarlica;12552;20;;;111000002;;
HEDEFo05;HEDEFo05_27.10.2016;27.10.2016;Heptagenia sp.;5456;12;;;111000002;;
HEDEFo05;HEDEFo05_27.10.2016;27.10.2016;Hydrachnidia Gen. sp.;8825;54;;;111000002;;
HEDEFo05;HEDEFo05_27.10.2016;27.10.2016;Hydraena sp. Ad.;5531;8;;;111000002;;
HEDEFo05;HEDEFo05_27.10.2016;27.10.2016;Hydropsyche saxonica;5602;1;;;111000002;;
HEDEFo05;HEDEFo05_27.10.2016;27.10.2016;Hydroptila sp.;5616;8;;;111000002;;
HEDEFo05;HEDEFo05_27.10.2016;27.10.2016;Isoperla grammatica;5667;28;;;111000002;;
HEDEFo05;HEDEFo05_27.10.2016;27.10.2016;Isoperla sp.;5673;18;;;111000002;;
HEDEFo05;HEDEFo05_27.10.2016;27.10.2016;Leuctra hippopus;5768;136;;;111000002;;
HEDEFo05;HEDEFo05_27.10.2016;27.10.2016;Leuctra sp.;5790;48;;;111000002;;
HEDEFo05;HEDEFo05_27.10.2016;27.10.2016;Limnephilidae Gen. sp.;5809;1;;;111000002;;
HEDEFo05;HEDEFo05_27.10.2016;27.10.2016;Micrasema setiferum setiferum;7192;216;;;111000002;;
HEDEFo05;HEDEFo05_27.10.2016;27.10.2016;Oligochaeta Gen. sp.;8736;56;;;111000002;;
HEDEFo05;HEDEFo05_27.10.2016;27.10.2016;Oxyethira sp.;6268;7;;;111000002;;
HEDEFo05;HEDEFo05_27.10.2016;27.10.2016;Pericoma sp.;6366;24;;;111000002;;
HEDEFo05;HEDEFo05_27.10.2016;27.10.2016;Polycentropus flavomaculatus flavomaculatus;6468;16;;;111000002;;
HEDEFo05;HEDEFo05_27.10.2016;27.10.2016;Protonemura meyeri;6610;4;;;111000002;;
HEDEFo05;HEDEFo05_27.10.2016;27.10.2016;Radix sp.;6673;42;;;111000002;;
HEDEFo05;HEDEFo05_27.10.2016;27.10.2016;Rhyacophila nubila;6772;16;;;111000002;;
HEDEFo05;HEDEFo05_27.10.2016;27.10.2016;Rhyacophila sp.;6780;8;;;111000002;;
HEDEFo05;HEDEFo05_27.10.2016;27.10.2016;Silo pallipes;6834;2;;;111000002;;
HEDEFo05;HEDEFo05_27.10.2016;27.10.2016;Simuliidae Gen. sp.;6842;8;;;111000002;;
HEDEFo05;HEDEFo05_27.10.2016;27.10.2016;Siphonoperla burmeisteri;11139;2;;;111000002;;
HEDEFo05;HEDEFo05_27.10.2016;27.10.2016;Taeniopteryx nebulosa;6969;6;;;111000002;;
HEDEFo05;HEDEFo05_17.10.2017;17.10.2017;Agapetus ochripes;4253;6;;;111000002;;
HEDEFo05;HEDEFo05_17.10.2017;17.10.2017;Ameletus inopinatus;4288;10;;;111000002;;
HEDEFo05;HEDEFo05_17.10.2017;17.10.2017;Amphinemura sp.;4293;84;;;111000002;;
HEDEFo05;HEDEFo05_17.10.2017;17.10.2017;Apatania sp.;4334;100;;;111000002;;
HEDEFo05;HEDEFo05_17.10.2017;17.10.2017;Arctopsyche ladogensis;10659;8;;;111000002;;
HEDEFo05;HEDEFo05_17.10.2017;17.10.2017;Baetidae Gen. sp.;4380;42;;;111000002;;
HEDEFo05;HEDEFo05_17.10.2017;17.10.2017;Baetis muticus;4409;22;;;111000002;;
HEDEFo05;HEDEFo05_17.10.2017;17.10.2017;Baetis niger;4410;48;;;111000002;;
HEDEFo05;HEDEFo05_17.10.2017;17.10.2017;Baetis rhodani;4415;1628;;;111000002;;
HEDEFo05;HEDEFo05_17.10.2017;17.10.2017;Baetis sp.;4419;220;;;111000002;;
HEDEFo05;HEDEFo05_17.10.2017;17.10.2017;Capnia sp.;4552;126;;;111000002;;
HEDEFo05;HEDEFo05_17.10.2017;17.10.2017;Ceratopogonidae Gen. sp.;4585;18;;;111000002;;
HEDEFo05;HEDEFo05_17.10.2017;17.10.2017;Chironomidae Gen. sp.;4642;1120;;;111000002;;
HEDEFo05;HEDEFo05_17.10.2017;17.10.2017;Dicranota sp.;4955;22;;;111000002;;
HEDEFo05;HEDEFo05_17.10.2017;17.10.2017;Diura nanseni;13624;36;;;111000002;;
HEDEFo05;HEDEFo05_17.10.2017;17.10.2017;Ecclisopteryx dalecarlica;5033;2;;;111000002;;
HEDEFo05;HEDEFo05_17.10.2017;17.10.2017;Elmis aenea Ad.;12066;4;;;111000002;;
HEDEFo05;HEDEFo05_17.10.2017;17.10.2017;Elmis aenea Lv.;5087;122;;;111000002;;
HEDEFo05;HEDEFo05_17.10.2017;17.10.2017;Ephemerella mucronata;5135;24;;;111000002;;
HEDEFo05;HEDEFo05_17.10.2017;17.10.2017;Heptagenia dalecarlica;12552;26;;;111000002;;
HEDEFo05;HEDEFo05_17.10.2017;17.10.2017;Heptagenia sp.;5456;18;;;111000002;;
HEDEFo05;HEDEFo05_17.10.2017;17.10.2017;Heptageniidae Gen. sp.;5458;4;;;111000002;;
HEDEFo05;HEDEFo05_17.10.2017;17.10.2017;Hydrachnidia Gen. sp.;8825;72;;;111000002;;
HEDEFo05;HEDEFo05_17.10.2017;17.10.2017;Hydraena sp. Ad.;5531;16;;;111000002;;
HEDEFo05;HEDEFo05_17.10.2017;17.10.2017;Hydroptila sp.;5616;4;;;111000002;;
HEDEFo05;HEDEFo05_17.10.2017;17.10.2017;Isoperla grammatica;5667;12;;;111000002;;
HEDEFo05;HEDEFo05_17.10.2017;17.10.2017;Isoperla sp.;5673;52;;;111000002;;
HEDEFo05;HEDEFo05_17.10.2017;17.10.2017;Leuctra hippopus;5768;212;;;111000002;;
HEDEFo05;HEDEFo05_17.10.2017;17.10.2017;Leuctra sp.;5790;30;;;111000002;;
HEDEFo05;HEDEFo05_17.10.2017;17.10.2017;Micrasema setiferum setiferum;7192;156;;;111000002;;
HEDEFo05;HEDEFo05_17.10.2017;17.10.2017;Oligochaeta Gen. sp.;8736;4;;;111000002;;
HEDEFo05;HEDEFo05_17.10.2017;17.10.2017;Oxyethira sp.;6268;3;;;111000002;;
HEDEFo05;HEDEFo05_17.10.2017;17.10.2017;Pericoma sp.;6366;32;;;111000002;;
HEDEFo05;HEDEFo05_17.10.2017;17.10.2017;Polycentropus flavomaculatus flavomaculatus;6468;10;;;111000002;;
HEDEFo05;HEDEFo05_17.10.2017;17.10.2017;Protonemura meyeri;6610;1;;;111000002;;
HEDEFo05;HEDEFo05_17.10.2017;17.10.2017;Radix sp.;6673;28;;;111000002;;
HEDEFo05;HEDEFo05_17.10.2017;17.10.2017;Rhyacophila nubila;6772;28;;;111000002;;
HEDEFo05;HEDEFo05_17.10.2017;17.10.2017;Rhyacophila sp.;6780;4;;;111000002;;
HEDEFo05;HEDEFo05_17.10.2017;17.10.2017;Silo pallipes;6834;3;;;111000002;;
HEDEFo05;HEDEFo05_17.10.2017;17.10.2017;Simuliidae Gen. sp.;6842;10;;;111000002;;
HEDEFo05;HEDEFo05_17.10.2017;17.10.2017;Taeniopteryx nebulosa;6969;6;;;111000002;;
HEDEFo05;HEDEFo05_10.10.2018;10.10.2018;Agapetus ochripes;4253;4;;;111000002;;
HEDEFo05;HEDEFo05_10.10.2018;10.10.2018;Ameletus inopinatus;4288;8;;;111000002;;
HEDEFo05;HEDEFo05_10.10.2018;10.10.2018;Amphinemura sp.;4293;96;;;111000002;;
HEDEFo05;HEDEFo05_10.10.2018;10.10.2018;Apatania sp.;4334;16;;;111000002;;
HEDEFo05;HEDEFo05_10.10.2018;10.10.2018;Arctopsyche ladogensis;10659;12;;;111000002;;
HEDEFo05;HEDEFo05_10.10.2018;10.10.2018;Baetidae Gen. sp.;4380;128;;;111000002;;
HEDEFo05;HEDEFo05_10.10.2018;10.10.2018;Baetis muticus;4409;160;;;111000002;;
HEDEFo05;HEDEFo05_10.10.2018;10.10.2018;Baetis niger;4410;24;;;111000002;;
HEDEFo05;HEDEFo05_10.10.2018;10.10.2018;Baetis rhodani;4415;832;;;111000002;;
HEDEFo05;HEDEFo05_10.10.2018;10.10.2018;Baetis sp.;4419;712;;;111000002;;
HEDEFo05;HEDEFo05_10.10.2018;10.10.2018;Brachyptera risi;4487;2;;;111000002;;
HEDEFo05;HEDEFo05_10.10.2018;10.10.2018;Capnia sp.;4552;24;;;111000002;;
HEDEFo05;HEDEFo05_10.10.2018;10.10.2018;Capnopsis schilleri schilleri;4555;2;;;111000002;;
HEDEFo05;HEDEFo05_10.10.2018;10.10.2018;Ceratopogonidae Gen. sp.;4585;20;;;111000002;;
HEDEFo05;HEDEFo05_10.10.2018;10.10.2018;Chironomidae Gen. sp.;4642;1032;;;111000002;;
HEDEFo05;HEDEFo05_10.10.2018;10.10.2018;Dicranota sp.;4955;4;;;111000002;;
HEDEFo05;HEDEFo05_10.10.2018;10.10.2018;Diura nanseni;13624;14;;;111000002;;
HEDEFo05;HEDEFo05_10.10.2018;10.10.2018;Ecclisopteryx dalecarlica;5033;1;;;111000002;;
HEDEFo05;HEDEFo05_10.10.2018;10.10.2018;Elmis aenea Ad.;12066;5;;;111000002;;
HEDEFo05;HEDEFo05_10.10.2018;10.10.2018;Elmis aenea Lv.;5087;192;;;111000002;;
HEDEFo05;HEDEFo05_10.10.2018;10.10.2018;Empididae Gen. sp.;5097;6;;;111000002;;
HEDEFo05;HEDEFo05_10.10.2018;10.10.2018;Ephemerella mucronata;5135;16;;;111000002;;
HEDEFo05;HEDEFo05_10.10.2018;10.10.2018;Heptagenia dalecarlica;12552;42;;;111000002;;
HEDEFo05;HEDEFo05_10.10.2018;10.10.2018;Heptagenia sp.;5456;48;;;111000002;;
HEDEFo05;HEDEFo05_10.10.2018;10.10.2018;Heptageniidae Gen. sp.;5458;32;;;111000002;;
HEDEFo05;HEDEFo05_10.10.2018;10.10.2018;Hydrachnidia Gen. sp.;8825;18;;;111000002;;
HEDEFo05;HEDEFo05_10.10.2018;10.10.2018;Hydraena sp. Ad.;5531;12;;;111000002;;
HEDEFo05;HEDEFo05_10.10.2018;10.10.2018;Hydroptila sp.;5616;4;;;111000002;;
HEDEFo05;HEDEFo05_10.10.2018;10.10.2018;Isoperla grammatica;5667;2;;;111000002;;
HEDEFo05;HEDEFo05_10.10.2018;10.10.2018;Isoperla sp.;5673;22;;;111000002;;
HEDEFo05;HEDEFo05_10.10.2018;10.10.2018;Leuctra sp.;5790;112;;;111000002;;
HEDEFo05;HEDEFo05_10.10.2018;10.10.2018;Limoniidae Gen. sp.;8483;5;;;111000002;;
HEDEFo05;HEDEFo05_10.10.2018;10.10.2018;Micrasema setiferum setiferum;7192;248;;;111000002;;
HEDEFo05;HEDEFo05_10.10.2018;10.10.2018;Oligochaeta Gen. sp.;8736;48;;;111000002;;
HEDEFo05;HEDEFo05_10.10.2018;10.10.2018;Oxyethira sp.;6268;2;;;111000002;;
HEDEFo05;HEDEFo05_10.10.2018;10.10.2018;Pericoma sp.;6366;10;;;111000002;;
HEDEFo05;HEDEFo05_10.10.2018;10.10.2018;Polycentropodidae Gen. sp.;8478;12;;;111000002;;
HEDEFo05;HEDEFo05_10.10.2018;10.10.2018;Polycentropus flavomaculatus flavomaculatus;6468;32;;;111000002;;
HEDEFo05;HEDEFo05_10.10.2018;10.10.2018;Radix sp.;6673;44;;;111000002;;
HEDEFo05;HEDEFo05_10.10.2018;10.10.2018;Rhyacophila nubila;6772;62;;;111000002;;
HEDEFo05;HEDEFo05_10.10.2018;10.10.2018;Rhyacophila sp.;6780;8;;;111000002;;
HEDEFo05;HEDEFo05_10.10.2018;10.10.2018;Silo pallipes;6834;1;;;111000002;;
HEDEFo05;HEDEFo05_10.10.2018;10.10.2018;Simuliidae Gen. sp.;6842;28;;;111000002;;
HEDEFo05;HEDEFo05_10.10.2018;10.10.2018;Taeniopteryx nebulosa;6969;2;;;111000002;;
HEDEFo05;HEDEFo05_16.10.2019;16.10.2019;Agapetus ochripes;4253;2;;;111000002;;
HEDEFo05;HEDEFo05_16.10.2019;16.10.2019;Ameletus inopinatus;4288;12;;;111000002;;
HEDEFo05;HEDEFo05_16.10.2019;16.10.2019;Amphinemura sp.;4293;192;;;111000002;;
HEDEFo05;HEDEFo05_16.10.2019;16.10.2019;Apatania sp.;4334;16;;;111000002;;
HEDEFo05;HEDEFo05_16.10.2019;16.10.2019;Arctopsyche ladogensis;10659;12;;;111000002;;
HEDEFo05;HEDEFo05_16.10.2019;16.10.2019;Baetidae Gen. sp.;4380;464;;;111000002;;
HEDEFo05;HEDEFo05_16.10.2019;16.10.2019;Baetis muticus;4409;12;;;111000002;;
HEDEFo05;HEDEFo05_16.10.2019;16.10.2019;Baetis muticus/niger Lv.;4409/4410;368;;;111000002;;
HEDEFo05;HEDEFo05_16.10.2019;16.10.2019;Baetis niger;4410;24;;;111000002;;
HEDEFo05;HEDEFo05_16.10.2019;16.10.2019;Baetis rhodani;4415;432;;;111000002;;
HEDEFo05;HEDEFo05_16.10.2019;16.10.2019;Capnia sp.;4552;1;;;111000002;;
HEDEFo05;HEDEFo05_16.10.2019;16.10.2019;Capniidae/Leuctridae indet. Lv.;8440/8437;48;;;111000002;;
HEDEFo05;HEDEFo05_16.10.2019;16.10.2019;Ceratopogonidae Gen. sp.;4585;132;;;111000002;;
HEDEFo05;HEDEFo05_16.10.2019;16.10.2019;Chironomidae Gen. sp.;4642;2112;;;111000002;;
HEDEFo05;HEDEFo05_16.10.2019;16.10.2019;Diura nanseni;13624;20;;;111000002;;
HEDEFo05;HEDEFo05_16.10.2019;16.10.2019;Ecclisopteryx dalecarlica;5033;2;;;111000002;;
HEDEFo05;HEDEFo05_16.10.2019;16.10.2019;Elmis aenea Ad.;12066;12;;;111000002;;
HEDEFo05;HEDEFo05_16.10.2019;16.10.2019;Elmis aenea Lv.;5087;448;;;111000002;;
HEDEFo05;HEDEFo05_16.10.2019;16.10.2019;Empididae Gen. sp.;5097;8;;;111000002;;
HEDEFo05;HEDEFo05_16.10.2019;16.10.2019;Ephemerella mucronata;5135;16;;;111000002;;
HEDEFo05;HEDEFo05_16.10.2019;16.10.2019;Glossosoma intermedium;5315;1;;;111000002;;
HEDEFo05;HEDEFo05_16.10.2019;16.10.2019;Heptagenia dalecarlica;12552;20;;;111000002;;
HEDEFo05;HEDEFo05_16.10.2019;16.10.2019;Heptageniidae Gen. sp.;5458;92;;;111000002;;
HEDEFo05;HEDEFo05_16.10.2019;16.10.2019;Hydrachnidia Gen. sp.;8825;24;;;111000002;;
HEDEFo05;HEDEFo05_16.10.2019;16.10.2019;Hydraena sp. Ad.;5531;8;;;111000002;;
HEDEFo05;HEDEFo05_16.10.2019;16.10.2019;Hydropsyche sp.;5605;1;;;111000002;;
HEDEFo05;HEDEFo05_16.10.2019;16.10.2019;Hydroptila sp.;5616;8;;;111000002;;
HEDEFo05;HEDEFo05_16.10.2019;16.10.2019;Isoperla sp.;5673;12;;;111000002;;
HEDEFo05;HEDEFo05_16.10.2019;16.10.2019;Ithytrichia sp.;9050;16;;;111000002;;
HEDEFo05;HEDEFo05_16.10.2019;16.10.2019;Leuctra sp.;5790;52;;;111000002;;
HEDEFo05;HEDEFo05_16.10.2019;16.10.2019;Limnephilidae Gen. sp.;5809;2;;;111000002;;
HEDEFo05;HEDEFo05_16.10.2019;16.10.2019;Limoniidae Gen. sp.;8483;1;;;111000002;;
HEDEFo05;HEDEFo05_16.10.2019;16.10.2019;Micrasema setiferum setiferum;7192;736;;;111000002;;
HEDEFo05;HEDEFo05_16.10.2019;16.10.2019;Nemoura avicularis;6093;1;;;111000002;;
HEDEFo05;HEDEFo05_16.10.2019;16.10.2019;Nemouridae Gen. sp.;8422;1;;;111000002;;
HEDEFo05;HEDEFo05_16.10.2019;16.10.2019;Oligochaeta Gen. sp.;8736;112;;;111000002;;
HEDEFo05;HEDEFo05_16.10.2019;16.10.2019;Oxyethira sp.;6268;12;;;111000002;;
HEDEFo05;HEDEFo05_16.10.2019;16.10.2019;Pediciidae Gen. sp.;14641;8;;;111000002;;
HEDEFo05;HEDEFo05_16.10.2019;16.10.2019;Perlodidae Gen. sp.;8432;12;;;111000002;;
HEDEFo05;HEDEFo05_16.10.2019;16.10.2019;Polycentropodidae Gen. sp.;8478;2;;;111000002;;
HEDEFo05;HEDEFo05_16.10.2019;16.10.2019;Polycentropus flavomaculatus flavomaculatus;6468;8;;;111000002;;
HEDEFo05;HEDEFo05_16.10.2019;16.10.2019;Protonemura meyeri;6610;8;;;111000002;;
HEDEFo05;HEDEFo05_16.10.2019;16.10.2019;Psychodidae Gen. sp.;8753;8;;;111000002;;
HEDEFo05;HEDEFo05_16.10.2019;16.10.2019;Radix balthica/labiata;16983;28;;;111000002;;
HEDEFo05;HEDEFo05_16.10.2019;16.10.2019;Rhyacophila nubila;6772;12;;;111000002;;
HEDEFo05;HEDEFo05_16.10.2019;16.10.2019;Rhyacophila sp.;6780;24;;;111000002;;
HEDEFo05;HEDEFo05_16.10.2019;16.10.2019;Simuliidae Gen. sp.;6842;8;;;111000002;;
HEDEFo05;HEDEFo05_16.10.2019;16.10.2019;Siphonoperla burmeisteri;11139;1;;;111000002;;
HEDEFo05;HEDEFo05_16.10.2019;16.10.2019;Taeniopteryx nebulosa;6969;8;;;111000002;;
HEDEFo05;HEDEFo05_16.10.2019;16.10.2019;Tipulidae Gen. sp.;8487;1;;;111000002;;
HEDEFo05;HEDEFo05_16.10.2019;16.10.2019;Turbellaria Gen. sp.;8831;1;;;111000002;;
HEDEFo07;HEDEFo07_23.09.1981;23.09.1981;Baetis rhodani;4415;734;;;111000003;;
HEDEFo07;HEDEFo07_23.09.1981;23.09.1981;Baetis vernus;4427;1;;;111000003;;
HEDEFo07;HEDEFo07_23.09.1981;23.09.1981;Chironomidae Gen. sp.;4642;102;;;111000003;;
HEDEFo07;HEDEFo07_23.09.1981;23.09.1981;Coleoptera Gen. sp. Lv.;10626;1;;;111000003;;
HEDEFo07;HEDEFo07_23.09.1981;23.09.1981;Ephemerella aroni;20125;1;;;111000003;;
HEDEFo07;HEDEFo07_23.09.1981;23.09.1981;Simuliidae Gen. sp.;6842;1;;;111000003;;
HEDEFo07;HEDEFo07_23.09.1981;23.09.1981;Tipulidae Gen. sp.;8487;35;;;111000003;;
HEDEFo07;HEDEFo07_07.10.1983;07.10.1983;Arctopsyche ladogensis;10659;1;;;111000003;;
HEDEFo07;HEDEFo07_07.10.1983;07.10.1983;Baetis rhodani;4415;1469;;;111000003;;
HEDEFo07;HEDEFo07_07.10.1983;07.10.1983;Capnia sp.;4552;90;;;111000003;;
HEDEFo07;HEDEFo07_07.10.1983;07.10.1983;Chironomidae Gen. sp.;4642;350;;;111000003;;
HEDEFo07;HEDEFo07_07.10.1983;07.10.1983;Coleoptera Gen. sp. Lv.;10626;3;;;111000003;;
HEDEFo07;HEDEFo07_07.10.1983;07.10.1983;Diura nanseni;13624;21;;;111000003;;
HEDEFo07;HEDEFo07_07.10.1983;07.10.1983;Isoperla sp.;5673;1;;;111000003;;
HEDEFo07;HEDEFo07_07.10.1983;07.10.1983;Limnephilidae Gen. sp.;5809;1;;;111000003;;
HEDEFo07;HEDEFo07_07.10.1983;07.10.1983;Polycentropus flavomaculatus flavomaculatus;6468;6;;;111000003;;
HEDEFo07;HEDEFo07_07.10.1983;07.10.1983;Rhyacophila nubila;6772;132;;;111000003;;
HEDEFo07;HEDEFo07_07.10.1983;07.10.1983;Simuliidae Gen. sp.;6842;3;;;111000003;;
HEDEFo07;HEDEFo07_07.10.1983;07.10.1983;Taeniopteryx nebulosa;6969;1;;;111000003;;
HEDEFo07;HEDEFo07_07.10.1983;07.10.1983;Tipulidae Gen. sp.;8487;78;;;111000003;;
HEDEFo07;HEDEFo07_03.10.1985;03.10.1985;Baetis rhodani;4415;7;;;111000003;;
HEDEFo07;HEDEFo07_03.10.1985;03.10.1985;Chironomidae Gen. sp.;4642;29;;;111000003;;
HEDEFo07;HEDEFo07_03.10.1985;03.10.1985;Tipulidae Gen. sp.;8487;8;;;111000003;;
HEDEFo07;HEDEFo07_03.11.1986;03.11.1986;Chironomidae Gen. sp.;4642;11;;;111000003;;
HEDEFo07;HEDEFo07_29.09.1987;29.09.1987;Chironomidae Gen. sp.;4642;10;;;111000003;;
HEDEFo07;HEDEFo07_29.09.1987;29.09.1987;Diura nanseni;13624;5;;;111000003;;
HEDEFo07;HEDEFo07_29.09.1987;29.09.1987;Rhyacophila nubila;6772;6;;;111000003;;
HEDEFo07;HEDEFo07_29.09.1987;29.09.1987;Taeniopteryx nebulosa;6969;1;;;111000003;;
HEDEFo07;HEDEFo07_29.09.1988;29.09.1988;Amphinemura sp.;4293;1;;;111000003;;
HEDEFo07;HEDEFo07_29.09.1988;29.09.1988;Arctopsyche ladogensis;10659;1;;;111000003;;
HEDEFo07;HEDEFo07_29.09.1988;29.09.1988;Baetis rhodani;4415;21;;;111000003;;
HEDEFo07;HEDEFo07_29.09.1988;29.09.1988;Capnia pygmaea;10710;34;;;111000003;;
HEDEFo07;HEDEFo07_29.09.1988;29.09.1988;Chironomidae Gen. sp.;4642;248;;;111000003;;
HEDEFo07;HEDEFo07_29.09.1988;29.09.1988;Coleoptera Gen. sp. Lv.;10626;1;;;111000003;;
HEDEFo07;HEDEFo07_29.09.1988;29.09.1988;Diptera Gen. sp.;9353;44;;;111000003;;
HEDEFo07;HEDEFo07_29.09.1988;29.09.1988;Diura nanseni;13624;10;;;111000003;;
HEDEFo07;HEDEFo07_29.09.1988;29.09.1988;Hydrachnidia Gen. sp.;8825;3;;;111000003;;
HEDEFo07;HEDEFo07_29.09.1988;29.09.1988;Nematoda Gen. sp.;8813;14;;;111000003;;
HEDEFo07;HEDEFo07_29.09.1988;29.09.1988;Nemoura cinerea cinerea;6095;1;;;111000003;;
HEDEFo07;HEDEFo07_29.09.1988;29.09.1988;Oligochaeta Gen. sp.;8736;1;;;111000003;;
HEDEFo07;HEDEFo07_29.09.1988;29.09.1988;Rhyacophila nubila;6772;126;;;111000003;;
HEDEFo07;HEDEFo07_29.09.1988;29.09.1988;Simuliidae Gen. sp.;6842;1;;;111000003;;
HEDEFo07;HEDEFo07_29.09.1988;29.09.1988;Siphonoperla burmeisteri;11139;1;;;111000003;;
HEDEFo07;HEDEFo07_08.10.1991;08.10.1991;Amphinemura sp.;4293;72;;;111000003;;
HEDEFo07;HEDEFo07_08.10.1991;08.10.1991;Arctopsyche ladogensis;10659;8;;;111000003;;
HEDEFo07;HEDEFo07_08.10.1991;08.10.1991;Baetis rhodani;4415;32;;;111000003;;
HEDEFo07;HEDEFo07_08.10.1991;08.10.1991;Capnia atra;4548;128;;;111000003;;
HEDEFo07;HEDEFo07_08.10.1991;08.10.1991;Capnia pygmaea;10710;96;;;111000003;;
HEDEFo07;HEDEFo07_08.10.1991;08.10.1991;Chironomidae Gen. sp.;4642;702;;;111000003;;
HEDEFo07;HEDEFo07_08.10.1991;08.10.1991;Diptera Gen. sp.;9353;64;;;111000003;;
HEDEFo07;HEDEFo07_08.10.1991;08.10.1991;Diura nanseni;13624;16;;;111000003;;
HEDEFo07;HEDEFo07_08.10.1991;08.10.1991;Hydrachnidia Gen. sp.;8825;32;;;111000003;;
HEDEFo07;HEDEFo07_08.10.1991;08.10.1991;Nematoda Gen. sp.;8813;48;;;111000003;;
HEDEFo07;HEDEFo07_08.10.1991;08.10.1991;Rhyacophila nubila;6772;64;;;111000003;;
HEDEFo07;HEDEFo07_07.10.2012;07.10.2012;Baetis rhodani;4415;1;;;111000003;;
HEDEFo07;HEDEFo07_07.10.2012;07.10.2012;Capnia sp.;4552;1;;;111000003;;
HEDEFo07;HEDEFo07_07.10.2012;07.10.2012;Ceratopogonidae Gen. sp.;4585;2;;;111000003;;
HEDEFo07;HEDEFo07_07.10.2012;07.10.2012;Chironomidae Gen. sp.;4642;40;;;111000003;;
HEDEFo07;HEDEFo07_07.10.2012;07.10.2012;Diptera Gen. sp.;9353;1;;;111000003;;
HEDEFo07;HEDEFo07_07.10.2012;07.10.2012;Diura nanseni;13624;5;;;111000003;;
HEDEFo07;HEDEFo07_07.10.2012;07.10.2012;Heptagenia dalecarlica;12552;1;;;111000003;;
HEDEFo07;HEDEFo07_07.10.2012;07.10.2012;Hydrachnidia Gen. sp.;8825;8;;;111000003;;
HEDEFo07;HEDEFo07_07.10.2012;07.10.2012;Isoperla sp.;5673;1;;;111000003;;
HEDEFo07;HEDEFo07_07.10.2012;07.10.2012;Leuctra sp.;5790;1;;;111000003;;
HEDEFo07;HEDEFo07_07.10.2012;07.10.2012;Oligochaeta Gen. sp.;8736;1;;;111000003;;
HEDEFo07;HEDEFo07_07.10.2012;07.10.2012;Oxyethira sp.;6268;1;;;111000003;;
HEDEFo07;HEDEFo07_07.10.2012;07.10.2012;Rhyacophila nubila;6772;2;;;111000003;;
HEDEFo07;HEDEFo07_07.10.2012;07.10.2012;Rhyacophila sp.;6780;4;;;111000003;;
HEDEFo07;HEDEFo07_09.10.2013;09.10.2013;Arctopsyche ladogensis;10659;4;;;111000003;;
HEDEFo07;HEDEFo07_09.10.2013;09.10.2013;Baetis rhodani;4415;4;;;111000003;;
HEDEFo07;HEDEFo07_09.10.2013;09.10.2013;Baetis sp.;4419;4;;;111000003;;
HEDEFo07;HEDEFo07_09.10.2013;09.10.2013;Capnia sp.;4552;4;;;111000003;;
HEDEFo07;HEDEFo07_09.10.2013;09.10.2013;Ceratopogonidae Gen. sp.;4585;12;;;111000003;;
HEDEFo07;HEDEFo07_09.10.2013;09.10.2013;Chironomidae Gen. sp.;4642;64;;;111000003;;
HEDEFo07;HEDEFo07_09.10.2013;09.10.2013;Chloroperlidae Gen. sp.;4674;4;;;111000003;;
HEDEFo07;HEDEFo07_09.10.2013;09.10.2013;Dicranota sp.;4955;28;;;111000003;;
HEDEFo07;HEDEFo07_09.10.2013;09.10.2013;Diptera Gen. sp.;9353;4;;;111000003;;
HEDEFo07;HEDEFo07_09.10.2013;09.10.2013;Hydrachnidia Gen. sp.;8825;4;;;111000003;;
HEDEFo07;HEDEFo07_09.10.2013;09.10.2013;Isoperla sp.;5673;4;;;111000003;;
HEDEFo07;HEDEFo07_09.10.2013;09.10.2013;Leuctra sp.;5790;4;;;111000003;;
HEDEFo07;HEDEFo07_09.10.2013;09.10.2013;Oligochaeta Gen. sp.;8736;1;;;111000003;;
HEDEFo07;HEDEFo07_09.10.2013;09.10.2013;Psychodidae Gen. sp.;8753;4;;;111000003;;
HEDEFo07;HEDEFo07_09.10.2013;09.10.2013;Rhyacophila nubila;6772;44;;;111000003;;
HEDEFo07;HEDEFo07_09.10.2013;09.10.2013;Taeniopteryx nebulosa;6969;24;;;111000003;;
HEDEFo07;HEDEFo07_08.10.2014;08.10.2014;Arctopsyche ladogensis;10659;5;;;111000003;;
HEDEFo07;HEDEFo07_08.10.2014;08.10.2014;Baetis rhodani;4415;7;;;111000003;;
HEDEFo07;HEDEFo07_08.10.2014;08.10.2014;Baetis sp.;4419;2;;;111000003;;
HEDEFo07;HEDEFo07_08.10.2014;08.10.2014;Capnopsis schilleri schilleri;4555;6;;;111000003;;
HEDEFo07;HEDEFo07_08.10.2014;08.10.2014;Ceratopogonidae Gen. sp.;4585;2;;;111000003;;
HEDEFo07;HEDEFo07_08.10.2014;08.10.2014;Chironomidae Gen. sp.;4642;1136;;;111000003;;
HEDEFo07;HEDEFo07_08.10.2014;08.10.2014;Dicranota sp.;4955;30;;;111000003;;
HEDEFo07;HEDEFo07_08.10.2014;08.10.2014;Diura nanseni;13624;45;;;111000003;;
HEDEFo07;HEDEFo07_08.10.2014;08.10.2014;Elmis aenea Ad.;12066;1;;;111000003;;
HEDEFo07;HEDEFo07_08.10.2014;08.10.2014;Elmis aenea Lv.;5087;1;;;111000003;;
HEDEFo07;HEDEFo07_08.10.2014;08.10.2014;Isoperla sp.;5673;1;;;111000003;;
HEDEFo07;HEDEFo07_08.10.2014;08.10.2014;Leuctra sp.;5790;7;;;111000003;;
HEDEFo07;HEDEFo07_08.10.2014;08.10.2014;Oligochaeta Gen. sp.;8736;60;;;111000003;;
HEDEFo07;HEDEFo07_08.10.2014;08.10.2014;Rhyacophila nubila;6772;10;;;111000003;;
HEDEFo07;HEDEFo07_08.10.2014;08.10.2014;Rhyacophila sp.;6780;6;;;111000003;;
HEDEFo07;HEDEFo07_08.10.2014;08.10.2014;Taeniopteryx nebulosa;6969;1;;;111000003;;
HEDEFo07;HEDEFo07_15.10.2015;15.10.2015;Arctopsyche ladogensis;10659;2;;;111000003;;
HEDEFo07;HEDEFo07_15.10.2015;15.10.2015;Baetis rhodani;4415;90;;;111000003;;
HEDEFo07;HEDEFo07_15.10.2015;15.10.2015;Capnia sp.;4552;2;;;111000003;;
HEDEFo07;HEDEFo07_15.10.2015;15.10.2015;Chironomidae Gen. sp.;4642;78;;;111000003;;
HEDEFo07;HEDEFo07_15.10.2015;15.10.2015;Dicranota sp.;4955;10;;;111000003;;
HEDEFo07;HEDEFo07_15.10.2015;15.10.2015;Diura nanseni;13624;12;;;111000003;;
HEDEFo07;HEDEFo07_15.10.2015;15.10.2015;Elmis aenea Lv.;5087;1;;;111000003;;
HEDEFo07;HEDEFo07_15.10.2015;15.10.2015;Isoperla sp.;5673;1;;;111000003;;
HEDEFo07;HEDEFo07_15.10.2015;15.10.2015;Leuctra sp.;5790;2;;;111000003;;
HEDEFo07;HEDEFo07_15.10.2015;15.10.2015;Oligochaeta Gen. sp.;8736;14;;;111000003;;
HEDEFo07;HEDEFo07_15.10.2015;15.10.2015;Rhyacophila nubila;6772;4;;;111000003;;
HEDEFo07;HEDEFo07_15.10.2015;15.10.2015;Siphonoperla burmeisteri;11139;3;;;111000003;;
HEDEFo07;HEDEFo07_15.10.2015;15.10.2015;Taeniopteryx nebulosa;6969;1;;;111000003;;
HEDEFo07;HEDEFo07_27.10.2016;27.10.2016;Apatania sp.;4334;18;;;111000003;;
HEDEFo07;HEDEFo07_27.10.2016;27.10.2016;Arctopsyche ladogensis;10659;1;;;111000003;;
HEDEFo07;HEDEFo07_27.10.2016;27.10.2016;Baetis rhodani;4415;210;;;111000003;;
HEDEFo07;HEDEFo07_27.10.2016;27.10.2016;Baetis sp.;4419;60;;;111000003;;
HEDEFo07;HEDEFo07_27.10.2016;27.10.2016;Capnia sp.;4552;28;;;111000003;;
HEDEFo07;HEDEFo07_27.10.2016;27.10.2016;Ceratopogonidae Gen. sp.;4585;14;;;111000003;;
HEDEFo07;HEDEFo07_27.10.2016;27.10.2016;Chironomidae Gen. sp.;4642;335;;;111000003;;
HEDEFo07;HEDEFo07_27.10.2016;27.10.2016;Dicranota sp.;4955;8;;;111000003;;
HEDEFo07;HEDEFo07_27.10.2016;27.10.2016;Diptera Gen. sp.;9353;3;;;111000003;;
HEDEFo07;HEDEFo07_27.10.2016;27.10.2016;Diura nanseni;13624;12;;;111000003;;
HEDEFo07;HEDEFo07_27.10.2016;27.10.2016;Ecclisopteryx dalecarlica;5033;3;;;111000003;;
HEDEFo07;HEDEFo07_27.10.2016;27.10.2016;Empididae Gen. sp.;5097;6;;;111000003;;
HEDEFo07;HEDEFo07_27.10.2016;27.10.2016;Hydrachnidia Gen. sp.;8825;10;;;111000003;;
HEDEFo07;HEDEFo07_27.10.2016;27.10.2016;Oligochaeta Gen. sp.;8736;6;;;111000003;;
HEDEFo07;HEDEFo07_27.10.2016;27.10.2016;Rhyacophila nubila;6772;16;;;111000003;;
HEDEFo07;HEDEFo07_27.10.2016;27.10.2016;Rhyacophila sp.;6780;2;;;111000003;;
HEDEFo07;HEDEFo07_27.10.2016;27.10.2016;Siphonoperla burmeisteri;11139;2;;;111000003;;
HEDEFo07;HEDEFo07_27.10.2016;27.10.2016;Taeniopteryx nebulosa;6969;22;;;111000003;;
HEDEFo07;HEDEFo07_17.10.2017;17.10.2017;Apatania sp.;4334;10;;;111000003;;
HEDEFo07;HEDEFo07_17.10.2017;17.10.2017;Arctopsyche ladogensis;10659;2;;;111000003;;
HEDEFo07;HEDEFo07_17.10.2017;17.10.2017;Baetis rhodani;4415;776;;;111000003;;
HEDEFo07;HEDEFo07_17.10.2017;17.10.2017;Baetis sp.;4419;108;;;111000003;;
HEDEFo07;HEDEFo07_17.10.2017;17.10.2017;Capnia sp.;4552;18;;;111000003;;
HEDEFo07;HEDEFo07_17.10.2017;17.10.2017;Ceratopogonidae Gen. sp.;4585;1;;;111000003;;
HEDEFo07;HEDEFo07_17.10.2017;17.10.2017;Chironomidae Gen. sp.;4642;288;;;111000003;;
HEDEFo07;HEDEFo07_17.10.2017;17.10.2017;Dicranota sp.;4955;8;;;111000003;;
HEDEFo07;HEDEFo07_17.10.2017;17.10.2017;Diura nanseni;13624;4;;;111000003;;
HEDEFo07;HEDEFo07_17.10.2017;17.10.2017;Hydrachnidia Gen. sp.;8825;14;;;111000003;;
HEDEFo07;HEDEFo07_17.10.2017;17.10.2017;Isoperla sp.;5673;2;;;111000003;;
HEDEFo07;HEDEFo07_17.10.2017;17.10.2017;Leuctra sp.;5790;3;;;111000003;;
HEDEFo07;HEDEFo07_17.10.2017;17.10.2017;Micrasema setiferum setiferum;7192;1;;;111000003;;
HEDEFo07;HEDEFo07_17.10.2017;17.10.2017;Oligochaeta Gen. sp.;8736;5;;;111000003;;
HEDEFo07;HEDEFo07_17.10.2017;17.10.2017;Rhyacophila nubila;6772;12;;;111000003;;
HEDEFo07;HEDEFo07_17.10.2017;17.10.2017;Taeniopteryx nebulosa;6969;4;;;111000003;;
HEDEFo07;HEDEFo07_09.10.2018;09.10.2018;Ameletus inopinatus;4288;1;;;111000003;;
HEDEFo07;HEDEFo07_09.10.2018;09.10.2018;Arctopsyche ladogensis;10659;1;;;111000003;;
HEDEFo07;HEDEFo07_09.10.2018;09.10.2018;Baetis rhodani;4415;20;;;111000003;;
HEDEFo07;HEDEFo07_09.10.2018;09.10.2018;Baetis sp.;4419;60;;;111000003;;
HEDEFo07;HEDEFo07_09.10.2018;09.10.2018;Brachyptera risi;4487;8;;;111000003;;
HEDEFo07;HEDEFo07_09.10.2018;09.10.2018;Capnia sp.;4552;112;;;111000003;;
HEDEFo07;HEDEFo07_09.10.2018;09.10.2018;Capniidae/Leuctridae indet. Lv.;8440/8437;16;;;111000003;;
HEDEFo07;HEDEFo07_09.10.2018;09.10.2018;Ceratopogonidae Gen. sp.;4585;32;;;111000003;;
HEDEFo07;HEDEFo07_09.10.2018;09.10.2018;Chironomidae Gen. sp.;4642;696;;;111000003;;
HEDEFo07;HEDEFo07_09.10.2018;09.10.2018;Dicranota sp.;4955;48;;;111000003;;
HEDEFo07;HEDEFo07_09.10.2018;09.10.2018;Diura nanseni;13624;4;;;111000003;;
HEDEFo07;HEDEFo07_09.10.2018;09.10.2018;Empididae Gen. sp.;5097;2;;;111000003;;
HEDEFo07;HEDEFo07_09.10.2018;09.10.2018;Isoperla grammatica;5667;2;;;111000003;;
HEDEFo07;HEDEFo07_09.10.2018;09.10.2018;Oligochaeta Gen. sp.;8736;1;;;111000003;;
HEDEFo07;HEDEFo07_09.10.2018;09.10.2018;Rhyacophila nubila;6772;40;;;111000003;;
HEDEFo07;HEDEFo07_09.10.2018;09.10.2018;Simuliidae Gen. sp.;6842;16;;;111000003;;
HEDEFo07;HEDEFo07_09.10.2018;09.10.2018;Siphonoperla burmeisteri;11139;2;;;111000003;;
HEDEFo07;HEDEFo07_09.10.2018;09.10.2018;Taeniopteryx nebulosa;6969;3;;;111000003;;
HEDEFo07;HEDEFo07_15.10.2019;15.10.2019;Apatania sp.;4334;6;;;111000003;;
HEDEFo07;HEDEFo07_15.10.2019;15.10.2019;Arctopsyche ladogensis;10659;3;;;111000003;;
HEDEFo07;HEDEFo07_15.10.2019;15.10.2019;Baetis rhodani;4415;96;;;111000003;;
HEDEFo07;HEDEFo07_15.10.2019;15.10.2019;Baetis sp.;4419;176;;;111000003;;
HEDEFo07;HEDEFo07_15.10.2019;15.10.2019;Brachyptera risi;4487;4;;;111000003;;
HEDEFo07;HEDEFo07_15.10.2019;15.10.2019;Capnia sp.;4552;152;;;111000003;;
HEDEFo07;HEDEFo07_15.10.2019;15.10.2019;Capniidae/Leuctridae indet. Lv.;8440/8437;12;;;111000003;;
HEDEFo07;HEDEFo07_15.10.2019;15.10.2019;Ceratopogonidae Gen. sp.;4585;4;;;111000003;;
HEDEFo07;HEDEFo07_15.10.2019;15.10.2019;Chironomidae Gen. sp.;4642;792;;;111000003;;
HEDEFo07;HEDEFo07_15.10.2019;15.10.2019;Dicranota sp.;4955;8;;;111000003;;
HEDEFo07;HEDEFo07_15.10.2019;15.10.2019;Diura nanseni;13624;3;;;111000003;;
HEDEFo07;HEDEFo07_15.10.2019;15.10.2019;Micrasema setiferum setiferum;7192;1;;;111000003;;
HEDEFo07;HEDEFo07_15.10.2019;15.10.2019;Polycentropodidae Gen. sp.;8478;1;;;111000003;;
HEDEFo07;HEDEFo07_15.10.2019;15.10.2019;Rhyacophila nubila;6772;8;;;111000003;;
HEDEFo07;HEDEFo07_15.10.2019;15.10.2019;Simuliidae Gen. sp.;6842;2;;;111000003;;
HEDEFo07;HEDEFo07_15.10.2019;15.10.2019;Siphonoperla burmeisteri;11139;2;;;111000003;;
HEDEFo07;HEDEFo07_15.10.2019;15.10.2019;Taeniopteryx nebulosa;6969;9;;;111000003;;
