"Unique.ID","Samp.ID","Sampling.date","year","month","day","AMPHINEMURA SP.","ANCYLUS FLUVIATILIS","ATHERICIDAE GEN. SP.","BAETIS SP.","CAENIS MACRURA","CAPNIA SP.","CERATOPOGONIDAE GEN. SP.","CHIRONOMIDAE GEN. SP.","DICRANOTA SP.","DINOCRAS MEGACEPHALA","DIXA SP.","DUGESIA GONOCEPHALA","ELMIS SP.","EPHEMERA DANICA","GAMMARUS SP.","GOERA PILOSA","HABROLEPTOIDES CONFUSA","HEPTAGENIIDAE GEN. SP.","HYDROPSYCHE SP.","ISOPERLA SP.","LEUCTRA SP.","LIMNEPHILIDAE GEN. SP.","LIMONIIDAE GEN. SP.","ODONTOCERUM HELLENICUM","OLIGOCHAETA GEN. SP.","PARALEPTOPHLEBIA SUBMARGINATA","PERLA SP.","PHILOPOTAMUS SP.","PROTONEMURA SP.","RHYACOPHILA SP.","SCIOMYZIDAE GEN. SP.","SERICOSTOMATIDAE GEN. SP.","SERRATELLA IGNITA","SIMULIIDAE GEN. SP.","TIPULA SP."
"BGR_007_MZB_LO_9","BGR_007_MZB_LO_9-06.11.1980","06.11.1980",1980,11,6,0,4,0,31,2,0,0,6,0,0,0,25,0,0,0,0,0,6,8,0,0,0,0,0,4,0,2,0,0,1,0,0,0,0,0
"BGR_007_MZB_LO_9","BGR_007_MZB_LO_9-19.09.1984","19.09.1984",1984,9,19,0,0,2,46,15,0,0,4,1,11,1,8,0,2,0,0,0,64,27,0,0,0,0,0,3,1,0,0,0,10,0,0,1,2,0
"BGR_007_MZB_LO_9","BGR_007_MZB_LO_9-17.10.1985","17.10.1985",1985,10,17,0,27,8,50,0,0,1,12,0,11,1,14,2,11,1,6,0,219,175,0,0,45,0,0,13,3,3,0,0,11,4,0,0,24,1
"BGR_007_MZB_LO_9","BGR_007_MZB_LO_9-24.10.1988","24.10.1988",1988,10,24,11,14,4,106,0,36,0,6,0,7,0,29,8,15,3,0,1,534,174,2,58,13,2,3,14,0,1,2,1,12,0,3,0,0,0
"BGR_007_MZB_LO_9","BGR_007_MZB_LO_9-17.11.1991","17.11.1991",1991,11,17,8,0,0,213,0,45,0,11,0,7,0,11,0,2,2,0,0,147,0,3,88,0,2,0,0,0,3,0,4,0,0,0,0,4,0
