"Unique.ID","Samp.ID","Sampling.date","year","month","day","ACROLOXIDAE GEN. SP.","ARANEAE GEN. SP.","ASELLIDAE GEN. SP.","ASTACIDAE GEN. SP.","BAETIDAE GEN. SP.","BERAEIDAE GEN. SP.","BITHYNIIDAE GEN. SP.","BIVALVIA GEN. SP.","CAENIDAE GEN. SP.","CALOPTERYGIDAE GEN. SP.","CERATOPOGONIDAE GEN. SP.","CHAOBORIDAE GEN. SP.","CHIRONOMIDAE GEN. SP.","CHLOROPERLIDAE GEN. SP.","CHRYSOMELIDAE GEN. SP.","COENAGRIONIDAE GEN. SP.","CORBICULIDAE GEN. SP.","CORIXIDAE GEN. SP.","COROPHIIDAE GEN. SP.","CRANGONYCTIDAE GEN. SP.","CULICIDAE GEN. SP.","CURCULIONIDAE GEN. SP.","DENDROCOELIDAE GEN. SP.","DIPTERA GEN. SP.","DIXA NEBULOSA","DIXA SUBMACULATA","DOLICHOPODIDAE GEN. SP.","DREISSENIDAE GEN. SP.","DRYOPIDAE GEN. SP.","DUGESIIDAE GEN. SP.","DYTISCIDAE GEN. SP.","ELMIDAE GEN. SP.","EMPIDIDAE GEN. SP.","EPHEMERELLIDAE GEN. SP.","EPHEMERIDAE GEN. SP.","EPHYDRIDAE GEN. SP.","ERIOCHEIR SINENSIS","ERPOBDELLIDAE GEN. SP.","GAMMARIDAE GEN. SP.","GERRIDAE GEN. SP.","GLOSSIPHONIIDAE GEN. SP.","GLOSSOSOMATIDAE GEN. SP.","GOERIDAE GEN. SP.","GYRINIDAE GEN. SP.","HALIPLIDAE GEN. SP.","HELOPHORUS SP.","HEPTAGENIIDAE GEN. SP.","HYDRACHNIDIA GEN. SP.","HYDRAENIDAE GEN. SP.","HYDRIDAE GEN. SP.","HYDROBIIDAE GEN. SP.","HYDROMETRIDAE GEN. SP.","HYDROPHILIDAE GEN. SP.","HYDROPSYCHIDAE GEN. SP.","HYDROPTILIDAE GEN. SP.","HYPANIA INVALIDA","LEPIDOSTOMATIDAE GEN. SP.","LEPTOCERIDAE GEN. SP.","LEPTOPHLEBIIDAE GEN. SP.","LEUCTRIDAE GEN. SP.","LIMNEPHILIDAE GEN. SP.","LIMONIIDAE GEN. SP.","LYMNAEIDAE GEN. SP.","MOLANNIDAE GEN. SP.","MUSCIDAE GEN. SP.","MYSIDAE GEN. SP.","NEMATODA GEN. SP.","NEMOURIDAE GEN. SP.","NERITIDAE GEN. SP.","NOTONECTIDAE GEN. SP.","ODONTOCERIDAE GEN. SP.","OLIGOCHAETA GEN. SP.","PALAEMONETES LONGIROSTRIS","PEDICIIDAE GEN. SP.","PERLIDAE GEN. SP.","PERLODIDAE GEN. SP.","PHILOPOTAMIDAE GEN. SP.","PHRYGANEIDAE GEN. SP.","PHYSIDAE GEN. SP.","PISCICOLIDAE GEN. SP.","PLANARIIDAE GEN. SP.","PLANORBIDAE GEN. SP.","PLEIDAE GEN. SP.","POLYCENTROPODIDAE GEN. SP.","PORIFERA GEN. SP.","PSYCHODIDAE GEN. SP.","PSYCHOMYIIDAE GEN. SP.","RHAGIONIDAE GEN. SP.","RHYACOPHILIDAE GEN. SP.","SCIOMYZIDAE GEN. SP.","SCIRTIDAE GEN. SP.","SERICOSTOMATIDAE GEN. SP.","SIALIDAE GEN. SP.","SIMULIIDAE GEN. SP.","SIPHLONURIDAE GEN. SP.","SPHAERIIDAE GEN. SP.","STRATIOMYIDAE GEN. SP.","SUCCINEIDAE GEN. SP.","TAENIOPTERYGIDAE GEN. SP.","TIPULIDAE GEN. SP.","TRICHOPTERA GEN. SP.","TRICLADIDA GEN. SP.","UNIONIDAE GEN. SP.","VALVATIDAE GEN. SP.","VELIIDAE GEN. SP.","VIVIPARUS VIVIPARUS","ZONITIDAE GEN. SP."
"ENG_041_MZB_LO_3475","ENG_041_MZB_LO_3475-16.04.2002","16.04.2002",2002,4,16,0,0,20,0,2,0,0,0,0,0,0,0,300,0,0,0,0,0,0,0,0,0,0,0,0,0,0,0,0,0,100,0,0,0,0,0,0,1,10,0,0,0,0,0,0,0,0,0,0,0,0,0,100,0,0,0,0,0,0,0,5,0,0,0,0,0,0,0,0,0,0,1,0,0,0,0,0,0,0,0,2,0,0,0,0,0,0,0,0,0,0,0,0,0,0,20,0,0,0,0,0,0,0,0,0,0,0
"ENG_041_MZB_LO_3475","ENG_041_MZB_LO_3475-11.04.2003","11.04.2003",2003,4,11,0,0,29,0,0,0,0,0,0,0,1,0,300,0,0,0,0,0,0,4,3,0,0,0,0,0,0,0,0,0,7,0,1,0,0,0,0,0,0,0,0,0,0,0,0,0,0,0,0,0,0,0,19,0,0,0,0,0,0,0,16,0,0,0,0,0,0,3,0,0,0,2,0,0,0,0,0,0,0,0,160,0,0,0,0,1,0,0,0,0,0,0,0,1,0,4,0,0,0,0,0,0,0,0,0,0,0
"ENG_041_MZB_LO_3475","ENG_041_MZB_LO_3475-16.04.2004","16.04.2004",2004,4,16,0,0,1,0,0,0,0,0,0,0,0,0,450,0,0,0,0,0,0,0,0,0,0,0,0,0,0,0,4,0,8,0,0,0,0,0,0,3,0,0,0,0,0,0,0,0,0,0,0,0,0,0,42,0,0,0,0,0,0,0,2,0,0,0,0,0,0,0,0,0,0,0,0,0,0,0,0,0,0,0,26,0,0,0,0,0,0,0,0,0,0,0,0,0,0,7,0,0,0,0,0,0,0,0,0,0,0
"ENG_041_MZB_LO_3475","ENG_041_MZB_LO_3475-15.04.2005","15.04.2005",2005,4,15,0,0,0,0,0,0,0,0,0,0,0,0,140,0,0,0,0,0,0,0,3,0,0,0,0,0,0,0,0,0,10,15,0,0,0,0,0,0,0,0,0,0,0,0,0,0,0,2,0,0,0,0,20,0,0,0,0,0,0,0,4,0,0,0,0,0,0,0,0,0,0,3,0,0,0,0,0,0,0,0,70,0,0,0,0,0,0,0,0,0,0,0,0,0,0,0,0,0,0,2,0,0,0,0,3,0,0
"ENG_041_MZB_LO_3475","ENG_041_MZB_LO_3475-20.04.2006","20.04.2006",2006,4,20,0,0,5,0,0,0,0,0,0,0,1,0,150,0,0,0,0,0,0,0,0,0,0,0,0,0,0,0,15,0,20,0,0,0,0,0,0,1,0,0,0,0,0,0,0,0,0,3,3,0,0,0,30,0,0,0,0,0,0,0,5,0,5,0,0,0,0,5,0,0,0,10,0,0,0,0,0,0,0,0,50,0,0,0,0,2,0,0,0,0,0,0,0,0,0,5,0,0,0,0,0,0,0,0,2,0,0
"ENG_041_MZB_LO_3475","ENG_041_MZB_LO_3475-30.04.2007","30.04.2007",2007,4,30,0,0,1,0,0,0,0,0,0,0,0,0,3500,0,0,0,0,0,0,0,0,0,0,0,0,0,0,0,10,0,30,0,0,0,0,0,0,0,0,0,0,0,0,0,0,0,0,5,5,0,11,0,15,0,2,0,0,0,0,0,0,0,0,0,0,0,0,1,0,0,0,0,0,0,0,0,0,0,0,0,190,0,0,0,0,6,0,0,0,0,0,0,0,55,0,1,0,0,0,2,0,0,0,1,1,0,0
"ENG_041_MZB_LO_3475","ENG_041_MZB_LO_3475-16.05.2008","16.05.2008",2008,5,16,0,0,25,0,0,0,0,0,0,0,0,0,80,0,0,0,0,0,0,3,0,0,0,0,0,0,0,0,10,0,9,0,0,0,0,0,0,0,0,0,0,0,0,0,0,0,0,1,0,0,1,0,10,0,0,0,0,0,0,0,9,0,0,0,0,0,0,23,0,0,0,3,0,0,0,0,0,0,0,0,200,0,0,0,0,6,0,0,0,0,0,0,0,0,0,0,0,0,0,0,0,0,0,0,5,0,0
"ENG_041_MZB_LO_3475","ENG_041_MZB_LO_3475-08.05.2009","08.05.2009",2009,5,8,0,0,30,0,0,0,0,0,0,0,0,0,18,0,0,0,0,0,0,0,23,1,0,0,0,0,0,0,3,5,21,0,0,0,0,0,0,0,0,0,0,0,0,0,0,0,0,0,3,0,0,0,18,0,0,0,0,0,0,0,4,1,11,0,0,0,0,940,0,0,0,1,0,0,0,0,0,0,0,0,590,0,0,0,0,5,0,0,0,0,0,0,0,0,0,50,0,0,0,0,0,0,0,0,11,0,0
"ENG_041_MZB_LO_3475","ENG_041_MZB_LO_3475-07.04.2010","07.04.2010",2010,4,7,0,0,0,0,0,0,0,0,0,0,0,0,1,0,0,0,0,0,0,0,0,0,0,0,0,0,0,0,0,0,3,0,0,0,0,0,0,1,0,0,0,0,0,0,0,0,0,0,2,0,0,0,1,0,0,0,0,0,0,0,17,0,0,0,0,0,0,300,0,0,0,3,0,0,0,0,0,0,0,0,15,0,0,0,0,0,0,1,0,0,0,0,0,0,0,1,0,0,0,1,0,0,0,0,1,0,0
"ENG_041_MZB_LO_3475","ENG_041_MZB_LO_3475-28.04.2011","28.04.2011",2011,4,28,0,0,0,0,0,0,0,0,0,0,0,0,3,0,0,0,0,0,0,0,0,0,0,0,0,0,0,0,0,0,7,0,0,0,0,0,0,0,0,0,0,0,0,0,0,12,0,0,0,0,0,0,1,0,0,0,0,0,0,0,6,0,0,0,0,0,0,20,0,0,0,2,0,0,0,0,0,0,0,0,56,0,0,0,0,0,0,0,0,0,0,0,0,0,0,0,0,0,0,0,0,0,0,0,0,0,0
"ENG_041_MZB_LO_3475","ENG_041_MZB_LO_3475-18.04.2012","18.04.2012",2012,4,18,0,0,0,0,0,0,0,0,0,0,1,0,400,0,0,0,0,0,0,0,0,0,0,1,0,0,0,0,0,0,0,1,0,0,0,0,0,0,0,0,0,0,0,0,0,1,0,0,0,0,0,0,0,0,0,0,0,0,0,0,0,0,0,0,0,0,0,3,0,0,0,0,0,0,0,0,0,0,0,0,35,0,0,0,0,0,0,0,0,0,0,0,0,0,0,0,0,0,0,0,0,0,0,0,0,0,0
"ENG_041_MZB_LO_3475","ENG_041_MZB_LO_3475-15.03.2013","15.03.2013",2013,3,15,0,0,0,0,0,0,0,0,0,0,0,0,73,0,0,0,0,0,0,0,0,0,0,0,0,0,0,0,0,0,0,0,0,0,0,0,0,0,0,0,0,0,0,0,0,0,0,0,0,0,0,0,0,0,0,0,0,0,0,0,3,0,0,0,0,0,0,1,0,0,0,80,0,0,0,0,0,0,0,0,50,0,0,0,0,0,0,0,0,0,0,0,0,0,0,0,0,0,0,1,0,0,0,0,0,0,0
"ENG_041_MZB_LO_3475","ENG_041_MZB_LO_3475-19.03.2014","19.03.2014",2014,3,19,0,0,2,0,0,0,0,0,0,0,0,0,90,0,0,0,0,0,0,0,0,0,0,0,0,0,0,0,0,0,16,0,0,0,0,0,0,0,0,0,0,0,0,0,0,0,0,0,0,0,0,0,1,0,0,0,0,0,0,0,16,1,0,0,0,0,0,700,0,0,0,1,0,0,0,0,0,0,0,0,0,0,0,0,0,0,0,0,0,0,0,0,0,0,0,1,0,0,0,0,0,0,0,0,0,0,0
"ENG_041_MZB_LO_3475","ENG_041_MZB_LO_3475-17.03.2016","17.03.2016",2016,3,17,1,0,28,0,1,0,0,0,0,0,1,0,407,0,0,0,0,0,0,1,0,0,0,0,0,0,0,0,0,0,0,2,3,0,0,0,0,0,258,0,1,0,0,0,0,0,0,0,1,0,0,0,0,7,0,0,0,0,46,0,11,0,0,0,0,0,0,0,0,0,0,243,0,0,0,0,0,0,1,0,0,1,0,0,0,0,2,0,0,0,1,0,5,272,0,103,0,0,16,0,0,0,0,0,0,0,0
"ENG_041_MZB_LO_3475","ENG_041_MZB_LO_3475-03.03.2017","03.03.2017",2017,3,3,0,0,0,0,0,0,0,0,0,0,2,0,39,0,0,0,0,0,0,0,0,0,0,0,0,0,0,0,2,0,2,0,0,0,0,1,0,4,0,0,0,0,0,0,0,1,0,0,1,0,0,0,0,0,0,0,0,0,0,0,12,1,0,0,0,0,0,1814,0,0,0,3,0,0,0,0,0,0,0,0,0,0,0,0,0,54,0,0,0,0,0,0,0,1,0,1,0,0,0,0,0,0,0,0,0,0,0
"ENG_041_MZB_LO_3475","ENG_041_MZB_LO_3475-20.05.2018","20.05.2018",2018,5,20,0,0,1,0,0,0,0,0,0,0,1,5,0,0,0,0,0,1,0,0,0,0,0,0,0,0,0,0,5,0,7,0,0,0,0,0,0,2,0,0,0,0,0,0,0,4,0,0,0,0,0,0,7,0,0,0,0,0,0,0,0,1,0,0,0,0,0,451,0,0,0,10,0,0,0,0,0,0,0,0,1,0,0,0,0,0,0,0,0,0,0,0,0,0,0,42,5,1,0,0,0,0,0,0,0,0,0
"ENG_041_MZB_LO_3486","ENG_041_MZB_LO_3486-30.03.1994","30.03.1994",1994,3,30,0,0,3,0,33,0,0,0,3,1,0,0,3,0,0,0,0,0,0,0,0,0,1,0,0,0,0,0,0,0,0,33,0,3,3,0,0,3,33,0,3,0,0,0,0,0,0,1,0,0,33,0,0,33,0,0,0,1,3,0,33,0,3,0,0,0,0,0,0,0,0,33,0,0,0,0,0,0,0,0,0,36,0,1,0,0,0,0,3,0,0,33,0,33,0,33,0,0,0,3,0,0,0,3,1,0,0
"ENG_041_MZB_LO_3486","ENG_041_MZB_LO_3486-10.05.1995","10.05.1995",1995,5,10,0,0,1,0,0,0,0,0,0,0,3,0,33,0,0,0,0,0,0,0,0,0,0,0,0,0,0,0,0,0,0,33,0,0,0,0,0,1,333,0,0,0,0,0,0,0,0,0,0,0,33,0,0,33,0,0,0,3,0,0,3,0,3,0,0,0,0,0,0,0,0,33,0,0,0,0,0,0,0,0,0,33,0,0,0,0,3,0,33,0,0,1,0,33,0,0,0,0,0,33,0,0,0,0,3,0,0
"ENG_041_MZB_LO_3486","ENG_041_MZB_LO_3486-29.05.1997","29.05.1997",1997,5,29,0,0,33,0,33,0,0,0,33,3,33,0,333,0,0,0,0,0,0,0,0,0,3,0,0,0,0,0,0,0,3,33,3,333,3,0,0,3,3333,0,33,0,3,0,0,0,0,3,0,0,3,0,1,33,3,0,0,3,0,0,3,0,0,0,0,0,0,0,0,0,0,33,0,0,0,0,0,0,0,0,3,66,0,0,33,0,0,0,33,0,0,3,0,33,0,33,0,0,0,33,0,0,0,3,0,0,0
"ENG_041_MZB_LO_3486","ENG_041_MZB_LO_3486-16.05.1998","16.05.1998",1998,5,16,0,0,3,0,3,0,0,0,1,0,3,0,33,0,0,1,0,0,0,0,0,0,0,0,0,0,0,0,0,0,0,3,0,33,3,0,0,33,3333,0,33,0,0,3,0,0,3,3,0,0,333,0,0,333,0,0,1,0,3,0,3,0,33,0,0,0,0,0,0,0,0,333,0,0,0,0,0,0,0,0,3,36,0,0,0,0,1,0,0,0,0,33,1,3,0,33,33,0,0,3,0,0,0,3,0,0,0
"ENG_041_MZB_LO_3486","ENG_041_MZB_LO_3486-29.04.1999","29.04.1999",1999,4,29,0,0,3,0,33,0,0,0,3,0,3,0,333,0,0,0,0,0,0,0,0,0,0,0,0,0,0,0,0,0,0,33,0,3,3,0,0,1,33,0,1,0,1,1,0,0,0,33,0,0,3,0,0,3,3,0,0,3,1,0,1,0,1,0,0,0,0,0,0,0,0,3,0,0,0,0,0,0,0,0,1,2,0,0,0,0,0,0,3,0,0,33,0,3,0,3,0,0,0,3,0,0,0,3,0,0,0
"ENG_041_MZB_LO_3486","ENG_041_MZB_LO_3486-11.04.2000","11.04.2000",2000,4,11,0,0,33,0,33,0,0,0,11,1,8,0,33,0,0,0,0,0,0,0,0,0,0,0,0,0,0,0,0,0,0,33,0,2,33,0,0,4,33,0,11,33,0,5,0,0,0,0,0,0,3,0,0,33,33,0,0,33,2,0,13,0,0,0,0,0,0,0,0,0,0,33,0,0,0,0,0,0,0,0,1,36,0,0,0,0,4,0,1,0,0,33,0,1,0,33,0,0,0,33,0,0,0,1,0,0,0
"ENG_041_MZB_LO_3486","ENG_041_MZB_LO_3486-10.05.2001","10.05.2001",2001,5,10,0,0,3,0,33,0,0,0,3,1,3,0,333,0,0,0,0,0,0,0,0,0,1,0,0,0,0,0,0,0,0,33,0,33,33,0,0,1,333,0,0,33,5,0,0,0,0,0,0,0,33,0,0,33,5,0,0,33,33,0,0,0,8,0,3,0,0,0,0,0,0,33,0,0,0,0,0,0,0,0,1,36,0,0,0,0,33,0,3,0,1,33,0,33,0,33,0,0,0,0,0,0,0,1,0,0,0
"ENG_041_MZB_LO_3486","ENG_041_MZB_LO_3486-17.04.2002","17.04.2002",2002,4,17,0,0,2,0,40,0,0,0,1,0,30,0,150,0,0,0,0,0,0,0,0,0,0,0,0,0,0,0,0,0,0,30,0,0,25,0,0,1,40,0,0,50,60,20,0,0,0,2,0,0,0,0,0,30,50,0,0,50,0,0,2,0,0,0,0,0,0,0,0,0,0,20,0,0,0,0,0,0,0,0,9,50,0,3,0,0,40,0,2,0,0,60,0,2,0,40,0,0,0,40,0,0,0,0,0,0,0
"ENG_041_MZB_LO_3486","ENG_041_MZB_LO_3486-21.03.2003","21.03.2003",2003,3,21,0,0,1,0,90,0,0,0,3,0,12,0,200,0,0,0,0,0,0,0,0,0,0,0,0,0,0,0,0,1,0,30,5,0,10,0,0,1,100,0,2,50,1,5,0,0,0,0,0,0,0,0,0,50,0,0,0,5,2,0,3,0,2,0,0,0,0,0,0,0,0,102,0,0,0,0,0,0,0,0,0,90,0,0,0,0,0,0,4,0,0,20,0,150,0,30,0,0,0,6,0,0,0,1,0,0,0
"ENG_041_MZB_LO_3486","ENG_041_MZB_LO_3486-22.04.2005","22.04.2005",2005,4,22,0,0,1,0,50,0,1,0,50,1,10,0,140,0,0,0,0,0,0,0,0,0,0,0,0,0,0,0,0,0,0,100,2,1,60,0,0,0,80,0,3,1,20,1,0,0,0,1,0,0,0,0,0,40,30,0,0,10,2,0,1,0,0,0,0,0,0,0,0,0,0,70,0,0,0,0,0,0,10,0,2,70,0,0,0,0,30,0,0,0,0,40,0,90,0,70,0,0,0,10,0,0,0,0,0,0,0
"ENG_041_MZB_LO_3486","ENG_041_MZB_LO_3486-11.05.2006","11.05.2006",2006,5,11,0,0,30,0,100,0,2,0,200,5,20,0,300,0,0,0,0,0,0,0,0,0,2,0,0,0,0,0,0,0,0,300,0,1,100,0,0,0,500,0,20,10,2,0,0,0,0,0,0,0,40,0,0,200,0,0,0,300,1,0,40,0,0,0,0,0,0,0,0,0,0,100,0,0,0,0,0,0,1,0,0,31,0,0,0,0,20,0,2,0,2,70,0,20,0,700,0,0,0,1,0,0,0,0,0,0,0
"ENG_041_MZB_LO_3486","ENG_041_MZB_LO_3486-22.05.2007","22.05.2007",2007,5,22,0,0,3,2,220,0,0,0,6,2,6,0,130,0,0,0,0,0,0,0,0,0,0,0,0,0,0,0,0,0,0,150,0,190,180,0,0,0,1400,0,2,0,1,0,0,0,0,3,0,0,200,0,0,20,1,0,0,40,0,0,1,1,1,0,0,0,0,0,0,0,0,100,0,2,0,0,0,0,0,0,0,20,0,0,0,0,5,0,2,0,0,1,0,180,0,200,0,0,0,0,0,0,0,0,0,0,0
"ENG_041_MZB_LO_3486","ENG_041_MZB_LO_3486-21.05.2008","21.05.2008",2008,5,21,0,0,2,4,300,0,0,0,40,2,3,0,450,0,0,0,0,0,0,0,0,0,1,0,0,0,0,0,0,0,0,200,1,400,60,0,0,0,1500,0,0,0,5,0,0,0,0,1,0,1,150,0,0,80,1,0,0,20,1,0,5,0,0,0,0,0,0,0,0,0,0,156,0,6,0,0,0,0,0,0,0,100,0,1,0,0,2,0,3,0,0,0,0,20,0,200,0,0,0,0,0,0,1,0,0,0,0
"ENG_041_MZB_LO_3486","ENG_041_MZB_LO_3486-07.04.2009","07.04.2009",2009,4,7,0,0,1,0,70,0,0,0,0,2,0,0,125,0,0,0,0,0,0,0,0,0,0,0,0,0,0,0,0,0,0,17,0,0,9,0,0,0,660,0,0,5,1,0,0,0,0,0,0,0,0,0,0,31,0,0,0,0,15,0,18,0,1,0,0,0,0,0,0,0,0,90,0,0,0,0,0,0,0,0,0,10,0,0,0,0,0,0,0,0,0,0,0,80,0,7,0,0,0,0,0,0,0,0,0,0,0
"ENG_041_MZB_LO_3486","ENG_041_MZB_LO_3486-13.04.2010","13.04.2010",2010,4,13,0,0,0,0,93,0,0,0,0,0,1,0,50,0,0,0,0,0,0,0,0,0,0,0,0,0,0,0,0,0,0,3,0,0,50,0,0,0,200,0,0,20,40,0,0,0,0,0,0,0,0,0,0,36,0,0,0,0,40,0,6,1,0,0,0,0,0,0,0,0,0,70,0,0,0,0,0,0,0,0,0,9,0,1,0,0,1,0,3,0,0,0,0,16,0,6,0,0,0,0,0,0,0,0,0,0,0
"ENG_041_MZB_LO_3486","ENG_041_MZB_LO_3486-11.04.2011","11.04.2011",2011,4,11,0,0,0,2,21,0,0,0,2,1,0,0,0,0,0,0,0,0,0,0,0,0,0,0,0,0,0,0,0,0,0,1,1,0,15,0,0,0,100,0,0,0,1,0,0,0,0,0,0,0,2,0,0,6,0,0,0,0,2,0,2,0,0,0,0,0,0,0,0,0,0,10,0,0,0,0,0,0,0,0,0,4,0,2,0,0,0,0,4,0,0,0,0,10,0,12,0,0,0,0,0,0,0,0,0,0,0
"ENG_041_MZB_LO_3486","ENG_041_MZB_LO_3486-21.03.2012","21.03.2012",2012,3,21,0,0,0,0,300,0,0,0,0,0,0,0,30,0,0,0,0,0,0,0,0,0,0,0,0,0,0,0,0,0,0,2,1,0,5,0,0,0,2000,0,0,0,4,0,0,0,0,0,0,0,0,0,0,5,0,0,0,1,0,0,6,3,0,0,0,0,0,0,0,0,0,81,0,3,0,0,0,0,0,0,0,10,0,0,0,0,0,0,0,0,0,0,0,4,0,50,0,0,0,0,0,0,0,0,0,0,0
"ENG_041_MZB_LO_3486","ENG_041_MZB_LO_3486-13.03.2013","13.03.2013",2013,3,13,1,0,0,0,150,0,0,0,0,0,0,0,1,0,0,0,0,0,0,1,0,0,0,0,0,0,0,0,0,0,0,4,0,0,11,0,0,0,450,0,0,40,6,0,0,0,0,0,0,0,0,0,0,3,0,0,0,0,1,0,1,0,0,0,0,0,0,0,0,0,0,80,0,0,0,0,0,0,0,0,0,28,0,0,0,0,2,0,0,0,0,0,0,35,0,89,0,0,0,0,0,0,0,0,0,0,0
"ENG_041_MZB_LO_3486","ENG_041_MZB_LO_3486-18.03.2014","18.03.2014",2014,3,18,0,0,0,0,123,0,0,0,0,0,1,0,25,0,0,0,0,0,0,0,0,0,0,1,0,0,0,0,0,0,0,6,3,0,3,0,0,0,360,0,0,3,20,0,0,0,0,0,0,0,0,0,0,10,0,0,0,0,0,0,0,0,0,0,0,0,0,0,0,0,0,130,0,0,0,0,0,0,0,0,0,7,0,0,0,0,1,0,1,0,0,0,0,50,0,25,0,0,0,0,0,0,0,0,0,0,0
"ENG_041_MZB_LO_3487","ENG_041_MZB_LO_3487-15.03.2005","15.03.2005",2005,3,15,0,0,0,0,0,0,0,0,0,0,0,0,0,0,0,0,0,0,0,0,0,0,0,0,0,0,0,0,0,0,0,0,0,0,0,0,0,2,26,0,0,0,0,0,0,0,0,0,0,0,14,0,0,0,0,0,0,0,0,0,0,0,6,0,0,0,0,0,0,0,0,250,0,0,0,0,0,0,0,0,0,0,0,0,0,0,0,0,0,0,0,0,0,0,0,0,0,0,0,0,0,0,0,0,0,0,0
"ENG_041_MZB_LO_3487","ENG_041_MZB_LO_3487-18.04.2006","18.04.2006",2006,4,18,0,0,0,0,0,0,0,0,0,0,0,0,0,0,0,0,0,0,1,0,0,0,0,0,0,0,0,0,0,0,0,0,0,0,0,0,0,0,800,0,0,0,0,0,0,0,0,0,0,0,39,0,0,0,0,0,0,0,0,0,0,0,1,0,0,0,0,0,0,0,0,1300,0,0,0,0,0,0,0,0,0,0,0,0,0,0,0,0,0,0,0,0,0,0,0,0,0,0,0,0,0,0,0,0,0,0,0
"ENG_041_MZB_LO_3487","ENG_041_MZB_LO_3487-10.03.2008","10.03.2008",2008,3,10,0,0,0,0,0,0,0,0,0,0,1,0,0,0,0,0,0,0,0,0,0,0,0,0,0,0,0,0,0,0,0,0,0,0,0,0,0,3,61,0,0,0,0,0,0,0,0,0,0,0,8,0,0,0,0,0,0,0,0,0,0,0,0,0,0,0,0,0,0,0,0,2205,0,0,0,0,0,0,0,0,0,0,0,0,0,0,0,0,0,0,0,0,0,0,0,0,0,0,0,0,0,0,0,0,0,0,0
"ENG_041_MZB_LO_3487","ENG_041_MZB_LO_3487-18.03.2009","18.03.2009",2009,3,18,0,0,1,0,0,0,0,0,0,0,0,0,0,0,0,0,1,0,0,0,0,0,0,0,0,0,0,0,0,0,0,4,0,0,0,0,0,32,700,0,2,0,0,0,0,0,0,0,0,0,180,0,0,0,0,0,0,0,0,0,0,0,17,0,0,0,0,0,2,0,0,200,1,0,0,0,0,0,0,0,0,1,0,0,0,0,0,0,0,0,0,0,0,0,0,5,0,0,0,0,0,0,0,0,0,0,0
"ENG_041_MZB_LO_3487","ENG_041_MZB_LO_3487-18.03.2010","18.03.2010",2010,3,18,0,0,2,0,0,0,0,0,0,0,0,0,5,0,0,0,0,0,0,0,0,0,0,0,0,0,0,0,0,1,0,0,0,0,0,0,9,1,170,0,3,0,0,0,0,0,0,0,0,0,50,0,0,0,0,0,0,0,0,0,0,0,11,0,0,0,0,0,6,0,0,310,0,0,0,0,0,0,0,0,0,1,0,0,0,1,0,0,0,0,0,0,0,0,0,1,0,0,0,0,0,0,0,0,0,0,0
"ENG_041_MZB_LO_3487","ENG_041_MZB_LO_3487-21.03.2011","21.03.2011",2011,3,21,0,0,5,0,0,0,0,0,0,0,0,0,0,0,0,0,0,0,0,0,0,0,0,0,0,0,0,0,0,0,0,0,0,0,0,0,1,3,600,0,0,0,0,0,0,0,0,0,0,0,9,0,0,0,0,0,0,0,0,0,0,0,1,0,0,0,0,0,3,0,0,450,4,0,0,0,0,0,0,0,0,0,0,0,0,0,0,0,0,0,0,0,0,0,0,0,0,0,0,0,0,0,0,0,0,0,0
"ENG_041_MZB_LO_3487","ENG_041_MZB_LO_3487-29.03.2012","29.03.2012",2012,3,29,0,0,0,0,0,0,0,0,0,0,0,0,0,0,0,0,0,0,0,0,0,0,0,0,0,0,0,0,0,0,0,0,0,0,0,0,0,1,16,0,0,0,0,0,0,0,0,0,0,0,0,0,0,0,0,0,0,0,0,0,0,0,0,0,0,17,0,0,0,0,0,1200,0,0,0,0,0,0,0,0,0,0,0,0,0,0,0,0,0,0,0,0,0,0,0,0,0,0,0,0,0,0,0,0,0,0,0
"ENG_041_MZB_LO_3487","ENG_041_MZB_LO_3487-02.04.2013","02.04.2013",2013,4,2,0,0,0,0,0,0,0,0,0,0,0,0,5,0,0,0,0,0,0,0,0,0,0,0,0,0,0,0,0,0,0,0,0,0,0,0,0,0,200,0,0,0,0,0,0,0,0,0,0,0,3,0,0,0,0,0,0,0,0,0,2,0,0,0,0,0,0,0,0,0,0,700,0,0,0,0,0,0,0,0,0,0,0,0,0,0,0,0,0,0,0,0,0,0,0,0,0,0,0,0,0,0,0,0,0,0,0
"ENG_041_MZB_LO_3487","ENG_041_MZB_LO_3487-17.03.2014","17.03.2014",2014,3,17,0,0,1,0,0,0,0,0,1,0,0,0,1,0,0,0,0,0,0,0,0,0,0,0,0,0,0,0,0,0,0,0,0,0,0,0,0,0,800,0,0,0,0,0,0,0,0,0,0,0,0,0,0,0,0,0,0,0,0,0,0,0,0,0,0,0,0,0,0,0,0,100,0,0,0,0,0,0,0,0,0,0,0,0,0,0,0,0,0,0,0,0,0,0,0,0,0,0,0,0,0,0,0,0,0,0,0
"ENG_041_MZB_LO_3487","ENG_041_MZB_LO_3487-06.03.2015","06.03.2015",2015,3,6,0,0,1,0,0,0,0,0,0,0,0,0,2,0,0,1,1,0,0,0,0,0,0,0,0,0,0,0,0,1,0,0,0,0,0,0,0,3,300,0,0,0,0,0,0,0,0,0,0,0,60,0,0,0,0,0,0,0,0,0,0,0,0,0,0,0,0,0,1,0,0,80,0,0,0,0,0,0,0,0,0,0,0,0,0,0,0,0,0,0,0,0,0,0,0,0,0,0,0,0,0,0,0,0,0,0,0
"ENG_041_MZB_LO_3487","ENG_041_MZB_LO_3487-08.04.2016","08.04.2016",2016,4,8,0,0,0,0,0,0,0,0,0,0,0,0,0,0,0,0,0,0,0,0,0,0,0,0,0,0,0,0,0,0,0,0,0,0,0,0,0,2,850,0,1,0,0,0,0,0,0,0,0,0,13,0,0,0,0,0,0,0,0,0,0,0,0,0,0,0,0,0,3,0,0,25,0,0,0,0,0,0,0,0,0,0,0,0,0,0,0,0,0,0,0,0,0,0,0,1,0,0,0,0,0,0,0,0,0,0,0
"ENG_041_MZB_LO_3492","ENG_041_MZB_LO_3492-15.03.2005","15.03.2005",2005,3,15,0,0,0,0,0,0,0,0,0,0,0,0,0,0,0,0,0,0,0,0,0,0,0,0,0,0,0,0,0,0,0,0,0,0,0,0,0,1,220,0,0,0,0,0,0,0,0,0,0,0,16,0,0,0,0,0,0,0,0,0,0,0,2,0,0,0,0,0,1,0,0,530,0,0,0,0,0,0,0,0,0,0,0,0,0,0,0,0,0,0,0,0,0,0,0,1,0,0,0,0,0,0,0,0,0,0,0
"ENG_041_MZB_LO_3492","ENG_041_MZB_LO_3492-18.04.2006","18.04.2006",2006,4,18,0,0,0,0,0,0,0,0,0,0,0,0,0,0,0,0,0,0,0,0,0,0,0,0,0,0,0,0,0,0,0,0,0,0,0,0,0,8,980,0,5,0,0,0,0,0,0,0,0,0,62,0,0,0,0,0,0,0,0,0,0,0,10,0,0,0,0,0,0,0,0,750,0,0,0,0,0,0,0,0,0,0,0,0,0,0,0,0,0,0,0,0,0,0,0,57,0,0,0,0,0,0,0,0,0,0,0
"ENG_041_MZB_LO_3492","ENG_041_MZB_LO_3492-10.03.2008","10.03.2008",2008,3,10,0,0,0,0,1,0,0,0,0,0,0,0,0,0,0,0,0,0,0,0,0,0,0,0,0,0,0,0,0,0,0,0,0,0,0,0,0,10,80,0,43,0,0,0,0,0,0,0,0,0,27,0,0,0,0,0,0,0,0,0,0,0,9,0,0,0,0,0,0,0,0,2765,0,0,0,0,0,0,0,0,0,0,0,0,0,1,0,0,0,0,0,0,0,0,0,10,0,0,0,0,0,0,0,0,0,0,0
"ENG_041_MZB_LO_3492","ENG_041_MZB_LO_3492-18.03.2009","18.03.2009",2009,3,18,0,0,7,0,0,0,0,0,0,0,0,0,3,0,0,0,0,0,0,0,0,0,4,0,0,0,0,0,0,2,0,0,0,0,0,0,0,26,1355,0,42,0,0,0,0,0,0,0,0,0,24,0,0,0,0,0,0,0,0,0,0,0,9,0,0,0,0,0,29,0,0,1000,0,0,0,0,0,0,1,0,1,0,0,0,0,0,0,0,0,0,0,0,0,0,0,44,0,0,0,0,0,0,0,0,0,0,0
"ENG_041_MZB_LO_3492","ENG_041_MZB_LO_3492-18.03.2010","18.03.2010",2010,3,18,0,0,90,0,0,0,0,0,0,0,0,0,200,0,0,0,0,0,0,0,0,0,0,0,0,0,0,0,0,0,0,0,0,0,0,0,0,30,100,0,20,0,0,0,0,0,0,0,0,0,70,0,0,0,0,0,0,0,0,0,0,0,20,0,0,0,0,0,50,0,0,300,0,0,0,0,0,0,0,0,0,0,0,0,0,0,0,0,0,0,0,0,0,0,0,30,0,0,0,0,0,0,0,0,0,0,0
"ENG_041_MZB_LO_3492","ENG_041_MZB_LO_3492-21.03.2011","21.03.2011",2011,3,21,0,0,5,0,0,0,0,0,0,0,0,0,0,0,0,0,0,0,0,0,0,0,0,0,0,0,0,0,0,0,0,0,0,0,0,0,0,20,250,0,4,0,0,0,0,0,0,0,0,0,15,0,0,0,0,0,0,0,0,0,0,0,10,0,0,0,0,0,5,0,0,300,0,0,0,0,0,0,0,0,0,0,0,0,0,0,0,0,0,0,0,0,0,0,0,6,0,0,0,0,0,0,0,0,0,0,0
"ENG_041_MZB_LO_3492","ENG_041_MZB_LO_3492-29.03.2012","29.03.2012",2012,3,29,0,0,2,0,0,0,0,0,0,0,0,0,0,0,0,0,0,0,0,0,0,0,0,0,0,0,0,0,0,1,0,0,0,0,0,0,0,2,12,0,3,0,0,0,0,0,0,0,0,0,150,0,0,0,0,0,0,0,0,0,0,0,7,0,0,0,0,0,3,0,0,1300,0,0,0,0,0,0,0,0,0,0,0,0,0,0,0,0,0,0,0,0,0,0,0,22,0,0,0,0,0,0,0,0,0,0,0
"ENG_041_MZB_LO_3492","ENG_041_MZB_LO_3492-02.04.2013","02.04.2013",2013,4,2,0,0,4,0,0,0,0,0,1,0,0,0,2,0,0,0,0,0,0,0,0,0,0,0,0,0,0,0,0,1,0,0,0,0,0,0,0,4,300,0,23,0,0,0,0,0,0,0,0,0,16,0,0,0,1,0,0,0,0,0,0,0,2,0,0,0,0,0,2,0,0,800,0,0,0,0,0,0,0,0,0,0,0,0,0,0,0,0,0,0,0,0,0,0,0,9,0,0,0,0,0,0,0,0,0,0,0
"ENG_041_MZB_LO_3492","ENG_041_MZB_LO_3492-06.03.2015","06.03.2015",2015,3,6,0,0,11,0,0,0,0,0,0,0,0,1,7,0,0,0,0,0,0,0,0,0,1,0,0,0,0,0,0,0,0,0,0,0,0,0,0,10,200,0,8,0,0,0,0,0,0,0,0,0,100,0,0,0,0,0,0,0,0,0,0,0,1,0,0,0,0,0,1,0,0,400,0,0,0,0,0,0,0,0,0,0,0,0,0,0,0,0,0,0,0,0,0,0,0,70,0,0,0,0,0,0,0,0,0,0,0
"ENG_041_MZB_LO_3492","ENG_041_MZB_LO_3492-08.04.2016","08.04.2016",2016,4,8,0,0,12,0,0,0,0,0,0,0,1,0,6,0,0,0,0,0,0,0,0,0,2,0,0,0,0,0,0,1,0,0,0,0,0,0,0,45,600,0,2,0,0,0,0,0,0,0,0,0,90,0,0,0,0,0,0,0,0,0,0,0,0,0,0,0,0,0,0,0,0,1000,0,0,0,0,0,0,0,0,0,0,0,0,0,0,0,0,0,0,0,0,0,0,0,45,0,0,0,0,0,0,0,0,0,0,0
"ENG_041_MZB_LO_3493","ENG_041_MZB_LO_3493-15.03.2005","15.03.2005",2005,3,15,0,0,6,0,0,0,0,0,1,0,0,0,5,0,0,0,0,0,0,0,0,0,0,0,0,0,0,0,0,0,0,0,0,0,0,0,0,4,575,0,21,0,0,0,0,0,0,0,0,0,2,0,0,0,0,0,0,0,0,0,0,0,20,0,0,0,0,0,0,0,0,330,0,0,0,0,0,0,1,0,0,0,0,0,0,0,0,0,0,0,0,0,0,0,0,1,0,0,0,0,0,0,0,0,0,0,0
"ENG_041_MZB_LO_3493","ENG_041_MZB_LO_3493-18.04.2006","18.04.2006",2006,4,18,0,0,0,0,0,0,0,0,0,0,0,0,1,0,0,0,0,0,0,0,0,0,0,0,0,0,0,0,0,0,0,0,0,0,0,0,0,3,1000,0,0,0,0,0,0,0,0,0,0,0,81,0,0,0,0,0,0,0,0,0,0,0,20,0,0,0,0,0,0,0,0,1500,0,0,0,0,0,0,0,0,0,0,0,0,0,0,0,0,0,0,0,0,0,0,0,16,0,0,0,0,0,0,0,0,0,0,0
"ENG_041_MZB_LO_3493","ENG_041_MZB_LO_3493-10.03.2008","10.03.2008",2008,3,10,0,0,0,0,0,0,0,0,2,0,0,0,19,0,0,0,17,0,0,0,0,0,0,0,0,0,2,0,0,0,0,0,0,0,0,0,0,3,4,0,2,0,0,0,0,0,0,0,0,0,53,0,0,0,0,0,0,0,0,0,0,0,1,0,0,0,0,0,1,0,0,287,0,0,0,0,0,0,0,0,0,0,0,0,0,0,0,0,0,0,0,0,0,0,0,17,0,0,0,0,0,0,0,0,0,0,0
"ENG_041_MZB_LO_3493","ENG_041_MZB_LO_3493-18.03.2009","18.03.2009",2009,3,18,0,0,15,0,0,0,0,0,21,0,0,0,69,0,0,0,5,0,0,0,0,0,0,0,0,0,0,0,0,1,0,0,0,0,0,0,0,29,490,0,30,0,0,0,0,0,0,1,0,0,160,0,0,0,0,0,0,0,0,0,1,0,5,0,0,0,0,0,30,0,0,1400,0,0,0,0,0,0,0,0,0,2,0,0,0,0,0,0,0,0,0,0,0,1,0,42,0,0,0,0,0,0,0,0,0,0,0
"ENG_041_MZB_LO_3493","ENG_041_MZB_LO_3493-18.03.2010","18.03.2010",2010,3,18,0,0,25,0,0,0,0,0,25,0,1,0,35,0,0,0,0,0,0,0,0,0,0,0,0,0,0,0,0,0,0,1,0,0,0,0,0,9,100,0,3,0,0,0,0,0,0,0,0,0,60,0,0,0,0,0,0,0,0,0,0,0,1,0,0,0,0,0,6,0,0,40,0,0,0,0,0,0,0,0,0,0,0,0,0,0,0,0,0,0,0,0,0,1,0,20,0,0,0,0,0,0,0,1,0,0,0
"ENG_041_MZB_LO_3493","ENG_041_MZB_LO_3493-21.03.2011","21.03.2011",2011,3,21,0,0,60,0,0,0,0,0,7,0,0,0,75,0,0,0,3,0,0,0,0,0,0,0,0,0,0,0,0,2,0,0,0,0,0,0,0,20,300,0,8,0,0,0,0,0,0,0,0,0,300,0,0,0,0,0,0,0,0,0,0,0,12,0,0,0,0,0,1,0,0,652,0,0,0,0,0,0,0,0,0,1,0,0,0,0,0,0,0,0,0,0,0,1,0,200,0,0,0,0,0,0,0,2,0,0,0
"ENG_041_MZB_LO_3493","ENG_041_MZB_LO_3493-29.03.2012","29.03.2012",2012,3,29,0,0,500,0,0,0,0,0,0,0,0,0,3,0,0,0,0,0,0,0,0,0,0,0,0,0,0,0,0,4,0,0,0,0,0,0,0,12,50,0,9,0,0,0,0,0,0,0,0,3,50,0,0,0,0,0,0,0,0,0,0,0,11,0,0,0,0,0,0,0,0,1600,0,0,0,0,0,0,2,0,0,0,0,0,0,0,0,0,0,0,0,0,0,0,0,5,0,0,0,0,0,0,0,0,0,0,0
"ENG_041_MZB_LO_3493","ENG_041_MZB_LO_3493-02.04.2013","02.04.2013",2013,4,2,0,0,3,0,0,0,0,0,1,0,1,0,5,0,0,0,1,0,0,0,0,0,0,0,0,0,0,0,0,0,0,0,0,0,0,0,0,1,70,0,0,0,0,0,0,0,0,0,0,0,20,0,0,0,0,0,0,0,0,0,0,0,0,0,0,0,0,0,1,0,0,110,0,0,0,0,0,0,0,0,0,0,0,0,0,0,0,0,0,0,0,0,0,0,0,8,0,0,0,0,0,0,0,0,0,0,0
"ENG_041_MZB_LO_3493","ENG_041_MZB_LO_3493-17.03.2014","17.03.2014",2014,3,17,0,0,1,0,0,0,0,0,7,0,0,0,6,0,0,0,0,0,1,0,0,0,0,0,0,0,0,0,0,0,0,0,0,0,0,0,0,0,8,0,0,0,0,0,0,0,0,0,0,0,12,0,0,0,0,0,0,0,0,0,0,0,0,0,0,0,0,0,1,0,0,210,0,0,0,0,0,0,0,0,0,0,0,0,0,0,0,0,0,0,0,0,0,0,0,3,0,0,0,0,0,0,0,0,0,0,0
"ENG_041_MZB_LO_3493","ENG_041_MZB_LO_3493-06.03.2015","06.03.2015",2015,3,6,0,0,3,0,1,0,0,0,3,0,20,0,26,0,0,0,1,0,0,0,0,0,0,0,0,0,0,0,0,0,0,2,0,0,0,0,0,4,200,0,4,0,0,0,0,0,0,0,0,0,150,0,0,0,0,0,0,1,0,0,0,0,0,0,0,0,0,0,7,0,0,100,0,0,0,0,0,0,0,0,0,0,0,0,0,0,0,0,0,0,0,0,0,0,0,80,0,0,0,0,0,0,0,0,0,0,0
"ENG_041_MZB_LO_3493","ENG_041_MZB_LO_3493-08.04.2016","08.04.2016",2016,4,8,0,0,9,0,0,0,2,0,1,0,1,0,0,0,0,0,3,0,0,0,0,0,0,0,0,0,0,0,0,1,0,0,0,0,0,0,0,5,1500,0,6,0,0,0,0,0,0,0,0,0,60,0,0,0,0,0,0,0,0,0,0,0,3,0,0,0,0,0,0,0,0,350,0,0,0,0,0,0,0,0,0,0,0,0,0,0,0,0,0,0,0,0,0,0,0,126,0,0,0,0,0,0,0,2,0,0,0
"ENG_041_MZB_LO_3494","ENG_041_MZB_LO_3494-10.10.2006","10.10.2006",2006,10,10,0,0,0,0,0,0,0,0,0,0,2,0,16,0,0,0,12,0,0,1,0,0,0,0,0,0,0,1,0,0,0,0,0,0,0,0,0,3,30,0,2,0,0,0,0,0,0,0,0,0,124,0,0,0,0,0,0,0,0,0,0,0,0,0,0,0,0,0,0,0,0,186,0,0,0,0,0,0,0,0,0,0,0,0,0,0,0,0,0,0,0,0,0,0,0,92,0,0,0,0,0,0,0,22,0,1,0
"ENG_041_MZB_LO_3494","ENG_041_MZB_LO_3494-28.09.2007","28.09.2007",2007,9,28,0,0,0,0,0,0,0,1,35,0,5,0,173,0,0,0,20,0,1,0,0,0,0,0,0,0,0,2,0,0,0,1,0,0,12,0,0,0,150,0,4,0,0,0,0,0,0,0,0,0,68,0,0,0,0,0,0,1,0,0,0,0,0,0,0,0,0,0,32,0,0,114,0,0,0,0,0,0,0,0,1,3,0,0,0,0,0,0,0,0,0,0,0,0,0,57,0,0,0,0,0,0,0,8,0,0,0
"ENG_041_MZB_LO_3494","ENG_041_MZB_LO_3494-30.09.2008","30.09.2008",2008,9,30,0,0,0,0,0,0,0,0,0,0,2,2,31,0,0,0,6,0,0,0,1,0,0,0,0,0,0,0,0,1,0,0,0,0,11,0,0,1,306,0,4,0,0,0,0,0,0,0,0,0,46,0,0,0,0,0,0,1,0,0,0,0,0,0,0,0,0,0,28,0,0,19,0,0,0,0,0,0,0,0,0,0,0,0,0,0,0,0,0,0,0,0,0,0,0,23,0,0,0,0,0,0,1,1,0,0,0
"ENG_041_MZB_LO_3494","ENG_041_MZB_LO_3494-21.09.2009","21.09.2009",2009,9,21,0,0,0,0,0,0,0,0,5,0,2,0,250,0,0,0,6,0,1,0,0,0,0,0,0,0,0,2,0,2,0,0,0,0,5,0,0,6,75,0,1,0,0,0,0,0,0,0,0,0,250,0,0,0,1,0,0,1,0,0,0,0,0,0,0,0,0,0,50,0,0,300,0,0,0,0,0,0,0,0,0,0,0,0,0,0,0,0,0,0,0,0,0,0,0,110,0,0,0,0,0,0,0,7,0,0,0
"ENG_041_MZB_LO_3494","ENG_041_MZB_LO_3494-07.09.2010","07.09.2010",2010,9,7,0,0,20,0,0,0,1,0,70,0,0,0,170,0,0,0,30,0,10,0,0,0,0,0,0,0,0,0,0,10,0,20,0,0,60,0,0,20,150,0,50,0,0,0,0,0,0,0,0,0,100,0,0,0,1,0,0,0,0,0,0,0,35,0,0,0,0,0,40,0,0,100,40,0,0,0,0,0,0,0,0,1,0,0,0,0,0,0,0,0,0,0,0,0,0,70,0,0,0,0,0,0,0,30,0,0,0
"ENG_041_MZB_LO_3494","ENG_041_MZB_LO_3494-19.09.2011","19.09.2011",2011,9,19,0,0,0,0,0,0,0,0,0,0,0,0,20,0,0,0,6,0,0,0,0,0,0,0,0,0,0,0,0,1,0,0,0,0,0,0,0,2,40,0,4,0,0,0,0,0,0,0,0,0,20,0,0,0,0,0,0,0,0,0,0,0,0,0,0,0,0,0,3,0,0,110,0,0,0,0,0,0,0,0,0,1,0,0,0,0,0,0,0,0,0,0,0,0,0,30,0,0,0,0,0,0,0,7,0,0,0
"ENG_041_MZB_LO_3494","ENG_041_MZB_LO_3494-21.09.2012","21.09.2012",2012,9,21,0,0,3,0,0,0,1,0,1,0,0,0,3,0,0,0,0,0,2,0,0,0,0,0,0,0,0,0,0,3,0,1,0,0,2,0,0,10,600,0,5,0,0,0,0,0,0,0,0,0,9,0,0,0,0,0,0,2,0,0,0,0,1,0,0,0,0,0,7,0,0,14,0,0,0,0,0,0,0,0,1,0,0,0,0,0,0,0,0,0,0,0,0,0,0,3,0,0,0,0,0,0,0,25,0,0,0
"ENG_041_MZB_LO_3494","ENG_041_MZB_LO_3494-24.09.2013","24.09.2013",2013,9,24,0,0,0,0,0,0,0,0,0,0,0,0,58,0,0,0,2,0,0,0,0,0,0,0,0,0,0,0,0,0,0,1,0,0,0,0,0,5,405,0,8,0,0,0,0,0,0,0,0,0,139,0,0,0,0,1,0,1,0,0,0,0,1,0,0,0,0,0,36,0,0,45,0,0,0,0,0,0,0,0,0,0,0,0,0,0,0,0,0,0,0,0,0,0,0,17,0,0,0,0,0,0,0,25,0,0,0
"ENG_041_MZB_LO_3494","ENG_041_MZB_LO_3494-10.09.2014","10.09.2014",2014,9,10,0,0,0,0,0,0,0,0,1,0,0,0,13,0,0,0,3,0,0,0,0,0,0,0,0,0,0,0,0,0,0,0,0,0,2,0,0,1,750,0,1,0,0,0,0,0,0,0,0,0,15,0,0,0,0,0,0,1,0,0,0,0,0,0,0,0,0,0,3,0,0,12,0,0,0,0,0,0,0,0,0,0,0,0,0,0,0,0,0,0,0,0,0,0,0,18,0,0,0,0,0,0,0,1,0,0,0
"ENG_041_MZB_LO_3494","ENG_041_MZB_LO_3494-16.10.2015","16.10.2015",2015,10,16,0,0,0,0,0,0,4,0,1,0,0,0,85,0,0,0,3,0,0,0,0,0,0,0,0,0,0,1,0,10,0,1,0,0,7,0,0,0,450,0,2,0,0,0,0,0,0,0,0,0,17,0,0,0,0,1,0,4,0,0,0,0,0,0,0,0,0,0,1,0,0,11,0,0,0,0,0,0,0,0,0,3,0,0,0,0,0,0,0,0,0,0,0,0,0,128,0,0,0,0,0,0,0,6,0,0,0
"ENG_041_MZB_LO_3501","ENG_041_MZB_LO_3501-14.03.1997","14.03.1997",1997,3,14,0,0,33,0,33,0,0,0,0,0,0,0,33,0,0,0,0,0,0,0,0,0,0,0,0,0,0,0,0,0,0,0,0,0,0,0,0,3,33,0,3,0,0,0,0,0,0,0,0,0,3,0,0,3,0,0,0,0,0,0,0,0,3,0,0,0,0,0,0,0,0,35,0,0,0,0,0,0,0,0,3,0,0,0,0,0,0,0,0,0,0,0,0,0,0,33,0,0,0,3,0,0,0,0,0,0,0
"ENG_041_MZB_LO_3501","ENG_041_MZB_LO_3501-18.05.2000","18.05.2000",2000,5,18,0,0,33,0,33,0,0,0,0,0,2,0,333,0,0,0,0,0,0,0,0,0,1,0,0,0,0,0,0,0,0,0,0,0,0,0,0,3,33,0,0,0,0,0,0,0,0,33,0,0,333,0,0,0,33,0,0,0,0,0,0,0,33,0,0,0,0,0,0,0,0,33,0,0,0,0,0,0,3,0,33,3,0,0,0,0,3,0,0,0,0,0,0,33,0,33,0,0,0,1,0,0,0,0,0,0,0
"ENG_041_MZB_LO_3501","ENG_041_MZB_LO_3501-07.05.2002","07.05.2002",2002,5,7,0,0,10,0,800,0,0,0,0,0,1,0,1000,0,0,0,0,0,0,0,0,0,0,0,0,0,0,0,0,0,2,1,0,0,0,0,0,10,300,0,10,0,0,0,0,0,0,20,0,1,60,0,1,30,300,0,0,0,0,0,0,0,0,0,0,0,0,0,0,0,0,3000,0,0,0,0,0,0,1,0,8,2,0,0,0,0,4,0,0,0,0,0,0,40,0,7,0,0,0,20,0,0,0,0,0,0,0
"ENG_041_MZB_LO_3501","ENG_041_MZB_LO_3501-30.04.2003","30.04.2003",2003,4,30,0,0,1,0,500,0,0,0,0,0,10,0,700,0,0,0,0,0,0,0,0,0,0,0,0,0,0,0,0,0,3,0,0,0,0,0,0,4,40,0,0,0,0,0,0,0,0,8,0,0,50,0,1,10,3,0,0,0,0,0,0,0,1,0,0,0,0,0,0,0,0,300,0,3,0,0,0,0,1,0,6,0,0,0,0,1,5,0,0,0,0,0,0,200,0,20,0,0,0,0,0,0,0,0,0,0,0
"ENG_041_MZB_LO_3501","ENG_041_MZB_LO_3501-31.05.2005","31.05.2005",2005,5,31,0,0,10,0,200,0,0,0,0,0,4,0,400,0,0,0,0,0,0,0,0,0,0,0,0,0,0,0,0,0,1,1,10,0,0,0,0,1,100,0,0,0,0,0,0,0,0,9,0,0,200,0,3,10,20,0,0,0,0,0,0,0,30,0,0,0,0,0,0,0,0,300,0,0,0,0,0,0,2,0,0,0,0,1,0,5,0,0,0,0,0,0,0,30,0,8,0,0,0,20,0,0,0,0,0,0,0
"ENG_041_MZB_LO_3501","ENG_041_MZB_LO_3501-12.04.2006","12.04.2006",2006,4,12,0,0,8,0,198,0,0,0,0,0,11,0,196,0,0,0,0,0,0,0,0,0,0,0,0,0,0,0,0,0,0,0,5,0,0,0,0,1,220,0,0,0,0,0,0,0,0,2,0,0,94,0,0,6,0,0,0,0,0,0,1,0,2,0,0,0,0,0,0,0,0,600,0,0,0,0,0,0,2,0,12,1,0,0,0,1,3,0,0,0,0,0,0,10,0,14,0,0,0,1,0,0,0,0,0,0,0
"ENG_041_MZB_LO_3501","ENG_041_MZB_LO_3501-02.05.2007","02.05.2007",2007,5,2,0,0,0,0,331,0,0,0,0,0,5,0,120,0,0,0,0,0,0,0,0,0,0,0,0,0,0,0,0,0,0,0,0,0,0,0,0,2,68,0,1,1,0,0,0,0,0,4,0,0,269,0,0,8,258,0,0,0,0,0,0,0,0,0,0,0,0,0,0,0,0,1,0,2,0,0,0,0,1,0,0,0,0,0,0,2,0,0,0,0,0,0,0,39,0,9,0,0,0,0,0,0,0,0,0,0,0
"ENG_041_MZB_LO_3501","ENG_041_MZB_LO_3501-02.04.2008","02.04.2008",2008,4,2,0,0,2,0,1000,0,0,0,0,0,0,0,30,0,0,0,0,0,0,0,0,0,0,0,0,0,0,0,0,0,1,0,1,0,0,0,0,0,50,0,1,3,0,0,0,0,0,0,0,0,10,0,0,3,0,0,0,0,0,0,0,0,0,0,0,0,0,0,0,0,0,10,0,2,0,0,0,0,0,0,0,0,0,0,0,1,0,0,0,0,0,0,0,2,0,0,0,0,0,0,0,0,0,0,0,0,0
"ENG_041_MZB_LO_3501","ENG_041_MZB_LO_3501-09.04.2009","09.04.2009",2009,4,9,0,0,3,0,200,0,0,0,0,0,0,0,20,0,0,0,0,0,0,0,0,0,0,0,0,0,0,0,0,0,0,0,1,0,0,0,0,0,200,0,3,10,0,0,0,0,2,2,0,0,30,0,0,10,1,0,0,0,0,0,0,0,0,0,1,0,0,0,0,0,0,22,0,5,0,0,0,0,0,0,0,0,0,0,0,0,0,0,0,0,0,0,0,10,0,1,0,0,0,0,0,0,0,0,0,0,0
"ENG_041_MZB_LO_3501","ENG_041_MZB_LO_3501-29.03.2010","29.03.2010",2010,3,29,0,0,5,0,1000,0,0,0,0,0,6,0,50,0,0,0,0,0,0,1,0,0,1,0,0,0,0,0,0,0,0,5,2,0,0,0,0,1,1000,0,4,60,0,0,0,0,2,8,0,0,1000,0,0,70,3,0,0,0,0,0,2,0,0,0,0,0,0,0,0,0,0,500,0,8,0,0,0,0,0,0,5,2,0,0,0,2,1,0,5,0,0,0,0,2,0,10,0,0,0,0,0,0,0,0,0,0,0
"ENG_041_MZB_LO_3501","ENG_041_MZB_LO_3501-16.03.2011","16.03.2011",2011,3,16,0,0,6,0,300,0,0,0,0,0,1,0,40,0,0,0,0,0,0,0,0,0,0,0,0,0,0,0,0,0,0,5,0,0,0,0,0,0,400,0,6,4,0,0,0,0,1,0,0,0,50,0,0,8,0,0,0,0,0,0,2,0,2,0,0,0,0,0,0,0,0,90,0,2,0,0,0,0,0,0,4,2,0,0,0,0,0,0,2,0,0,0,0,10,0,0,0,0,0,0,0,0,0,0,0,0,0
"ENG_041_MZB_LO_3501","ENG_041_MZB_LO_3501-18.05.2012","18.05.2012",2012,5,18,0,0,10,0,161,0,0,0,0,0,0,0,200,0,0,0,0,0,0,0,0,0,0,0,0,0,0,0,0,0,0,1,0,10,0,0,0,0,1000,0,2,3,0,0,0,0,0,2,0,0,1000,0,0,0,88,0,0,0,0,0,0,0,1,0,0,0,0,0,0,0,0,401,0,28,0,0,0,0,0,0,3,12,0,0,0,0,0,0,10,0,0,0,0,52,0,1,1,0,0,0,0,0,0,0,0,0,0
"ENG_041_MZB_LO_3501","ENG_041_MZB_LO_3501-23.04.2013","23.04.2013",2013,4,23,0,0,7,0,628,0,0,0,0,0,0,0,169,0,0,0,0,0,0,0,0,2,0,0,0,0,0,0,0,0,0,6,2,0,0,0,0,0,160,0,2,0,0,0,0,0,2,1,0,0,13,0,0,0,6,0,0,0,0,0,0,0,0,0,0,0,0,0,0,0,0,1232,0,2,0,1,0,0,0,0,1,1,0,0,0,1,0,0,10,0,0,1,0,3,0,0,0,0,0,0,0,0,0,0,0,0,0
"ENG_041_MZB_LO_3501","ENG_041_MZB_LO_3501-25.03.2014","25.03.2014",2014,3,25,0,0,15,0,550,0,0,0,0,0,3,0,127,0,0,0,0,0,0,0,0,0,0,0,0,0,0,0,0,0,0,15,0,0,0,0,0,1,250,0,6,0,0,0,0,0,3,0,0,0,7,0,0,1,1,0,0,0,0,0,1,0,0,0,0,0,1,0,0,0,0,210,0,4,0,1,0,0,0,0,0,1,0,0,0,2,0,0,8,0,0,0,0,150,0,2,0,0,0,0,0,0,0,0,0,0,0
"ENG_041_MZB_LO_3501","ENG_041_MZB_LO_3501-11.03.2015","11.03.2015",2015,3,11,0,0,10,0,620,0,0,0,0,0,0,0,440,0,0,0,0,0,0,0,0,0,0,0,0,0,0,0,0,0,0,23,1,0,0,0,0,0,560,0,1,0,0,0,0,0,0,2,0,0,73,0,0,3,5,0,0,0,0,0,0,0,0,0,0,0,0,0,0,0,0,750,0,2,0,0,0,0,1,0,0,9,0,0,0,1,0,0,6,0,0,0,0,166,0,3,0,0,0,0,0,0,0,0,0,0,0
"ENG_041_MZB_LO_3501","ENG_041_MZB_LO_3501-12.05.2016","12.05.2016",2016,5,12,0,0,6,0,200,0,0,0,0,0,1,0,320,0,0,0,0,0,0,0,0,0,0,0,0,0,0,0,0,0,0,12,0,2,0,0,0,1,85,0,1,0,0,0,0,0,0,7,0,0,12,0,0,0,115,0,0,0,0,0,0,0,0,0,0,0,0,0,0,0,0,170,0,1,0,0,0,0,1,0,0,2,0,0,0,2,0,0,3,0,0,0,0,13,0,0,0,0,0,0,0,0,0,0,0,0,0
"ENG_041_MZB_LO_3501","ENG_041_MZB_LO_3501-04.04.2017","04.04.2017",2017,4,4,0,0,16,0,160,0,0,0,0,0,2,0,157,0,0,0,0,0,0,3,0,0,0,2,0,0,0,0,0,0,0,4,1,0,0,0,0,0,200,0,0,0,0,0,0,0,0,2,0,0,45,0,0,2,2,0,0,0,0,0,0,0,0,0,0,0,0,0,0,0,0,150,0,0,0,0,0,0,1,0,1,5,0,0,0,10,0,0,2,0,0,0,0,3,0,2,0,0,0,1,0,0,0,0,0,0,0
"ENG_041_MZB_LO_3501","ENG_041_MZB_LO_3501-17.05.2018","17.05.2018",2018,5,17,0,0,4,0,14,0,0,0,0,0,0,0,19,0,0,0,0,0,0,0,0,0,0,0,0,0,0,0,0,0,0,3,0,0,0,0,0,0,250,0,2,2,0,0,0,0,0,2,0,0,200,0,0,0,3,0,0,0,0,0,1,0,0,0,0,0,0,0,0,0,0,25,0,0,0,0,0,0,0,0,0,1,0,0,0,0,0,0,0,0,0,0,0,5,0,5,0,0,0,0,0,0,0,0,0,0,0
"ENG_041_MZB_LO_3501","ENG_041_MZB_LO_3501-05.03.2019","05.03.2019",2019,3,5,0,0,0,0,22,0,0,0,0,0,1,0,4,0,0,0,0,0,0,0,0,0,0,0,0,0,0,0,0,0,0,1,0,0,0,0,0,0,90,0,2,1,0,0,0,0,0,0,0,0,50,0,0,0,0,0,0,0,0,0,0,0,0,0,0,0,0,0,0,0,0,17,0,1,0,0,0,0,1,0,0,11,0,0,0,1,0,0,2,0,0,0,0,22,0,0,0,0,0,0,0,0,0,0,0,0,0
"ENG_041_MZB_LO_3512","ENG_041_MZB_LO_3512-13.03.1995","13.03.1995",1995,3,13,0,0,1,0,1,0,0,0,0,0,0,0,33,0,0,0,0,0,0,0,0,0,0,0,0,0,0,0,0,0,0,0,0,0,0,0,0,33,33,0,0,0,0,0,0,0,0,0,0,0,0,0,0,0,0,0,0,0,0,0,0,0,0,0,0,0,0,0,0,0,0,66,0,0,0,0,0,0,0,0,3,33,0,0,0,0,0,0,0,0,0,0,0,33,0,0,0,0,0,0,0,0,0,0,0,0,0
"ENG_041_MZB_LO_3512","ENG_041_MZB_LO_3512-07.05.1996","07.05.1996",1996,5,7,0,0,3,0,0,0,0,0,0,0,0,0,33,0,0,0,0,0,0,0,0,0,0,0,0,0,0,0,0,0,0,0,0,0,0,0,0,33,33,0,1,0,0,0,0,0,0,0,0,0,0,0,0,0,0,0,0,0,0,0,0,0,0,0,0,0,0,0,0,0,0,33,0,0,0,0,0,0,0,0,3,3,0,0,0,0,0,0,0,0,0,0,0,33,0,1,0,0,0,0,0,0,0,0,0,0,0
"ENG_041_MZB_LO_3512","ENG_041_MZB_LO_3512-07.04.1997","07.04.1997",1997,4,7,0,0,3,0,0,0,0,0,0,0,0,0,33,0,0,0,0,0,0,0,0,0,0,0,0,0,0,0,0,0,0,0,0,0,0,0,0,33,33,0,3,0,0,0,0,0,0,0,0,0,0,0,0,0,3,0,1,0,0,0,0,0,0,0,0,0,0,0,0,0,0,66,0,0,0,0,0,0,0,0,1,3,0,0,0,0,0,0,0,0,0,0,0,3,0,0,0,0,0,0,0,0,0,0,0,0,0
"ENG_041_MZB_LO_3512","ENG_041_MZB_LO_3512-20.04.1998","20.04.1998",1998,4,20,0,0,33,0,0,0,0,0,0,0,0,0,33,0,0,0,0,0,0,0,1,0,0,0,0,0,0,0,0,0,0,0,0,0,0,0,0,33,333,0,3,0,0,0,0,0,0,33,0,0,0,0,0,0,0,0,0,0,0,0,0,0,0,0,0,0,0,0,0,0,0,33,0,0,0,0,0,0,0,0,3,1,0,0,0,0,0,0,0,0,0,0,0,33,0,0,0,0,0,0,0,0,0,0,0,0,0
"ENG_041_MZB_LO_3512","ENG_041_MZB_LO_3512-15.04.1999","15.04.1999",1999,4,15,0,0,3,0,0,0,0,0,0,0,0,0,33,0,0,0,0,0,0,0,0,0,0,0,0,0,0,0,0,0,0,0,0,0,0,0,0,33,33,0,3,0,0,0,0,0,0,0,0,0,0,0,0,3,0,0,0,0,0,0,0,0,0,0,0,0,0,0,0,0,0,33,0,0,0,0,0,0,0,0,1,1,0,0,0,0,0,0,0,0,0,0,0,33,0,0,0,0,0,0,0,0,0,0,0,0,0
"ENG_041_MZB_LO_3512","ENG_041_MZB_LO_3512-15.05.2000","15.05.2000",2000,5,15,0,0,33,0,33,0,0,0,0,0,0,0,33,0,0,0,0,0,0,0,0,0,0,0,0,0,0,0,0,0,0,1,3,0,0,0,0,6,3333,0,1,0,0,0,0,0,0,3,0,0,33,0,0,33,33,0,0,0,0,0,0,0,1,0,0,0,0,0,0,0,0,33,0,0,0,0,0,0,0,0,0,33,0,0,0,0,0,0,0,0,0,0,0,333,0,33,0,0,0,0,0,0,0,1,0,0,0
"ENG_041_MZB_LO_3512","ENG_041_MZB_LO_3512-02.05.2002","02.05.2002",2002,5,2,0,0,3,0,10,0,0,0,0,0,0,0,200,0,0,0,0,0,0,0,0,0,0,0,0,0,0,0,0,0,0,0,2,0,0,0,0,2,2000,0,0,0,0,0,0,0,0,3,0,0,2,0,0,10,20,0,0,0,0,0,0,0,0,0,0,0,0,0,0,0,0,10,0,0,0,0,0,0,0,0,4,4,0,0,0,0,0,0,0,0,0,0,0,10,0,4,0,0,0,10,0,0,0,0,0,0,0
"ENG_041_MZB_LO_3512","ENG_041_MZB_LO_3512-25.04.2003","25.04.2003",2003,4,25,0,0,10,0,10,0,0,0,0,0,0,0,800,0,0,0,0,0,0,0,0,0,0,0,0,0,0,0,0,0,0,0,1,0,0,0,0,1,3000,0,0,0,0,0,0,0,0,1,0,0,6,0,0,20,40,0,0,0,0,0,0,0,1,0,0,0,0,0,0,0,0,600,0,0,0,0,0,0,0,0,10,2,0,0,0,0,0,0,0,0,0,0,0,100,0,20,0,0,0,10,0,0,0,0,0,0,0
"ENG_041_MZB_LO_3512","ENG_041_MZB_LO_3512-23.04.2004","23.04.2004",2004,4,23,0,0,10,0,20,0,0,0,0,0,1,0,90,0,0,0,0,0,0,0,0,0,0,0,0,0,0,0,0,10,0,0,0,0,0,0,0,3,700,0,0,0,0,0,0,0,0,4,0,0,3,0,0,40,20,0,0,0,0,0,0,0,0,0,0,0,0,0,0,0,0,9,0,0,0,0,0,0,0,0,0,0,0,0,0,0,0,0,0,0,0,0,0,2,0,20,0,0,0,20,0,0,0,0,0,0,0
"ENG_041_MZB_LO_3512","ENG_041_MZB_LO_3512-11.05.2006","11.05.2006",2006,5,11,0,0,90,0,6,0,0,0,0,0,4,0,500,0,0,0,0,0,0,0,0,0,0,0,0,0,0,0,0,3,0,0,1,0,0,0,0,1,1000,0,0,0,0,0,0,0,0,30,0,0,60,0,0,9,30,0,0,0,0,0,0,6,1,0,0,0,4,0,0,0,0,20,0,0,0,0,0,0,0,0,3,0,0,0,0,0,2,0,0,0,0,0,0,30,0,4,0,0,0,0,0,2,0,0,0,0,0
"ENG_041_MZB_LO_3512","ENG_041_MZB_LO_3512-29.03.2007","29.03.2007",2007,3,29,1,0,10,0,0,0,0,0,0,0,3,0,100,0,0,0,0,0,0,0,0,0,0,0,0,0,0,0,0,0,0,0,2,0,0,0,0,0,100,0,0,0,0,0,0,0,0,2,0,0,3,0,0,30,0,0,0,0,0,0,0,40,0,0,0,0,0,0,0,0,0,0,0,0,0,0,0,0,0,0,0,2,0,0,0,0,20,0,0,0,0,0,0,4,0,0,0,0,0,0,0,0,0,0,0,0,0
"ENG_041_MZB_LO_3512","ENG_041_MZB_LO_3512-26.03.2008","26.03.2008",2008,3,26,0,0,8,0,1,0,0,0,0,0,0,0,192,0,0,0,0,0,0,0,0,0,0,0,0,0,0,0,0,11,0,1,3,0,0,0,0,0,379,0,0,0,0,0,0,0,0,0,0,0,8,0,0,17,0,0,0,0,0,0,0,11,0,0,0,0,0,0,0,0,0,208,0,0,0,0,0,0,0,0,1,2,0,0,0,0,1,0,0,0,0,0,0,4,0,0,0,0,0,0,0,0,0,0,0,0,0
"ENG_041_MZB_LO_3512","ENG_041_MZB_LO_3512-07.05.2009","07.05.2009",2009,5,7,0,0,5,0,5,0,0,0,0,0,0,0,30,0,0,0,0,0,0,0,0,0,0,0,0,0,0,0,0,5,0,0,1,0,0,0,0,0,600,0,0,0,0,0,0,0,0,0,0,0,9,0,0,34,10,0,0,0,0,0,0,20,0,0,0,0,0,0,0,0,0,7,0,0,0,0,0,0,0,0,0,6,0,0,0,0,7,0,0,0,0,0,0,200,0,0,0,0,0,0,0,0,0,0,0,0,0
"ENG_041_MZB_LO_3512","ENG_041_MZB_LO_3512-07.04.2010","07.04.2010",2010,4,7,0,0,11,0,7,0,1,0,0,0,1,0,113,0,0,0,0,0,0,1,0,0,0,0,0,0,0,0,0,10,0,0,1,0,0,0,0,1,415,0,1,0,0,0,0,0,0,5,0,0,14,0,0,48,2,0,0,0,0,0,0,34,0,0,0,0,0,0,0,0,0,151,0,0,0,0,0,0,0,0,2,4,0,2,0,0,20,0,3,0,0,0,0,2,0,9,0,0,0,0,0,0,0,0,0,0,0
"ENG_041_MZB_LO_3512","ENG_041_MZB_LO_3512-18.05.2012","18.05.2012",2012,5,18,0,0,5,0,7,0,1,0,0,0,1,0,346,0,0,0,0,0,0,0,0,0,0,0,0,0,0,0,0,7,0,0,1,2,0,0,0,0,73,0,0,0,0,0,0,0,0,4,0,0,103,0,0,5,1,0,0,0,0,0,0,4,1,0,0,0,0,0,0,0,0,50,0,0,0,0,0,0,1,0,0,19,0,1,0,0,18,0,0,0,0,0,0,65,0,18,0,0,0,0,0,0,0,0,0,0,0
"ENG_041_MZB_LO_3512","ENG_041_MZB_LO_3512-23.04.2013","23.04.2013",2013,4,23,0,0,2,0,4,0,2,0,0,0,0,0,234,0,0,0,0,0,0,0,0,0,0,0,0,0,0,0,0,2,0,0,17,0,0,0,0,0,290,0,1,1,0,0,0,0,0,2,0,0,58,0,0,107,0,0,0,1,0,0,0,12,0,0,0,0,0,0,1,0,0,197,0,0,0,0,0,0,0,0,0,12,0,3,0,0,28,0,1,0,0,0,0,0,0,35,0,0,0,0,0,0,0,0,0,0,0
"ENG_041_MZB_LO_3512","ENG_041_MZB_LO_3512-19.03.2014","19.03.2014",2014,3,19,0,0,3,0,0,0,1,0,0,0,0,0,31,0,0,0,0,0,0,1,0,0,0,0,0,0,0,0,0,0,0,0,1,0,0,0,0,0,20,0,0,0,0,0,0,0,0,1,0,0,7,0,0,14,0,0,0,0,0,0,0,0,0,0,0,0,0,0,4,0,0,70,0,0,0,0,0,0,0,0,1,1,0,0,0,0,3,0,1,0,0,0,0,0,0,15,0,0,0,0,0,0,0,0,0,0,0
"ENG_041_MZB_LO_3512","ENG_041_MZB_LO_3512-10.03.2015","10.03.2015",2015,3,10,0,0,1,0,0,0,4,0,0,0,0,0,25,0,0,0,0,0,1,3,0,0,0,0,0,0,0,0,0,1,0,0,0,0,0,0,0,0,33,0,0,0,0,0,0,0,0,0,0,0,0,0,0,1,0,0,0,2,0,0,0,0,0,0,0,0,0,0,2,0,0,18,0,0,0,0,0,0,0,0,0,0,0,0,0,0,0,0,1,0,0,0,0,2,0,10,0,0,0,0,0,0,0,0,0,0,0
"ENG_041_MZB_LO_3518","ENG_041_MZB_LO_3518-02.03.1994","02.03.1994",1994,3,2,0,0,3,0,33,0,0,0,0,0,0,0,3,0,0,0,0,0,0,0,0,0,1,0,0,0,0,0,0,0,0,0,0,0,0,0,0,3,33,0,0,0,0,0,0,0,0,0,0,0,0,0,0,33,0,0,0,0,0,0,33,0,0,0,0,0,0,0,0,0,0,3,0,0,0,0,0,0,0,0,1,1,0,0,0,0,0,0,0,0,0,0,0,3,0,1,0,0,0,0,0,0,0,0,0,0,0
"ENG_041_MZB_LO_3518","ENG_041_MZB_LO_3518-08.03.1995","08.03.1995",1995,3,8,0,0,3,0,33,0,0,0,0,0,0,0,33,0,0,0,0,0,0,0,0,0,0,0,0,0,0,0,0,0,1,0,0,0,0,0,0,3,3,0,0,0,0,0,0,0,0,0,0,0,33,0,0,0,0,0,0,0,0,0,0,0,3,0,0,0,0,0,0,0,0,33,0,0,0,0,0,0,0,0,0,0,0,0,0,0,0,0,0,0,0,0,0,33,0,33,0,0,0,1,0,0,0,0,0,0,0
"ENG_041_MZB_LO_3518","ENG_041_MZB_LO_3518-14.03.1996","14.03.1996",1996,3,14,0,0,33,0,33,0,0,0,0,0,0,0,3,0,0,0,0,0,0,0,0,0,0,0,0,0,0,0,0,0,0,0,0,0,0,0,0,0,33,0,0,0,0,0,0,0,0,0,0,0,3,0,0,0,0,0,0,0,0,0,0,0,33,0,0,0,0,0,0,0,0,33,0,0,0,0,0,0,0,0,1,1,0,0,0,0,0,0,0,0,0,0,0,33,0,0,0,0,0,1,0,0,0,0,0,0,0
"ENG_041_MZB_LO_3518","ENG_041_MZB_LO_3518-16.05.1997","16.05.1997",1997,5,16,0,0,1,0,3,0,0,0,0,0,0,0,33,0,0,0,0,0,0,0,0,0,0,0,0,0,0,0,0,0,1,0,0,0,0,0,0,0,1,0,0,0,0,0,0,0,0,0,0,0,0,0,0,0,0,0,0,0,0,0,0,0,0,0,0,0,0,0,0,0,0,4,0,0,0,0,0,0,0,0,0,0,0,0,0,0,0,0,0,0,0,0,0,3,0,0,0,0,0,0,0,0,0,0,0,0,0
"ENG_041_MZB_LO_3518","ENG_041_MZB_LO_3518-19.03.1998","19.03.1998",1998,3,19,0,0,33,0,3,0,0,0,0,0,0,0,33,0,0,0,0,0,0,0,0,0,0,0,0,0,0,0,0,0,0,0,0,0,0,0,0,0,33,0,0,0,0,0,0,0,0,0,0,0,33,0,0,0,0,0,0,0,0,0,1,0,1,0,0,0,0,0,0,0,0,36,0,0,0,0,0,0,0,0,0,0,0,0,0,0,0,0,0,0,0,0,0,33,0,0,0,0,0,0,0,0,0,0,0,0,0
"ENG_041_MZB_LO_3518","ENG_041_MZB_LO_3518-08.03.2000","08.03.2000",2000,3,8,0,0,33,0,33,0,0,0,0,0,1,0,33,0,0,0,0,0,0,0,0,0,0,0,0,0,0,0,0,0,0,0,0,0,0,0,0,0,5,0,0,0,0,0,0,0,0,33,0,0,1,0,0,0,0,0,0,0,0,0,2,0,0,0,0,0,0,0,0,0,0,33,0,0,0,0,0,0,0,0,0,2,0,0,0,0,0,0,0,0,0,0,0,33,0,2,0,0,0,1,0,0,0,0,0,0,0
"ENG_041_MZB_LO_3518","ENG_041_MZB_LO_3518-23.05.2002","23.05.2002",2002,5,23,0,0,10,0,200,0,0,0,0,0,20,0,200,0,0,0,0,0,0,0,0,0,0,0,0,0,0,0,0,0,4,0,5,50,0,0,0,0,200,0,2,0,0,0,0,0,0,10,0,0,30,0,0,0,0,0,0,0,0,0,0,0,10,0,0,0,0,0,0,0,0,70,0,0,0,0,0,0,0,0,0,20,0,0,0,1,0,0,0,0,0,0,0,600,0,8,0,0,0,60,0,0,0,0,0,0,0
"ENG_041_MZB_LO_3518","ENG_041_MZB_LO_3518-19.03.2003","19.03.2003",2003,3,19,0,0,2,0,10,0,0,0,0,0,20,0,200,0,0,0,0,0,0,0,0,0,0,0,0,0,0,0,0,0,1,0,1,0,0,0,0,0,10,0,0,0,0,0,0,0,0,30,0,0,3,0,0,0,0,0,0,0,0,0,3,0,6,0,0,0,0,0,0,0,0,1000,0,0,0,0,0,0,0,0,0,0,0,0,0,3,0,0,0,0,0,0,0,300,0,0,0,0,0,1,0,0,0,0,0,0,0
"ENG_041_MZB_LO_3518","ENG_041_MZB_LO_3518-06.05.2004","06.05.2004",2004,5,6,0,0,1,0,11,0,0,0,0,0,5,0,110,0,0,0,0,0,0,0,0,0,0,0,0,0,0,0,0,0,0,0,0,1,0,0,0,0,0,0,0,0,0,0,0,0,0,0,0,0,2,0,0,0,0,0,0,0,0,0,1,0,0,0,0,0,0,0,0,0,0,55,0,0,0,0,0,0,0,0,0,0,0,0,0,0,0,0,0,0,0,0,0,270,0,1,0,0,0,0,0,0,0,0,0,0,0
"ENG_041_MZB_LO_3518","ENG_041_MZB_LO_3518-20.04.2005","20.04.2005",2005,4,20,0,0,4,0,40,0,0,0,0,0,10,0,5,0,0,0,0,0,0,0,0,0,0,0,0,0,0,0,0,0,0,0,0,0,0,0,0,0,0,0,0,0,0,0,0,0,0,0,0,0,8,0,0,1,0,0,0,0,0,0,0,0,20,0,0,0,0,0,0,0,0,30,0,0,0,0,0,0,0,0,0,0,0,0,0,0,0,0,0,0,0,0,0,0,0,4,0,0,0,1,0,0,0,0,0,0,1
"ENG_041_MZB_LO_3518","ENG_041_MZB_LO_3518-11.05.2006","11.05.2006",2006,5,11,0,0,5,0,10,0,0,0,0,0,7,0,300,0,0,0,0,0,0,0,0,0,0,0,0,0,1,0,0,0,0,0,0,0,0,0,0,0,0,0,0,0,0,0,1,4,0,2,0,0,3,0,0,0,0,0,0,0,0,0,1,1,4,0,0,0,0,0,0,0,0,80,0,0,0,0,0,0,0,0,0,0,0,0,0,0,0,0,0,0,0,0,0,500,0,2,0,0,0,0,0,0,0,0,0,0,0
"ENG_041_MZB_LO_3518","ENG_041_MZB_LO_3518-07.05.2008","07.05.2008",2008,5,7,0,0,80,0,150,0,0,0,0,0,4,0,65,0,0,0,0,0,0,1,0,0,0,0,0,0,0,0,0,0,1,0,0,3,0,0,0,0,2,0,0,1,0,0,0,0,0,0,0,0,2,0,0,2,0,0,0,0,0,0,8,0,50,0,0,0,0,0,0,0,0,40,0,0,0,0,0,0,25,0,0,3,0,0,0,0,0,0,0,0,0,0,0,7,0,5,0,0,0,0,0,0,0,0,0,0,0
"ENG_041_MZB_LO_3518","ENG_041_MZB_LO_3518-15.05.2009","15.05.2009",2009,5,15,0,0,200,0,7,0,0,0,0,0,4,0,17,0,0,0,0,0,0,1,0,0,0,0,0,0,0,0,0,0,0,0,0,8,0,0,0,0,15,0,0,5,0,0,0,0,0,0,0,0,6,0,0,2,0,0,0,0,0,0,2,0,1,0,0,0,0,0,0,0,0,16,0,1,0,0,0,0,0,0,0,11,0,0,0,0,0,0,0,0,0,0,0,0,0,8,0,0,0,0,0,0,0,0,0,0,0
"ENG_041_MZB_LO_3518","ENG_041_MZB_LO_3518-12.04.2010","12.04.2010",2010,4,12,0,0,9,0,200,0,0,0,0,0,4,0,60,0,0,0,0,0,0,0,0,0,0,0,0,0,0,0,0,0,0,0,0,0,0,0,0,0,0,0,0,0,0,0,0,0,0,0,0,0,5,0,0,1,0,0,0,0,0,0,0,0,5,0,0,0,0,0,0,0,0,80,0,0,0,0,0,0,3,0,0,0,0,0,0,0,0,0,0,0,0,0,0,250,0,4,0,0,0,0,0,0,0,0,0,0,0
"ENG_041_MZB_LO_3518","ENG_041_MZB_LO_3518-23.03.2011","23.03.2011",2011,3,23,0,0,3,0,33,0,0,0,0,0,1,0,50,0,0,0,0,0,0,0,0,0,0,0,0,0,0,0,0,0,0,0,0,0,0,0,0,0,1,0,0,0,0,0,0,0,0,2,0,0,2,0,0,0,0,0,0,0,0,0,0,0,3,0,0,0,0,0,0,0,0,93,0,0,0,0,0,0,2,0,0,0,0,0,0,0,0,0,0,1,0,0,0,200,0,5,0,0,0,0,0,0,0,0,0,0,0
"ENG_041_MZB_LO_3518","ENG_041_MZB_LO_3518-09.05.2012","09.05.2012",2012,5,9,0,0,60,0,10,0,0,0,0,0,1,0,300,0,0,0,0,0,0,0,0,0,0,0,0,0,0,0,0,0,0,0,0,1,0,0,0,0,0,0,0,0,0,0,0,0,0,0,0,0,8,0,0,0,0,0,0,0,0,0,4,0,3,0,0,0,0,0,0,0,0,150,0,0,0,0,0,0,0,0,0,0,0,0,0,0,0,0,0,0,0,0,0,60,0,60,0,0,0,3,0,0,0,0,0,0,0
"ENG_041_MZB_LO_3518","ENG_041_MZB_LO_3518-18.04.2013","18.04.2013",2013,4,18,0,0,5,0,320,0,0,0,0,0,2,0,50,0,0,0,0,0,0,4,0,0,0,0,0,0,0,0,0,0,0,0,1,0,0,0,0,0,2,0,0,0,0,0,0,0,0,0,0,0,12,0,0,0,0,0,0,0,0,0,4,0,4,0,0,0,0,0,0,0,0,20,0,1,0,0,0,0,4,0,0,0,0,0,0,0,0,0,0,0,0,0,0,90,0,10,0,0,0,0,0,0,0,0,0,0,0
"ENG_041_MZB_LO_3518","ENG_041_MZB_LO_3518-14.04.2014","14.04.2014",2014,4,14,0,0,21,0,250,0,0,0,0,0,1,0,59,0,0,0,0,0,0,0,0,0,0,0,0,0,0,0,0,0,0,1,0,0,0,0,0,0,75,0,0,0,0,0,0,0,0,0,0,0,3,0,0,0,0,0,0,0,0,0,11,0,0,0,0,0,0,0,0,0,0,10,0,0,0,0,0,0,0,0,0,0,0,0,0,0,0,0,0,0,0,0,0,15,0,2,0,0,0,0,0,0,0,0,0,0,0
"ENG_041_MZB_LO_3518","ENG_041_MZB_LO_3518-23.03.2015","23.03.2015",2015,3,23,0,0,1,0,125,0,0,0,0,0,6,0,3,0,0,0,0,0,0,0,0,0,0,0,0,0,0,0,0,0,0,2,1,0,0,0,0,0,320,0,1,1,0,0,0,0,0,6,0,0,160,0,0,6,0,0,0,0,0,0,1,0,0,0,0,0,0,0,0,0,0,94,0,6,0,0,0,0,0,0,0,0,0,0,0,0,0,0,0,0,0,0,0,6,0,15,0,0,0,1,0,0,0,0,0,0,0
"ENG_041_MZB_LO_3518","ENG_041_MZB_LO_3518-16.03.2016","16.03.2016",2016,3,16,0,0,2,0,103,0,0,0,0,0,1,0,15,0,0,0,0,0,0,0,0,0,0,0,0,0,0,0,0,0,0,1,2,0,0,0,0,0,29,0,0,0,0,0,0,0,0,1,0,0,6,0,0,0,0,0,0,0,1,0,4,0,0,0,0,0,0,0,0,0,0,14,0,0,0,0,0,0,0,0,0,0,0,0,0,1,0,0,0,0,0,0,0,9,0,0,0,0,0,2,0,0,0,0,0,0,0
"ENG_041_MZB_LO_3518","ENG_041_MZB_LO_3518-05.05.2017","05.05.2017",2017,5,5,0,0,0,0,38,0,0,0,0,0,2,0,52,0,0,0,0,0,0,0,0,0,0,0,0,0,0,0,0,0,0,4,0,8,0,0,0,0,1,0,0,6,0,0,0,0,0,0,0,0,50,0,0,0,0,0,0,0,0,0,1,0,0,0,0,0,0,0,0,0,0,4,0,1,0,0,0,0,0,0,0,0,0,0,0,0,0,0,0,0,0,0,0,61,0,1,0,0,0,0,0,0,0,0,0,0,0
"ENG_041_MZB_LO_3518","ENG_041_MZB_LO_3518-09.05.2018","09.05.2018",2018,5,9,0,0,0,0,138,0,0,0,0,0,2,0,11,0,0,0,0,0,0,0,0,0,0,0,0,0,0,0,0,0,0,2,0,23,0,0,0,0,127,0,0,0,0,0,0,0,0,4,0,0,12,0,0,1,0,0,0,0,0,0,2,0,7,0,0,0,0,0,0,0,0,9,0,5,0,0,0,0,0,0,0,1,0,0,0,0,0,0,0,0,0,0,0,25,0,7,0,0,0,0,0,0,0,0,0,0,0
"ENG_041_MZB_LO_3518","ENG_041_MZB_LO_3518-06.03.2019","06.03.2019",2019,3,6,0,0,9,0,54,0,0,0,0,0,8,0,26,0,0,0,0,0,0,0,0,0,0,0,0,0,0,0,0,0,0,19,0,0,0,0,0,0,226,0,0,2,0,0,0,0,0,0,0,0,7,0,0,17,0,0,0,0,0,0,6,3,1,0,0,0,0,0,0,0,0,63,0,11,0,0,0,0,0,0,0,1,0,0,0,0,0,0,0,0,0,0,0,42,0,23,0,0,0,0,0,0,0,0,0,0,0
"ENG_041_MZB_LO_3547","ENG_041_MZB_LO_3547-20.05.1997","20.05.1997",1997,5,20,0,0,1,0,45,0,0,0,0,0,1,0,3,0,0,0,0,0,0,0,0,0,0,0,0,0,0,0,0,0,0,0,0,0,0,0,0,0,45,0,1,0,0,0,0,0,3,3,0,0,0,0,0,3,0,0,0,0,0,0,1,0,0,0,0,0,0,3,0,0,0,14,0,0,0,0,0,0,0,0,0,1,0,0,0,0,0,0,3,0,0,0,0,0,0,1,0,0,0,0,0,0,0,0,0,0,0
"ENG_041_MZB_LO_3547","ENG_041_MZB_LO_3547-14.05.1998","14.05.1998",1998,5,14,0,0,0,0,45,0,0,0,0,0,0,0,13,0,0,0,0,0,0,0,0,0,0,0,0,0,0,0,0,0,0,3,0,0,0,0,0,0,0,0,0,0,0,0,0,0,3,3,0,0,0,0,0,1,0,0,0,0,0,0,0,0,0,0,0,0,0,1,0,0,0,26,0,1,0,0,0,0,0,0,0,0,0,0,0,0,0,0,3,0,0,1,0,0,0,0,0,0,0,0,0,0,0,0,0,0,0
"ENG_041_MZB_LO_3547","ENG_041_MZB_LO_3547-21.05.2001","21.05.2001",2001,5,21,0,0,3,0,33,0,0,0,0,0,3,0,33,33,0,0,0,0,0,0,0,0,0,0,0,0,0,0,0,0,3,3,3,33,0,0,0,3,33,0,0,3,0,0,0,0,3,3,0,0,1,0,0,0,0,0,0,3,3,3,3,0,0,0,0,0,0,0,0,0,0,39,0,3,0,3,0,0,0,0,3,3,0,0,0,0,0,0,3,0,0,3,0,0,0,3,0,0,0,0,0,0,0,0,0,0,0
"ENG_041_MZB_LO_3547","ENG_041_MZB_LO_3547-10.04.2002","10.04.2002",2002,4,10,0,0,1,0,218,0,0,0,0,0,3,0,9,3,0,0,0,0,0,0,0,0,0,0,0,0,0,0,0,0,0,0,1,0,0,0,0,1,61,0,0,0,2,0,0,0,11,0,0,0,0,0,0,0,0,0,0,1,0,0,0,0,0,0,0,0,0,1,0,0,0,72,0,0,0,1,0,0,0,0,1,2,0,0,0,0,0,0,3,0,0,5,0,0,0,4,0,0,0,1,0,0,0,0,1,0,0
"ENG_041_MZB_LO_3547","ENG_041_MZB_LO_3547-18.03.2003","18.03.2003",2003,3,18,0,0,2,0,2,0,0,0,0,0,1,0,12,5,0,0,0,0,0,0,0,0,0,0,0,0,0,0,0,0,0,1,3,0,0,0,0,2,10,0,0,0,0,0,0,0,12,0,0,0,0,0,0,4,0,0,0,0,0,1,0,1,0,0,0,0,0,0,0,0,0,13,0,2,0,0,0,0,0,0,11,2,0,1,0,0,0,0,2,0,0,16,0,6,0,6,0,0,0,0,0,0,0,0,0,0,0
"ENG_041_MZB_LO_3547","ENG_041_MZB_LO_3547-25.03.2004","25.03.2004",2004,3,25,0,0,2,0,100,0,0,0,0,0,10,0,10,1,0,0,0,0,0,0,0,0,0,0,0,0,0,0,0,0,0,1,0,0,0,0,0,2,100,0,2,2,0,0,0,0,10,0,0,0,0,0,0,10,0,0,0,1,0,0,0,0,0,0,0,0,0,0,0,0,0,10,0,1,0,2,0,0,0,0,1,10,0,1,0,0,0,0,4,0,0,16,0,0,0,10,0,0,0,1,0,0,0,0,0,0,0
"ENG_041_MZB_LO_3547","ENG_041_MZB_LO_3547-15.04.2005","15.04.2005",2005,4,15,0,0,2,0,20,0,0,0,0,0,3,0,4,0,0,0,0,0,0,0,0,0,0,0,0,0,0,0,0,0,0,4,4,0,0,0,0,0,20,0,0,10,0,0,0,0,6,2,0,0,0,0,0,1,0,0,0,1,0,1,0,0,0,0,0,0,0,2,0,0,0,10,0,5,0,4,0,0,0,0,6,6,0,0,0,0,0,0,3,0,0,5,0,0,0,2,0,0,0,2,0,0,0,0,0,0,0
"ENG_041_MZB_LO_3547","ENG_041_MZB_LO_3547-27.04.2006","27.04.2006",2006,4,27,0,0,1,0,74,0,0,0,0,0,7,0,15,16,0,0,0,0,0,0,0,0,0,0,0,0,0,0,0,0,4,7,12,0,0,0,0,1,426,0,1,11,2,0,0,0,15,1,0,0,2,0,0,16,0,0,0,9,0,0,2,0,0,0,0,0,0,1,0,0,0,5,0,1,0,17,0,0,0,0,5,10,0,5,0,1,0,0,6,0,0,205,0,0,0,21,0,0,0,2,0,0,0,0,0,0,0
"ENG_041_MZB_LO_3547","ENG_041_MZB_LO_3547-10.04.2007","10.04.2007",2007,4,10,0,0,5,0,29,1,0,0,1,0,4,0,6,2,0,0,0,0,0,0,0,0,1,0,0,0,0,0,0,0,2,3,3,0,0,0,0,1,184,0,4,10,2,0,0,0,3,1,0,0,0,0,0,6,0,0,0,3,2,0,2,0,0,0,0,0,0,1,0,0,1,10,0,6,0,3,0,0,0,0,8,1,0,3,0,0,0,0,2,0,0,7,0,0,0,15,0,0,0,0,0,0,0,0,0,0,0
"ENG_041_MZB_LO_3547","ENG_041_MZB_LO_3547-08.05.2008","08.05.2008",2008,5,8,0,0,0,0,220,0,0,0,0,0,0,0,2,1,0,0,0,0,0,0,0,0,0,0,0,0,0,0,0,0,0,5,5,1,0,0,0,0,51,0,1,100,2,0,0,0,2,0,0,0,0,0,0,4,0,0,0,2,1,0,0,0,0,0,0,0,0,1,0,0,0,40,0,1,0,1,0,0,0,0,2,0,0,1,0,0,0,0,0,0,0,4,0,0,0,1,0,0,0,0,0,0,0,0,0,0,0
"ENG_041_MZB_LO_3547","ENG_041_MZB_LO_3547-03.04.2009","03.04.2009",2009,4,3,0,0,0,0,97,0,0,0,0,0,0,0,2,1,0,0,0,0,0,0,0,0,0,0,0,0,0,0,0,0,0,4,1,0,0,0,0,1,83,0,0,0,0,0,0,0,11,0,0,0,0,0,0,8,0,0,0,0,0,0,0,0,0,0,0,0,0,0,0,0,0,9,0,2,0,0,0,0,0,0,0,1,0,0,0,0,0,0,2,0,0,5,0,0,0,0,0,0,0,0,0,0,0,0,0,0,0
"ENG_041_MZB_LO_3547","ENG_041_MZB_LO_3547-15.03.2010","15.03.2010",2010,3,15,0,0,7,0,400,0,0,0,0,0,0,0,20,1,0,0,0,0,0,0,0,0,3,0,0,0,0,0,0,0,0,43,0,0,0,0,0,1,300,0,1,10,0,0,0,0,35,0,0,0,1,0,0,7,0,0,0,0,0,0,2,1,0,0,0,0,0,12,0,0,0,56,0,4,0,6,0,0,0,0,20,4,0,0,0,0,0,0,7,0,1,24,0,10,0,0,0,0,0,0,0,0,0,0,0,0,0
"ENG_041_MZB_LO_3573","ENG_041_MZB_LO_3573-18.04.1997","18.04.1997",1997,4,18,0,0,0,0,3,0,0,0,0,0,0,0,13,45,0,0,0,0,0,0,0,0,0,0,0,0,0,0,0,0,0,0,0,0,0,0,0,0,0,0,0,0,0,0,0,0,3,13,0,0,0,0,0,0,0,0,0,0,0,45,0,0,0,0,0,0,0,0,0,0,0,19,0,0,0,45,0,0,0,0,3,3,0,0,0,0,3,0,0,0,0,0,0,13,0,0,0,0,0,0,0,0,0,0,0,0,0
"ENG_041_MZB_LO_3573","ENG_041_MZB_LO_3573-06.05.1998","06.05.1998",1998,5,6,0,0,3,0,7,0,0,0,0,0,0,0,333,7,0,0,0,0,0,0,0,0,0,0,0,0,3,0,0,0,0,3,3,0,0,0,0,0,0,0,0,0,0,0,0,0,3,3,0,0,0,0,0,3,0,0,0,0,0,33,0,0,0,0,0,0,0,0,0,0,3,6,0,0,3,1,3,0,0,0,3,0,0,0,0,3,3,0,0,0,0,0,0,3,0,0,0,0,0,0,0,0,0,0,0,0,0
"ENG_041_MZB_LO_3573","ENG_041_MZB_LO_3573-05.05.1999","05.05.1999",1999,5,5,0,0,0,0,0,0,0,0,0,0,3,0,333,0,0,0,0,0,0,0,0,0,0,0,0,0,0,0,0,0,0,0,3,0,0,0,0,0,0,0,0,0,0,0,0,0,0,3,0,0,0,0,0,0,0,0,0,0,0,0,0,0,0,0,0,0,0,0,0,0,0,3,0,0,0,3,0,0,0,0,33,0,0,0,0,0,0,0,0,0,0,0,0,3,0,0,0,0,0,0,0,0,0,0,0,0,0
"ENG_041_MZB_LO_3573","ENG_041_MZB_LO_3573-03.05.2000","03.05.2000",2000,5,3,0,0,0,0,0,0,0,0,0,0,0,0,333,0,0,0,0,0,0,0,0,0,0,0,0,0,0,0,0,0,0,0,3,0,0,0,0,0,0,0,0,0,0,0,0,0,0,3,0,0,0,0,0,0,0,0,0,0,0,0,3,0,0,0,0,0,0,0,0,0,0,3,0,0,0,0,0,0,0,0,3,0,0,0,0,0,0,0,0,0,0,0,0,3,0,3,0,0,0,3,0,0,0,0,0,0,0
"ENG_041_MZB_LO_3573","ENG_041_MZB_LO_3573-21.05.2002","21.05.2002",2002,5,21,0,0,0,0,242,0,0,0,0,0,1,0,345,17,0,0,0,0,0,0,0,0,0,0,0,0,0,0,0,0,0,15,13,24,0,0,0,0,0,0,0,0,0,0,0,0,1,12,2,0,0,0,2,4,12,0,0,0,0,122,0,2,0,0,0,0,0,1,0,0,2,12,0,2,0,7,0,0,0,0,47,0,0,0,0,0,0,0,4,0,7,0,0,46,0,3,0,0,0,0,0,0,0,0,0,0,0
"ENG_041_MZB_LO_3573","ENG_041_MZB_LO_3573-08.04.2003","08.04.2003",2003,4,8,0,0,0,0,12,0,0,0,0,0,0,0,110,6,0,0,0,0,0,0,0,0,0,0,0,0,0,0,0,0,0,11,0,0,0,0,0,0,1,0,0,0,0,0,0,0,15,10,6,0,0,0,0,12,0,0,0,0,0,150,0,0,0,0,0,0,0,7,0,0,1,2,0,1,0,12,0,0,0,0,0,0,0,0,0,0,0,0,25,0,0,0,0,10,0,0,0,0,8,0,0,0,0,0,0,0,0
"ENG_041_MZB_LO_3573","ENG_041_MZB_LO_3573-09.05.2004","09.05.2004",2004,5,9,0,0,0,0,10,0,0,0,0,0,20,0,10,3,0,0,0,0,0,0,0,0,0,0,0,0,0,0,0,0,0,1,10,0,0,0,0,0,0,0,0,0,0,0,0,0,0,3,0,0,1,0,0,10,10,0,0,0,0,10,0,0,0,0,0,0,0,0,0,0,0,10,0,0,0,0,0,0,0,0,1,0,0,0,0,0,0,0,0,0,0,0,0,0,0,0,0,0,0,1,0,0,0,0,0,0,0
"ENG_041_MZB_LO_3573","ENG_041_MZB_LO_3573-12.05.2005","12.05.2005",2005,5,12,0,0,0,0,41,0,0,0,0,0,3,0,207,2,0,0,0,0,0,0,0,0,0,0,0,0,0,0,0,0,0,6,12,3,0,0,0,0,0,0,0,0,0,0,0,0,3,8,1,0,0,0,0,14,2,0,0,0,0,20,0,0,0,0,0,0,0,0,0,0,0,10,0,8,0,0,0,0,0,0,1,0,0,1,0,0,0,0,2,0,0,0,0,1,0,0,0,0,0,2,0,0,0,0,0,0,0
"ENG_041_MZB_LO_3573","ENG_041_MZB_LO_3573-27.04.2006","27.04.2006",2006,4,27,0,0,0,0,55,0,0,0,0,0,0,0,32,10,0,0,0,0,0,0,0,0,0,0,0,0,0,0,0,0,0,6,1,0,0,0,0,0,0,0,1,0,0,0,0,0,2,2,1,0,0,0,0,49,0,0,0,0,0,37,1,0,0,0,0,0,0,0,0,0,4,3,0,2,0,6,0,0,0,0,36,0,0,2,0,2,1,0,1,0,0,0,0,6,0,0,0,0,0,1,0,0,0,0,0,0,0
"ENG_041_MZB_LO_3573","ENG_041_MZB_LO_3573-19.03.2007","19.03.2007",2007,3,19,0,0,0,0,31,0,0,0,0,0,0,0,24,1,0,0,0,0,0,0,0,0,0,0,0,0,0,0,0,0,0,3,3,0,0,0,0,0,1,0,0,0,0,0,0,0,6,2,1,0,0,0,0,3,0,0,0,0,0,79,0,0,0,0,0,0,0,2,0,0,0,2,0,1,0,21,0,0,0,0,1,0,0,0,0,0,0,0,3,0,0,0,0,1,0,1,0,0,2,0,0,0,0,0,0,0,0
"ENG_041_MZB_LO_3573","ENG_041_MZB_LO_3573-19.03.2008","19.03.2008",2008,3,19,0,0,0,0,101,0,0,0,0,0,0,0,65,2,0,0,0,0,0,0,0,0,0,0,0,0,0,0,0,0,0,0,5,0,0,0,0,0,1,0,0,0,1,0,0,0,12,7,0,0,0,0,0,15,0,0,0,0,0,65,1,0,0,0,0,0,0,0,0,0,0,9,0,3,0,6,0,0,0,0,27,0,0,0,0,0,0,0,2,0,0,0,0,2,0,0,0,0,3,0,0,0,0,0,0,0,0
"ENG_041_MZB_LO_3573","ENG_041_MZB_LO_3573-29.04.2009","29.04.2009",2009,4,29,0,0,0,0,50,0,0,0,0,0,0,0,120,1,0,0,0,0,0,0,0,0,0,0,0,0,0,0,0,0,0,4,3,0,0,0,0,0,0,0,0,0,0,0,0,0,6,4,0,0,0,0,0,12,1,0,0,0,0,15,1,0,0,0,0,0,1,0,0,0,0,31,0,1,0,2,0,0,0,0,1,0,0,0,0,0,1,0,0,0,0,0,0,4,0,0,0,0,0,0,0,0,0,0,0,0,0
"ENG_041_MZB_LO_3573","ENG_041_MZB_LO_3573-08.04.2010","08.04.2010",2010,4,8,0,0,0,0,110,0,0,0,0,0,0,0,280,1,0,0,0,0,0,0,0,0,0,0,0,0,0,0,0,0,0,7,5,0,0,0,0,0,0,0,0,0,0,0,0,0,5,2,1,0,0,0,0,31,0,0,0,0,0,106,6,0,0,0,0,0,0,1,0,0,3,77,0,1,0,6,1,0,0,0,45,1,0,0,0,0,0,0,4,0,0,0,0,132,0,0,0,0,0,0,0,0,0,0,0,0,0
"ENG_041_MZB_LO_3573","ENG_041_MZB_LO_3573-21.04.2011","21.04.2011",2011,4,21,0,0,0,0,135,0,0,0,0,0,0,0,550,4,0,0,0,0,0,0,0,0,0,0,0,0,0,0,0,0,0,9,6,1,0,0,0,0,0,0,0,1,0,0,0,0,9,12,0,0,0,0,0,90,4,0,0,0,0,324,4,0,0,0,0,0,0,0,0,0,3,9,0,6,0,6,0,0,0,0,6,2,0,0,0,0,0,0,8,0,0,0,0,7,0,4,0,0,0,0,0,0,0,0,0,0,0
"ENG_041_MZB_LO_3573","ENG_041_MZB_LO_3573-08.05.2012","08.05.2012",2012,5,8,0,0,0,0,8,0,0,0,0,0,37,0,1194,9,0,0,0,0,0,0,0,0,0,0,0,0,0,0,0,0,0,7,23,27,0,0,0,1,0,0,0,0,0,0,0,0,5,17,1,0,0,0,0,19,7,0,0,0,0,194,7,2,0,0,0,0,0,2,0,0,3,64,0,5,0,1,0,0,0,0,51,6,0,6,0,4,4,0,0,0,0,1,0,0,0,0,0,0,0,0,0,0,0,0,0,0,0
"ENG_041_MZB_LO_3573","ENG_041_MZB_LO_3573-23.04.2013","23.04.2013",2013,4,23,0,0,0,0,23,0,0,0,0,0,7,0,391,5,0,0,0,0,0,0,0,0,0,0,0,0,0,0,0,0,1,8,31,0,0,0,0,0,0,0,0,0,0,0,0,0,0,21,1,0,1,0,0,8,2,0,2,0,0,104,3,0,1,0,0,0,3,0,0,0,0,79,0,7,0,1,0,0,0,0,247,12,0,2,0,4,2,0,1,0,0,0,0,6,0,2,0,0,0,0,0,0,0,0,0,0,0
"ENG_041_MZB_LO_3573","ENG_041_MZB_LO_3573-15.04.2014","15.04.2014",2014,4,15,0,0,0,0,3,1,0,0,0,0,1,0,55,0,0,0,0,0,0,0,0,0,0,4,0,0,0,0,0,0,0,6,0,0,0,0,0,0,0,0,0,0,0,0,0,0,0,5,0,0,0,0,0,13,2,0,0,0,0,0,1,1,0,0,0,0,0,0,0,0,0,33,0,6,0,0,0,0,0,0,12,2,0,0,0,6,1,0,0,0,1,0,0,2,0,0,0,0,0,0,0,0,0,0,0,0,0
"ENG_041_MZB_LO_3573","ENG_041_MZB_LO_3573-16.04.2015","16.04.2015",2015,4,16,0,0,0,0,27,0,0,0,0,0,2,0,53,2,0,0,0,0,0,0,0,0,0,0,0,0,0,0,0,0,0,11,0,0,0,0,0,0,0,0,0,0,0,0,0,0,1,6,1,0,0,0,0,26,1,0,1,0,0,103,2,0,0,0,0,0,0,0,0,0,1,7,0,0,0,0,0,0,0,0,23,2,0,1,0,6,12,0,4,0,0,0,0,3,0,1,0,0,0,1,0,0,0,0,0,0,0
"ENG_041_MZB_LO_3573","ENG_041_MZB_LO_3573-19.04.2016","19.04.2016",2016,4,19,0,0,0,0,5,0,0,0,0,0,0,0,80,0,0,0,0,0,0,0,0,0,0,0,0,0,0,0,0,0,0,6,0,0,0,0,0,0,0,0,0,0,0,0,0,0,0,0,0,0,0,0,0,16,0,0,0,0,0,3,0,0,0,0,0,0,0,0,0,0,0,10,0,1,0,0,0,0,0,0,27,0,0,0,0,3,0,0,1,0,0,1,0,6,0,1,0,0,0,0,0,0,0,0,0,0,0
"ENG_041_MZB_LO_3573","ENG_041_MZB_LO_3573-10.05.2017","10.05.2017",2017,5,10,0,0,0,0,109,0,0,0,0,0,0,0,352,19,0,0,0,0,0,0,0,0,0,0,0,0,0,0,0,0,0,5,1,0,0,0,0,0,0,0,1,0,0,0,0,0,3,5,2,0,0,0,0,66,3,0,0,0,0,98,2,0,0,0,0,0,0,0,0,0,2,24,0,2,0,0,0,0,0,0,6,21,0,2,0,0,0,0,4,0,0,0,0,0,0,0,0,0,0,0,0,0,0,0,0,0,0
"ENG_041_MZB_LO_3573","ENG_041_MZB_LO_3573-23.04.2018","23.04.2018",2018,4,23,0,0,0,0,45,1,0,0,0,0,5,0,519,5,0,0,0,0,0,0,0,0,0,0,0,0,0,0,0,0,0,39,24,0,0,0,0,0,0,0,0,1,0,0,0,0,2,11,1,0,1,0,0,105,3,0,2,0,1,33,10,0,0,0,0,0,0,0,0,0,5,91,0,6,0,0,3,0,0,0,301,7,0,1,0,12,0,0,6,0,5,0,0,11,0,3,0,0,0,0,0,2,0,0,0,0,0
"ENG_041_MZB_LO_3588","ENG_041_MZB_LO_3588-25.05.1995","25.05.1995",1995,5,25,0,0,0,0,0,0,0,0,0,0,0,0,33,3,0,0,0,0,0,0,0,0,0,0,0,0,0,0,0,0,0,3,0,0,0,0,0,0,3,0,0,1,3,0,0,0,33,0,0,0,0,0,1,3,0,0,0,0,0,333,3,0,0,0,0,0,0,33,0,0,0,4,0,13,0,33,0,0,0,0,1,1,0,0,0,0,0,0,2,0,0,0,0,0,0,0,0,0,0,0,0,0,0,0,0,0,0
"ENG_041_MZB_LO_3588","ENG_041_MZB_LO_3588-13.05.1997","13.05.1997",1997,5,13,0,0,0,0,33,0,0,0,0,0,0,0,33,33,0,0,0,0,0,0,0,0,0,0,0,0,0,0,0,0,1,8,3,4,3,0,0,0,1,0,0,3,3,0,0,0,33,33,0,0,0,0,33,33,0,0,0,0,3,33,33,0,1,0,0,0,0,5,0,0,5,51,0,33,0,33,0,0,0,0,0,0,0,0,0,0,0,0,8,0,0,3,0,33,0,3,0,0,0,0,0,0,0,0,0,0,0
"ENG_041_MZB_LO_3588","ENG_041_MZB_LO_3588-19.05.1998","19.05.1998",1998,5,19,0,0,0,0,4,0,0,0,0,0,0,0,33,0,0,0,0,0,0,0,0,0,0,0,0,0,0,0,0,0,4,0,0,9,0,0,0,0,1,0,0,0,0,0,0,0,0,33,0,0,0,0,0,0,0,0,0,0,0,3,1,0,0,0,0,0,0,0,0,0,0,33,0,0,0,0,0,0,0,0,0,0,0,0,0,0,0,0,0,0,0,0,0,3,0,0,0,0,0,0,0,0,0,0,0,0,0
"ENG_041_MZB_LO_3588","ENG_041_MZB_LO_3588-26.05.1999","26.05.1999",1999,5,26,0,0,0,0,33,0,0,0,0,0,0,0,33,33,0,0,0,0,0,0,0,0,0,0,0,0,0,0,0,0,1200,0,0,0,0,0,0,0,0,0,0,0,0,0,0,0,33,33,0,0,0,0,0,33,0,0,0,0,0,1200,0,0,0,0,0,0,0,1200,0,0,0,0,0,0,0,0,0,0,0,0,0,0,0,0,0,0,0,0,3,0,0,0,0,33,0,0,0,0,0,1,0,0,0,0,0,0,0
"ENG_041_MZB_LO_3588","ENG_041_MZB_LO_3588-23.03.2000","23.03.2000",2000,3,23,0,0,0,0,641,0,0,0,0,0,0,0,43,2,0,0,0,0,0,0,0,0,0,0,0,0,0,0,0,0,1,20,8,0,0,0,0,0,5,0,0,6,2,0,0,0,329,1,22,0,0,0,0,118,0,0,0,0,4,333,4,0,0,0,0,0,0,33,0,0,0,5,0,0,0,33,0,0,0,0,3,33,0,0,0,0,0,0,41,0,1,5,0,33,0,4,0,0,31,11,0,0,0,0,0,0,0
"ENG_041_MZB_LO_3588","ENG_041_MZB_LO_3588-27.05.2002","27.05.2002",2002,5,27,0,0,0,0,35,0,0,0,1,0,3,0,316,6,3,0,0,0,0,0,0,1,0,0,0,0,0,0,0,0,4,3,16,278,1,0,0,0,5,0,0,0,1,0,0,0,6,20,0,0,0,0,0,5,0,0,1,1,11,28,11,0,0,0,0,0,0,5,0,0,1,10,0,2,0,0,0,0,0,0,3,0,0,1,0,0,0,0,15,0,0,7,0,48,0,1,0,0,0,1,0,0,0,0,0,0,0
"ENG_041_MZB_LO_3588","ENG_041_MZB_LO_3588-26.03.2003","26.03.2003",2003,3,26,0,0,0,0,180,0,0,0,0,0,0,0,31,1,0,0,0,0,0,0,0,0,0,0,0,0,0,0,0,0,0,2,3,0,0,0,0,0,2,0,0,5,10,0,0,0,97,3,2,0,0,0,0,16,0,0,0,0,0,40,8,0,0,0,0,0,0,26,0,0,1,8,0,5,0,15,0,0,0,0,0,0,0,0,0,0,0,0,11,0,1,1,0,4,0,0,0,0,24,0,0,0,0,0,0,0,0
"ENG_041_MZB_LO_3588","ENG_041_MZB_LO_3588-11.05.2004","11.05.2004",2004,5,11,0,0,0,0,40,0,0,0,0,0,1,0,250,5,0,0,0,0,0,0,0,0,0,0,0,0,0,0,0,0,0,13,15,10,0,0,0,0,10,0,0,6,20,0,0,0,120,5,8,0,0,0,0,55,1,0,1,1,0,45,2,0,0,0,0,0,0,100,0,0,0,74,0,17,0,8,0,0,0,0,1,0,0,0,0,0,1,0,16,0,0,28,0,8,0,3,0,0,3,0,0,0,0,0,0,0,0
"ENG_041_MZB_LO_3588","ENG_041_MZB_LO_3588-17.05.2005","17.05.2005",2005,5,17,0,0,0,0,128,0,0,0,1,0,0,0,195,0,0,0,0,0,0,0,0,0,0,0,0,0,0,0,0,0,0,17,10,33,1,0,0,0,18,0,0,21,13,0,0,0,120,12,2,0,0,0,0,2,0,0,0,0,0,2,1,0,0,0,0,0,0,1,0,0,0,14,0,9,0,0,0,0,0,0,3,3,0,0,0,0,0,0,9,0,0,6,0,18,0,2,0,0,1,0,0,0,0,0,0,0,0
"ENG_041_MZB_LO_3588","ENG_041_MZB_LO_3588-25.05.2006","25.05.2006",2006,5,25,0,0,0,0,25,0,0,0,0,0,0,0,11,3,0,0,0,0,0,0,0,0,0,0,0,0,0,0,0,0,1,11,2,1,11,0,0,0,17,0,0,10,7,0,0,0,79,0,0,0,0,0,0,23,0,0,0,0,0,6,12,0,0,0,0,0,0,4,0,0,1,10,0,12,0,0,0,0,0,0,0,0,0,0,0,0,0,0,7,0,0,50,0,2,0,7,0,0,0,0,0,0,0,0,0,0,0
"ENG_041_MZB_LO_3588","ENG_041_MZB_LO_3588-11.04.2007","11.04.2007",2007,4,11,0,0,0,0,37,0,0,0,0,0,0,0,4,0,0,0,0,0,0,0,0,0,0,0,0,0,0,0,0,0,0,12,0,0,2,0,0,0,18,0,0,10,2,0,0,0,306,0,0,0,0,0,0,18,0,0,0,0,0,9,6,0,0,0,0,0,0,5,0,0,0,4,0,5,0,2,0,0,0,0,1,0,0,0,0,0,0,0,5,0,0,16,0,0,0,1,0,0,4,0,0,0,0,0,0,0,0
"ENG_041_MZB_LO_3588","ENG_041_MZB_LO_3588-23.05.2008","23.05.2008",2008,5,23,0,0,0,0,30,0,0,0,0,0,0,0,4,0,0,0,0,0,0,0,0,0,0,0,0,0,0,0,0,0,0,19,1,2,1,0,0,0,35,0,0,40,9,0,0,0,125,0,1,0,0,0,0,9,0,0,0,0,1,0,32,0,0,0,0,0,0,5,0,0,0,10,0,2,1,0,0,0,0,0,1,0,0,1,0,0,0,0,9,0,0,4,0,5,0,0,0,0,0,0,0,0,0,0,0,0,0
"ENG_041_MZB_LO_3588","ENG_041_MZB_LO_3588-24.04.2009","24.04.2009",2009,4,24,0,0,0,0,220,0,0,0,0,0,0,0,120,4,1,0,0,0,0,0,0,0,0,0,0,0,0,0,0,0,0,17,4,0,0,0,0,0,9,0,0,82,10,0,0,0,224,20,3,0,2,0,0,31,0,0,0,0,0,58,6,0,0,0,0,0,2,10,0,0,1,8,0,2,0,17,0,0,0,0,1,0,0,0,0,0,0,0,11,0,0,9,0,2,0,2,0,0,0,0,0,0,0,0,0,0,0
"ENG_041_MZB_LO_3588","ENG_041_MZB_LO_3588-19.04.2010","19.04.2010",2010,4,19,0,0,0,0,145,0,0,0,0,0,0,0,55,1,0,0,0,0,0,0,0,0,0,0,0,0,0,0,0,0,0,22,0,0,0,0,0,0,14,0,0,19,0,0,0,0,182,0,0,0,0,0,0,21,0,0,0,0,0,14,7,0,0,0,0,0,0,5,0,0,0,10,0,0,0,3,0,0,0,0,1,1,0,2,0,0,0,0,3,0,0,9,0,1,0,0,0,0,4,0,0,0,0,0,0,0,0
"ENG_041_MZB_LO_3588","ENG_041_MZB_LO_3588-29.03.2012","29.03.2012",2012,3,29,0,0,0,0,92,0,0,0,0,0,0,0,30,3,0,0,0,0,0,0,0,0,0,0,0,0,0,0,0,0,0,28,3,0,0,0,0,0,25,0,0,19,6,0,0,0,151,2,2,0,0,0,0,37,0,0,0,0,0,50,5,0,0,0,0,0,0,8,0,0,1,15,0,2,0,13,0,0,0,0,2,2,0,2,0,0,0,0,14,0,2,35,0,4,0,0,0,0,3,0,0,0,0,0,1,0,0
"ENG_041_MZB_LO_3588","ENG_041_MZB_LO_3588-03.04.2013","03.04.2013",2013,4,3,0,0,0,0,300,0,0,0,0,0,0,0,12,0,0,0,0,0,0,0,0,0,0,0,0,0,0,0,0,0,0,19,1,0,0,0,0,0,7,0,0,22,4,0,0,0,275,0,0,0,0,0,0,13,0,0,0,0,0,90,2,0,0,0,0,0,0,1,0,0,0,1,0,3,0,20,0,0,0,0,0,0,0,0,0,0,0,0,5,0,0,6,0,8,0,0,0,0,11,0,0,0,0,0,0,0,0
"ENG_041_MZB_LO_3588","ENG_041_MZB_LO_3588-26.03.2014","26.03.2014",2014,3,26,0,0,0,0,60,0,0,0,0,0,0,0,12,0,0,0,0,0,0,0,0,0,0,0,0,0,0,0,0,0,1,11,0,0,0,0,0,0,10,0,0,16,3,0,0,0,300,0,0,0,0,0,0,15,0,0,0,0,0,9,5,0,0,0,0,0,0,3,0,0,0,1,0,5,0,10,0,0,0,0,1,0,0,0,0,0,0,0,4,0,0,3,0,1,0,0,0,0,0,0,0,0,0,0,0,0,0
"ENG_041_MZB_LO_3588","ENG_041_MZB_LO_3588-07.05.2015","07.05.2015",2015,5,7,0,0,0,0,200,0,0,0,0,0,0,0,264,1,0,0,0,0,0,0,0,0,0,0,0,0,0,0,0,0,1,36,5,0,0,0,0,0,50,0,0,29,41,0,0,0,342,1,0,0,0,0,0,100,0,0,0,1,2,102,1,0,0,0,0,0,0,30,0,0,0,150,0,11,0,26,0,0,0,0,0,0,0,11,0,1,0,0,24,0,0,41,0,29,0,3,0,0,3,0,0,0,0,0,0,0,0
"ENG_041_MZB_LO_3588","ENG_041_MZB_LO_3588-22.04.2016","22.04.2016",2016,4,22,0,0,0,0,256,0,0,0,0,0,2,0,77,10,0,0,0,0,0,0,0,0,0,0,0,0,0,0,0,0,0,118,1,0,0,0,0,0,48,0,0,81,41,0,0,0,375,5,4,0,0,0,0,39,0,0,0,0,0,267,8,0,2,0,0,0,0,6,0,0,14,20,0,17,2,36,0,0,0,0,2,4,0,2,0,0,0,0,36,0,1,70,0,4,0,0,0,0,4,0,0,0,0,0,0,0,0
"ENG_041_MZB_LO_3588","ENG_041_MZB_LO_3588-04.04.2017","04.04.2017",2017,4,4,0,0,0,0,80,0,0,0,0,0,0,0,14,8,0,0,0,0,0,0,0,0,0,0,0,0,0,0,0,0,1,16,2,0,0,0,0,1,24,0,0,27,15,0,0,0,361,1,0,0,1,0,0,18,0,0,1,0,1,47,18,0,0,0,0,0,0,1,0,0,1,7,0,3,0,16,0,0,0,0,9,0,0,0,0,0,2,0,23,0,0,12,0,0,0,3,0,0,0,0,0,0,0,0,0,0,0
"ENG_041_MZB_LO_3588","ENG_041_MZB_LO_3588-01.05.2018","01.05.2018",2018,5,1,0,0,0,0,0,0,0,0,0,0,0,0,14,1,0,0,0,0,0,0,0,0,0,0,0,0,0,0,0,0,0,38,1,1,2,0,0,0,40,0,0,0,0,0,0,0,413,0,1,0,0,0,0,32,0,0,0,0,0,21,5,0,0,0,0,0,0,4,0,0,0,5,0,8,0,30,0,0,0,0,1,2,0,1,0,0,0,0,11,0,0,22,0,4,0,1,0,0,1,0,0,0,0,0,0,0,0
"ENG_041_MZB_LO_3689","ENG_041_MZB_LO_3689-05.10.1999","05.10.1999",1999,10,5,0,0,33,0,3,0,0,0,33,3,0,0,7,0,0,3,0,0,0,3,0,0,0,0,0,0,0,0,0,0,1,3,0,0,3,0,0,33,33,0,3,0,0,0,1,0,0,3,0,0,333,3,0,33,1,0,0,3,0,0,0,0,3,3,3,0,0,0,0,0,0,33,0,0,0,0,0,0,0,0,0,3,0,0,0,0,1,0,0,0,0,0,0,3,0,3,3,0,0,3,0,0,1,3,1,0,0
"ENG_041_MZB_LO_3689","ENG_041_MZB_LO_3689-21.10.2013","21.10.2013",2013,10,21,0,0,1,1,40,0,0,0,1,0,0,0,20,0,0,0,0,0,0,20,0,0,0,0,0,0,0,0,0,0,0,1,0,0,0,0,0,0,100,0,0,0,0,0,0,0,0,0,0,0,1,0,0,60,0,0,0,0,1,0,1,0,0,0,0,0,0,0,0,0,0,1,0,0,0,0,0,0,0,0,0,0,0,0,0,0,1,0,0,0,0,0,0,15,0,1,0,0,0,0,0,0,0,0,0,0,0
"ENG_041_MZB_LO_3689","ENG_041_MZB_LO_3689-15.10.2015","15.10.2015",2015,10,15,0,0,1,1,4,0,0,0,0,0,0,0,3,0,0,0,0,0,0,0,0,0,0,0,0,0,0,0,0,0,0,0,0,0,0,0,0,0,3,0,0,0,0,0,0,0,0,0,0,0,0,0,0,0,0,0,0,0,0,0,0,0,0,0,0,0,0,0,0,0,0,0,0,0,0,0,0,0,0,0,0,0,0,0,0,0,0,0,0,0,0,0,4,1,0,0,0,0,0,0,0,0,0,0,0,0,0
"ENG_041_MZB_LO_3689","ENG_041_MZB_LO_3689-27.10.2016","27.10.2016",2016,10,27,0,0,3,0,3,0,0,0,6,0,4,0,11,0,0,0,0,0,0,60,0,0,0,0,0,0,0,0,0,0,0,0,0,0,0,0,0,0,106,0,0,0,0,0,0,0,0,0,0,0,0,0,0,10,0,0,0,0,1,0,1,0,0,0,0,0,0,0,0,0,0,0,0,0,0,0,0,0,0,0,0,0,0,0,0,0,0,0,0,0,1,0,0,4,0,0,0,0,0,0,0,0,0,0,0,0,0
"ENG_041_MZB_LO_3689","ENG_041_MZB_LO_3689-18.10.2017","18.10.2017",2017,10,18,0,0,4,1,1,0,0,0,4,1,0,0,16,0,0,0,0,0,0,20,0,0,0,0,1,0,0,0,0,0,0,2,0,0,0,0,0,0,20,0,0,0,0,0,0,0,0,0,0,0,2,0,0,6,0,0,0,0,0,0,0,0,0,0,0,0,0,0,0,0,0,9,0,0,0,0,0,0,0,0,0,0,0,0,0,0,0,0,0,0,0,0,0,12,0,0,0,0,0,0,0,0,0,0,0,0,0
"ENG_041_MZB_LO_3689","ENG_041_MZB_LO_3689-07.09.2018","07.09.2018",2018,9,7,0,0,0,3,30,0,0,0,0,0,0,0,12,0,0,0,0,0,0,100,0,0,0,0,1,1,0,0,0,0,0,0,0,0,0,0,0,0,41,4,1,0,0,0,0,0,0,0,0,0,0,0,0,0,0,0,0,0,0,0,0,0,0,0,0,0,0,0,0,1,0,0,0,1,0,0,0,0,0,0,0,0,0,0,0,0,0,0,0,0,0,0,0,35,0,0,0,0,0,0,0,0,0,0,0,0,0
"ENG_041_MZB_LO_3689","ENG_041_MZB_LO_3689-23.09.2019","23.09.2019",2019,9,23,0,0,8,1,0,0,0,0,0,1,0,0,16,0,0,0,0,0,0,80,0,0,0,0,2,0,0,0,0,0,0,5,0,0,0,0,0,0,224,0,0,0,0,0,0,0,0,0,0,0,0,0,0,10,0,0,0,0,0,0,1,0,0,0,0,0,0,0,0,0,0,7,0,1,0,0,0,0,0,0,0,0,0,0,0,0,0,0,0,0,0,0,0,208,0,0,0,0,0,1,0,0,0,0,0,0,0
"ENG_041_MZB_LO_3750","ENG_041_MZB_LO_3750-15.05.1997","15.05.1997",1997,5,15,0,0,14,0,0,0,70,0,36,0,0,0,30,0,0,0,0,3,0,4,0,0,0,0,0,0,0,0,0,0,0,1,0,0,0,0,0,227,0,0,130,0,0,0,0,0,0,2,0,0,0,0,0,0,0,0,0,60,0,0,1,0,0,2,0,0,0,0,0,0,0,42,0,0,0,0,0,0,14,2,0,3,0,0,0,0,0,0,0,0,0,0,20,0,0,968,0,0,0,0,0,0,0,4,0,0,0
"ENG_041_MZB_LO_3750","ENG_041_MZB_LO_3750-21.05.1998","21.05.1998",1998,5,21,0,0,706,0,27,0,20,0,14,0,0,0,384,0,0,0,0,0,0,19,0,0,0,0,0,0,0,0,0,0,0,0,0,0,0,0,0,0,14,0,26,0,0,0,0,0,0,2,0,0,0,0,0,0,0,0,0,32,0,0,5,0,0,1,0,0,0,0,0,0,0,77,0,0,0,0,0,0,2,0,8,1,0,0,0,0,0,0,0,0,0,0,6,0,0,0,0,0,0,0,0,0,0,9,0,0,0
"ENG_041_MZB_LO_3750","ENG_041_MZB_LO_3750-06.05.1999","06.05.1999",1999,5,6,0,0,734,0,47,0,78,0,4,0,5,0,776,0,0,0,0,0,0,438,0,0,3,0,0,0,0,0,0,1,0,0,0,0,0,0,0,54,39,0,9,0,0,0,0,0,0,7,0,0,0,0,0,0,8,0,0,95,0,0,10,0,0,1,0,0,0,0,0,0,0,485,0,0,0,0,0,0,46,0,89,0,0,0,0,0,0,0,0,0,0,0,5,3,0,87,0,0,0,0,0,0,0,35,0,0,0
"ENG_041_MZB_LO_3750","ENG_041_MZB_LO_3750-31.05.2000","31.05.2000",2000,5,31,1,0,582,0,8,0,93,0,9,0,1,0,762,0,0,2,0,85,0,601,0,0,1,0,0,0,0,0,0,22,2,5,0,6,0,0,0,47,34,0,13,0,0,0,4,0,0,4,0,0,1,0,0,0,4,0,0,96,0,0,30,0,5,1,0,0,0,0,0,3,0,570,0,0,0,0,0,0,28,0,222,6,1,0,0,0,0,0,0,0,0,0,4,0,0,222,0,0,0,0,0,0,0,95,0,0,0
"ENG_041_MZB_LO_3750","ENG_041_MZB_LO_3750-22.05.2002","22.05.2002",2002,5,22,1,0,250,0,29,0,71,0,9,0,3,0,465,0,0,0,0,23,0,0,0,0,0,0,0,0,0,0,0,5,11,2,0,12,0,0,0,80,179,0,10,0,0,0,0,0,0,24,0,0,1,0,0,0,1,0,0,28,0,0,21,0,2,8,0,0,0,0,0,2,0,88,0,0,0,0,0,0,31,0,24,10,0,0,0,0,0,0,0,0,0,0,29,0,0,241,0,0,0,0,0,0,0,61,0,0,0
"ENG_041_MZB_LO_3750","ENG_041_MZB_LO_3750-29.05.2003","29.05.2003",2003,5,29,0,0,271,0,78,0,72,0,18,0,1,0,720,0,0,0,0,4,0,2,0,0,0,0,0,0,0,0,0,8,4,0,0,5,0,0,0,28,15,0,3,0,0,0,0,0,0,16,0,0,3,0,0,0,3,0,0,47,0,0,1,0,18,0,0,0,0,0,1,2,0,8,0,0,0,0,0,0,9,0,37,7,0,0,0,0,0,0,0,0,0,0,15,3,0,629,0,0,0,0,0,0,0,60,0,0,0
"ENG_041_MZB_LO_3750","ENG_041_MZB_LO_3750-19.05.2004","19.05.2004",2004,5,19,0,0,283,0,6,0,308,0,9,0,0,0,20,0,0,0,0,0,0,26,0,0,0,0,0,0,0,0,0,0,1,0,0,1,0,0,0,40,64,0,16,0,0,0,0,0,0,3,0,0,0,0,0,0,0,0,0,66,0,0,2,0,1,3,0,0,0,0,0,1,0,0,0,0,0,0,0,0,22,0,5,3,0,0,0,0,0,0,0,0,0,0,18,29,0,343,0,0,0,1,0,0,0,24,0,0,0
"ENG_041_MZB_LO_3750","ENG_041_MZB_LO_3750-11.05.2005","11.05.2005",2005,5,11,3,0,755,0,10,0,32,0,1,0,5,0,485,0,0,0,0,2,0,808,0,1,17,0,0,0,0,0,0,2,3,2,1,0,0,0,0,27,1,1,4,0,0,0,5,0,0,1,0,0,1,0,0,0,9,0,0,23,0,0,6,0,8,1,0,0,0,0,0,1,0,57,0,0,0,0,0,0,13,2,151,7,0,0,0,0,0,0,0,0,0,0,6,0,0,155,1,0,0,0,0,6,0,3,0,0,0
"ENG_041_MZB_LO_3750","ENG_041_MZB_LO_3750-23.05.2006","23.05.2006",2006,5,23,0,0,43,0,0,0,25,0,0,0,0,0,378,0,0,0,0,9,0,102,0,0,0,0,0,0,0,0,0,0,1,1,0,0,0,0,0,12,3,0,6,0,0,0,0,0,1,0,0,0,0,0,0,0,1,0,0,6,0,0,1,0,3,0,0,0,0,0,0,1,0,201,0,0,0,0,0,0,6,0,12,13,0,0,0,0,0,0,0,0,0,0,3,0,1,83,0,0,0,0,0,0,0,0,0,0,0
"ENG_041_MZB_LO_3750","ENG_041_MZB_LO_3750-15.05.2007","15.05.2007",2007,5,15,0,0,33,0,3,0,25,0,1,0,6,0,212,0,0,0,0,10,0,15,0,0,0,0,0,0,0,0,0,0,0,2,0,0,0,1,0,5,13,0,1,0,0,0,3,0,0,3,0,0,1,0,0,0,0,0,0,35,0,0,1,0,1,0,0,0,0,0,0,0,0,1,0,0,0,0,0,0,7,0,0,0,0,0,0,0,0,0,0,0,0,0,2,2,0,7,1,0,0,0,0,0,0,0,0,0,0
"ENG_041_MZB_LO_3750","ENG_041_MZB_LO_3750-21.04.2008","21.04.2008",2008,4,21,0,0,110,0,0,0,21,0,0,0,1,0,90,0,0,0,0,1,0,12,0,0,0,0,0,0,0,0,0,0,0,0,0,0,0,0,0,44,9,0,19,0,0,0,0,0,0,0,0,0,0,0,0,0,0,0,0,1,0,0,7,0,0,0,0,0,0,0,0,0,0,3,0,0,0,0,0,0,10,0,1,7,0,0,0,0,0,0,0,0,0,1,4,0,0,5,0,0,0,0,0,0,0,14,0,0,0
"ENG_041_MZB_LO_3750","ENG_041_MZB_LO_3750-22.05.2009","22.05.2009",2009,5,22,0,0,1307,0,4,0,168,0,3,0,0,0,200,0,0,0,0,7,0,71,0,0,2,0,0,0,0,0,0,0,3,1,0,4,0,0,0,83,13,0,24,0,0,0,0,0,0,5,0,0,0,0,0,0,3,0,0,31,0,0,12,0,2,1,0,0,0,0,0,1,0,5,0,0,0,0,0,0,12,1,2,27,0,0,0,0,0,0,0,0,0,2,7,2,0,81,0,0,0,0,0,0,0,83,0,0,0
"ENG_041_MZB_LO_3750","ENG_041_MZB_LO_3750-08.04.2010","08.04.2010",2010,4,8,2,0,57,0,9,0,93,0,0,0,9,0,207,0,0,0,0,29,0,111,0,4,0,0,0,0,0,0,0,0,0,2,0,0,0,0,0,32,42,0,10,0,0,0,5,1,0,12,0,0,0,0,1,0,0,0,0,4,0,0,14,0,2,2,0,0,3,0,0,2,0,13,0,0,0,0,0,0,14,0,11,23,0,0,0,0,0,0,0,0,0,5,13,1,1,74,3,0,0,0,0,3,0,14,0,0,0
"ENG_041_MZB_LO_3750","ENG_041_MZB_LO_3750-12.04.2013","12.04.2013",2013,4,12,1,0,40,0,2,0,19,0,0,0,3,0,1196,0,0,0,0,21,0,12,0,0,0,0,0,0,0,0,0,0,0,0,0,0,0,0,0,52,53,0,7,0,0,0,1,0,0,17,0,0,0,0,0,0,4,0,0,4,0,0,21,0,0,2,0,0,0,0,0,1,0,12,0,0,0,0,0,1,27,0,0,6,0,0,0,0,0,0,0,0,0,5,15,0,0,26,0,0,0,2,0,0,0,20,0,0,0
"ENG_041_MZB_LO_3750","ENG_041_MZB_LO_3750-06.05.2016","06.05.2016",2016,5,6,0,0,35,0,2,0,41,0,20,0,27,0,168,0,0,0,0,27,0,8,0,0,0,0,0,0,0,0,0,0,1,2,0,0,0,0,0,35,49,0,41,0,0,2,2,0,0,97,0,0,1,0,0,0,20,0,0,17,0,0,24,0,7,1,0,0,6,0,0,1,0,153,0,0,0,0,0,0,10,1,0,2,0,0,0,0,0,0,0,0,0,0,4,0,0,68,0,0,0,0,0,0,0,47,0,0,0
"ENG_041_MZB_LO_3758","ENG_041_MZB_LO_3758-25.04.1996","25.04.1996",1996,4,25,0,0,0,0,14,0,0,0,0,0,0,0,27,3,0,0,0,0,0,0,0,0,0,9,0,0,0,0,0,0,3,41,2,0,0,0,0,0,5,0,0,0,3,1,0,0,15,1,1,0,4,0,0,18,0,0,0,14,0,0,39,0,0,0,0,0,0,1,0,0,0,64,0,3,0,1,0,0,0,0,3,19,0,0,0,0,0,0,0,0,0,50,1,1,0,24,0,0,0,2,1,0,0,0,0,0,0
"ENG_041_MZB_LO_3758","ENG_041_MZB_LO_3758-27.05.1997","27.05.1997",1997,5,27,0,0,0,0,77,0,0,0,0,0,0,0,48,0,0,0,0,0,0,0,0,0,0,0,0,0,0,0,0,0,3,1,0,0,0,0,0,0,0,0,0,0,0,0,0,0,0,0,0,0,3,0,0,0,0,0,0,0,0,0,1,0,0,0,0,0,0,0,0,0,0,5,0,0,0,0,0,0,0,0,1,0,0,0,0,0,0,0,1,0,0,1,0,2,0,2,0,0,0,0,0,0,0,0,0,0,0
"ENG_041_MZB_LO_3758","ENG_041_MZB_LO_3758-15.05.1998","15.05.1998",1998,5,15,0,0,0,0,70,0,0,0,0,0,0,0,180,0,0,0,0,0,0,0,0,0,0,0,0,0,0,0,0,0,4,0,1,0,0,0,0,0,0,0,1,0,0,0,0,0,0,20,0,0,8,0,0,0,0,0,0,0,0,1,4,0,2,0,0,0,0,5,0,0,0,9,0,0,0,0,0,0,0,0,0,8,0,0,0,0,0,0,3,0,0,0,0,0,0,0,0,0,0,0,0,0,0,0,0,0,0
"ENG_041_MZB_LO_3758","ENG_041_MZB_LO_3758-21.05.1999","21.05.1999",1999,5,21,0,0,0,0,523,1,0,0,0,0,1,0,35,0,0,0,0,0,0,0,0,0,0,0,0,0,0,0,0,0,0,0,1,0,0,0,0,0,4,0,0,0,0,0,0,0,0,0,0,0,0,0,1,2,0,0,0,0,0,0,2,0,0,0,0,0,3,2,0,0,0,6,0,0,0,0,0,0,0,0,1,0,0,0,0,0,0,0,35,0,1,0,0,30,0,0,0,0,0,0,0,0,0,0,0,0,0
"ENG_041_MZB_LO_3758","ENG_041_MZB_LO_3758-28.04.2000","28.04.2000",2000,4,28,0,0,0,0,22,1,0,0,0,0,2,0,65,2,0,0,0,0,0,0,0,0,0,0,0,0,0,0,0,0,1,1,12,0,0,0,0,0,7,0,0,0,0,0,0,0,1,5,0,0,1,0,0,7,0,0,0,0,0,4,9,1,0,0,0,0,0,7,0,0,0,27,0,1,0,18,0,0,0,0,0,7,0,3,0,0,1,0,4,0,0,0,0,3,0,1,0,0,1,0,0,0,0,0,0,0,0
"ENG_041_MZB_LO_3758","ENG_041_MZB_LO_3758-16.04.2002","16.04.2002",2002,4,16,0,0,0,0,193,2,0,0,0,0,1,0,941,9,0,0,0,0,0,0,0,0,0,0,0,0,0,0,0,0,0,5,15,1,0,0,0,0,1,0,0,0,0,0,0,0,0,14,0,0,0,0,0,6,0,0,0,0,0,20,15,0,0,0,0,0,0,1,0,0,0,4,0,10,0,5,0,0,0,0,4,5,0,1,0,0,0,0,0,0,0,0,0,167,0,1,0,0,4,0,0,0,0,0,0,0,0
"ENG_041_MZB_LO_3758","ENG_041_MZB_LO_3758-16.04.2003","16.04.2003",2003,4,16,0,0,0,0,76,0,0,0,0,0,0,0,865,33,0,0,0,0,0,0,0,0,0,0,0,0,0,0,1,0,1,2,16,0,0,0,0,0,3,0,0,0,0,0,0,0,10,30,1,0,0,0,0,27,0,0,0,0,1,64,3,0,0,0,0,0,1,2,0,0,0,21,0,11,0,26,0,0,0,0,0,0,0,2,0,0,0,0,31,0,0,1,0,6,1,1,0,0,48,0,0,0,0,0,0,0,0
"ENG_041_MZB_LO_3758","ENG_041_MZB_LO_3758-27.04.2004","27.04.2004",2004,4,27,0,0,0,0,7,0,0,0,0,0,0,0,27,3,0,0,0,0,0,0,0,0,0,0,0,0,0,0,0,0,1,4,2,0,0,0,0,0,2,0,0,0,2,0,0,0,91,1,0,0,0,0,0,23,0,0,0,0,0,76,1,0,0,0,0,0,0,14,0,0,0,2,0,0,0,40,0,0,0,0,1,0,0,0,0,0,0,0,5,0,2,1,0,9,0,1,0,0,76,0,0,0,0,0,0,0,0
"ENG_041_MZB_LO_3758","ENG_041_MZB_LO_3758-14.03.2005","14.03.2005",2005,3,14,0,0,0,0,7,0,0,0,0,0,1,0,3,5,0,0,0,0,0,0,0,0,0,0,0,0,0,0,0,0,0,2,1,0,0,0,0,0,0,0,0,0,2,0,0,0,14,0,0,0,0,0,0,4,0,0,0,0,0,23,4,0,0,0,0,0,0,6,0,0,0,0,0,2,0,15,0,0,0,0,0,0,0,0,0,0,0,0,0,0,0,0,0,0,0,0,0,0,0,1,0,0,0,0,0,0,0
"ENG_041_MZB_LO_3758","ENG_041_MZB_LO_3758-05.04.2006","05.04.2006",2006,4,5,0,1,0,0,10,0,0,0,0,0,0,0,30,2,0,0,0,0,0,0,0,0,0,0,0,0,0,0,0,0,0,3,2,0,0,0,0,0,1,0,0,0,0,0,0,0,67,1,0,0,0,0,1,7,0,0,0,0,0,30,4,0,0,0,0,0,0,4,0,0,0,1,0,0,0,11,0,0,0,0,0,0,0,0,0,0,0,0,0,0,1,1,0,8,0,0,0,0,35,0,0,0,0,0,0,0,0
"ENG_041_MZB_LO_3758","ENG_041_MZB_LO_3758-13.03.2007","13.03.2007",2007,3,13,0,0,0,0,3,0,0,0,0,0,0,0,23,7,0,0,0,0,0,0,0,0,0,0,0,0,0,0,0,0,0,1,0,0,0,0,0,0,0,0,0,0,1,0,0,0,43,0,0,0,0,0,0,23,0,0,0,0,0,16,0,0,0,0,0,0,0,8,0,0,0,1,0,2,0,42,0,0,0,0,0,1,0,0,0,0,0,0,7,0,0,1,0,2,0,0,0,0,24,0,0,0,0,0,0,0,0
"ENG_041_MZB_LO_3758","ENG_041_MZB_LO_3758-25.04.2008","25.04.2008",2008,4,25,0,0,0,0,50,0,0,0,0,0,0,0,658,7,0,0,0,0,0,0,0,0,0,0,0,0,0,0,0,0,0,16,2,0,0,0,0,0,0,0,0,0,1,0,0,0,13,1,3,0,2,0,0,7,0,0,0,0,0,50,1,0,0,0,0,0,0,24,0,0,0,3,0,0,0,15,0,0,0,0,0,0,0,1,0,0,0,0,10,0,1,0,0,3,0,0,0,0,32,0,0,0,0,0,0,0,0
"ENG_041_MZB_LO_3758","ENG_041_MZB_LO_3758-16.04.2009","16.04.2009",2009,4,16,0,0,0,0,46,0,0,0,0,0,0,0,126,18,0,0,0,0,0,0,0,0,0,0,0,0,0,0,0,0,2,18,1,0,0,0,0,0,2,0,0,0,1,0,0,0,25,2,1,0,0,0,0,7,0,0,0,0,0,12,0,0,0,0,0,0,1,11,0,0,0,1,0,2,0,39,0,0,0,0,0,0,0,1,0,0,0,0,9,0,0,0,0,17,0,0,0,0,44,0,0,0,0,0,0,0,0
"ENG_041_MZB_LO_3758","ENG_041_MZB_LO_3758-21.04.2010","21.04.2010",2010,4,21,0,0,0,0,10,0,0,0,1,0,1,0,240,17,0,0,0,0,0,0,0,0,0,0,0,0,0,0,0,0,0,17,8,0,0,0,0,0,2,0,0,0,3,0,0,0,59,6,9,0,0,0,0,6,0,0,0,0,1,93,4,0,0,0,0,0,0,8,0,0,0,2,0,0,0,47,0,0,0,0,2,0,0,1,0,3,1,0,11,0,1,0,0,2,0,0,0,0,3,0,0,0,0,0,0,0,0
