"Unique.ID","Samp.ID","Sampling.date","year","month","day","ACROLOXUS LACUSTRIS","AMELETUS INOPINATUS","AMPULLACEANA BALTHICA","APHELOCHEIRUS AESTIVALIS","ASELLUS SP.","ATHERIX SP.","AUSTROPOTAMOBIUS PALLIPES","BAETIDAE GEN. SP.","BDELLOCEPHALA PUNCTATA","BERAEODES MINUTUS","BITHYNIA LEACHII SSP.","BITHYNIA TENTACULATA","BRACHYCENTRUS SUBNUBILUS","BRACHYPTERA RISI","BRYCHIUS ELEVATUS","CAENIDAE GEN. SP.","CALOPTERYX SPLENDENS","CERATOPOGONIDAE GEN. SP.","CHIRONOMIDAE GEN. SP.","CHORDODIDAE GEN. SP.","CHRYSOMELIDAE GEN. SP.","CHRYSOPS SP.","CRANGONYX PSEUDOGRACILIS","CRENOBIA ALPINA","CURCULIONIDAE GEN. SP.","DENDROCOELUM LACTEUM","DINOCRAS CEPHALOTES","DIXA NEBULOSA","DUGESIA LUGUBRIS/POLYCHROA","DUGESIA TIGRINA","DYTISCIDAE GEN. SP.","ELMIDAE GEN. SP.","ELODES SP.","EMPIDIDAE GEN. SP.","EPHEMERA SP.","EPHEMERELLIDAE GEN. SP.","EPHYDRIDAE GEN. SP.","ERPOBDELLIDAE GEN. SP.","GALBA TRUNCATULA","GAMMARIDAE GEN. SP.","GERRIS LACUSTRIS","GLOSSIPHONIIDAE GEN. SP.","GLOSSOSOMATIDAE GEN. SP.","GOERIDAE GEN. SP.","GYRINIDAE GEN. SP.","HALIPLUS SP.","HELOPHORUS ARVERNICUS","HEPTAGENIIDAE GEN. SP.","HESPEROCORIXA SAHLBERGI","HYDRACHNIDIA GEN. SP.","HYDRAENA SP.","HYDRIDAE GEN. SP.","HYDROPHILIDAE GEN. SP.","HYDROPSYCHIDAE GEN. SP.","HYDROPTILIDAE GEN. SP.","ISCHNURA ELEGANS","ISOPERLA GRAMMATICA","LEPIDOSTOMATIDAE GEN. SP.","LEPTOCERIDAE GEN. SP.","LEPTOPHLEBIIDAE GEN. SP.","LEUCTRIDAE GEN. SP.","LIMNEPHILIDAE GEN. SP.","LIMONIIDAE GEN. SP.","LYMNAEA SP.","MICRONECTA SP.","MOLANNA ANGUSTATA","MUSCIDAE GEN. SP.","NEMATODA GEN. SP.","NEMATOMORPHA GEN. SP.","NEMERTEA GEN. SP.","NEMOURIDAE GEN. SP.","NEPA CINEREA","NOTERUS CLAVICORNIS","NOTONECTA SP.","OLIGOCHAETA GEN. SP.","PACIFASTACUS LENIUSCULUS","PEDICIIDAE GEN. SP.","PERLA BIPUNCTATA","PERLODES MICROCEPHALUS","PHRYGANEIDAE GEN. SP.","PHYSA FONTINALIS","PHYSELLA SP.","PISCICOLA GEOMETRA","PLANARIA TORVA","PLANORBIDAE GEN. SP.","PLATYCNEMIS PENNIPES","POLYCELIS SP.","POLYCENTROPODIDAE GEN. SP.","POTAMOPYRGUS ANTIPODARUM","PSYCHODIDAE GEN. SP.","PSYCHOMYIIDAE (INCL. ECNOMIDAE)","PSYCHOMYIIDAE GEN. SP.","PTYCHOPTERIDAE GEN. SP.","RADIX AURICULARIA","RHAGIONIDAE GEN. SP.","RHYACOPHILIDAE GEN. SP.","SERICOSTOMA PERSONATUM","SIALIS FULIGINOSA","SIALIS LUTARIA","SIALIS NIGRIPES","SIGARA SP.","SIMULIIDAE GEN. SP.","SIPHLONURUS LACUSTRIS","SIPHONOPERLA TORRENTIUM SSP.","SISYRA SP.","SPHAERIIDAE GEN. SP.","STRATIOMYIDAE GEN. SP.","SUCCINEIDAE GEN. SP.","THEODOXUS FLUVIATILIS SSP.","TIPULIDAE GEN. SP.","UNIONIDAE GEN. SP.","VALVATA CRISTATA","VALVATA MACROSTOMA","VALVATA PISCINALIS SSP.","VELIA SP.","VIVIPARUS VIVIPARUS","WORMALDIA SP."
"ENG_043_MZB_LO_1","ENG_043_MZB_LO_1-29.04.1996","29.04.1996",1996,4,29,0,0,0,0,0,0,0,0,0,0,0,0,0,0,0,0,0,0,0,0,0,0,0,0,0,0,0,0,0,0,0,0,0,0,0,0,0,0,0,0,0,0,0,0,0,0,0,0,0,0,0,0,0,0,0,0,0,0,0,0,0,0,0,0,0,0,0,0,0,0,0,0,0,0,0,0,0,0,0,0,0,0,0,0,0,0,0,0,0,0,0,0,0,0,0,0,0,0,0,0,0,0,0,0,0,0,0,0,0,1,0,0,0,0,0,0,0
"ENG_043_MZB_LO_1","ENG_043_MZB_LO_1-04.04.1997","04.04.1997",1997,4,4,0,0,0,0,4,0,0,0,0,0,0,0,0,0,0,12,0,12,0,0,0,0,4,0,0,0,0,0,0,0,1,9,0,4,1,0,0,0,0,160,0,0,0,0,0,0,0,0,0,12,4,0,0,108,1,0,0,4,14,12,0,1,0,0,0,0,0,1,0,0,2,0,0,0,48,0,7,0,0,0,0,0,0,0,44,0,0,1,20,0,0,0,0,0,0,0,4,0,0,0,0,4,0,0,0,20,0,0,0,0,0,0,0,0,0,0,0
"ENG_043_MZB_LO_1","ENG_043_MZB_LO_1-22.04.1998","22.04.1998",1998,4,22,0,0,0,0,0,0,0,151,0,0,0,0,0,0,0,0,0,13,178,0,0,0,0,0,0,0,0,0,0,0,1,61,1,26,9,8,0,9,1,153,0,1,11,5,0,0,0,6,0,25,0,0,0,58,1,0,1,41,5,22,1,3,1,0,0,0,0,0,0,0,0,0,0,0,0,0,0,0,0,0,0,0,0,0,77,0,0,0,105,17,0,5,0,0,0,0,17,0,0,0,0,13,0,0,0,93,0,0,0,0,0,0,0,0,0,0,0
"ENG_043_MZB_LO_1","ENG_043_MZB_LO_1-20.04.1999","20.04.1999",1999,4,20,0,0,0,0,0,0,1,89,0,0,0,0,0,0,0,72,0,12,1008,0,0,0,0,0,0,0,0,0,0,0,0,29,0,50,0,0,0,3,0,113,0,0,19,56,0,0,0,134,0,46,4,0,0,98,0,0,9,73,14,43,12,5,1,0,0,0,0,0,0,0,6,0,0,0,260,0,17,0,0,0,0,0,0,0,49,0,0,8,51,10,0,1,0,0,0,10,8,0,0,0,0,1,0,0,0,34,0,0,0,0,0,0,0,0,0,0,0
"ENG_043_MZB_LO_1","ENG_043_MZB_LO_1-10.04.2000","10.04.2000",2000,4,10,0,0,0,0,0,0,0,131,0,0,0,0,0,1,0,41,0,6,488,0,0,0,3,0,0,0,0,0,0,0,0,23,0,53,4,1,0,5,0,37,0,0,2,15,1,0,0,130,0,46,0,0,2,42,3,0,4,33,22,43,1,8,1,0,0,0,0,1,0,0,4,0,0,0,187,0,12,0,0,0,0,0,0,0,7,0,0,17,9,0,0,1,0,0,0,1,3,0,0,0,0,0,0,0,0,51,0,0,0,0,0,0,0,0,0,0,0
"ENG_043_MZB_LO_1","ENG_043_MZB_LO_1-29.05.2002","29.05.2002",2002,5,29,0,0,0,0,0,0,0,101,0,0,0,0,0,0,0,390,0,8,2519,0,0,0,1,0,0,0,0,0,0,0,1,24,0,19,8,718,0,0,0,21,0,0,0,0,0,0,0,80,0,50,3,0,1,4,2,0,1,41,23,199,106,0,2,0,1,0,0,1,0,0,0,0,0,0,184,0,13,0,0,0,0,0,0,0,13,0,0,1,13,4,0,0,0,0,0,2,0,0,0,0,0,23,0,0,0,14,0,0,0,0,0,0,0,0,0,0,0
"ENG_043_MZB_LO_1","ENG_043_MZB_LO_1-02.05.2003","02.05.2003",2003,5,2,0,0,0,0,0,0,0,126,0,0,0,0,0,0,0,154,0,11,3936,0,0,0,0,0,0,0,0,0,0,0,0,11,0,37,2,35,0,3,0,81,0,2,0,1,0,0,0,33,0,47,1,0,0,28,34,0,6,27,1,8,102,0,0,0,1,0,0,0,0,0,1,0,0,0,2960,0,8,0,0,0,0,0,0,0,12,0,0,1,6,1,0,5,0,0,0,3,6,0,0,0,0,23,0,1,0,62,0,0,0,0,0,0,0,0,0,0,0
"ENG_043_MZB_LO_1","ENG_043_MZB_LO_1-26.03.2004","26.03.2004",2004,3,26,0,0,0,0,0,0,0,58,0,0,0,0,0,0,0,85,0,14,564,0,0,0,0,0,0,0,0,0,0,0,0,12,0,20,0,0,0,4,0,36,0,1,0,2,4,0,0,14,0,22,3,0,0,16,1,0,0,19,9,0,4,2,3,0,0,0,0,11,0,0,2,0,0,0,357,0,18,0,0,0,0,0,0,0,25,0,0,23,8,3,0,7,0,0,0,4,0,0,0,0,0,9,0,0,0,65,0,0,0,1,0,0,0,0,0,0,0
"ENG_043_MZB_LO_1","ENG_043_MZB_LO_1-04.04.2005","04.04.2005",2005,4,4,0,0,0,0,0,0,0,268,0,0,0,0,0,0,0,188,0,3,308,0,0,0,0,0,0,0,0,0,0,0,0,13,0,8,0,1,0,2,0,172,0,4,1,7,3,0,0,32,0,24,3,0,0,24,1,0,1,6,7,0,12,0,0,0,0,0,0,1,0,0,0,0,0,0,716,0,20,0,0,0,0,0,0,0,24,0,0,1,68,0,0,1,0,0,0,1,0,0,0,0,0,2,0,0,0,36,0,0,0,0,0,0,0,0,0,0,0
"ENG_043_MZB_LO_1","ENG_043_MZB_LO_1-31.05.2006","31.05.2006",2006,5,31,0,0,1,0,0,0,0,144,0,0,0,0,0,0,0,672,0,1,4720,0,0,0,8,0,0,0,0,0,0,0,0,8,0,1,4,396,0,1,0,120,0,2,1,0,0,0,0,9,0,52,1,0,0,10,9,0,0,4,1,14,356,1,1,0,0,0,0,6,0,0,0,0,0,0,184,0,112,0,0,0,0,0,0,0,3,0,0,1,96,0,0,1,0,0,0,1,1,0,0,0,0,168,0,0,0,116,0,0,0,0,0,0,0,0,0,0,0
"ENG_043_MZB_LO_1","ENG_043_MZB_LO_1-28.05.2008","28.05.2008",2008,5,28,0,0,0,0,0,0,0,264,0,0,0,0,0,0,0,522,0,4,3468,0,0,0,0,0,0,0,0,0,0,0,0,19,0,10,7,394,0,0,0,332,0,0,8,1,0,0,0,40,0,10,8,0,0,28,12,0,2,27,9,1,138,0,0,0,0,0,0,7,0,0,0,0,0,0,59,0,71,0,0,0,0,0,0,0,2,0,0,33,137,0,0,0,0,0,0,15,11,0,0,0,0,110,0,0,0,35,0,0,0,0,0,0,0,0,0,0,0
"ENG_043_MZB_LO_1","ENG_043_MZB_LO_1-29.04.2010","29.04.2010",2010,4,29,0,0,0,0,0,0,0,226,0,0,0,0,0,0,0,140,0,3,426,0,0,0,0,0,0,0,0,0,0,0,0,6,0,0,1,2,0,0,0,27,0,1,4,2,1,0,0,38,0,31,5,0,0,5,27,0,2,8,2,1,1,0,0,0,0,0,0,0,0,0,0,0,0,0,55,0,32,0,0,0,0,0,0,0,15,0,0,22,23,0,0,5,0,0,0,1,0,0,0,0,0,0,0,0,0,12,0,0,0,0,0,0,0,0,0,0,0
"ENG_043_MZB_LO_1","ENG_043_MZB_LO_1-17.05.2011","17.05.2011",2011,5,17,0,0,0,0,2,0,0,11,0,0,0,0,0,0,0,60,0,8,20,0,0,0,3,0,0,0,0,0,0,0,0,10,0,0,3,27,0,1,0,11,0,2,1,2,2,0,0,41,0,10,0,0,0,4,23,0,0,2,11,40,0,2,0,0,0,0,0,0,0,0,0,0,0,0,200,0,30,0,0,0,0,0,0,0,4,0,0,5,11,1,0,3,0,0,0,4,0,0,0,0,0,9,0,0,0,4,0,0,0,0,0,0,0,0,0,0,0
"ENG_043_MZB_LO_1","ENG_043_MZB_LO_1-23.05.2012","23.05.2012",2012,5,23,0,0,0,0,0,0,0,104,0,0,0,0,0,0,0,261,0,4,158,0,0,0,0,0,0,0,0,0,0,0,0,11,0,1,1,66,0,12,0,20,0,0,0,0,0,0,0,5,0,1,0,0,0,10,19,0,1,2,2,0,1,0,0,0,0,0,0,0,0,0,0,0,0,0,29,0,12,0,0,0,0,0,0,0,12,0,0,13,12,0,0,2,0,0,0,6,2,0,0,0,0,82,0,0,0,8,1,0,0,0,0,0,0,0,0,0,0
"ENG_043_MZB_LO_2","ENG_043_MZB_LO_2-09.04.1996","09.04.1996",1996,4,9,0,0,0,0,0,0,0,0,0,0,0,0,0,0,0,0,0,0,0,0,0,0,0,0,0,0,0,0,0,0,0,0,0,0,0,0,0,0,0,0,0,0,0,0,0,0,0,0,0,0,0,0,0,0,0,0,0,0,0,0,0,0,0,0,0,0,0,0,0,0,0,0,0,0,0,0,0,0,0,0,0,0,0,0,0,0,0,0,0,0,0,0,0,0,0,0,0,0,0,0,0,0,0,0,0,0,0,0,0,1,0,0,0,0,0,0,0
"ENG_043_MZB_LO_2","ENG_043_MZB_LO_2-01.03.2000","01.03.2000",2000,3,1,0,0,1,0,48,0,0,2,0,0,0,1,0,0,0,28,1,1,1400,0,0,0,324,0,0,0,0,0,0,1,1,64,0,1,0,0,0,9,0,128,0,2,0,1,7,1,0,0,1,36,0,0,0,3,1,2,0,84,56,0,0,240,1,0,0,0,0,0,0,0,0,0,0,0,5,0,0,0,0,0,8,0,0,1,5,0,60,9,28,0,0,0,0,0,0,0,0,0,0,0,7,10,0,0,0,89,0,0,15,0,0,0,0,0,0,0,0
"ENG_043_MZB_LO_2","ENG_043_MZB_LO_2-16.04.2002","16.04.2002",2002,4,16,0,0,1,0,4,0,0,65,0,0,7,6,0,0,1,7,3,29,807,0,0,0,150,0,0,1,0,0,1,0,0,107,0,3,17,1,1,14,0,63,0,1,0,6,8,0,0,2,0,5,0,0,2,2,23,0,0,385,21,0,1,7,0,1,0,0,0,1,0,0,0,0,0,1,90,0,1,0,0,0,2,0,0,0,19,0,20,12,94,1,0,1,0,0,0,0,0,0,0,0,0,0,0,0,0,169,0,0,31,0,0,0,0,1,0,0,0
"ENG_043_MZB_LO_2","ENG_043_MZB_LO_2-11.03.2003","11.03.2003",2003,3,11,0,0,0,0,9,0,0,5,0,0,0,5,0,0,0,11,1,9,294,0,0,0,68,0,0,0,0,0,5,0,0,55,0,4,17,0,0,3,0,15,0,0,0,0,5,0,0,0,0,17,0,0,0,1,0,0,0,204,9,0,0,17,2,0,0,0,0,0,0,0,0,0,0,0,46,0,3,0,0,0,5,0,0,0,6,0,1,13,208,0,0,2,0,0,0,0,0,0,0,0,1,22,0,0,0,181,0,0,5,0,0,0,2,1,0,0,0
"ENG_043_MZB_LO_2","ENG_043_MZB_LO_2-05.05.2004","05.05.2004",2004,5,5,0,0,0,0,29,0,0,7,0,0,12,1,0,0,0,105,1,46,182,0,0,0,151,0,0,0,0,0,1,0,1,63,0,0,89,0,0,1,0,147,0,1,0,0,0,0,0,0,0,29,0,0,0,1,21,0,0,472,246,0,3,2,0,0,2,0,0,0,0,0,0,0,0,2,8,0,12,0,0,0,0,0,0,0,2,0,4,22,64,3,0,0,0,0,0,0,1,0,0,0,3,3,0,0,0,85,1,0,49,1,0,0,0,1,0,0,0
"ENG_043_MZB_LO_2","ENG_043_MZB_LO_2-25.05.2005","25.05.2005",2005,5,25,0,0,1,0,15,0,0,2,0,0,11,22,0,0,0,2,0,2,2,0,0,0,0,0,0,0,0,0,1,0,2,77,0,0,11,0,0,5,0,415,1,2,0,0,1,8,0,0,0,5,0,0,0,0,3,0,0,147,136,0,0,14,0,2,4,0,0,0,0,0,0,0,0,1,2,0,1,0,0,59,0,0,0,0,26,0,0,3,116,0,0,0,0,0,0,0,2,0,0,0,0,0,0,0,0,42,0,0,60,1,0,1,0,1,0,0,0
"ENG_043_MZB_LO_2","ENG_043_MZB_LO_2-25.04.2006","25.04.2006",2006,4,25,0,0,0,0,17,0,0,30,0,0,2,3,0,0,0,0,1,1,124,0,0,0,22,0,0,1,0,0,1,0,1,39,0,4,4,0,0,3,0,233,1,2,0,2,1,3,0,0,0,3,0,0,3,3,7,0,0,138,5,0,0,79,0,1,0,0,0,0,0,0,0,0,0,0,2,0,0,0,0,0,0,0,0,4,6,0,5,4,0,0,0,0,0,0,0,0,4,0,0,0,0,0,0,0,0,17,0,0,8,0,0,0,0,4,0,0,0
"ENG_043_MZB_LO_2","ENG_043_MZB_LO_2-09.05.2007","09.05.2007",2007,5,9,0,0,0,0,92,0,0,183,0,0,9,5,0,0,0,26,8,33,504,0,0,2,116,0,0,0,0,0,1,0,11,41,0,1,16,20,0,5,0,516,0,1,0,1,0,8,0,0,0,48,0,0,0,1,108,1,0,316,64,0,3,8,1,9,0,0,0,0,0,0,0,0,1,9,38,0,1,0,0,0,2,0,0,0,4,0,7,7,160,0,0,0,0,0,0,0,3,0,0,0,0,11,0,0,0,29,0,0,10,1,0,0,0,0,0,0,0
"ENG_043_MZB_LO_2","ENG_043_MZB_LO_2-11.04.2008","11.04.2008",2008,4,11,0,0,0,0,3,0,0,27,0,0,0,0,0,0,0,0,0,8,5,0,0,0,1,0,0,0,0,0,0,0,0,16,0,0,26,0,0,5,0,228,0,1,0,1,4,0,0,0,0,0,0,0,0,51,0,0,0,169,21,0,0,32,0,0,0,0,0,0,0,0,0,0,0,0,1,0,0,0,0,0,3,0,0,0,8,0,0,8,32,0,0,0,0,0,0,0,58,0,0,0,0,0,0,0,0,0,0,0,77,0,0,0,0,0,0,0,0
"ENG_043_MZB_LO_2","ENG_043_MZB_LO_2-21.04.2009","21.04.2009",2009,4,21,3,0,0,0,22,0,0,357,0,0,2,8,0,0,0,0,6,13,609,0,0,0,250,0,0,2,0,0,0,0,0,95,0,2,4,0,0,1,0,1297,2,0,0,1,5,2,0,0,0,13,0,0,0,5,19,0,0,171,35,0,0,39,0,0,0,0,0,1,0,0,0,0,0,1,27,0,1,0,0,0,1,0,0,0,1,0,18,2,74,0,0,0,0,0,0,1,22,0,0,0,1,72,0,0,0,76,0,0,49,0,0,0,0,1,1,0,0
"ENG_043_MZB_LO_2","ENG_043_MZB_LO_2-27.04.2010","27.04.2010",2010,4,27,0,0,0,0,10,0,0,71,0,0,0,0,0,0,0,5,2,1,105,0,0,0,34,0,0,0,0,0,0,0,0,35,0,2,3,0,0,4,0,415,0,1,0,3,17,0,0,0,0,18,0,0,0,0,22,0,0,81,8,0,0,7,1,1,0,0,0,0,0,0,0,0,0,1,7,0,0,0,0,0,0,0,0,0,5,0,1,3,3,0,0,0,0,0,0,0,6,0,0,0,0,2,0,0,0,13,0,0,15,0,0,0,0,0,0,0,0
"ENG_043_MZB_LO_2","ENG_043_MZB_LO_2-11.04.2011","11.04.2011",2011,4,11,0,0,0,0,4,0,0,5,0,0,1,7,0,0,0,1,1,4,130,0,0,0,10,0,0,0,0,0,0,0,0,19,0,0,20,0,0,7,0,150,0,1,0,0,4,0,0,0,0,2,0,0,0,6,15,0,0,15,25,0,0,4,0,0,0,2,0,0,0,0,0,0,0,0,15,0,2,0,0,0,0,0,0,0,2,0,0,25,15,0,0,0,0,0,0,0,6,0,0,0,1,0,0,0,0,45,0,0,55,0,0,0,0,1,0,0,0
"ENG_043_MZB_LO_2","ENG_043_MZB_LO_2-23.05.2012","23.05.2012",2012,5,23,0,0,1,0,60,0,0,200,0,0,30,20,0,0,0,4,4,10,65,0,0,0,50,0,0,0,0,0,0,0,1,25,0,0,13,2,0,6,0,250,0,3,0,1,0,3,0,0,0,20,0,0,0,0,1,0,0,10,32,0,0,104,0,1,0,1,0,0,0,0,0,0,0,0,50,0,0,0,0,0,3,0,0,0,19,0,0,20,100,0,0,0,0,0,0,0,30,0,0,0,0,1,0,0,0,8,0,0,9,0,0,0,0,2,0,2,0
"ENG_043_MZB_LO_3","ENG_043_MZB_LO_3-26.04.1995","26.04.1995",1995,4,26,0,0,0,0,0,0,0,0,0,0,0,0,0,0,0,0,0,0,0,0,0,0,0,0,0,0,0,0,0,0,0,0,0,0,0,0,0,0,0,0,0,0,0,0,0,0,0,0,0,0,0,0,0,0,0,0,0,0,0,0,0,0,0,0,0,0,0,0,0,0,0,0,0,0,0,0,0,0,0,0,0,0,0,0,0,0,0,0,0,0,0,0,0,0,0,0,0,0,0,0,0,0,0,0,0,0,0,0,0,1,0,0,0,0,0,0,0
"ENG_043_MZB_LO_3","ENG_043_MZB_LO_3-23.05.1996","23.05.1996",1996,5,23,0,0,4,0,1,0,0,8,0,0,0,0,0,0,0,91,0,63,875,0,0,0,0,0,0,0,0,0,1,0,0,59,0,0,0,164,0,1,0,5,0,8,0,0,2,0,0,8,0,6,0,0,0,26,6,0,1,125,12,7,5,10,0,0,0,0,0,6,0,0,0,0,0,0,1193,0,0,0,0,0,0,0,0,0,13,0,1,0,9,1,0,0,0,0,0,0,1,0,0,0,0,1,0,0,0,46,1,0,0,0,0,0,0,0,0,0,0
"ENG_043_MZB_LO_3","ENG_043_MZB_LO_3-30.05.1997","30.05.1997",1997,5,30,0,0,152,0,451,0,0,99,0,0,0,0,0,0,1,183,0,16,702,0,0,0,6,0,0,0,0,0,19,0,45,87,0,3,0,342,0,4,0,9,0,18,0,0,0,0,0,9,0,163,0,1,0,0,0,0,0,51,11,9,96,13,4,0,2,0,1,2,0,0,0,0,0,0,138,0,0,0,0,0,0,0,0,0,138,0,1,0,289,0,0,0,0,0,0,0,0,0,0,0,1,0,0,0,0,41,0,0,0,0,0,0,0,0,0,0,0
"ENG_043_MZB_LO_3","ENG_043_MZB_LO_3-12.05.1998","12.05.1998",1998,5,12,0,0,16,0,40,0,0,30,0,0,0,0,0,0,0,72,0,8,72,0,0,0,6,0,0,0,0,0,20,0,8,84,0,1,2,18,0,6,0,14,0,10,0,0,0,0,0,58,0,26,0,0,0,30,3,0,12,94,12,0,8,58,0,0,0,0,0,0,0,0,2,0,0,0,326,0,0,0,0,0,0,0,0,0,66,0,6,0,0,0,0,0,0,0,0,0,2,0,0,0,0,0,0,0,0,36,0,0,0,0,0,0,0,0,0,0,0
"ENG_043_MZB_LO_3","ENG_043_MZB_LO_3-18.05.1999","18.05.1999",1999,5,18,0,0,0,0,2,2,0,44,0,0,0,0,0,0,0,14,0,39,217,0,0,0,0,0,0,0,0,0,1,0,28,45,1,3,4,133,0,7,0,54,0,1,0,0,1,0,0,22,0,9,1,0,0,17,3,0,3,23,7,13,38,10,1,0,0,0,0,0,0,0,0,0,0,0,55,0,2,0,0,0,0,0,0,0,1,0,0,0,0,0,0,0,0,0,0,0,2,0,0,0,0,0,0,0,0,6,0,0,0,1,0,0,0,0,0,0,0
"ENG_043_MZB_LO_3","ENG_043_MZB_LO_3-23.05.2000","23.05.2000",2000,5,23,0,0,1,0,4,1,0,72,0,0,0,0,0,0,0,186,0,20,284,0,0,0,0,0,0,1,0,0,1,0,55,73,0,0,0,812,0,2,0,53,0,3,6,0,1,0,0,143,0,38,0,0,0,32,10,0,0,101,20,4,79,0,12,0,0,0,0,0,0,0,0,0,0,0,159,0,0,0,0,0,0,0,0,0,5,0,3,0,4,0,0,17,0,0,0,1,3,0,0,0,0,3,0,0,0,3,0,0,0,0,0,0,0,0,0,0,0
"ENG_043_MZB_LO_3","ENG_043_MZB_LO_3-22.05.2001","22.05.2001",2001,5,22,0,0,0,0,2,0,0,15,0,0,0,0,0,0,0,1,0,36,528,0,0,0,0,1,0,0,0,0,0,0,59,82,0,10,0,145,0,1,0,1,0,1,38,0,0,0,0,39,0,15,0,0,0,2,20,0,0,6,2,0,13,6,0,0,0,0,0,0,0,0,0,0,0,0,623,0,0,0,0,0,0,0,0,0,1,0,1,0,1,1,0,0,0,0,0,0,2,0,0,0,0,5,0,0,0,1,0,0,0,0,0,0,0,0,0,0,0
"ENG_043_MZB_LO_3","ENG_043_MZB_LO_3-31.05.2002","31.05.2002",2002,5,31,0,0,0,0,3,0,0,37,0,0,0,0,0,0,0,1,0,3,558,0,0,0,0,0,0,0,0,0,0,0,53,52,0,0,0,834,0,0,0,38,0,1,0,0,0,0,0,33,0,55,0,0,0,4,7,0,0,25,11,4,3,1,4,0,0,0,0,2,0,0,0,0,0,0,152,0,2,0,0,0,0,0,0,0,4,0,2,0,2,0,1,5,0,0,0,2,0,0,0,0,0,0,0,0,0,4,0,0,0,1,0,0,0,0,0,0,0
"ENG_043_MZB_LO_3","ENG_043_MZB_LO_3-14.05.2003","14.05.2003",2003,5,14,0,0,2,0,1,1,0,276,0,0,0,0,0,0,0,4,0,2,563,0,0,0,0,0,0,0,0,0,0,0,15,48,0,18,0,768,0,1,0,25,0,1,40,0,0,0,0,200,0,36,0,0,0,49,39,0,0,15,7,5,28,0,0,0,0,0,0,2,0,0,0,0,0,0,29,0,2,0,0,0,0,0,0,0,0,0,0,0,41,0,0,5,0,0,0,2,0,0,0,0,0,3,0,0,0,10,0,0,0,0,0,0,0,0,0,0,0
"ENG_043_MZB_LO_3","ENG_043_MZB_LO_3-18.05.2004","18.05.2004",2004,5,18,0,0,4,0,7,1,0,400,0,0,0,0,0,0,0,3,0,20,164,0,0,0,1,0,0,0,0,0,0,0,1,87,0,2,0,268,0,6,0,6,0,3,4,0,0,0,0,52,0,10,0,0,0,41,31,0,0,7,29,0,8,2,2,0,0,0,1,0,0,0,0,0,0,0,20,0,3,0,0,0,0,0,0,0,11,0,2,0,36,1,0,8,0,0,0,2,1,0,0,0,0,1,0,0,0,14,0,0,0,1,0,0,0,0,0,0,0
"ENG_043_MZB_LO_3","ENG_043_MZB_LO_3-24.03.2005","24.03.2005",2005,3,24,0,0,0,0,2,0,0,395,0,0,0,0,0,0,0,0,0,3,56,0,0,0,0,0,0,0,0,0,0,0,0,21,1,5,0,0,0,1,0,5,0,0,9,0,0,0,0,2,0,2,0,0,0,7,3,0,0,4,0,0,2,4,0,0,0,0,0,2,0,0,0,0,0,0,34,0,0,0,0,0,0,0,0,0,2,0,3,0,3,0,0,0,0,0,0,6,2,0,0,0,0,6,0,0,0,5,0,0,0,0,0,0,0,0,0,0,0
"ENG_043_MZB_LO_3","ENG_043_MZB_LO_3-11.05.2006","11.05.2006",2006,5,11,0,0,4,0,3,0,0,67,0,0,0,0,0,0,0,10,0,3,155,0,0,0,0,0,0,0,0,0,0,0,68,54,0,2,0,63,0,6,0,2,0,1,5,0,0,0,0,101,0,92,1,0,0,31,38,0,0,18,4,0,8,4,1,0,0,0,0,1,0,0,0,0,0,0,32,0,0,0,0,0,0,0,0,0,13,0,2,0,97,0,0,0,0,0,0,3,4,0,0,0,0,4,0,0,0,6,0,0,0,0,0,0,0,0,0,0,0
"ENG_043_MZB_LO_3","ENG_043_MZB_LO_3-24.05.2007","24.05.2007",2007,5,24,0,0,12,0,20,0,0,84,0,0,0,0,0,0,0,132,0,1,136,0,0,0,0,0,1,0,0,0,1,0,80,100,0,0,0,1096,0,28,0,40,0,1,1,0,0,0,0,164,0,68,0,0,0,33,8,0,0,44,76,0,48,17,1,0,0,0,0,1,0,0,0,0,0,0,10,0,0,0,0,0,0,0,0,0,33,0,0,0,744,0,0,2,0,0,0,0,8,0,0,0,0,0,0,0,0,24,0,0,0,0,0,0,0,0,0,0,0
"ENG_043_MZB_LO_3","ENG_043_MZB_LO_3-09.05.2008","09.05.2008",2008,5,9,0,0,1,0,5,0,0,255,0,0,0,0,0,0,0,5,0,1,37,0,0,0,2,0,0,0,0,0,0,0,0,36,0,4,0,0,0,30,0,35,0,0,40,0,0,0,0,145,0,2,0,0,0,50,2,0,2,25,2,0,4,32,0,0,0,0,2,0,0,0,0,0,0,0,40,0,1,0,0,0,0,0,0,0,9,0,0,0,15,0,0,0,0,0,1,1,35,0,0,0,0,0,0,0,0,3,0,0,0,0,0,0,0,0,0,0,0
"ENG_043_MZB_LO_3","ENG_043_MZB_LO_3-25.03.2009","25.03.2009",2009,3,25,0,0,0,0,0,3,0,396,0,0,0,0,0,1,0,0,0,1,92,0,0,0,1,0,0,0,0,0,0,0,0,112,0,0,2,0,0,0,0,24,0,2,64,0,0,0,0,376,0,1,1,0,0,7,10,0,7,0,4,0,10,3,3,0,0,0,0,0,0,0,0,0,0,0,264,0,0,0,5,0,0,0,0,0,0,0,4,0,4,0,0,0,0,0,0,0,9,0,0,0,0,0,0,0,0,6,0,0,0,0,0,0,0,0,0,0,0
"ENG_043_MZB_LO_3","ENG_043_MZB_LO_3-16.04.2010","16.04.2010",2010,4,16,0,0,0,0,0,0,0,119,0,0,0,0,0,0,0,0,0,0,10,0,0,0,0,0,0,0,0,0,0,0,0,25,0,0,0,0,0,2,0,0,0,2,13,0,0,0,0,79,0,1,0,0,0,14,1,0,5,1,3,0,0,0,0,0,0,0,0,2,0,0,0,0,0,0,23,0,0,0,0,0,0,0,0,0,0,0,0,0,7,0,0,0,0,0,0,0,0,0,1,0,0,3,0,0,0,4,0,0,0,0,0,0,0,0,0,0,0
"ENG_043_MZB_LO_3","ENG_043_MZB_LO_3-10.03.2011","10.03.2011",2011,3,10,0,0,0,0,0,0,0,250,0,0,0,0,0,0,0,1,0,0,1,0,0,0,0,0,0,0,0,0,0,0,0,2,0,0,0,0,0,3,0,2,0,1,7,0,0,0,0,27,0,0,0,0,0,5,2,0,1,0,0,0,0,1,0,0,0,0,0,0,0,0,0,0,0,0,5,0,0,0,0,0,0,0,0,0,0,0,0,0,1,0,0,0,0,0,0,1,1,0,0,0,0,14,0,0,0,2,0,0,0,0,0,0,0,0,0,0,0
"ENG_043_MZB_LO_3","ENG_043_MZB_LO_3-13.03.2012","13.03.2012",2012,3,13,0,0,4,0,0,2,0,1050,0,0,0,0,0,0,0,0,0,0,142,0,0,0,0,0,0,0,0,0,0,0,0,53,0,0,0,0,0,1,0,8,0,0,13,0,0,0,0,148,0,2,0,0,0,21,12,0,2,27,0,0,7,3,0,0,0,0,0,1,0,0,0,0,0,0,0,0,9,0,0,0,0,0,0,0,1,0,1,0,4,0,0,0,0,0,0,7,2,0,0,0,0,54,0,1,0,6,0,0,0,0,0,0,0,0,0,0,0
"ENG_043_MZB_LO_4","ENG_043_MZB_LO_4-20.05.1998","20.05.1998",1998,5,20,0,0,8,0,40,0,0,792,0,0,0,0,0,0,0,228,0,8,840,0,0,0,0,0,0,6,0,0,1,0,0,292,0,5,0,2612,0,24,0,452,0,11,284,0,0,0,0,84,0,16,1,0,1,244,4,0,0,16,28,0,1,3,4,0,8,0,0,0,0,0,0,0,0,0,764,0,0,0,0,0,0,0,1,0,222,0,16,0,768,0,0,3,0,0,0,28,4,0,0,0,1,396,0,0,0,188,0,0,0,6,0,0,0,0,0,0,0
"ENG_043_MZB_LO_4","ENG_043_MZB_LO_4-28.04.1999","28.04.1999",1999,4,28,0,0,2,0,5,0,0,0,0,0,0,0,0,0,0,0,0,22,0,0,0,0,0,0,0,1,0,0,0,0,0,0,0,3,0,6,0,9,0,0,0,8,0,0,0,0,0,0,0,2,0,0,0,19,30,0,4,5,0,0,14,5,5,0,0,0,0,3,0,0,0,0,0,0,0,0,2,0,1,0,0,0,1,0,2,0,20,0,0,0,0,0,0,0,0,19,1,0,0,0,0,0,0,0,0,0,0,0,0,0,0,0,0,0,0,0,0
"ENG_043_MZB_LO_4","ENG_043_MZB_LO_4-10.04.2000","10.04.2000",2000,4,10,0,0,5,0,3,2,0,1352,1,0,0,0,0,3,0,524,0,12,308,3,0,0,0,0,0,1,0,0,1,0,0,724,0,9,0,0,0,11,0,692,0,6,548,0,1,0,0,462,0,32,1,0,0,252,60,0,1,44,24,0,8,5,21,0,0,0,0,0,0,0,1,0,0,0,564,0,4,0,1,0,0,0,1,0,62,0,26,0,480,0,0,12,0,0,0,32,11,0,0,0,0,49,0,0,0,50,0,0,0,12,0,0,0,0,0,0,0
"ENG_043_MZB_LO_4","ENG_043_MZB_LO_4-08.04.2002","08.04.2002",2002,4,8,0,0,0,0,12,9,0,1212,0,1,0,0,0,3,0,0,0,19,141,0,0,0,0,0,0,1,0,0,0,1,3,454,0,4,2,1,0,27,0,398,0,21,449,1,1,0,0,193,0,12,3,0,0,256,19,0,0,40,44,0,2,7,71,0,0,0,0,5,0,0,0,0,0,0,562,0,2,0,2,0,0,0,0,0,22,0,18,0,281,0,0,10,0,0,0,21,11,0,0,0,0,36,0,0,0,157,0,0,0,19,0,0,0,6,0,0,0
"ENG_043_MZB_LO_4","ENG_043_MZB_LO_4-04.04.2003","04.04.2003",2003,4,4,0,0,2,0,12,5,0,1716,0,0,0,0,0,2,0,98,0,30,1064,0,0,0,0,0,0,6,0,0,0,0,0,491,0,13,0,0,0,21,0,384,0,2,620,0,4,0,0,282,0,65,6,0,0,360,100,0,0,49,12,0,20,52,53,0,0,0,1,2,1,0,2,0,0,0,567,0,1,0,2,0,0,0,0,0,40,0,52,0,374,0,0,1,0,0,0,33,13,0,0,0,0,121,0,0,0,77,0,0,0,0,0,0,0,0,0,0,0
"ENG_043_MZB_LO_4","ENG_043_MZB_LO_4-07.04.2004","07.04.2004",2004,4,7,0,0,2,0,12,8,0,936,0,0,0,0,0,0,0,80,0,72,436,0,0,0,0,0,0,8,0,0,0,0,0,316,0,4,20,0,0,20,0,280,0,28,152,0,16,0,1,68,0,52,0,0,0,164,52,0,0,88,36,1,1,5,56,0,0,0,0,4,0,0,1,0,0,0,796,0,4,0,0,0,0,0,0,0,16,0,44,0,176,0,0,4,0,0,0,16,24,0,0,2,0,1688,0,0,0,124,0,0,0,8,0,0,0,4,0,0,0
"ENG_043_MZB_LO_4","ENG_043_MZB_LO_4-11.04.2005","11.04.2005",2005,4,11,0,0,0,0,0,0,0,1064,0,0,0,0,0,3,0,176,0,28,124,0,0,0,0,0,0,0,0,0,1,0,3,90,0,1,1,4,0,0,0,108,0,6,28,0,4,0,0,164,0,6,0,0,0,16,1,0,1,1,1,2,25,7,0,0,0,0,0,1,0,0,0,0,0,0,372,0,3,0,1,0,0,0,0,0,1,0,1,0,28,0,0,0,0,0,0,32,1,0,0,0,0,16,0,1,0,40,0,0,0,0,0,0,0,0,0,0,0
"ENG_043_MZB_LO_4","ENG_043_MZB_LO_4-20.04.2006","20.04.2006",2006,4,20,0,0,20,0,2,1,0,792,0,0,0,0,0,0,0,348,0,40,868,0,0,0,0,0,0,4,0,0,0,0,4,340,0,20,1,0,0,8,0,124,0,5,248,0,3,0,0,429,0,68,5,0,0,224,60,0,12,64,88,1,24,2,32,0,0,0,0,0,0,0,0,0,0,0,208,0,4,0,0,0,0,0,0,0,4,0,28,0,120,1,0,24,0,0,0,16,8,0,0,0,0,16,0,1,0,28,0,1,0,4,0,0,0,0,0,0,0
"ENG_043_MZB_LO_4","ENG_043_MZB_LO_4-23.04.2007","23.04.2007",2007,4,23,0,0,0,0,0,20,0,864,0,0,0,0,0,0,0,280,0,1,184,0,0,0,0,0,0,0,0,0,0,0,0,424,0,3,0,76,0,2,0,20,0,0,132,0,16,0,0,568,0,12,0,0,0,344,76,0,20,44,96,0,36,0,12,0,0,0,0,3,0,0,0,0,0,0,40,0,1,0,0,0,0,0,0,0,16,0,0,0,24,0,0,2,0,0,0,4,0,0,0,0,0,22,0,1,0,28,0,0,0,2,0,0,0,0,0,0,0
"ENG_043_MZB_LO_4","ENG_043_MZB_LO_4-24.04.2008","24.04.2008",2008,4,24,0,0,0,0,0,35,0,1404,0,0,0,0,0,0,0,8,0,0,182,0,0,0,0,0,0,0,0,0,0,0,0,241,0,1,0,0,0,2,0,21,0,0,244,0,10,0,0,443,0,0,1,0,0,258,29,0,90,38,24,0,45,0,16,0,0,0,0,0,0,0,1,0,0,0,28,0,3,0,1,0,0,0,0,0,1,0,0,0,34,0,0,0,0,0,0,12,17,0,0,0,0,47,0,0,0,17,0,0,0,0,0,0,0,0,0,0,0
"ENG_043_MZB_LO_4","ENG_043_MZB_LO_4-19.03.2009","19.03.2009",2009,3,19,0,0,0,0,0,21,0,954,0,0,0,0,0,2,0,8,0,17,81,0,0,0,0,0,0,0,0,0,0,0,0,162,0,4,0,8,0,1,0,35,0,1,424,0,1,0,0,1051,0,0,17,0,0,15,0,0,36,61,1,0,0,4,1,0,0,0,0,0,0,0,0,0,0,0,5,0,1,0,13,0,0,0,0,0,0,0,0,0,57,0,0,0,0,0,0,9,1,0,0,0,0,8,0,0,0,0,0,0,0,0,0,0,0,0,0,0,0
"ENG_043_MZB_LO_4","ENG_043_MZB_LO_4-15.04.2010","15.04.2010",2010,4,15,0,0,0,0,0,12,0,896,0,0,0,0,5,1,0,0,0,1,26,0,0,0,0,0,0,0,0,0,0,0,0,112,0,4,0,0,0,1,0,5,0,0,120,0,0,0,0,428,0,0,4,0,0,104,9,0,220,12,0,0,1,1,1,0,0,0,0,0,0,0,0,0,0,0,6,0,0,0,0,0,0,0,0,0,1,0,0,0,48,0,0,0,0,0,0,16,0,0,0,0,0,56,0,0,0,8,0,0,0,0,0,0,0,0,0,0,0
"ENG_043_MZB_LO_4","ENG_043_MZB_LO_4-01.04.2011","01.04.2011",2011,4,1,0,0,0,0,0,0,0,216,0,0,0,0,0,0,0,61,0,9,108,0,0,0,0,0,0,0,0,0,0,0,0,34,0,0,0,0,0,2,0,6,0,1,25,0,0,0,0,105,0,8,0,0,0,9,12,0,12,24,23,0,1,0,1,0,0,0,0,0,0,0,1,0,0,0,96,0,0,0,4,0,0,0,0,0,3,0,0,0,4,0,0,0,0,0,1,0,0,0,0,0,0,0,0,0,0,1,0,0,0,1,0,0,0,0,0,0,0
"ENG_043_MZB_LO_4","ENG_043_MZB_LO_4-05.04.2012","05.04.2012",2012,4,5,0,0,0,0,4,6,0,8228,0,0,0,0,0,0,0,24,0,16,16,0,0,0,2,0,0,0,0,0,0,0,0,110,0,1,0,0,0,0,0,4,0,0,35,0,3,0,0,317,0,1,0,0,0,48,31,0,46,7,1,0,42,0,1,0,0,0,0,0,0,0,0,0,0,0,67,0,6,0,3,0,0,0,0,0,1,0,0,0,1,0,0,0,0,0,0,6,1,0,0,0,0,34,0,0,0,2,0,0,0,0,0,0,0,0,0,0,0
"ENG_043_MZB_LO_5","ENG_043_MZB_LO_5-01.05.1998","01.05.1998",1998,5,1,0,0,1,136,0,0,0,13,0,0,0,0,0,0,0,32,12,0,0,0,0,0,0,0,0,3,0,0,12,32,0,24,0,4,1,0,4,16,0,0,0,5,0,0,0,8,0,0,0,1,0,0,0,0,64,4,2,0,121,4,0,20,3,0,0,4,0,0,0,0,0,0,0,0,0,0,0,0,0,0,5,0,0,0,40,44,120,24,8,1,0,24,0,0,0,0,0,0,1,0,0,0,0,0,0,0,0,0,0,4,8,0,0,12,0,0,0
"ENG_043_MZB_LO_5","ENG_043_MZB_LO_5-15.04.1999","15.04.1999",1999,4,15,0,0,0,28,24,0,0,24,0,0,44,24,0,0,0,52,2,128,0,0,0,0,4,0,0,2,0,0,5,16,0,220,0,4,1,0,0,8,0,40,0,0,0,0,0,0,0,0,0,1,1,0,0,0,540,0,1,0,33,8,0,4,8,0,0,0,0,0,0,0,0,0,0,0,260,0,0,0,0,0,0,0,0,0,16,0,24,6,12,0,0,1,0,0,0,0,0,0,0,0,0,252,0,0,0,152,0,0,0,0,0,0,0,4,0,0,0
"ENG_043_MZB_LO_5","ENG_043_MZB_LO_5-16.05.2000","16.05.2000",2000,5,16,0,0,0,40,104,0,0,161,0,0,104,16,0,0,0,192,5,112,1288,0,0,0,8,0,0,0,0,0,2,1,0,140,0,0,2,3,0,4,0,128,1,6,0,0,0,1,0,0,0,0,0,0,0,224,64,1,0,0,15,0,0,0,4,0,0,0,1,32,0,0,0,0,0,0,4025,0,1,0,0,0,0,0,0,0,75,2,2,2,64,0,0,0,0,0,0,0,0,0,0,0,0,384,0,0,1,544,0,0,0,0,1,0,0,16,0,0,0
"ENG_043_MZB_LO_5","ENG_043_MZB_LO_5-22.05.2001","22.05.2001",2001,5,22,1,0,0,40,35,0,0,72,0,0,47,7,0,0,0,132,1,16,326,0,0,0,4,0,0,1,0,0,2,0,0,61,0,1,3,5,0,0,0,54,2,1,0,0,0,0,0,0,0,0,0,0,0,51,30,4,0,0,18,2,0,7,1,0,0,0,0,1,0,0,0,0,0,0,403,0,0,0,0,0,0,0,0,0,23,3,2,8,3,0,0,9,0,0,0,0,0,0,0,0,0,0,0,0,0,192,0,0,0,0,1,0,0,1,0,0,0
"ENG_043_MZB_LO_5","ENG_043_MZB_LO_5-23.05.2002","23.05.2002",2002,5,23,0,0,0,4,13,0,0,9,0,0,7,3,1,0,0,49,1,1,148,0,0,0,0,0,0,0,0,0,0,0,0,18,0,0,0,9,0,6,0,45,0,10,0,0,0,0,0,0,0,0,0,0,0,33,28,0,0,0,16,0,0,1,0,0,0,0,0,0,0,0,0,0,0,0,86,0,0,0,0,0,0,0,0,0,21,0,0,4,1,0,0,11,0,1,0,0,0,0,0,0,0,132,0,0,0,10,0,0,0,0,8,0,0,0,0,0,0
"ENG_043_MZB_LO_5","ENG_043_MZB_LO_5-29.05.2003","29.05.2003",2003,5,29,0,0,0,208,1,0,0,76,0,0,78,48,2,0,0,34,1,46,501,0,0,0,0,0,0,0,0,0,1,1,0,104,0,0,3,8,0,4,0,23,0,8,0,0,0,0,0,1,0,1,0,0,0,284,87,0,0,0,36,0,0,0,14,0,0,0,0,0,0,0,0,0,0,0,674,0,0,0,0,0,0,0,0,0,37,0,0,18,8,0,0,19,0,0,0,0,0,0,0,0,0,846,0,0,0,1366,0,0,0,0,7,0,0,0,0,0,0
"ENG_043_MZB_LO_5","ENG_043_MZB_LO_5-07.05.2004","07.05.2004",2004,5,7,0,0,0,12,8,0,0,0,0,0,4,1,0,0,0,31,5,20,90,0,0,0,0,0,0,0,0,0,0,1,0,2,0,0,1,0,0,6,0,0,0,5,0,0,0,0,0,0,0,0,0,0,0,0,0,0,0,0,0,0,0,0,0,0,0,0,0,3,0,0,0,0,0,0,852,0,0,0,0,0,0,0,1,0,2,0,0,0,0,1,0,0,0,0,0,0,0,0,0,0,0,12,0,0,0,24,0,0,0,0,0,0,0,0,0,0,0
"ENG_043_MZB_LO_5","ENG_043_MZB_LO_5-09.05.2005","09.05.2005",2005,5,9,0,0,0,5,3,0,0,136,0,0,3,1,0,0,0,40,1,0,874,0,0,0,0,0,0,0,0,0,0,0,0,6,0,0,0,20,0,1,0,14,0,0,0,0,0,0,0,0,0,0,0,0,0,67,114,0,0,0,0,0,0,1,1,0,0,0,0,0,0,0,0,0,0,0,147,0,0,0,0,0,0,0,0,0,5,0,0,19,1,0,0,348,0,0,0,0,0,0,0,0,0,491,0,0,0,2,0,0,0,1,0,0,0,0,0,0,0
"ENG_043_MZB_LO_5","ENG_043_MZB_LO_5-10.05.2006","10.05.2006",2006,5,10,0,0,0,3,6,0,0,90,0,0,0,0,0,0,0,18,1,26,171,0,0,0,0,0,0,0,0,0,0,0,0,1,0,0,0,2,0,1,0,2,0,1,0,0,0,0,0,0,0,0,0,0,0,12,27,0,0,0,0,0,0,0,0,0,0,0,0,0,0,0,1,0,0,0,159,0,0,0,0,0,0,0,0,0,3,0,0,0,2,0,0,6,0,0,0,0,0,0,0,0,0,112,0,0,0,0,0,0,0,0,0,0,0,0,0,0,0
"ENG_043_MZB_LO_5","ENG_043_MZB_LO_5-09.05.2007","09.05.2007",2007,5,9,0,0,0,34,47,0,0,46,0,0,4,1,6,0,0,169,1,3,588,0,0,0,0,0,0,0,0,0,0,0,0,3,0,2,3,20,0,0,0,7,0,2,0,0,0,0,0,0,0,1,0,0,0,30,20,0,0,0,1,3,0,0,1,2,0,0,0,0,0,0,0,0,0,0,12,0,0,0,0,0,0,0,0,0,34,0,0,0,38,0,0,15,0,0,0,0,0,0,1,0,0,136,0,0,0,1,0,0,0,0,0,0,0,0,0,0,0
"ENG_043_MZB_LO_5","ENG_043_MZB_LO_5-09.05.2008","09.05.2008",2008,5,9,0,0,0,43,22,0,0,54,0,0,47,6,0,0,0,37,8,37,0,0,0,0,0,0,0,0,0,0,0,0,0,16,0,0,1,6,3,2,0,15,0,3,0,0,0,0,0,0,0,0,0,0,0,74,8,0,1,0,5,1,0,0,7,1,1,0,0,0,0,3,0,0,0,0,107,0,0,0,0,0,0,0,0,0,15,0,0,6,8,1,0,49,0,0,0,0,0,0,0,0,0,709,0,0,0,42,0,0,0,1,0,0,0,0,0,0,0
"ENG_043_MZB_LO_5","ENG_043_MZB_LO_5-06.05.2009","06.05.2009",2009,5,6,0,0,0,32,3,0,0,74,0,0,0,11,0,0,0,68,0,69,202,0,0,0,0,0,0,0,0,0,0,0,0,23,0,0,1,42,0,0,0,15,0,0,0,0,0,0,0,0,0,1,0,0,0,87,36,0,1,0,1,1,0,0,11,0,0,0,0,1,0,0,0,1,0,0,150,0,2,0,0,0,0,0,0,0,23,0,0,0,3,3,0,88,0,0,0,0,0,0,0,0,0,1922,0,0,0,93,0,0,0,2,2,0,0,0,0,0,0
"ENG_043_MZB_LO_5","ENG_043_MZB_LO_5-07.05.2010","07.05.2010",2010,5,7,0,0,0,28,1,0,0,53,0,0,2,0,0,0,0,48,0,115,307,0,0,0,0,1,0,0,0,0,0,0,0,19,0,0,1,10,0,1,0,0,0,0,0,0,0,0,0,0,0,0,0,0,0,112,3,0,1,0,1,2,0,0,10,0,0,0,0,0,0,0,0,0,0,0,216,0,0,0,0,0,0,0,0,0,15,0,0,3,7,3,0,29,0,0,0,0,0,0,0,0,0,265,0,0,0,67,0,0,0,0,1,0,0,0,0,0,0
"ENG_043_MZB_LO_5","ENG_043_MZB_LO_5-12.05.2011","12.05.2011",2011,5,12,0,0,0,50,3,0,0,32,0,0,8,2,0,0,0,60,5,2,70,0,0,0,0,0,0,0,0,0,0,0,0,27,0,0,0,30,0,0,0,3,0,0,0,0,0,0,0,0,0,0,0,0,0,112,0,0,0,0,0,0,0,1,0,0,0,0,0,0,0,0,0,0,0,0,60,0,1,0,0,0,0,0,0,0,72,0,0,0,5,0,0,4,0,0,0,0,0,0,0,0,0,60,0,0,0,112,0,0,0,0,0,0,0,0,0,0,0
"ENG_043_MZB_LO_5","ENG_043_MZB_LO_5-24.05.2012","24.05.2012",2012,5,24,0,0,0,55,3,0,0,22,0,0,1,1,0,0,0,35,0,0,90,0,0,0,0,0,0,0,0,0,0,0,0,5,0,0,1,2,0,0,0,12,0,0,0,0,0,0,0,1,0,2,0,0,0,57,0,0,1,0,4,0,0,1,1,0,0,0,0,0,0,0,0,0,0,0,90,1,1,0,0,0,0,0,0,0,71,0,0,2,150,0,0,9,0,0,0,0,0,0,0,0,0,22,0,0,0,46,0,0,0,0,0,0,0,0,0,0,0
"ENG_043_MZB_LO_6","ENG_043_MZB_LO_6-19.05.1998","19.05.1998",1998,5,19,11,0,0,0,4,0,0,10,0,0,0,0,0,0,0,144,0,4,600,0,0,0,0,0,0,0,0,2,0,0,0,89,0,45,30,608,2,0,0,3460,0,0,32,45,0,0,0,2,0,24,0,0,0,12,36,0,0,0,116,0,2,9,6,0,0,0,0,16,0,0,0,0,0,0,494,19,24,0,0,0,0,0,0,0,45,0,0,7,76,0,0,56,0,0,0,9,0,0,0,0,0,21,0,0,0,52,0,0,0,0,0,0,0,0,0,0,0
"ENG_043_MZB_LO_6","ENG_043_MZB_LO_6-25.03.1999","25.03.1999",1999,3,25,4,0,0,0,1,0,0,592,0,0,0,0,0,0,0,2,1,8,0,0,0,0,0,0,0,0,0,0,0,0,0,220,0,20,56,16,2,0,0,0,0,0,0,188,0,0,0,4,0,8,0,0,0,1,105,0,0,0,24,36,0,89,52,0,0,0,0,0,0,0,0,0,0,0,0,0,40,0,0,0,0,0,0,0,68,0,0,2,32,0,0,58,0,0,0,10,0,0,0,0,0,29,0,0,0,12,16,0,0,0,0,0,0,0,0,0,0
"ENG_043_MZB_LO_6","ENG_043_MZB_LO_6-07.03.2000","07.03.2000",2000,3,7,0,0,0,0,0,0,0,349,0,0,0,0,0,0,0,3,0,0,181,0,0,0,0,0,0,0,0,0,0,0,0,31,0,12,8,4,0,0,0,888,0,1,488,289,0,0,0,22,0,3,0,0,0,0,48,0,0,0,1,7,0,1,1,0,0,0,0,0,0,0,0,0,0,0,264,0,11,0,0,0,0,0,0,0,16,0,0,0,1,0,0,6,0,0,0,5,0,0,1,0,0,16,0,0,0,0,0,0,0,0,0,0,0,0,0,0,0
"ENG_043_MZB_LO_6","ENG_043_MZB_LO_6-12.04.2002","12.04.2002",2002,4,12,5,0,0,0,0,0,0,1134,0,0,0,0,0,0,0,18,0,2,288,0,0,0,52,0,0,0,0,1,0,0,0,82,0,35,2,14,0,1,0,3392,0,0,2236,514,0,0,0,128,0,5,1,0,0,3,183,0,0,0,6,14,1,9,3,0,0,0,0,2,0,0,0,0,0,0,169,0,29,0,0,0,0,0,0,0,40,0,0,0,1,2,0,4,0,0,0,5,0,0,0,0,0,14,0,0,0,3,0,0,0,0,0,0,0,0,0,0,0
"ENG_043_MZB_LO_6","ENG_043_MZB_LO_6-11.03.2003","11.03.2003",2003,3,11,2,0,0,0,0,0,0,479,0,0,0,0,0,0,0,0,0,0,30,0,0,0,0,0,0,0,0,0,0,0,0,25,0,2,3,0,0,1,0,3096,0,0,3136,454,0,0,0,29,0,0,0,0,0,1,12,0,0,0,0,5,0,2,0,0,0,0,0,0,0,0,0,0,0,0,227,0,6,0,0,0,0,0,0,0,8,0,0,0,1,0,0,1,0,0,0,14,0,0,0,0,0,31,0,0,0,0,0,0,0,0,0,0,0,0,0,0,0
"ENG_043_MZB_LO_6","ENG_043_MZB_LO_6-02.04.2004","02.04.2004",2004,4,2,1,0,0,0,0,0,0,953,0,0,0,0,0,0,0,80,0,0,376,0,0,0,0,0,0,0,0,0,0,0,0,100,0,12,2,6,0,0,0,2108,0,0,828,48,0,0,0,140,0,20,0,0,0,4,328,0,1,4,32,16,0,8,4,0,0,0,0,0,0,0,0,0,0,0,132,0,8,0,0,0,0,0,0,0,13,0,4,0,1,0,0,0,0,0,0,4,0,0,0,0,0,16,0,0,0,4,0,0,0,0,0,0,0,0,0,0,0
"ENG_043_MZB_LO_6","ENG_043_MZB_LO_6-04.05.2005","04.05.2005",2005,5,4,24,0,0,0,1,0,0,216,0,0,0,0,0,0,0,368,0,8,660,0,0,0,150,0,0,1,0,0,0,0,0,144,0,36,36,216,0,0,0,2790,0,0,340,77,0,0,0,120,0,16,0,0,0,0,76,0,0,0,165,76,1,20,17,0,0,0,0,0,0,0,0,0,0,0,280,1,8,0,0,0,0,0,0,0,68,0,0,40,4,0,0,52,0,0,0,12,0,0,1,0,0,0,0,0,0,3,0,0,0,0,0,0,0,0,0,0,0
"ENG_043_MZB_LO_6","ENG_043_MZB_LO_6-10.04.2006","10.04.2006",2006,4,10,12,0,0,0,0,0,0,152,0,0,0,0,0,0,0,288,0,0,868,0,0,0,46,0,0,0,0,0,0,0,0,113,0,20,8,28,0,0,0,822,0,0,76,96,2,0,0,112,0,32,1,0,0,7,400,0,1,0,97,88,0,4,108,0,0,0,0,1,0,0,0,0,0,0,244,0,1,0,0,0,0,0,0,0,76,0,0,56,0,0,0,69,0,0,0,6,0,0,0,0,0,3,0,0,0,4,0,0,0,0,0,0,0,0,0,0,0
"ENG_043_MZB_LO_6","ENG_043_MZB_LO_6-16.05.2007","16.05.2007",2007,5,16,0,0,0,0,16,0,0,512,0,0,0,0,0,0,0,108,4,12,2568,0,0,0,430,0,0,4,0,0,0,0,0,164,0,24,52,268,4,0,0,3330,0,0,5,0,0,0,0,28,0,0,0,0,0,4,104,0,0,0,200,8,16,9,32,0,0,0,0,0,0,0,0,0,0,0,232,16,0,0,0,0,0,0,0,0,28,0,0,40,0,0,0,56,0,0,0,16,0,0,1,0,0,40,0,0,0,76,8,0,0,0,0,0,0,0,0,0,0
"ENG_043_MZB_LO_6","ENG_043_MZB_LO_6-26.03.2008","26.03.2008",2008,3,26,1,0,0,0,1,0,0,728,0,0,0,0,0,0,0,9,0,1,105,0,0,0,0,0,0,0,0,0,0,0,0,116,0,11,62,3,0,0,0,2644,0,0,80,144,41,0,0,10,0,15,0,0,0,1,33,0,0,0,8,0,0,16,8,0,0,0,0,0,0,0,0,0,0,0,62,0,0,0,0,0,0,12,0,0,24,0,0,1,0,2,0,0,0,0,0,2,0,0,0,0,0,11,0,0,0,7,0,0,0,1,0,0,0,0,0,0,0
"ENG_043_MZB_LO_6","ENG_043_MZB_LO_6-27.05.2009","27.05.2009",2009,5,27,0,0,0,0,1,0,0,492,0,0,0,0,0,0,0,57,0,1,235,0,0,0,16,0,0,1,0,3,0,0,0,55,0,19,2,359,1,0,0,1861,0,0,18,79,0,0,0,19,0,20,1,0,0,0,17,0,0,0,35,0,1,14,1,0,0,0,0,9,0,0,0,0,0,0,81,12,5,0,0,0,0,0,0,0,45,0,0,0,10,1,0,14,0,0,0,17,0,0,0,0,0,9,0,0,0,38,0,3,0,0,0,0,0,0,0,0,0
"ENG_043_MZB_LO_6","ENG_043_MZB_LO_6-21.04.2010","21.04.2010",2010,4,21,5,0,0,0,0,0,0,907,0,0,0,0,0,0,0,57,2,0,31,0,0,0,45,0,0,0,0,0,0,0,0,204,0,10,9,39,0,0,0,1190,0,0,221,362,3,0,0,54,0,5,0,0,0,1,615,0,7,0,24,41,1,17,10,0,0,0,0,1,0,0,0,0,0,0,96,0,1,0,0,0,0,0,0,0,70,0,0,5,18,1,0,9,0,0,0,4,0,0,0,0,0,1,0,0,0,4,1,0,0,0,0,0,0,0,0,0,0
"ENG_043_MZB_LO_6","ENG_043_MZB_LO_6-23.05.2011","23.05.2011",2011,5,23,0,0,0,0,0,0,0,115,0,0,0,0,0,0,0,55,0,0,41,0,0,0,5,0,0,0,0,0,0,0,0,97,0,7,2,69,0,0,0,2657,0,0,8,43,0,0,0,29,0,3,0,0,0,2,30,0,0,0,95,1,7,5,1,0,0,0,0,2,0,0,0,0,0,0,13,5,11,0,0,0,0,0,0,0,7,0,0,1,1,0,0,4,0,0,0,8,0,0,0,0,0,0,0,0,0,4,0,0,0,0,0,0,0,0,0,0,0
"ENG_043_MZB_LO_6","ENG_043_MZB_LO_6-24.05.2012","24.05.2012",2012,5,24,2,0,0,0,0,0,0,191,0,0,0,0,0,0,0,500,0,0,450,0,0,0,0,0,0,5,0,0,0,0,0,153,0,6,6,80,0,0,0,3000,0,0,1,35,0,0,0,30,0,10,0,0,0,0,39,0,0,0,150,1,14,1,1,0,0,0,0,2,0,0,0,0,0,0,30,0,4,0,0,0,0,0,0,0,30,0,14,3,6,0,0,2,0,0,0,3,0,0,0,0,0,4,0,0,0,3,0,0,0,0,0,0,0,0,0,0,0
"ENG_043_MZB_LO_7","ENG_043_MZB_LO_7-23.03.1994","23.03.1994",1994,3,23,0,0,0,0,0,0,0,0,0,0,0,0,0,0,0,0,0,0,0,0,0,0,0,0,0,0,0,0,0,0,0,0,0,0,0,0,0,0,0,0,0,0,0,0,0,0,0,0,0,0,0,0,0,0,0,0,0,0,0,0,0,0,0,0,0,0,0,0,0,0,0,0,0,0,0,0,0,0,0,0,0,0,0,0,0,0,0,0,0,0,0,0,0,0,0,0,0,0,0,0,0,0,0,0,0,0,0,0,0,1,0,0,0,0,0,0,0
"ENG_043_MZB_LO_7","ENG_043_MZB_LO_7-28.05.1997","28.05.1997",1997,5,28,0,0,3,0,5,0,0,22,0,0,0,0,0,0,0,89,0,9,0,0,0,0,0,0,0,0,0,0,0,0,0,44,0,22,13,317,0,7,0,145,0,18,0,0,0,0,0,0,0,9,0,0,0,42,25,0,0,10,59,0,82,45,5,0,0,0,0,0,0,0,0,0,0,0,46,0,0,0,0,0,0,0,0,0,149,0,0,15,29,1,0,31,0,0,0,5,33,0,0,0,0,0,0,0,0,4,1,0,0,0,0,0,0,0,0,0,0
"ENG_043_MZB_LO_7","ENG_043_MZB_LO_7-20.03.1998","20.03.1998",1998,3,20,0,0,5,0,18,0,0,309,0,0,0,0,0,0,0,121,0,5,151,0,0,0,0,4,0,0,0,0,0,0,0,108,0,63,34,128,0,6,0,381,0,11,0,17,0,0,0,0,0,20,0,0,0,44,0,0,0,23,9,0,57,266,2,0,0,0,1,0,0,0,7,0,0,0,65,0,0,0,0,0,0,0,1,0,73,0,17,37,121,11,0,7,0,0,0,3,62,0,0,0,0,6,0,0,0,47,0,0,0,0,0,0,0,0,0,0,0
"ENG_043_MZB_LO_7","ENG_043_MZB_LO_7-15.04.1999","15.04.1999",1999,4,15,0,0,12,0,4,0,0,564,0,0,0,0,0,0,0,112,0,0,452,0,0,0,0,8,0,0,0,0,0,0,0,36,0,56,20,264,0,0,0,340,0,4,0,4,0,0,0,0,0,20,0,0,0,8,0,0,1,4,4,0,64,72,0,0,0,0,0,0,0,0,4,0,0,0,39,0,0,0,0,0,0,0,0,0,36,0,17,4,44,12,0,0,0,0,0,5,36,0,0,0,0,3,0,0,0,8,2,0,0,0,0,0,0,0,0,0,0
"ENG_043_MZB_LO_7","ENG_043_MZB_LO_7-11.04.2000","11.04.2000",2000,4,11,0,0,8,0,10,0,0,192,0,0,0,0,0,0,0,88,0,9,96,0,0,0,0,8,0,2,0,0,0,0,0,125,0,93,9,88,0,2,0,784,0,11,8,8,2,0,0,0,0,67,0,0,0,10,9,0,2,3,0,0,70,111,3,0,0,0,6,0,0,0,4,0,0,0,26,0,0,0,0,0,0,0,0,0,29,0,5,4,12,34,0,6,0,0,0,3,175,0,0,0,0,6,0,0,0,10,0,0,0,0,0,0,0,0,0,0,0
"ENG_043_MZB_LO_7","ENG_043_MZB_LO_7-21.03.2002","21.03.2002",2002,3,21,0,0,49,0,14,0,0,99,0,0,0,0,0,0,0,16,0,6,145,0,0,0,0,49,0,0,0,0,0,0,0,129,1,126,8,10,0,0,0,519,0,2,36,21,1,0,0,0,0,17,3,0,0,52,5,0,1,24,2,0,0,218,0,0,0,0,15,1,0,0,26,0,0,0,48,0,2,0,0,0,0,0,1,0,7,0,11,0,11,106,0,0,0,0,0,4,167,0,0,0,0,45,0,0,0,5,0,0,0,0,0,0,0,0,0,0,0
"ENG_043_MZB_LO_7","ENG_043_MZB_LO_7-28.05.2003","28.05.2003",2003,5,28,0,0,12,0,3,0,0,271,0,0,0,0,0,0,0,205,0,28,617,0,0,0,0,60,0,1,3,0,0,0,0,166,0,219,5,1349,0,2,0,539,0,1,28,11,0,0,0,1,0,35,1,0,0,5,134,0,0,66,8,0,41,33,1,0,0,0,0,0,0,0,1,0,0,0,25,0,2,0,0,0,0,0,0,0,2,0,10,6,7,19,0,11,0,0,0,1,105,0,0,0,0,11,0,0,0,1,2,0,0,0,0,0,0,0,0,0,0
"ENG_043_MZB_LO_7","ENG_043_MZB_LO_7-31.03.2005","31.03.2005",2005,3,31,0,0,69,0,2,0,0,563,0,0,0,0,0,0,0,34,0,0,384,0,0,0,0,1,0,0,0,0,0,0,0,111,0,101,1,259,0,2,0,116,0,3,29,12,0,0,0,0,0,0,0,0,0,0,1,0,0,22,18,0,69,119,6,0,0,0,1,0,0,0,38,0,0,0,47,0,0,0,0,0,0,0,0,0,3,0,0,6,33,4,0,192,0,0,0,1,65,0,0,0,0,76,0,0,0,0,1,0,0,0,0,0,0,0,0,0,0
"ENG_043_MZB_LO_7","ENG_043_MZB_LO_7-02.05.2008","02.05.2008",2008,5,2,0,0,4,0,84,0,0,312,0,0,0,0,0,0,0,11,0,0,284,0,0,0,0,3,0,3,0,0,0,0,0,39,0,4,13,444,0,2,0,324,0,1,4,1,0,0,0,0,0,16,0,0,0,0,0,0,0,3,0,0,148,26,1,0,0,0,0,0,0,0,9,0,0,0,24,0,2,0,0,0,0,0,0,0,1,0,1,4,0,0,0,0,0,0,0,1,21,0,0,0,0,2,0,0,0,0,0,0,0,1,0,0,0,0,0,0,0
"ENG_043_MZB_LO_7","ENG_043_MZB_LO_7-01.05.2009","01.05.2009",2009,5,1,0,0,25,0,44,0,0,361,0,0,0,0,0,0,0,28,0,2,1225,0,0,0,0,75,0,0,0,0,0,0,0,148,0,89,10,511,0,4,0,1044,0,2,11,5,1,0,0,0,0,22,0,0,0,23,11,0,1,26,2,0,40,296,7,0,0,0,17,0,0,0,26,0,0,0,36,0,0,0,0,0,0,0,0,0,5,0,5,15,0,154,0,28,0,0,0,16,87,0,1,0,0,1,0,0,0,0,0,0,0,0,0,0,0,0,0,0,5
"ENG_043_MZB_LO_7","ENG_043_MZB_LO_7-29.04.2010","29.04.2010",2010,4,29,0,0,83,0,43,0,0,495,0,0,0,0,0,0,0,58,0,2,866,0,0,0,0,61,0,0,2,0,0,0,0,82,0,160,18,324,0,3,0,139,0,1,1,3,0,0,0,1,0,194,0,0,0,4,72,0,0,62,4,0,76,115,6,0,0,0,16,0,0,0,48,0,0,0,26,0,0,0,0,0,0,0,2,0,5,0,14,19,1,48,0,21,0,0,0,3,64,0,0,0,0,0,0,0,0,1,0,0,0,0,0,0,0,0,0,0,0
"ENG_043_MZB_LO_7","ENG_043_MZB_LO_7-19.04.2011","19.04.2011",2011,4,19,0,0,80,0,45,0,0,52,0,0,0,0,0,0,0,50,0,6,90,0,1,0,0,0,0,0,0,0,0,0,0,78,0,5,90,170,0,12,0,110,0,14,0,0,0,0,0,0,0,10,0,0,0,9,70,0,2,5,4,0,25,88,4,0,0,0,3,0,0,0,41,0,0,0,15,0,0,0,0,0,0,0,0,0,25,0,3,35,4,5,0,9,0,0,0,3,80,0,1,0,0,0,0,0,0,35,0,0,0,0,0,0,0,0,0,0,0
"ENG_043_MZB_LO_7","ENG_043_MZB_LO_7-03.04.2012","03.04.2012",2012,4,3,0,0,20,0,35,0,0,400,0,0,0,0,0,0,0,40,0,10,560,0,0,0,0,0,0,0,0,0,0,0,2,70,0,3,35,100,0,4,0,50,0,6,0,6,0,0,0,0,0,25,0,0,0,12,35,0,2,2,7,0,50,60,10,0,0,0,3,0,0,0,80,0,0,0,25,0,0,0,0,0,0,0,0,0,20,0,0,30,20,30,0,35,1,0,0,2,40,0,0,0,0,10,0,0,0,0,4,0,0,0,0,0,0,0,0,0,0
"ENG_043_MZB_LO_8","ENG_043_MZB_LO_8-16.04.1997","16.04.1997",1997,4,16,0,1,0,0,0,0,0,47,0,0,0,0,0,1,0,55,0,0,0,0,0,0,0,0,0,0,3,0,0,0,6,95,0,0,0,0,0,0,0,0,0,0,0,0,0,0,0,152,0,0,3,0,0,3,11,0,11,0,0,1,218,1,3,0,0,0,0,0,0,0,54,0,0,0,0,0,0,5,0,0,0,0,0,0,1,0,0,3,0,0,0,0,0,0,0,3,0,0,0,0,0,0,0,10,0,0,0,0,0,0,0,0,0,0,0,0,0
"ENG_043_MZB_LO_8","ENG_043_MZB_LO_8-15.04.1998","15.04.1998",1998,4,15,0,0,0,0,0,0,0,45,0,0,0,0,5,0,0,58,0,0,0,0,0,0,0,0,0,0,7,0,0,0,1,131,0,0,0,0,0,0,0,0,0,0,0,0,0,0,0,125,0,0,0,0,0,1,4,0,6,0,0,0,49,4,6,0,0,0,0,0,0,0,9,0,0,0,0,0,0,2,0,0,0,0,0,0,3,0,0,4,0,0,0,0,0,0,0,0,0,0,0,0,0,0,0,6,0,0,0,0,0,0,0,0,0,0,0,0,0
"ENG_043_MZB_LO_8","ENG_043_MZB_LO_8-14.04.1999","14.04.1999",1999,4,14,0,0,0,0,0,0,0,52,0,0,0,0,0,0,0,16,0,0,0,0,0,0,0,0,0,0,4,0,0,0,1,146,0,0,0,0,0,0,0,0,0,0,0,0,0,0,0,15,0,0,2,0,0,0,0,0,1,0,0,0,28,3,17,0,0,0,0,0,0,0,1,0,0,0,0,0,3,9,2,0,0,0,0,0,1,0,0,0,0,0,0,0,0,0,0,3,0,0,0,0,0,0,0,0,0,0,0,0,0,0,0,0,0,0,0,0,0
"ENG_043_MZB_LO_8","ENG_043_MZB_LO_8-12.04.2000","12.04.2000",2000,4,12,0,2,0,0,0,0,0,31,0,0,0,0,0,0,0,4,0,0,53,0,0,0,0,0,0,0,2,0,0,0,0,79,0,3,0,0,0,0,0,1,0,13,0,0,0,0,0,69,0,0,0,0,0,0,3,0,3,0,0,4,0,3,4,0,0,0,0,0,0,0,5,0,0,0,22,0,5,8,1,0,0,0,0,0,1,0,0,3,0,0,0,0,0,0,0,1,1,0,0,0,0,2,0,7,0,0,0,0,0,0,0,0,0,0,0,0,0
"ENG_043_MZB_LO_8","ENG_043_MZB_LO_8-02.05.2001","02.05.2001",2001,5,2,0,1,0,0,0,0,0,29,0,0,0,0,0,0,0,13,0,0,5,0,0,0,0,0,0,0,4,0,0,0,0,51,0,0,0,0,0,0,0,0,0,0,0,0,0,0,0,91,0,0,0,0,0,0,1,0,3,0,0,1,183,0,2,0,0,0,0,0,0,0,2,0,0,0,3,0,2,3,0,0,0,0,0,0,1,0,0,1,0,0,0,0,0,0,0,5,0,0,0,0,0,5,0,7,0,0,0,0,0,0,0,0,0,0,0,0,0
"ENG_043_MZB_LO_8","ENG_043_MZB_LO_8-17.04.2002","17.04.2002",2002,4,17,0,1,0,0,0,0,0,109,0,0,0,0,0,0,0,123,0,0,9,0,0,0,0,0,0,0,4,0,0,0,0,127,0,1,0,0,0,0,0,0,0,0,0,0,0,0,0,80,0,0,1,0,0,0,0,0,0,0,0,1,108,0,2,0,0,0,0,0,0,0,9,0,0,0,24,0,5,4,0,0,0,0,0,0,0,0,0,10,0,0,0,0,0,0,0,1,0,1,0,0,0,0,0,7,0,1,0,0,0,0,0,0,0,0,0,0,0
"ENG_043_MZB_LO_8","ENG_043_MZB_LO_8-15.04.2003","15.04.2003",2003,4,15,0,2,0,0,0,0,0,231,0,0,0,0,0,0,0,27,0,0,453,0,0,0,0,0,0,0,0,0,0,0,8,97,0,2,0,0,0,0,0,0,0,0,0,0,0,0,0,27,0,0,0,0,0,0,0,0,1,0,0,0,196,0,0,0,0,0,0,0,0,0,13,0,0,0,115,0,6,0,0,0,0,0,0,0,0,0,0,1,0,0,0,0,0,0,0,1,0,0,0,0,0,4,7,2,0,0,0,0,0,0,0,0,0,0,0,0,0
"ENG_043_MZB_LO_8","ENG_043_MZB_LO_8-14.04.2004","14.04.2004",2004,4,14,0,1,0,0,0,0,0,23,0,0,0,0,0,0,0,2,0,0,8,0,0,0,0,0,0,0,2,0,0,0,1,90,0,1,0,0,0,0,0,0,0,0,0,0,0,0,0,260,0,0,1,0,1,0,0,0,8,0,0,0,123,0,3,0,0,0,0,0,0,0,28,0,0,0,11,0,0,1,1,0,0,0,0,0,1,0,0,5,0,0,0,0,0,0,0,0,0,0,0,0,0,1,0,5,0,0,0,0,0,0,0,0,0,0,0,0,0
"ENG_043_MZB_LO_8","ENG_043_MZB_LO_8-12.04.2005","12.04.2005",2005,4,12,0,0,0,0,0,0,0,79,0,0,0,0,0,0,0,3,0,0,7,0,0,0,0,0,0,0,1,0,0,0,1,131,0,2,0,0,0,0,0,0,0,0,0,0,0,0,0,159,0,0,1,0,0,0,0,0,2,0,0,0,75,1,4,0,0,0,0,0,0,0,25,0,0,0,19,0,5,5,1,0,0,0,0,0,0,0,0,0,0,0,0,0,0,0,0,2,0,0,0,0,0,0,0,5,0,0,0,0,0,0,0,0,0,0,0,0,0
"ENG_043_MZB_LO_8","ENG_043_MZB_LO_8-12.04.2006","12.04.2006",2006,4,12,0,0,0,0,1,0,0,18,0,0,0,0,0,0,0,0,0,0,10,0,0,0,0,0,0,0,0,0,0,0,1,46,0,1,0,0,0,0,0,3,0,0,0,0,0,0,0,209,0,0,0,0,0,0,0,0,14,0,0,2,61,0,2,0,0,0,0,0,0,0,17,0,0,0,5,0,1,2,0,0,0,0,0,0,0,0,0,4,0,0,0,0,0,0,0,2,0,0,0,0,0,0,0,2,0,0,0,0,0,0,0,0,0,0,0,0,0
"ENG_043_MZB_LO_8","ENG_043_MZB_LO_8-17.04.2007","17.04.2007",2007,4,17,0,0,0,0,0,0,0,27,0,0,0,0,0,0,0,8,0,0,45,0,0,0,0,0,0,0,0,0,0,0,11,35,0,0,0,0,0,0,0,0,0,0,0,0,0,0,0,52,0,0,0,0,0,3,12,0,5,0,0,0,32,2,5,0,0,0,0,0,0,0,10,0,0,0,0,0,0,0,2,0,0,0,0,0,1,0,0,1,0,0,0,0,0,0,0,0,0,0,0,0,0,1,0,2,0,0,0,0,0,0,0,0,0,0,0,0,0
"ENG_043_MZB_LO_8","ENG_043_MZB_LO_8-15.04.2008","15.04.2008",2008,4,15,0,0,0,0,0,0,0,121,0,0,0,0,0,0,0,21,0,0,36,0,0,0,0,0,0,0,6,0,0,0,1,170,0,2,0,0,0,0,0,0,0,0,0,0,0,0,0,182,0,0,1,0,0,2,7,0,19,0,0,5,39,2,9,0,0,0,0,0,0,0,46,0,0,0,9,0,1,2,0,0,0,0,0,0,1,0,0,2,0,0,0,0,0,0,0,5,0,0,0,0,0,1,0,1,0,0,0,0,0,0,0,0,0,0,0,0,0
"ENG_043_MZB_LO_8","ENG_043_MZB_LO_8-15.04.2009","15.04.2009",2009,4,15,0,0,0,0,0,0,0,166,0,0,0,0,0,0,0,0,0,0,35,0,0,0,0,0,0,0,3,0,0,0,2,102,0,0,0,0,0,0,0,1,0,0,0,0,0,0,0,63,0,0,1,0,0,0,4,0,1,0,0,0,49,2,1,0,0,0,0,0,0,0,16,0,0,0,15,0,2,6,1,0,0,0,0,0,0,0,0,2,0,0,0,0,0,0,0,6,0,0,0,0,0,0,0,1,0,0,0,0,0,0,0,0,0,0,0,0,0
"ENG_043_MZB_LO_8","ENG_043_MZB_LO_8-14.04.2010","14.04.2010",2010,4,14,0,3,0,0,0,0,0,29,0,0,0,0,0,0,0,0,0,0,2,0,0,0,0,0,0,0,0,0,0,0,3,76,0,0,0,0,0,0,0,0,0,0,0,0,0,0,0,122,0,0,0,0,0,0,2,0,4,0,0,0,36,0,1,0,0,0,0,0,0,0,15,0,0,0,0,0,1,0,1,0,0,0,0,0,0,0,0,0,0,0,0,0,0,0,0,1,0,0,0,0,0,14,0,0,0,0,0,0,0,0,0,0,0,0,0,0,0
"ENG_043_MZB_LO_8","ENG_043_MZB_LO_8-13.04.2011","13.04.2011",2011,4,13,0,0,0,0,0,0,0,47,0,0,0,0,0,0,0,0,0,0,0,0,0,0,0,0,0,0,2,0,0,0,2,77,0,0,0,0,0,0,0,0,0,0,0,0,0,0,0,190,0,0,0,0,0,0,3,0,1,0,0,1,32,1,1,0,0,0,0,0,0,0,13,0,0,0,0,0,0,2,2,0,0,0,0,0,0,0,0,2,0,0,0,0,0,0,0,1,0,0,0,0,0,0,0,0,0,0,0,0,0,0,0,0,0,0,0,0,0
"ENG_043_MZB_LO_8","ENG_043_MZB_LO_8-18.04.2012","18.04.2012",2012,4,18,0,4,0,0,0,0,0,76,0,0,0,0,0,0,0,0,0,0,0,0,0,0,0,0,0,0,3,0,0,0,0,38,0,1,0,0,0,0,0,0,0,0,0,0,0,0,0,143,0,0,0,0,0,0,0,0,6,0,0,1,41,1,3,0,0,0,0,0,0,0,19,0,0,0,6,0,0,3,2,0,0,0,0,0,0,0,0,3,0,0,0,0,0,0,0,1,0,0,0,0,0,0,0,1,0,0,0,0,0,0,0,0,0,0,0,0,0
