"Unique.ID","Samp.ID","Sampling.date","year","month","day","AGAPETUS FUSCIPES","ANCYLUS FLUVIATILIS","ANTOCHA SP.","APHELOCHEIRUS AESTIVALIS","ATHERIX SP.","ATHRIPSODES SP.","ATRICHOPS CRASSIPES","BAETIS SP.","BEZZIA SP.","BLEPHARICERA SP.","BOYERIA IRENE","BYTHINELLA SP.","CAENIS LUCTUOSA","CAENIS MACRURA","CAENIS RIVULORUM","CALAMOCERAS MARSUPUS","CALOPTERYX VIRGO","CERACLEA SP.","CHAOBORIDAE GEN. SP.","CHIMARRA MARGINATA","CHIRONOMIDAE GEN. SP.","CHLOROPERLIDAE GEN. SP.","CLINOCERINAE GEN. SP.","CORDULEGASTER BOLTONII","CORIXA SP.","CRUNOECIA IRRORATA SSP.","CYPHON SP.","DERONECTES SP.","DICRANOTA SP.","DINOCRAS CEPHALOTES","DIXA SP.","DUGESIA SP.","DUPOPHILUS BREVIS","ECDYONURUS SP.","ECHINOGAMMARUS SP.","ELMIS SP.","ELODES SP.","EPEORUS SP.","EPHEMERA DANICA","ERPOBDELLA SP.","ESOLUS SP.","FORCIPOMYIA SP.","GERRIS SP.","GLOSSIPHONIA PALUDOSA","GLOSSOSOMA PRIVATUM","HABROLEPTOIDES SP.","HABROPHLEBIA SP.","HALIPLUS SP.","HELOBDELLA STAGNALIS","HEMERODROMIINAE GEN. SP.","HEXATOMA SP.","HYDRA SP.","HYDRACHNIDIA GEN. SP.","HYDRAENA SP.","HYDROCHUS SP.","HYDROCYPHON SP.","HYDROMETRA STAGNORUM","HYDROPSYCHE SP.","HYDROPTILA SP.","ISOPERLA SP.","LACCOBIUS SP.","LEPIDOSTOMA BASALE","LEPIDOSTOMA HIRTUM","LEUCTRA SP.","LIMNEPHILIDAE GEN. SP.","LIMNIUS SP.","LIMNOPHORA SP.","LIPONEURA SP.","LYMNAEA SP.","MARTHAMEA SP.","MICRASEMA CENERENTOLA","MICRASEMA LONGULUM","MICRASEMA MINIMUM","MICRASEMA MOESTUM","MICRASEMA SERVATUM","MICRONECTA SP.","MICROVELIA SP.","MYSTACIDES AZUREA","NEMATODA GEN. SP.","NEMOURA SP.","NEPA SP.","ODONTOCERUM ALBICORNE","OECETIS TESTACEA","OLIGOCHAETA GEN. SP.","ONYCHOGOMPHUS UNCATUS","ORECTOCHILUS SP.","OREODYTES SP.","OULIMNIUS SP.","PELTODYTES SP.","PERLA SP.","PHILOPOTAMUS MONTANUS SSP.","PHYSA SP.","PISIDIUM SP.","PLACOBDELLA COSTATA","PLANARIA SP.","PLANIPENNIA GEN. SP.","PLANORBARIUS SP.","PLECTROCNEMIA CONSPERSA SSP.","POLYCELIS SP.","POLYCENTROPUS CORNIGER","POLYCENTROPUS FLAVOMACULATUS SSP.","POMATINUS SUBSTRIATUS","POTAMOPYRGUS ANTIPODARUM","PROCLOEON SP.","PROTONEMURA SP.","PSYCHODIDAE GEN. SP.","PSYCHOMYIA CTENOPHORA","PSYCHOMYIA PUSILLA","RADIX SP.","RHAGIONIDAE GEN. SP.","RHITHROGENA SP.","RHYACOPHILA SP.","RIOLUS SP.","SCATOPHAGIDAE GEN. SP.","SCLEROPROCTA SP.","SERICOSTOMA SP.","SERRATELLA IGNITA","SIALIDAE GEN. SP.","SILO NIGRICORNIS","SIMULIUM SP.","STENELMIS SP.","STRATIOMYIDAE GEN. SP.","SYNAGAPETUS SP.","TABANIDAE GEN. SP.","THAUMALEA SP.","THEODOXUS FLUVIATILIS SSP.","TINODES ASSIMILIS","TINODES WAENERI SSP.","TIPULIDAE GEN. SP.","TORLEYA MAJOR","WORMALDIA LUSITANICA"
"ESP_036_MZB_LO_1","ESP_036_MZB_LO_1-28.08.2015","28.08.2015",2015,8,28,0,44,13,0,35,9,0,150,0,0,2,0,437,0,0,0,0,0,0,0,902,0,0,0,56,0,0,0,0,0,0,3,25,14,9,304,0,36,0,0,130,0,5,0,0,0,0,0,0,0,0,0,259,10,0,0,0,85,156,0,0,0,48,51,0,20,0,0,0,0,0,17,0,18,0,0,0,26,0,0,0,0,0,32,1,8,0,48,0,0,0,0,0,0,0,0,0,0,0,0,60,0,199,0,0,8,0,30,0,0,2,48,0,0,1,0,112,1,0,10,0,0,0,0,0,0,0,0,1,0,0
"ESP_036_MZB_LO_1","ESP_036_MZB_LO_1-02.08.2016","02.08.2016",2016,8,2,0,25,0,0,14,2,0,32,0,0,7,0,36,0,0,0,0,0,0,0,467,0,6,0,0,0,0,0,0,0,0,2,0,9,2,14,0,36,0,0,22,12,0,0,0,5,0,0,0,0,0,0,147,0,0,0,0,10,0,0,0,0,2,21,0,7,0,0,0,0,0,0,0,0,0,0,0,0,1,0,0,0,0,278,0,0,0,3,0,0,0,0,0,0,0,0,0,0,0,0,6,0,248,0,0,4,0,51,0,2,4,6,0,0,0,0,22,3,2,6,1,0,0,0,0,2,0,1,0,0,0
"ESP_036_MZB_LO_1","ESP_036_MZB_LO_1-16.08.2017","16.08.2017",2017,8,16,0,108,0,0,3,0,0,0,0,0,0,0,0,77,95,0,1,0,134,0,211,13,0,0,0,0,0,0,4,0,0,0,0,2,4,161,0,0,4,0,0,0,0,0,0,0,0,0,0,0,0,0,79,0,0,0,1,0,2,0,0,0,3,10,0,24,0,0,0,0,0,0,2,0,1,0,0,7,0,0,0,0,3,112,267,0,0,7,0,0,0,0,2,0,0,2,0,0,0,0,39,0,149,0,0,0,0,47,1,18,26,17,0,5,0,0,0,0,72,0,1,0,0,0,0,12,1,0,0,0,0
"ESP_036_MZB_LO_1","ESP_036_MZB_LO_1-24.08.2018","24.08.2018",2018,8,24,0,26,11,0,11,0,0,259,0,0,0,0,8,0,0,0,0,0,0,0,142,0,0,0,0,0,0,3,0,0,0,3,0,30,13,92,0,51,0,0,33,12,0,0,0,8,0,0,0,0,0,0,87,0,0,0,0,42,7,0,0,0,16,91,0,24,0,0,0,0,0,0,0,4,0,47,0,0,0,12,0,0,0,16,0,0,0,5,0,0,0,0,1,0,0,0,0,0,0,0,12,0,106,0,0,0,0,28,0,0,14,15,0,0,0,9,64,0,0,7,0,0,0,0,0,3,0,0,0,0,0
"ESP_036_MZB_LO_1","ESP_036_MZB_LO_1-21.08.2019","21.08.2019",2019,8,21,0,158,8,0,1,72,10,586,0,0,2,1,155,0,0,0,0,0,0,0,499,0,0,0,0,0,0,0,0,0,0,0,0,14,44,76,0,10,0,0,39,0,0,0,0,6,0,26,0,0,0,0,57,0,0,0,0,34,12,0,0,0,1,139,0,26,0,0,0,0,0,0,0,28,0,32,0,0,0,0,0,0,0,68,0,0,0,40,0,0,0,0,0,0,2,0,0,0,0,0,33,0,236,24,0,0,0,52,0,0,24,21,0,0,0,0,24,2,2,29,0,0,0,0,0,23,0,0,0,0,0
"ESP_036_MZB_LO_1","ESP_036_MZB_LO_1-27.08.2020","27.08.2020",2020,8,27,0,152,17,0,20,4,0,228,0,0,0,0,108,0,0,0,0,0,0,0,1049,0,8,0,0,0,0,0,0,0,0,0,0,8,132,96,0,28,0,0,0,0,4,0,0,0,0,0,0,0,0,0,132,0,0,0,0,257,280,0,0,0,1,68,0,13,0,0,0,0,0,0,0,32,0,0,0,17,0,0,0,0,0,124,0,8,0,68,0,0,0,0,1,0,12,0,0,0,0,0,108,0,248,0,0,0,76,120,0,0,4,12,0,0,0,0,32,1,4,13,0,0,0,0,0,14,0,4,0,0,0
"ESP_036_MZB_LO_1","ESP_036_MZB_LO_1-31.08.2021","31.08.2021",2021,8,31,0,48,24,0,16,0,0,800,16,0,1,0,72,0,0,0,0,0,0,0,3576,0,0,0,0,0,0,0,0,0,0,0,8,24,88,152,0,80,0,0,104,0,0,0,0,0,0,0,0,0,0,0,192,16,8,0,0,89,112,0,0,0,16,104,0,49,0,0,0,0,0,0,0,8,0,0,0,32,0,0,0,0,0,136,0,0,0,0,0,0,0,0,0,0,2,0,0,0,0,0,96,0,320,16,0,0,0,40,0,0,0,64,0,0,0,0,316,0,0,160,0,0,0,0,0,40,0,56,0,0,0
"ESP_036_MZB_LO_1","ESP_036_MZB_LO_1-11.08.2022","11.08.2022",2022,8,11,0,92,0,0,1,52,0,164,16,0,0,0,840,0,0,0,0,4,0,0,3544,0,4,0,0,0,0,1,0,0,0,0,0,72,24,192,0,1,0,0,64,0,0,0,0,0,0,0,0,0,0,0,488,20,0,0,0,228,180,0,4,12,16,92,0,36,0,0,0,0,0,0,0,20,0,0,0,1,0,0,0,0,0,80,0,8,0,24,0,0,0,0,0,0,0,0,0,0,0,0,24,0,92,24,0,0,0,4,0,0,32,4,0,0,0,1,20,0,0,20,0,0,0,0,0,4,0,0,0,0,0
"ESP_036_MZB_LO_1","ESP_036_MZB_LO_1-10.08.2023","10.08.2023",2023,8,10,0,204,4,0,0,0,0,210,0,0,5,0,54,0,0,0,0,0,0,0,484,0,0,0,0,0,0,1,0,0,0,0,0,32,12,98,0,12,0,0,0,0,0,0,4,6,0,0,0,0,0,0,122,4,0,0,0,130,54,0,0,0,2,18,4,29,0,0,0,0,0,8,0,40,0,4,0,4,0,0,0,0,6,17,0,0,0,16,0,0,0,0,0,0,1,0,0,0,0,0,24,0,138,86,0,0,16,34,12,0,0,20,0,0,0,2,82,0,0,25,0,0,0,0,0,32,0,6,0,0,0
"ESP_036_MZB_LO_1","ESP_036_MZB_LO_1-16.08.2024","16.08.2024",2024,8,16,0,160,10,0,16,0,0,708,0,0,2,0,48,0,0,0,0,0,0,0,488,16,0,0,0,0,0,0,0,0,0,0,0,36,232,388,0,64,0,0,40,0,0,0,0,1,0,0,0,0,0,0,108,0,0,0,0,196,0,0,0,16,73,61,0,48,0,0,0,0,16,8,0,40,0,0,0,0,0,0,0,0,0,92,1,0,0,0,0,0,0,1,8,0,9,0,0,0,0,0,36,0,826,12,4,0,8,40,16,0,16,28,0,0,0,0,228,9,8,8,0,0,0,0,0,312,0,0,0,0,0
"ESP_036_MZB_LO_2","ESP_036_MZB_LO_2-12.08.2015","12.08.2015",2015,8,12,0,19,0,0,10,0,0,106,0,0,4,0,1,0,0,4,0,0,0,0,311,0,18,0,0,0,0,0,0,0,1,2,2,40,11,170,0,116,1,0,100,0,1,0,2,20,20,0,0,0,0,0,173,0,0,0,0,11,0,0,0,3,76,65,0,7,0,0,0,0,0,0,0,8,0,0,0,0,0,2,0,0,0,6,0,0,0,0,0,1,0,0,0,0,0,0,0,0,0,0,37,0,128,0,0,2,0,8,5,0,36,11,10,0,0,0,24,0,1,4,0,0,0,0,0,80,0,0,0,0,0
"ESP_036_MZB_LO_2","ESP_036_MZB_LO_2-02.08.2016","02.08.2016",2016,8,2,0,66,1,0,6,0,0,480,0,0,0,0,0,9,6,0,0,0,0,0,71,0,0,0,0,0,0,0,0,0,0,7,0,58,52,65,0,44,0,0,142,3,0,0,0,24,24,0,0,5,0,0,88,5,0,0,0,14,0,0,0,0,20,130,0,10,0,0,0,0,0,0,0,0,0,0,0,0,0,0,0,0,0,13,0,0,0,0,0,0,0,0,0,0,0,0,0,0,0,0,24,0,65,0,0,5,0,3,0,0,32,1,5,0,0,1,45,3,0,22,1,0,0,0,0,16,0,0,0,0,0
"ESP_036_MZB_LO_2","ESP_036_MZB_LO_2-16.08.2017","16.08.2017",2017,8,16,0,29,1,0,3,1,0,156,0,0,0,0,0,0,0,0,0,0,0,0,322,0,1,0,0,0,0,0,0,0,0,0,0,42,80,108,0,15,0,0,68,0,1,0,0,8,8,0,0,0,0,0,40,1,0,0,0,32,4,0,0,0,16,94,0,31,0,0,0,0,0,3,0,4,0,0,0,0,0,0,0,0,0,22,0,0,0,0,0,0,0,0,0,0,1,0,0,0,0,0,46,0,83,35,0,0,0,27,2,0,11,8,0,0,0,0,6,0,0,10,0,1,0,0,0,108,0,0,0,0,0
"ESP_036_MZB_LO_2","ESP_036_MZB_LO_2-24.08.2018","24.08.2018",2018,8,24,0,19,4,0,1,3,0,514,0,0,0,0,0,2,0,0,0,0,0,0,269,0,0,0,0,0,0,0,0,0,0,0,0,56,67,63,0,68,0,0,40,0,0,0,0,5,5,0,0,0,0,0,85,4,0,0,0,72,1,0,0,0,15,104,0,25,0,0,0,0,0,12,0,21,0,0,0,0,0,0,0,0,0,30,0,0,0,7,0,0,0,0,0,0,8,0,0,0,0,0,6,0,36,0,0,0,0,21,0,0,85,9,0,0,0,2,7,2,0,9,0,0,0,0,0,45,0,0,0,0,0
"ESP_036_MZB_LO_2","ESP_036_MZB_LO_2-21.08.2019","21.08.2019",2019,8,21,0,28,0,0,1,0,0,63,0,0,0,0,4,1,0,0,0,0,0,0,82,0,0,0,0,0,0,0,0,0,0,0,0,23,54,45,0,13,0,0,114,2,0,0,0,7,0,0,1,0,0,0,23,0,0,0,0,28,4,0,0,0,0,115,0,72,1,0,0,0,0,0,0,0,0,0,1,2,0,0,0,0,0,27,0,0,0,0,0,0,0,0,0,0,4,0,0,0,0,0,10,0,60,19,0,0,0,4,2,0,36,4,0,0,0,0,0,0,0,4,0,1,0,0,0,23,0,0,0,0,0
"ESP_036_MZB_LO_2","ESP_036_MZB_LO_2-27.08.2020","27.08.2020",2020,8,27,0,17,16,0,13,0,0,56,0,0,0,0,4,0,0,0,0,0,0,0,680,0,0,0,0,0,0,0,0,0,0,0,0,44,152,96,0,32,0,0,116,0,4,0,0,4,0,0,0,0,0,0,84,5,4,0,0,80,12,0,0,0,16,33,0,36,0,0,4,0,0,0,0,0,0,0,0,4,0,0,0,0,0,92,0,0,0,0,0,0,0,0,0,0,16,0,0,0,0,0,56,0,72,8,0,0,48,36,0,0,36,12,0,0,0,0,0,0,0,1,0,0,0,0,0,112,0,0,0,4,0
"ESP_036_MZB_LO_2","ESP_036_MZB_LO_2-31.08.2021","31.08.2021",2021,8,31,0,64,18,0,2,0,0,704,0,0,0,0,0,0,0,0,0,0,0,0,2096,0,16,0,0,0,0,0,0,0,0,0,0,16,224,224,0,96,0,0,80,0,0,0,16,0,0,0,0,0,0,0,148,0,0,0,0,96,16,0,0,0,16,48,0,272,0,0,0,0,0,32,0,64,0,0,0,0,0,0,0,0,0,320,0,0,0,0,0,0,0,0,0,0,16,0,0,0,0,0,16,0,34,0,0,0,0,2,0,0,160,96,0,0,0,0,2,0,0,176,0,0,0,0,0,112,0,0,0,0,0
"ESP_036_MZB_LO_2","ESP_036_MZB_LO_2-10.08.2022","10.08.2022",2022,8,10,0,37,0,0,0,0,0,137,0,0,0,0,0,0,0,0,0,0,0,1,442,0,6,0,0,3,0,0,0,0,0,0,0,13,8,95,0,73,0,0,20,0,0,0,0,0,0,0,0,0,0,0,30,0,0,0,0,98,24,0,0,0,6,20,0,1,0,0,0,0,0,0,0,14,0,4,0,1,0,0,0,0,0,14,0,0,0,0,0,0,0,0,0,0,0,0,0,0,0,0,18,0,24,14,0,0,0,10,0,0,14,17,0,0,0,0,3,0,0,10,0,0,0,0,0,4,0,0,0,0,0
"ESP_036_MZB_LO_2","ESP_036_MZB_LO_2-14.08.2023","14.08.2023",2023,8,14,0,12,0,0,22,0,0,244,4,2,0,0,4,0,0,0,0,0,0,0,410,0,16,0,0,0,0,4,0,0,0,0,0,24,78,174,0,98,0,0,8,0,0,0,0,10,2,0,0,0,0,0,88,4,0,0,0,160,0,0,0,0,6,84,0,38,0,0,0,0,0,0,0,4,0,0,0,0,0,0,0,0,0,154,2,0,0,0,0,0,0,0,0,0,22,0,0,0,0,0,26,0,68,6,0,0,0,1,4,0,30,14,16,0,0,2,10,0,0,92,0,0,0,0,0,192,0,0,0,2,0
"ESP_036_MZB_LO_2","ESP_036_MZB_LO_2-12.08.2024","12.08.2024",2024,8,12,0,80,0,0,1,0,8,444,0,0,0,0,16,0,0,0,0,0,0,0,292,0,0,0,0,0,0,0,0,0,0,0,0,10,196,104,4,216,0,0,28,0,1,0,0,0,0,0,0,8,0,0,32,0,0,0,0,144,8,0,0,0,16,84,0,32,0,0,0,0,0,0,0,12,0,0,0,4,0,0,0,0,8,136,1,0,0,0,0,0,0,0,4,0,32,0,0,0,0,0,1,0,100,4,0,0,0,0,8,0,8,24,0,0,0,0,21,1,0,84,0,0,0,0,0,380,0,0,0,0,0
"ESP_036_MZB_LO_3","ESP_036_MZB_LO_3-10.08.2015","10.08.2015",2015,8,10,0,10,25,0,14,8,0,514,2,0,0,0,0,0,0,0,0,0,0,0,1452,0,16,0,1,0,0,0,0,0,1,0,17,7,16,57,0,291,0,0,464,0,0,0,226,0,0,0,0,3,7,393,118,2,0,0,0,3,0,0,0,0,112,30,3,4,0,0,0,0,0,0,0,16,0,0,0,0,0,0,0,0,0,14,0,0,11,0,0,3,0,0,0,0,0,0,0,0,0,0,1,0,1,0,0,0,0,2,5,0,32,7,0,0,0,14,49,1,0,0,0,0,0,1,0,0,0,0,0,0,0
"ESP_036_MZB_LO_3","ESP_036_MZB_LO_3-03.08.2016","03.08.2016",2016,8,3,0,57,22,0,17,1,0,474,2,1,0,2,0,0,0,0,0,0,0,0,51,0,0,0,0,0,0,0,0,2,1,0,0,22,26,21,0,0,0,0,134,2,0,0,1,0,0,0,0,0,1,0,13,18,0,0,0,24,1,0,0,0,0,108,1,1,0,0,0,0,0,0,0,0,0,1,0,0,0,0,0,0,0,4,0,0,0,0,0,0,0,0,0,0,0,0,0,0,0,0,0,0,0,0,0,0,0,1,0,2,2,4,0,0,0,0,61,0,0,5,0,0,0,0,0,0,0,0,0,0,0
"ESP_036_MZB_LO_3","ESP_036_MZB_LO_3-17.08.2017","17.08.2017",2017,8,17,0,131,83,0,32,0,0,598,1,0,0,1,0,0,0,0,0,0,0,0,150,0,0,0,0,0,0,0,0,0,1,0,0,31,53,116,0,13,0,0,210,0,0,0,150,15,13,0,0,0,2,0,166,19,0,0,0,54,0,0,0,0,58,469,5,49,0,0,0,0,0,1,0,0,0,12,0,0,0,0,0,0,0,119,0,0,26,0,0,5,0,0,0,6,5,0,0,0,0,0,10,0,15,0,2,0,0,2,77,2,81,14,0,0,0,19,252,0,3,4,0,0,0,0,0,23,0,0,0,0,0
"ESP_036_MZB_LO_3","ESP_036_MZB_LO_3-28.08.2018","28.08.2018",2018,8,28,0,0,49,0,25,0,0,1140,0,12,0,0,0,1,0,0,0,0,0,0,172,0,8,0,0,0,0,10,0,0,0,0,0,52,166,62,0,0,0,0,198,4,10,0,0,0,0,0,0,0,0,0,244,13,0,4,0,64,5,0,0,0,34,510,0,33,0,36,0,0,0,0,0,30,0,0,0,0,0,0,0,0,0,76,0,0,10,0,0,12,0,0,0,0,1,0,0,0,0,0,4,0,30,0,2,0,0,0,9,3,158,16,0,0,0,0,71,0,0,34,0,4,18,0,0,0,0,0,0,0,0
"ESP_036_MZB_LO_3","ESP_036_MZB_LO_3-16.08.2019","16.08.2019",2019,8,16,162,37,11,0,24,0,0,698,0,0,0,0,0,0,0,0,0,0,0,0,324,0,33,0,0,0,0,28,0,0,0,0,0,179,134,118,0,0,0,0,207,0,0,0,0,0,0,0,0,0,2,0,674,16,0,0,0,37,22,0,0,0,48,235,2,180,0,0,0,0,0,0,0,112,0,0,2,0,2,0,0,0,0,64,0,0,0,0,0,10,0,0,0,0,0,0,0,0,0,0,18,0,0,0,0,0,0,0,0,2,465,22,0,0,0,1,100,0,0,1,0,0,0,0,0,0,0,0,0,0,0
"ESP_036_MZB_LO_3","ESP_036_MZB_LO_3-26.08.2020","26.08.2020",2020,8,26,0,29,10,0,5,0,0,308,0,0,0,0,0,0,0,0,0,0,0,0,300,0,0,0,0,0,0,1,0,0,0,0,4,140,152,74,0,0,0,0,216,0,0,0,16,8,0,0,0,36,4,0,241,0,0,0,0,40,0,0,0,0,64,225,0,1,0,0,0,0,0,0,0,40,0,0,0,0,0,0,0,8,0,124,0,0,0,0,0,5,0,0,0,0,0,0,0,0,0,0,9,0,8,0,0,0,8,0,0,0,908,5,0,0,0,20,96,0,0,1,0,0,0,0,0,0,0,0,0,0,0
"ESP_036_MZB_LO_3","ESP_036_MZB_LO_3-27.08.2021","27.08.2021",2021,8,27,0,44,48,0,5,0,0,356,8,0,0,0,0,0,0,0,0,0,0,0,365,0,0,0,0,0,0,1,0,0,0,0,0,36,88,48,0,0,0,0,236,0,0,0,152,8,0,0,0,21,9,0,216,32,0,0,0,144,8,0,0,0,88,168,0,36,0,0,0,0,0,12,40,0,0,0,0,0,0,0,0,0,0,168,0,0,0,0,0,5,0,0,0,0,1,0,0,0,0,0,1,0,1,0,8,0,0,8,40,0,684,6,0,0,0,8,40,0,8,16,0,0,0,0,0,0,0,0,0,0,0
"ESP_036_MZB_LO_3","ESP_036_MZB_LO_3-16.08.2022","16.08.2022",2022,8,16,0,32,72,0,5,44,0,452,0,0,0,0,8,0,0,0,0,0,0,0,556,0,12,0,0,0,0,8,4,0,0,0,0,28,24,140,0,16,0,0,144,0,0,0,104,4,0,0,0,0,1,0,461,12,0,0,0,73,16,0,0,0,4,268,1,26,0,4,0,0,0,8,48,36,0,24,0,0,0,0,0,0,0,193,0,0,0,0,0,53,0,0,0,0,0,0,0,0,0,0,8,4,4,5,0,0,16,0,24,0,296,12,0,0,0,8,40,0,0,40,0,0,0,0,0,0,0,0,0,0,0
"ESP_036_MZB_LO_3","ESP_036_MZB_LO_3-15.08.2023","15.08.2023",2023,8,15,0,48,136,0,4,8,0,236,0,0,0,0,0,88,0,0,0,0,0,0,464,0,0,0,0,0,0,0,0,0,0,0,0,8,24,100,0,24,0,0,308,0,0,0,8,20,0,0,0,0,0,0,364,0,0,0,0,4,16,0,0,0,28,228,8,84,0,0,0,0,0,0,0,108,0,0,0,0,0,0,0,0,0,60,0,8,0,0,0,1,0,0,0,0,0,0,0,0,0,0,32,0,8,17,0,0,0,12,144,0,68,8,0,0,0,8,184,0,0,1,0,0,0,8,0,0,0,0,0,0,0
"ESP_036_MZB_LO_3","ESP_036_MZB_LO_3-13.08.2024","13.08.2024",2024,8,13,0,56,12,0,5,0,0,616,8,0,0,0,0,40,0,0,0,0,0,0,264,0,8,0,0,0,0,0,0,0,0,0,0,13,64,52,0,8,0,0,332,0,1,0,24,9,9,0,0,8,8,0,336,1,0,0,0,1,8,0,0,0,8,288,24,41,0,0,0,0,0,53,0,64,0,0,0,0,0,0,0,0,0,408,0,1,0,0,0,0,0,0,0,0,2,0,0,0,0,0,16,1,17,16,0,0,0,1,24,0,44,9,0,0,0,1,516,1,0,12,0,1,0,8,0,0,0,0,0,0,0
"ESP_036_MZB_LO_4","ESP_036_MZB_LO_4-12.08.2015","12.08.2015",2015,8,12,0,11,0,0,90,0,0,77,2,0,0,0,16,0,0,0,0,0,0,8,270,0,0,0,4,0,0,0,0,0,0,1,17,56,0,405,0,118,0,0,25,0,0,0,0,39,0,5,0,0,0,0,101,2,0,0,0,119,8,0,0,0,181,11,0,4,0,0,0,0,0,0,0,0,0,0,0,0,0,0,0,0,0,22,0,0,0,0,1,0,0,0,0,0,0,0,0,0,0,0,18,0,113,0,0,0,0,51,0,0,25,2,0,0,0,0,23,0,0,21,0,0,0,0,0,0,0,0,0,0,1
"ESP_036_MZB_LO_4","ESP_036_MZB_LO_4-02.08.2016","02.08.2016",2016,8,2,0,15,1,0,3,0,0,277,0,0,0,0,0,0,0,0,1,0,0,0,143,0,3,0,0,0,0,4,0,0,0,2,5,93,6,111,0,146,0,0,13,3,1,0,0,3,3,0,0,0,0,0,29,0,0,0,0,45,12,0,0,0,11,64,0,2,0,0,0,0,0,0,0,1,0,0,0,0,0,0,0,0,0,12,0,0,0,4,0,0,0,0,0,0,0,0,0,0,0,0,15,0,65,0,0,0,1,43,0,0,3,12,0,0,0,0,18,0,0,7,0,0,0,0,0,0,0,0,0,0,0
"ESP_036_MZB_LO_4","ESP_036_MZB_LO_4-16.08.2017","16.08.2017",2017,8,16,0,38,0,0,20,0,0,149,0,0,0,0,9,0,0,0,0,0,0,3,69,0,0,0,0,0,0,0,0,0,0,0,7,81,17,181,0,33,0,0,28,2,0,0,0,34,0,0,0,0,3,0,28,16,0,0,0,41,14,0,0,0,29,156,0,17,0,0,0,0,0,0,0,4,0,0,0,0,0,0,0,0,0,1,3,0,0,26,0,0,0,0,0,0,0,0,0,0,0,0,14,0,361,0,0,0,0,31,0,0,2,3,0,0,0,1,8,0,0,0,19,0,0,0,0,4,0,0,0,0,0
"ESP_036_MZB_LO_4","ESP_036_MZB_LO_4-23.08.2018","23.08.2018",2018,8,23,0,17,0,0,4,0,0,185,0,3,0,0,2,0,0,0,0,0,0,5,165,0,3,0,0,0,0,1,0,0,0,2,0,55,9,149,0,251,0,0,19,0,0,0,0,0,0,0,0,0,0,0,48,0,0,0,0,99,0,0,0,0,8,23,0,6,0,0,0,0,0,0,0,10,0,5,0,0,0,0,0,0,0,1,0,0,0,0,0,0,0,0,0,0,0,0,0,0,0,0,19,0,150,0,6,0,0,28,0,0,0,7,0,0,0,1,20,0,0,162,0,0,0,0,0,0,0,0,0,0,0
"ESP_036_MZB_LO_4","ESP_036_MZB_LO_4-19.08.2019","19.08.2019",2019,8,19,0,21,0,0,26,0,0,82,0,0,4,0,0,0,0,0,0,0,0,6,232,0,0,0,8,0,0,0,4,0,0,0,0,64,0,240,0,104,0,0,92,0,0,0,0,0,0,0,0,0,2,0,70,0,0,0,0,78,45,0,0,0,56,39,14,18,2,0,0,0,0,0,0,62,0,0,0,0,0,0,0,2,0,40,0,0,0,0,0,0,0,0,0,0,0,0,0,0,0,0,32,0,91,0,0,0,0,6,0,0,0,2,0,0,0,1,10,0,0,18,0,0,0,0,0,0,0,0,0,0,1
"ESP_036_MZB_LO_4","ESP_036_MZB_LO_4-27.08.2020","27.08.2020",2020,8,27,0,10,4,1,4,0,0,19,0,0,0,0,9,0,0,0,0,0,0,0,187,0,0,0,0,0,0,2,0,0,0,0,0,5,0,93,0,1,0,0,2,0,0,0,0,0,0,0,0,0,0,0,71,0,0,0,0,33,35,0,0,0,34,19,0,0,0,0,0,0,0,0,0,4,0,0,0,0,0,0,0,0,6,12,0,0,0,0,0,0,0,0,0,0,0,0,0,0,0,0,17,0,307,0,0,0,12,18,0,0,0,4,0,0,0,0,10,0,0,3,0,0,0,0,0,0,0,0,0,0,0
"ESP_036_MZB_LO_4","ESP_036_MZB_LO_4-31.08.2021","31.08.2021",2021,8,31,0,40,0,0,9,0,0,508,0,0,0,0,0,0,0,0,0,0,0,0,268,0,0,0,0,0,0,0,0,0,0,0,8,16,12,264,0,220,0,0,12,0,0,0,0,4,0,0,0,0,0,0,92,0,0,0,0,132,12,0,0,0,40,76,0,0,0,0,0,0,0,8,0,8,0,0,0,0,0,0,0,0,0,40,0,8,0,16,0,0,1,0,4,0,4,0,0,0,0,0,36,0,4236,0,0,0,0,5,0,0,0,4,0,0,0,0,28,0,0,9,0,0,0,0,0,8,0,0,0,0,0
"ESP_036_MZB_LO_4","ESP_036_MZB_LO_4-10.08.2022","10.08.2022",2022,8,10,0,0,0,2,1,4,0,20,0,0,0,0,34,0,0,0,0,0,0,0,1004,0,0,0,0,0,0,4,0,0,0,0,5,52,0,166,0,0,0,0,18,0,0,0,0,0,0,2,0,48,0,0,96,0,0,0,0,92,10,0,0,0,12,32,0,0,0,0,0,0,0,0,0,0,0,12,0,0,0,0,0,0,0,116,0,0,0,22,0,0,0,0,0,0,0,0,0,0,0,0,14,0,68,26,0,0,0,2,0,0,0,8,0,0,0,0,0,0,0,4,1,0,0,0,0,0,0,0,10,0,4
"ESP_036_MZB_LO_4","ESP_036_MZB_LO_4-14.08.2023","14.08.2023",2023,8,14,0,134,0,4,20,0,0,164,0,0,0,0,16,0,0,0,0,0,0,0,188,0,0,0,0,0,0,0,0,0,0,0,6,42,2,118,0,40,0,0,4,0,1,0,0,0,0,0,0,0,0,0,90,2,0,0,0,38,14,0,0,0,16,58,0,6,0,0,0,0,0,0,0,0,0,0,0,0,0,0,0,0,7,12,0,0,0,0,0,0,0,0,0,0,10,0,0,0,0,0,40,0,162,18,0,0,0,20,0,0,2,10,0,0,0,0,18,0,0,32,0,0,0,0,0,18,0,0,0,0,0
"ESP_036_MZB_LO_4","ESP_036_MZB_LO_4-12.08.2024","12.08.2024",2024,8,12,0,38,0,0,20,0,0,52,0,0,0,0,92,0,0,0,0,32,0,0,214,0,0,0,0,0,0,0,0,0,0,0,2,14,6,108,0,32,0,0,6,0,4,0,0,2,0,0,0,0,0,0,116,0,0,0,0,36,20,0,0,0,34,76,0,0,0,0,0,0,0,0,0,0,0,12,0,0,2,0,0,0,1,42,0,0,0,12,0,0,0,0,0,0,2,0,2,0,0,0,54,0,906,50,0,0,2,42,0,0,12,2,0,0,0,0,28,0,0,232,0,0,0,0,0,2,0,0,0,0,0
"ESP_036_MZB_LO_5","ESP_036_MZB_LO_5-07.08.2015","07.08.2015",2015,8,7,0,4,21,0,12,0,0,425,0,0,3,0,0,0,4,0,0,0,0,0,451,0,7,0,0,0,0,1,0,0,0,0,20,88,212,129,0,530,1,0,78,0,3,0,1,46,46,0,0,0,3,0,272,0,0,0,0,59,37,17,1,0,0,58,0,4,0,1,0,0,0,1,0,12,0,0,0,0,0,0,0,0,0,79,0,0,0,0,0,3,0,0,0,0,0,0,0,0,10,0,37,0,20,0,0,0,0,8,0,0,34,39,0,0,1,18,29,0,3,17,0,0,0,0,0,0,0,0,0,0,0
"ESP_036_MZB_LO_5","ESP_036_MZB_LO_5-02.08.2016","02.08.2016",2016,8,2,0,17,0,0,2,0,0,233,0,0,0,0,0,0,0,0,0,0,0,0,154,0,0,0,0,0,7,0,0,0,0,0,2,79,132,54,2,62,6,0,46,0,1,0,0,94,62,0,0,0,1,0,55,30,0,0,0,43,0,0,0,0,6,77,1,14,0,0,0,0,1,1,3,0,0,0,0,0,0,0,0,0,0,12,0,0,0,0,0,6,0,0,0,0,0,0,0,0,6,0,44,0,2,0,0,0,0,0,0,0,0,6,0,0,0,2,6,2,0,1,0,0,0,0,0,0,0,0,2,0,0
"ESP_036_MZB_LO_5","ESP_036_MZB_LO_5-16.08.2017","16.08.2017",2017,8,16,0,5,2,0,14,0,0,89,0,0,0,0,0,0,0,0,0,0,0,0,163,0,0,0,0,0,5,0,0,0,0,0,0,131,86,95,0,11,0,0,32,0,1,1,0,56,0,0,0,0,0,0,51,2,0,0,0,4,0,0,0,0,2,90,0,0,0,0,0,0,0,1,0,8,0,0,0,0,0,0,0,0,0,22,0,0,0,0,0,4,0,0,0,0,0,0,0,0,2,0,42,0,7,0,0,0,0,17,0,0,14,1,0,0,0,14,28,0,0,0,0,0,0,0,0,0,0,0,0,0,0
"ESP_036_MZB_LO_5","ESP_036_MZB_LO_5-23.08.2018","23.08.2018",2018,8,23,0,9,8,0,9,0,0,278,0,0,0,0,0,0,0,0,0,0,0,0,79,0,0,0,0,0,0,0,0,2,0,0,1,335,159,40,0,72,0,0,30,0,5,0,0,9,0,0,0,2,2,0,57,6,0,0,0,32,1,0,0,0,0,169,0,1,0,0,0,0,0,0,0,17,0,0,0,0,0,0,0,0,0,4,0,0,0,0,0,6,2,0,0,0,0,0,0,0,2,0,9,0,0,0,2,0,2,16,0,1,60,13,0,0,0,24,1,0,0,7,0,0,0,0,0,0,0,0,2,0,0
"ESP_036_MZB_LO_5","ESP_036_MZB_LO_5-19.08.2019","19.08.2019",2019,8,19,0,0,4,0,10,0,0,43,0,0,1,0,4,0,0,0,0,0,0,0,60,0,8,0,0,0,0,1,0,0,0,0,0,192,141,136,0,68,4,0,74,0,1,0,0,64,0,0,0,0,2,0,72,16,0,0,0,38,4,0,0,0,12,102,0,0,0,0,0,0,0,4,0,0,0,0,0,0,0,0,0,0,4,20,0,0,0,0,0,15,1,0,0,0,0,0,0,0,0,0,15,0,0,0,0,0,0,0,0,3,135,2,0,0,0,36,23,0,0,5,0,0,0,0,0,0,0,0,4,0,0
"ESP_036_MZB_LO_5","ESP_036_MZB_LO_5-28.08.2020","28.08.2020",2020,8,28,0,2,2,0,0,0,0,122,0,0,0,0,0,0,0,0,0,0,0,0,742,0,26,0,0,0,0,0,0,2,0,0,0,132,22,121,0,74,8,0,25,0,1,0,0,54,0,0,0,0,0,0,121,2,0,0,0,29,4,2,0,0,5,55,8,0,0,0,0,0,0,0,0,1,0,0,0,0,0,8,0,0,0,480,0,2,0,0,0,14,0,0,0,0,0,0,0,0,0,0,21,0,0,0,1,0,0,0,0,0,112,4,0,0,0,14,13,0,0,0,0,0,0,0,0,0,0,0,0,15,0
"ESP_036_MZB_LO_5","ESP_036_MZB_LO_5-27.08.2021","27.08.2021",2021,8,27,0,4,10,0,11,0,0,366,0,0,0,0,8,0,0,0,0,0,0,0,410,0,20,0,0,0,0,0,0,0,0,0,0,200,28,116,0,22,0,0,50,0,0,0,0,66,0,0,0,2,1,0,106,16,0,1,0,62,35,0,0,0,20,140,0,0,0,0,0,0,0,0,4,0,0,0,0,0,4,0,0,0,0,182,0,2,0,0,0,14,0,0,0,0,0,0,0,0,0,0,18,0,0,0,0,0,0,6,0,0,44,2,0,0,0,14,14,0,0,8,0,0,0,0,0,0,0,0,0,18,0
"ESP_036_MZB_LO_5","ESP_036_MZB_LO_5-11.08.2022","11.08.2022",2022,8,11,0,0,8,0,10,0,0,152,0,0,0,0,114,0,0,0,0,0,0,0,1356,0,8,0,0,0,0,0,0,0,0,0,0,160,8,36,0,0,0,0,108,0,0,0,0,22,10,0,0,8,12,0,132,0,0,0,0,62,11,0,0,0,0,194,0,38,0,0,0,0,0,0,0,0,0,0,0,0,0,0,0,0,4,280,0,0,0,0,0,38,0,0,0,0,0,0,0,0,0,0,26,0,14,0,0,0,0,24,0,0,8,12,0,0,0,36,14,0,0,9,0,0,0,2,0,0,0,0,0,0,0
"ESP_036_MZB_LO_5","ESP_036_MZB_LO_5-10.08.2023","10.08.2023",2023,8,10,0,9,1,0,17,0,0,260,0,0,0,0,0,4,0,0,0,1,0,0,640,0,0,0,0,0,0,0,0,0,0,0,0,116,24,104,0,76,0,0,152,4,0,0,0,85,0,0,0,4,16,0,188,24,0,1,0,60,32,0,0,0,32,294,0,0,0,0,0,0,0,0,0,0,0,0,0,0,0,0,0,0,0,104,0,0,0,0,0,20,0,0,0,0,4,0,0,0,0,0,33,0,0,36,0,0,16,32,0,0,32,12,0,0,0,37,21,0,0,4,0,0,0,4,0,0,0,0,4,0,0
"ESP_036_MZB_LO_5","ESP_036_MZB_LO_5-14.08.2024","14.08.2024",2024,8,14,0,24,1,0,13,0,0,468,8,0,0,0,16,0,0,0,0,0,0,0,656,0,0,0,0,0,0,0,0,0,0,0,0,112,100,144,0,120,0,0,84,0,0,0,8,20,20,0,0,0,0,4,60,8,0,0,0,52,0,0,0,0,20,267,0,4,0,0,0,0,0,2,0,0,0,0,0,16,4,0,0,0,4,25,0,0,0,0,0,4,0,0,0,0,0,0,0,0,0,1,44,4,0,8,0,0,4,12,0,4,0,8,0,0,0,40,53,0,0,4,0,0,0,1,0,0,0,0,1,0,0
"ESP_036_MZB_LO_6","ESP_036_MZB_LO_6-06.08.2015","06.08.2015",2015,8,6,0,21,0,0,10,0,0,1142,1,0,0,0,0,0,0,0,0,0,0,0,575,1,1,0,0,0,0,4,3,0,0,0,17,10,0,53,0,82,0,1,69,0,0,0,16,150,150,0,0,1,1,0,156,48,16,0,0,106,0,0,0,0,16,232,0,0,0,0,0,0,0,0,0,0,0,0,0,0,0,0,0,0,0,36,0,0,0,0,0,40,0,0,0,0,0,0,0,0,0,0,7,0,0,0,1,0,0,0,0,9,171,2,0,0,0,0,22,0,0,6,0,0,0,0,0,0,0,0,1,0,0
"ESP_036_MZB_LO_6","ESP_036_MZB_LO_6-29.07.2016","29.07.2016",2016,7,29,0,2,0,0,18,0,0,347,3,0,0,0,0,0,0,0,0,0,0,0,75,0,0,0,0,0,0,4,0,0,0,0,8,11,0,16,0,10,0,0,24,0,4,0,114,100,100,0,0,0,0,0,20,3,0,0,1,16,0,0,0,0,10,203,2,0,0,0,0,29,0,0,0,0,0,0,0,0,0,0,0,0,0,10,0,0,0,0,0,0,0,0,0,0,0,0,0,0,0,0,22,0,0,0,2,0,0,0,2,0,22,2,3,0,0,9,18,0,4,15,14,0,0,0,0,0,0,0,0,0,0
"ESP_036_MZB_LO_6","ESP_036_MZB_LO_6-14.08.2017","14.08.2017",2017,8,14,0,7,0,0,12,0,0,104,3,0,0,0,0,0,0,0,0,0,0,0,131,0,0,2,0,0,0,4,0,0,2,0,0,12,0,82,0,1,0,0,11,2,1,0,12,19,10,0,0,0,8,0,44,12,0,0,0,58,10,0,0,0,28,239,0,16,0,0,0,0,0,52,0,151,0,0,0,0,0,0,0,0,0,84,0,4,0,11,0,14,0,0,0,0,0,0,0,3,0,6,0,0,0,0,2,0,0,0,0,0,0,2,0,0,0,3,44,0,0,2,8,1,0,0,0,0,0,0,0,0,0
"ESP_036_MZB_LO_6","ESP_036_MZB_LO_6-28.08.2018","28.08.2018",2018,8,28,0,6,0,0,7,0,0,680,0,0,0,0,0,0,0,0,0,0,0,0,66,0,1,0,0,0,0,0,0,0,0,0,1,51,0,18,0,0,0,1,22,0,0,0,16,14,10,0,0,11,0,0,28,2,0,0,0,39,0,0,0,0,0,192,0,15,0,1,0,0,0,0,0,0,0,0,0,0,0,0,0,0,0,40,0,0,0,0,0,4,0,0,0,0,0,0,0,0,0,0,0,0,8,0,2,0,0,0,0,1,89,8,0,0,0,13,25,0,1,17,0,0,0,0,0,0,0,0,0,0,0
"ESP_036_MZB_LO_6","ESP_036_MZB_LO_6-12.08.2019","12.08.2019",2019,8,12,0,21,0,0,15,0,0,148,0,0,0,0,1,0,0,0,0,0,0,0,33,0,2,0,0,0,0,0,1,0,0,0,0,10,0,34,0,0,0,0,8,0,0,0,92,5,5,0,0,0,0,0,25,10,0,0,0,3,2,0,0,0,5,256,13,4,0,0,0,0,0,0,0,0,0,0,0,0,0,0,0,0,0,28,0,0,0,0,0,41,0,0,0,0,0,0,0,0,0,0,13,0,0,0,0,0,0,0,2,0,142,6,0,0,0,7,18,0,0,2,0,0,0,0,0,0,0,0,1,0,0
"ESP_036_MZB_LO_6","ESP_036_MZB_LO_6-21.08.2020","21.08.2020",2020,8,21,0,5,0,0,76,12,0,476,0,0,4,0,0,0,0,0,0,0,0,0,584,0,4,0,0,0,0,0,9,0,0,0,0,33,0,92,0,0,0,1,84,0,4,0,24,4,0,0,0,12,2,0,120,0,0,0,0,28,0,0,0,0,0,220,2,16,0,0,0,0,0,24,0,36,0,0,0,0,0,0,0,4,0,152,0,0,0,0,0,8,0,0,0,0,0,0,0,0,0,0,0,0,0,0,20,4,0,0,0,1,36,0,0,0,1,44,16,0,1,4,0,0,0,0,4,0,0,0,0,0,0
"ESP_036_MZB_LO_6","ESP_036_MZB_LO_6-23.08.2021","23.08.2021",2021,8,23,0,28,0,0,42,2,0,914,0,0,1,0,0,0,0,0,0,0,0,0,374,0,2,0,0,0,0,6,1,0,0,0,2,4,0,48,0,12,0,0,8,0,0,0,196,40,0,0,0,4,1,0,126,0,0,0,0,52,0,0,0,0,0,176,8,5,0,0,0,0,0,12,0,18,0,0,0,0,0,0,0,6,0,204,0,2,0,0,0,4,0,0,4,0,0,0,0,0,0,0,0,0,0,0,18,0,0,0,0,1,84,20,0,0,0,24,44,2,0,0,0,0,0,0,0,0,0,0,0,0,0
"ESP_036_MZB_LO_6","ESP_036_MZB_LO_6-12.08.2022","12.08.2022",2022,8,12,0,6,0,0,18,0,0,110,0,0,0,0,0,0,0,0,0,0,0,0,276,0,0,0,0,0,0,1,4,0,0,0,0,27,0,15,0,22,0,0,16,2,0,0,2,106,106,0,0,2,2,0,61,0,0,0,0,126,0,0,0,0,1,541,1,0,0,0,0,0,0,0,0,0,0,0,0,0,0,0,0,0,0,18,0,0,0,0,0,32,0,0,0,0,0,0,0,0,0,0,1,2,0,0,14,0,0,0,0,2,52,9,0,0,0,16,9,0,0,1,0,0,0,0,0,0,0,0,1,0,0
"ESP_036_MZB_LO_6","ESP_036_MZB_LO_6-10.08.2023","10.08.2023",2023,8,10,138,48,0,0,38,10,0,340,2,0,0,0,4,0,0,0,0,0,0,0,314,0,0,0,0,0,0,0,4,0,0,0,0,48,0,42,0,28,0,0,50,0,0,0,0,28,0,0,0,10,0,0,100,4,0,0,0,254,21,0,0,0,0,338,3,8,0,0,0,0,0,54,0,16,0,0,0,0,0,0,0,9,0,46,0,0,0,0,0,18,0,0,0,0,0,0,0,0,0,0,20,4,6,0,34,0,0,2,0,5,38,18,0,0,0,56,20,0,0,54,0,0,0,0,0,0,0,0,2,0,0
"ESP_036_MZB_LO_6","ESP_036_MZB_LO_6-14.08.2024","14.08.2024",2024,8,14,0,138,0,0,20,2,0,260,0,0,1,4,0,0,0,0,0,0,0,0,284,0,0,0,0,0,0,0,1,0,0,0,0,1,0,66,0,32,1,0,14,0,0,0,0,35,35,0,0,0,0,0,124,16,0,0,0,64,22,0,0,0,40,356,0,25,0,0,0,0,0,220,0,132,0,0,0,0,4,0,1,12,0,64,0,0,0,0,0,1,0,0,2,0,0,0,0,0,0,0,22,0,4,0,64,18,2,4,10,1,16,16,0,0,0,48,146,0,1,1,0,0,334,0,2,0,0,0,1,0,0
