"Unique.ID","Samp.ID","Sampling.date","year","month","day","AESHNIDAE GEN. SP.","AGRIOTYPINAE GEN. SP.","ANTHOMYIIDAE GEN. SP.","APHELOCHEIRIDAE GEN. SP.","ASELLIDAE GEN. SP.","ASTACIDAE GEN. SP.","ATHERICIDAE GEN. SP.","ATYIDAE GEN. SP.","BAETIDAE GEN. SP.","BERAEIDAE GEN. SP.","BITHYNIIDAE GEN. SP.","BLEPHARICERIDAE GEN. SP.","BRACHYCENTRIDAE GEN. SP.","BRANCHIOBDELLIDAE GEN. SP.","BRYOZOA GEN. SP.","CAENIDAE GEN. SP.","CALAMOCERATIDAE GEN. SP.","CALOPTERYGIDAE GEN. SP.","CERATOPOGONIDAE GEN. SP.","CHIRONOMIDAE GEN. SP.","CHLOROPERLIDAE GEN. SP.","CHRYSOMELIDAE GEN. SP.","COENAGRIONIDAE GEN. SP.","CORBICULA SP.","CORDULEGASTRIDAE GEN. SP.","CORIXIDAE GEN. SP.","COROPHIIDAE GEN. SP.","CULICIDAE GEN. SP.","DIXIDAE GEN. SP.","DOLICHOPODIDAE GEN. SP.","DREISSENA POLYMORPHA","DRYOPIDAE GEN. SP.","DUGESIIDAE GEN. SP.","DYTISCIDAE GEN. SP.","ECNOMUS SP.","ELMIDAE GEN. SP.","EMPIDIDAE GEN. SP.","EPHEMERELLIDAE GEN. SP.","EPHEMERIDAE GEN. SP.","EPHYDRIDAE GEN. SP.","ERPOBDELLIDAE GEN. SP.","GAMMARIDAE GEN. SP.","GASTROPODA GEN. SP.","GERRIDAE GEN. SP.","GLOSSIPHONIIDAE GEN. SP.","GLOSSOSOMATIDAE GEN. SP.","GOERIDAE GEN. SP.","GOMPHIDAE GEN. SP.","GORDIUS SP.","GYRINIDAE GEN. SP.","HAEMOPIDAE GEN. SP.","HALIPLIDAE GEN. SP.","HELOPHORUS SP.","HEPTAGENIIDAE GEN. SP.","HYDRA SP.","HYDRACHNIDIA GEN. SP.","HYDRAENIDAE GEN. SP.","HYDROBIIDAE GEN. SP.","HYDROMETRIDAE GEN. SP.","HYDROPHILIDAE GEN. SP.","HYDROPSYCHIDAE GEN. SP.","HYDROPTILIDAE GEN. SP.","LEPIDOSTOMATIDAE GEN. SP.","LEPTOCERIDAE GEN. SP.","LEPTOPHLEBIIDAE GEN. SP.","LESTIDAE GEN. SP.","LEUCTRIDAE GEN. SP.","LIBELLULIDAE GEN. SP.","LIMNEPHILIDAE GEN. SP.","LIMONIIDAE GEN. SP.","LYMNAEIDAE GEN. SP.","MUSCIDAE GEN. SP.","NEMATODA GEN. SP.","NEMATOMORPHA GEN. SP.","NEMOURIDAE GEN. SP.","NEPIDAE GEN. SP.","NERITIDAE GEN. SP.","NOTONECTIDAE GEN. SP.","ODONTOCERIDAE GEN. SP.","OLIGOCHAETA GEN. SP.","PEDICIIDAE GEN. SP.","PERLIDAE GEN. SP.","PERLODIDAE GEN. SP.","PHILOPOTAMIDAE GEN. SP.","PHYSIDAE GEN. SP.","PLANARIIDAE GEN. SP.","PLANORBIDAE GEN. SP.","PLATYCNEMIDIDAE GEN. SP.","POLYCENTROPODIDAE GEN. SP.","POLYMITARCYIDAE GEN. SP.","POTAMANTHIDAE GEN. SP.","PROCAMBARUS SP.","PSYCHODIDAE GEN. SP.","PSYCHOMYIIDAE GEN. SP.","PTYCHOPTERIDAE GEN. SP.","RHAGIONIDAE GEN. SP.","RHYACOPHILIDAE GEN. SP.","SCIOMYZIDAE GEN. SP.","SCIRTIDAE GEN. SP.","SERICOSTOMATIDAE GEN. SP.","SIALIDAE GEN. SP.","SIMULIIDAE GEN. SP.","SIPHLONURIDAE GEN. SP.","SISYRIDAE GEN. SP.","SPHAERIIDAE GEN. SP.","SPONGILLIDAE GEN. SP.","STRATIOMYIDAE GEN. SP.","SUCCINEIDAE GEN. SP.","SYRPHIDAE GEN. SP.","TABANIDAE GEN. SP.","TIPULIDAE GEN. SP.","UNIONIDAE GEN. SP.","VELIIDAE GEN. SP."
"ESP_033_MZB_LO_10","ESP_033_MZB_LO_10-19.08.2008","19.08.2008",2008,8,19,0,0,0,0,0,0,0,0,6049,0,1,0,0,0,0,664,0,0,0,722,0,0,0,0,0,0,0,0,0,0,0,0,0,0,0,102,20,0,0,0,6,462,0,3,6,0,0,3,0,0,0,0,0,1343,0,23,0,140,0,0,2250,2,0,1,144,0,0,0,0,0,0,0,1,0,0,0,5,0,0,901,0,0,0,0,43,0,325,0,0,124,5,0,0,0,0,0,0,0,0,0,0,0,0,0,440,1,0,0,0,0,0,0,0
"ESP_033_MZB_LO_10","ESP_033_MZB_LO_10-30.07.2009","30.07.2009",2009,7,30,0,0,0,0,100,0,0,0,2002,0,1,0,0,0,0,2327,0,0,0,1443,0,0,0,0,0,963,0,0,0,0,6,2,3,1,0,101,41,0,0,0,1,504,0,3,8,0,0,0,0,0,0,0,0,506,0,100,0,2,1,0,3543,41,0,0,83,0,1,0,0,0,0,0,0,0,0,0,2,0,0,224,0,0,0,0,3,0,186,0,123,53,44,0,0,0,0,0,0,0,0,0,0,0,0,0,520,2,0,0,0,0,0,0,0
"ESP_033_MZB_LO_10","ESP_033_MZB_LO_10-14.09.2010","14.09.2010",2010,9,14,0,0,0,0,2,0,0,6,3807,0,0,0,0,0,0,5,0,0,0,1682,0,0,0,0,0,123,0,0,0,0,4,0,9,0,0,442,0,0,0,0,15,5,0,2,1,0,0,1,0,1,0,0,0,284,0,23,0,11,0,0,2805,23,0,0,2,0,0,0,0,0,0,0,0,0,0,0,49,0,0,101,0,0,0,0,2,0,16,0,0,0,0,1,0,0,0,0,0,0,0,0,0,11,0,0,200,1,0,0,0,0,0,0,0
"ESP_033_MZB_LO_10","ESP_033_MZB_LO_10-12.09.2012","12.09.2012",2012,9,12,0,0,0,0,0,0,0,10,1203,0,0,0,0,0,0,11,0,3,0,380,0,0,0,0,0,160,0,0,0,0,5,0,9,0,0,202,0,0,0,0,6,0,0,4,0,0,0,2,0,1,0,0,0,47,0,421,0,301,0,0,1047,140,0,2,0,0,0,0,0,0,0,0,1,0,0,0,286,0,0,1460,0,0,0,0,1,0,16,0,6,2,0,1,0,1,0,0,0,0,0,0,0,21,0,0,480,0,0,0,0,0,0,1,0
"ESP_033_MZB_LO_10","ESP_033_MZB_LO_10-14.08.2013","14.08.2013",2013,8,14,0,0,0,0,0,0,0,42,4413,0,0,0,0,0,0,361,0,0,0,1323,0,0,0,0,0,241,0,0,0,0,1,44,1,0,0,400,0,1,0,0,7,882,0,25,1,0,0,0,0,42,0,0,0,646,0,482,1,5,1,0,2530,2,0,1,162,0,26,0,0,0,2,0,0,0,0,0,46,0,0,840,0,0,0,0,8,0,8,0,3,683,1,1,0,46,0,0,0,0,0,0,0,447,0,0,0,0,0,2,0,0,0,0,0
"ESP_033_MZB_LO_10","ESP_033_MZB_LO_10-06.08.2014","06.08.2014",2014,8,6,0,0,1,0,0,0,0,4,4163,0,0,0,0,0,0,3204,0,0,0,2241,0,0,0,0,0,2887,0,0,0,0,0,3,1,0,0,320,5,0,0,0,3,161,0,23,0,0,0,1,0,1,0,0,0,645,0,1601,0,1,0,0,1609,26,1,3,485,0,82,0,0,0,0,0,0,0,0,1,10,0,0,640,0,0,0,0,329,0,165,0,25,84,9,0,0,80,0,0,0,0,0,0,0,486,0,0,1,1,0,42,0,0,0,0,0
"ESP_033_MZB_LO_10","ESP_033_MZB_LO_10-29.07.2015","29.07.2015",2015,7,29,0,0,0,0,0,0,0,0,2083,0,0,0,0,0,0,2003,0,0,0,1043,0,0,0,0,0,480,0,0,0,0,0,2,0,0,0,402,1,0,0,0,2,323,0,6,0,0,0,0,0,1,0,0,0,643,0,561,0,0,0,0,4725,322,0,1,324,0,20,0,0,0,0,0,0,0,0,0,18,0,0,40,0,0,0,0,26,0,25,0,42,164,15,3,0,40,0,0,0,0,0,0,0,0,0,1,0,1,0,1,0,0,2,0,0
"ESP_033_MZB_LO_10","ESP_033_MZB_LO_10-12.08.2017","12.08.2017",2017,8,12,0,0,0,0,2,0,0,101,69,0,0,0,0,0,0,93,0,0,72,213,0,0,0,0,0,116,0,0,0,0,0,1,0,0,0,8,8,0,1,0,0,4,57,3,0,0,0,0,0,1,0,0,0,6,0,32,0,0,0,0,51,2,0,0,5,0,1,0,0,0,0,0,0,0,0,0,12,0,0,121,0,0,0,0,4,0,2,0,15,0,4,25,0,9,0,0,0,0,0,0,0,1,0,0,17,0,0,0,0,0,2,0,0
"ESP_033_MZB_LO_11","ESP_033_MZB_LO_11-26.07.2006","26.07.2006",2006,7,26,0,0,0,0,32,0,0,0,5,0,0,0,0,0,0,1976,0,0,0,767,0,0,2,0,0,0,0,0,0,0,0,0,0,0,0,0,1,0,0,0,1,0,0,6,1,0,0,0,0,0,0,0,0,0,0,163,0,0,0,0,0,0,0,0,1,0,1,0,0,0,0,0,0,0,0,0,0,0,0,263,0,0,0,0,10,0,33,0,3,0,0,0,0,0,0,0,0,0,0,0,0,40,0,1,0,0,1,0,0,0,0,0,0
"ESP_033_MZB_LO_11","ESP_033_MZB_LO_11-20.08.2008","20.08.2008",2008,8,20,0,0,0,0,5,1,0,0,2866,0,0,0,0,0,0,1724,0,3,0,2245,0,0,0,0,0,0,0,0,0,0,0,0,0,0,0,0,0,0,0,0,4,43,0,9,1,0,0,0,0,0,0,0,0,0,0,803,0,3,6,5,565,42,0,0,0,0,2,0,0,0,2,0,0,0,0,0,0,0,0,123,0,0,0,0,502,0,122,0,81,0,0,0,0,0,0,0,1,0,0,0,0,85,0,0,161,1,0,0,0,0,0,0,0
"ESP_033_MZB_LO_11","ESP_033_MZB_LO_11-29.07.2009","29.07.2009",2009,7,29,1,0,0,0,85,6,0,0,283,0,0,0,0,0,1,5822,0,1,0,3366,0,0,46,0,0,2,0,0,0,0,0,1,0,0,0,0,2,0,0,0,84,42,0,6,0,0,0,0,0,0,0,1,0,0,0,724,0,80,0,1,253,3,0,1,1,0,8,0,0,1,0,0,1,0,0,1,0,0,0,164,0,0,0,0,42,0,245,0,125,1,0,0,0,1,0,0,0,0,0,0,0,1,0,0,4,0,0,0,0,0,3,0,0
"ESP_033_MZB_LO_11","ESP_033_MZB_LO_11-28.07.2010","28.07.2010",2010,7,28,0,0,0,0,3,0,0,0,551,0,0,0,0,0,0,834,0,0,0,1287,0,0,2,0,0,1,0,0,0,0,0,0,0,0,0,0,0,0,0,0,2,62,0,1,0,0,0,0,0,0,0,0,0,0,0,36,0,0,0,0,22,3,0,0,0,0,18,0,0,0,0,0,0,0,0,0,0,0,0,61,0,0,0,0,0,0,72,0,3,0,0,0,0,0,0,0,0,0,0,0,0,13,0,0,0,0,0,0,0,0,1,0,0
"ESP_033_MZB_LO_11","ESP_033_MZB_LO_11-26.09.2012","26.09.2012",2012,9,26,0,0,0,0,41,2,0,0,121,0,0,0,0,0,1,3081,0,0,0,3122,0,0,12,0,0,0,0,0,0,0,0,0,0,0,0,0,1,0,0,0,20,652,0,7,0,0,0,0,0,0,0,0,0,0,0,161,0,3,0,0,765,0,0,0,0,0,1,0,0,0,0,0,1,0,0,0,0,0,0,561,0,0,0,0,0,0,975,0,2,0,0,5,0,0,0,0,0,0,0,0,0,6,0,0,5680,1,0,0,0,0,0,0,0
"ESP_033_MZB_LO_11","ESP_033_MZB_LO_11-11.09.2013","11.09.2013",2013,9,11,0,0,0,0,21,1,1,0,521,0,0,0,0,0,1,362,0,1,0,2461,0,0,0,0,0,0,0,0,0,0,0,0,0,1,0,1,0,0,0,0,2,241,0,8,0,0,0,0,0,0,0,0,0,0,0,180,0,7,3,0,422,0,0,0,0,0,1,0,0,0,0,0,61,0,0,0,0,0,0,221,0,0,0,0,1,0,31,0,23,0,0,0,5,0,0,0,0,2,0,0,0,5,0,0,2,0,0,1,0,0,1,0,0
"ESP_033_MZB_LO_11","ESP_033_MZB_LO_11-06.08.2014","06.08.2014",2014,8,6,1,0,0,0,4,161,0,1,883,0,0,0,0,12,1,1363,0,0,0,2561,0,0,4,0,0,1,0,0,0,0,0,0,1,0,0,0,0,0,0,0,21,1361,0,12,0,0,0,0,0,0,0,0,0,0,0,641,0,83,13,1,402,5,0,0,0,0,81,0,0,160,0,0,0,0,0,0,0,1,0,240,0,0,0,0,2,0,488,0,163,0,0,4,0,0,0,0,1,0,0,0,0,2,0,0,20,0,0,2,0,0,0,0,0
"ESP_033_MZB_LO_11","ESP_033_MZB_LO_11-13.08.2015","13.08.2015",2015,8,13,2,0,0,0,400,6,0,9,247,0,0,0,0,83,1,2325,0,1,0,2403,0,0,9,0,0,0,0,0,0,0,0,0,0,0,0,1,0,0,0,0,2,404,0,26,0,0,0,0,0,0,0,0,0,0,0,3680,0,48,0,0,2085,1,0,0,0,0,4,0,0,0,1,0,0,0,0,0,0,0,0,241,0,0,0,0,166,0,92,0,23,0,0,26,0,400,0,0,0,1,0,0,0,2,0,0,5,0,0,1,0,0,0,0,0
"ESP_033_MZB_LO_11","ESP_033_MZB_LO_11-09.09.2016","09.09.2016",2016,9,9,0,0,0,0,16,2,0,7,117,0,0,0,0,0,0,192,0,7,0,273,0,0,4,0,0,1,0,0,0,0,0,0,0,0,0,1,0,0,0,0,0,42,0,1,0,0,0,0,0,0,0,0,0,0,0,84,0,1,0,0,70,4,0,0,0,0,0,0,0,4,1,0,0,1,0,0,0,0,0,50,0,0,0,0,0,0,108,0,12,0,0,0,0,4,0,0,0,0,0,0,0,0,0,0,0,0,0,0,0,0,0,0,0
"ESP_033_MZB_LO_11","ESP_033_MZB_LO_11-25.07.2017","25.07.2017",2017,7,25,1,0,0,0,1,0,0,61,136,0,0,0,0,0,0,827,0,2,0,684,0,0,9,0,0,1,0,0,0,0,0,1,0,0,0,0,0,0,0,0,24,87,0,15,0,0,0,0,0,0,0,0,0,0,0,133,1,0,0,0,40,2,0,0,0,0,0,0,0,0,0,0,0,0,0,0,0,0,0,2798,0,0,0,0,0,0,38,0,1,0,0,0,0,1,0,0,0,0,0,0,0,14,0,0,0,0,0,0,0,0,0,0,0
"ESP_033_MZB_LO_12","ESP_033_MZB_LO_12-06.07.2008","06.07.2008",2008,7,6,0,0,0,0,0,0,0,0,111,0,0,0,0,0,0,0,0,0,0,219,0,0,0,0,0,0,0,0,0,0,0,0,0,0,0,2,0,0,0,0,1,11237,0,0,0,0,0,0,0,0,0,1,0,0,0,0,0,1623,0,0,1,436,0,0,0,0,0,0,0,0,0,1,0,0,0,1,0,0,0,0,0,0,0,0,0,0,1,0,0,0,0,0,0,0,0,0,0,0,0,0,0,2,0,0,0,0,0,0,0,0,0,0,0
"ESP_033_MZB_LO_12","ESP_033_MZB_LO_12-05.09.2012","05.09.2012",2012,9,5,0,0,0,0,0,0,0,0,240,0,0,0,0,0,0,0,0,0,0,6,0,0,0,0,0,0,0,0,0,0,0,0,27,0,0,5,0,0,0,0,6,14324,0,0,5,0,0,0,0,0,0,0,0,0,0,0,0,32735,0,0,52,0,0,0,0,0,0,0,0,0,3,0,0,0,0,0,0,0,0,1120,0,0,0,0,0,292,0,0,0,0,0,0,0,0,0,0,0,0,0,0,0,0,0,0,2320,0,0,0,0,0,1,0,0
"ESP_033_MZB_LO_12","ESP_033_MZB_LO_12-15.07.2013","15.07.2013",2013,7,15,0,0,0,0,0,0,0,0,8088,0,0,0,0,0,0,0,0,0,0,1120,0,0,0,0,0,0,0,0,0,0,0,0,0,0,0,280,1,1,0,0,2,13207,0,0,0,0,0,0,0,0,0,0,0,0,0,0,0,22092,0,0,564,1,0,0,0,0,0,0,0,0,47,0,1,0,0,0,0,0,0,1,0,0,0,0,0,247,0,0,0,0,0,0,0,0,0,0,0,0,0,0,0,413,0,0,2,0,0,0,0,0,0,0,0
"ESP_033_MZB_LO_12","ESP_033_MZB_LO_12-26.08.2014","26.08.2014",2014,8,26,0,0,0,0,0,0,0,0,6327,0,0,0,0,0,0,0,0,0,0,4240,0,0,0,0,0,0,0,0,0,0,0,1,2,0,0,202,0,0,0,0,5,29688,0,0,0,0,0,0,0,0,0,1,0,0,0,0,0,19618,0,0,323,5,0,0,0,0,0,0,0,0,5,0,20,0,0,0,0,0,0,2,0,0,0,0,5,62,4,0,0,0,0,0,0,0,0,0,0,0,0,0,0,81,0,0,1040,0,0,2,0,0,1,0,0
"ESP_033_MZB_LO_12","ESP_033_MZB_LO_12-16.07.2015","16.07.2015",2015,7,16,0,0,0,0,0,0,0,0,11203,0,0,0,0,0,0,0,0,0,0,20,0,0,0,0,0,0,0,0,0,0,0,0,0,0,0,480,0,0,0,0,3,14888,0,0,0,0,0,0,0,0,0,1,0,0,0,0,0,12326,0,0,484,0,0,0,0,0,0,0,1,0,0,0,0,0,0,0,1,0,0,1,0,0,0,0,0,84,7,0,0,0,0,0,0,0,0,0,0,0,0,0,0,17,0,0,1,0,0,0,0,0,1,0,0
"ESP_033_MZB_LO_12","ESP_033_MZB_LO_12-17.07.2017","17.07.2017",2017,7,17,0,0,0,0,0,0,0,0,18,0,0,0,0,0,0,0,0,0,0,4,0,0,0,0,0,0,0,0,0,0,0,0,0,0,0,89,0,0,0,0,2,2058,2907,0,0,0,0,0,0,0,0,1,0,0,0,0,0,0,0,0,9,0,0,0,0,0,0,0,2,0,0,0,0,0,0,0,0,0,0,1,0,0,0,0,0,6,0,0,0,0,0,0,0,0,0,0,0,0,0,0,0,0,0,0,0,0,0,0,0,0,0,0,0
"ESP_033_MZB_LO_14","ESP_033_MZB_LO_14-26.07.2008","26.07.2008",2008,7,26,0,0,0,0,0,0,3,0,1029,0,0,0,0,0,0,383,0,1,54,1516,0,0,0,0,0,0,0,0,0,0,0,0,1,4,0,274,0,55,0,0,4,1012,0,57,1,0,0,0,0,0,0,55,0,60,0,0,0,4861,1,0,3,4,0,0,54,0,2,0,14,0,4,0,0,0,0,1,0,0,0,56,0,0,0,0,0,0,2,0,2,0,0,0,0,0,0,0,0,0,0,0,0,57,0,0,0,0,0,0,0,0,59,0,1
"ESP_033_MZB_LO_14","ESP_033_MZB_LO_14-13.07.2009","13.07.2009",2009,7,13,0,0,0,0,0,0,4,0,143,0,0,0,0,0,0,109,0,0,0,283,0,0,0,0,0,0,0,0,0,0,0,1,1,5,0,641,0,2,0,0,5,2882,0,2,3,0,0,0,0,0,0,109,1,2,0,0,2,1792,1,0,150,38,0,0,0,0,2,0,12,1,37,0,0,0,0,2,0,0,0,144,0,0,0,0,0,0,38,0,0,0,0,0,0,0,0,0,2,0,0,0,0,179,0,0,3,0,0,0,0,1,2,0,1
"ESP_033_MZB_LO_14","ESP_033_MZB_LO_14-13.07.2010","13.07.2010",2010,7,13,0,0,140,0,0,0,0,0,4325,0,0,0,0,0,0,511,0,0,0,1148,0,0,140,0,0,0,0,0,0,0,0,0,3,80,0,704,0,80,0,0,89,3694,0,10,0,0,0,0,0,0,0,80,0,247,0,0,0,272,0,0,80,18,0,0,0,0,70,0,71,0,1,0,0,0,0,0,0,0,0,194,0,0,0,0,0,0,1,0,0,0,0,0,0,0,0,0,80,0,0,0,0,5264,0,0,0,0,70,0,0,0,0,0,0
"ESP_033_MZB_LO_14","ESP_033_MZB_LO_14-20.09.2012","20.09.2012",2012,9,20,0,0,11,0,0,0,0,0,151,0,0,0,0,0,0,302,0,0,0,222,0,0,32,0,0,0,0,0,0,0,0,0,27,5,0,180,210,0,0,0,160,126,0,1,30,0,0,0,0,0,0,30,0,21,0,41,0,1,0,0,131,25,0,21,0,0,53,1,1,1,3,0,1,0,24,3,0,0,0,180,0,0,0,0,0,0,1,0,0,0,0,0,2,0,0,0,0,0,0,0,0,42,0,0,660,0,0,0,0,0,0,0,0
"ESP_033_MZB_LO_14","ESP_033_MZB_LO_14-22.08.2013","22.08.2013",2013,8,22,0,0,6,0,0,0,0,0,8164,0,0,0,0,0,0,0,0,0,0,1,0,0,0,0,0,0,0,0,0,0,0,0,7,2,0,1121,0,0,0,0,5,8328,0,2,2,0,0,0,0,1,0,40,0,40,0,0,0,7685,0,1,80,1,0,10,0,0,2,0,21,0,1,0,0,0,1,8,0,3,0,5,0,0,0,0,0,0,3,0,1,0,0,0,1,0,0,0,14,0,0,0,0,24326,0,0,40,0,0,0,0,0,0,0,22
"ESP_033_MZB_LO_14","ESP_033_MZB_LO_14-31.07.2014","31.07.2014",2014,7,31,0,0,2,0,0,0,0,0,5443,0,0,0,0,0,0,322,0,0,160,3123,0,0,2,0,0,0,0,0,0,0,0,1,3,24,0,2004,1,0,0,0,22,7286,0,1,1,0,0,0,0,0,0,43,0,21,0,0,0,4087,0,0,329,2,0,160,0,0,0,0,23,0,0,0,0,0,3,3,0,2,0,41,0,0,0,0,0,0,2,0,4,0,0,0,240,0,0,0,99,0,0,0,0,9380,0,0,1040,0,1,5,0,1,1,0,13
"ESP_033_MZB_LO_14","ESP_033_MZB_LO_14-12.08.2015","12.08.2015",2015,8,12,0,0,5,0,0,0,0,0,1122,0,0,0,0,0,0,0,0,0,0,2401,0,0,0,0,0,162,0,0,0,0,0,0,1,3,0,642,1,0,0,0,41,0,0,1,6,0,0,0,0,0,0,480,0,0,0,1,1,13925,0,0,1925,84,0,0,0,0,1,0,6,0,5,0,0,0,0,2,0,9,0,1,0,0,0,0,0,0,6,0,0,0,0,0,0,0,0,0,0,0,0,0,0,3,0,0,80,0,0,0,0,40,1,0,1
"ESP_033_MZB_LO_14","ESP_033_MZB_LO_14-16.07.2017","16.07.2017",2017,7,16,0,0,0,0,0,0,4,0,52,0,0,0,0,0,0,48,0,0,0,505,0,0,270,0,0,0,0,0,0,0,0,0,0,78,0,52,72,0,0,0,3,1450,9128,1,0,0,0,0,0,0,0,27,1,0,0,24,1,0,0,0,2,48,0,0,0,0,5,0,1,0,252,0,0,0,0,2,0,3,0,360,0,0,0,0,0,0,1,0,0,0,0,0,73,0,0,0,0,0,0,0,0,0,0,0,96,0,0,0,0,1,24,0,0
"ESP_033_MZB_LO_15","ESP_033_MZB_LO_15-20.07.2008","20.07.2008",2008,7,20,0,0,0,0,0,0,3,0,154,0,0,2,0,0,0,0,0,0,0,415,9,0,0,0,0,0,0,0,0,0,0,0,0,1,0,63,0,115,0,0,3,0,0,0,0,0,0,0,0,0,0,0,1,191,0,1,4,0,0,0,4,0,0,1,0,0,73,0,17,9,0,0,0,0,12,0,0,0,0,30,0,59,3,0,0,0,3,0,0,0,0,0,0,0,0,1,12,2,0,31,0,278,0,0,2,0,0,0,0,0,0,0,0
"ESP_033_MZB_LO_15","ESP_033_MZB_LO_15-14.07.2009","14.07.2009",2009,7,14,0,0,0,0,0,0,14,0,39,0,0,0,0,0,0,0,0,0,0,424,18,0,0,0,0,0,0,0,0,0,0,0,0,2,0,12,0,49,0,0,3,0,0,0,0,0,0,0,0,0,0,0,0,60,0,0,10,0,0,0,1,0,0,2,0,0,91,0,20,4,1,0,0,0,0,0,0,0,1,2,0,24,2,0,0,22,1,0,0,0,0,0,0,0,0,13,2,0,0,10,0,199,0,0,0,0,0,0,0,0,0,0,0
"ESP_033_MZB_LO_15","ESP_033_MZB_LO_15-13.07.2010","13.07.2010",2010,7,13,0,0,0,0,0,0,2,0,493,0,0,1,0,0,0,0,0,0,0,1508,35,0,0,0,0,0,0,0,0,0,0,0,0,38,0,3,0,74,0,0,0,0,0,0,0,0,0,0,0,0,0,0,0,663,0,1,3,0,0,0,4,0,0,0,0,0,11,0,99,44,0,0,0,0,4,0,0,0,0,392,0,300,0,0,0,0,4,0,1,0,0,0,0,0,0,6,5,0,0,81,0,4591,0,0,0,0,0,0,0,0,2,0,0
"ESP_033_MZB_LO_15","ESP_033_MZB_LO_15-20.09.2012","20.09.2012",2012,9,20,0,0,0,0,1,0,243,0,3644,0,0,0,0,0,0,0,0,0,1,2602,0,0,0,0,0,0,0,0,23,0,0,0,0,360,0,240,6,0,0,0,1,0,0,0,5,0,0,0,0,0,0,1,0,405,0,486,25,2,0,0,5,2,0,2,2,0,4163,0,11,0,0,0,7,0,4,0,0,0,0,402,41,50,0,0,0,40,257,0,0,0,0,0,80,0,0,5,160,0,1,285,0,2608,0,0,0,0,0,0,0,0,26,0,0
"ESP_033_MZB_LO_15","ESP_033_MZB_LO_15-22.08.2013","22.08.2013",2013,8,22,0,0,10,0,0,0,5,0,4001,0,0,0,0,0,0,0,0,0,40,9763,0,0,0,0,0,0,0,0,0,0,0,0,0,21,0,80,20,0,0,0,5,0,0,0,0,0,0,0,0,0,0,0,0,1,0,320,20,1,0,0,0,0,0,0,0,0,321,0,30,0,0,0,40,0,0,0,0,0,3,41,20,25,0,0,0,0,1,0,0,0,0,0,0,0,0,21,1,0,0,21,0,7046,0,0,0,0,0,0,0,0,1,0,0
"ESP_033_MZB_LO_15","ESP_033_MZB_LO_15-31.07.2014","31.07.2014",2014,7,31,0,0,0,0,0,0,1,0,6803,0,0,0,0,0,0,0,0,0,0,13764,0,0,0,0,1,0,0,0,0,0,0,0,0,11,0,561,1,13,0,0,7,0,0,0,1,0,0,0,0,0,0,0,0,0,0,322,1,1,0,0,1,0,2,0,1,0,41,0,87,0,0,0,6,0,0,0,0,0,6,91,40,168,0,0,0,1,25,0,1,0,0,0,0,0,0,6,12,0,0,242,0,14884,0,0,0,0,0,0,0,0,0,0,0
"ESP_033_MZB_LO_15","ESP_033_MZB_LO_15-11.08.2015","11.08.2015",2015,8,11,0,0,0,0,0,0,42,0,5608,0,0,0,0,0,0,0,0,0,0,3044,0,0,0,0,0,0,0,0,0,0,0,0,0,42,0,80,0,21,0,0,1,0,0,0,0,0,1,0,0,0,0,1,0,805,0,2721,320,1,0,0,1,0,0,0,1,0,1294,0,172,0,0,0,0,0,0,0,0,0,1,161,5,84,0,0,0,81,1127,0,1,0,0,0,0,0,0,82,9,0,0,327,0,2564,0,0,1,0,0,0,0,0,5,0,0
"ESP_033_MZB_LO_15","ESP_033_MZB_LO_15-15.07.2017","15.07.2017",2017,7,15,0,0,32,0,0,0,0,0,5300,0,0,0,0,0,0,0,0,0,72,3383,0,0,0,0,0,1,0,0,1,0,0,1,0,8,0,52,0,108,0,0,0,25,0,1,0,0,0,0,0,0,0,27,1,5,0,99,25,0,0,2,0,26,0,0,0,0,79,0,162,2,0,0,0,0,0,0,0,0,0,73,0,26,0,0,0,78,346,0,29,0,0,0,24,0,0,0,33,0,0,31,0,740,0,0,0,0,0,0,0,0,49,0,3
"ESP_033_MZB_LO_16","ESP_033_MZB_LO_16-20.07.2008","20.07.2008",2008,7,20,0,0,0,0,0,0,0,0,440,0,0,13,0,0,0,0,0,0,0,225,8,0,0,0,0,0,0,0,1,0,0,0,0,3,0,109,0,7,0,0,0,0,0,2,0,0,1,0,0,3,0,0,0,113,0,23,0,0,1,1,8,0,2,0,11,0,81,0,45,47,0,0,0,0,7,0,0,0,4,74,0,81,1,12,0,0,8,0,1,0,0,0,0,0,0,1,4,0,3,40,0,219,0,0,9,0,0,0,0,1,0,0,13
"ESP_033_MZB_LO_16","ESP_033_MZB_LO_16-14.07.2009","14.07.2009",2009,7,14,0,0,0,0,0,0,0,0,589,0,0,0,0,0,0,0,0,0,0,477,7,0,0,0,1,1,0,0,0,0,0,0,0,1,0,6,0,40,0,0,5,4,0,1,0,0,0,0,0,0,0,0,0,271,0,1,2,0,0,0,48,0,0,0,0,0,5,0,17,23,0,0,0,0,39,0,0,0,3,41,0,157,0,0,0,0,5,0,2,0,0,0,0,0,0,1,2,0,0,30,0,2744,1,1,0,0,0,0,0,0,0,0,1
"ESP_033_MZB_LO_16","ESP_033_MZB_LO_16-13.07.2010","13.07.2010",2010,7,13,0,0,0,0,0,0,43,0,1309,0,0,22,0,0,0,0,0,0,0,483,4,0,0,0,0,0,0,0,4,0,0,0,0,23,0,584,1,125,0,0,1,0,0,0,0,0,5,0,0,0,0,0,0,573,0,46,3,0,0,0,26,0,16,4,0,0,64,0,4,30,0,0,0,0,12,0,0,0,4,506,0,674,2,11,0,21,11,0,2,0,0,0,0,0,0,3,11,1,0,101,0,3235,0,0,0,0,0,0,0,0,2,0,0
"ESP_033_MZB_LO_16","ESP_033_MZB_LO_16-20.09.2012","20.09.2012",2012,9,20,0,0,0,0,0,0,12,0,161,0,0,0,42,0,0,0,0,0,10,1103,1,0,0,0,0,0,0,0,2,0,0,0,0,42,0,541,12,1,0,0,0,0,0,0,0,1,7116,0,0,0,0,0,0,1201,0,12,80,0,0,0,264,0,6,80,0,0,32,0,46,1,1,0,0,0,260,0,0,0,0,444,60,757,0,0,0,21,35,0,0,0,0,0,0,0,0,5,122,0,0,584,0,2,0,0,0,0,0,0,0,0,1,0,0
"ESP_033_MZB_LO_16","ESP_033_MZB_LO_16-22.08.2013","22.08.2013",2013,8,22,0,0,0,0,0,0,320,0,14403,1,0,0,0,0,0,0,0,0,0,5602,0,0,0,0,0,3,0,0,0,0,0,0,3,641,0,480,320,1,0,0,0,0,0,3,0,4,5120,0,0,2,0,0,0,1602,0,1,320,0,0,0,644,0,5,0,1,0,481,0,7,0,0,0,0,0,2,0,0,0,20,643,642,495,0,6,0,0,3,0,0,0,0,0,0,1,0,6,7,0,0,14,0,3547,0,0,0,0,0,0,0,0,1,0,2
"ESP_033_MZB_LO_16","ESP_033_MZB_LO_16-31.07.2014","31.07.2014",2014,7,31,0,0,0,0,2,0,22,0,3924,0,0,1,1,0,0,0,0,0,1,1041,0,0,0,0,0,0,0,0,0,0,0,0,0,241,0,1120,80,162,0,0,0,0,0,0,0,1,3245,0,0,0,0,0,0,764,0,241,401,0,0,0,286,0,20,0,5,0,524,0,9,0,0,0,0,0,81,0,0,0,5,761,161,615,0,327,0,401,4,0,2,0,0,0,0,0,0,7,121,0,0,805,0,561,0,0,0,0,0,0,0,0,0,0,0
"ESP_033_MZB_LO_16","ESP_033_MZB_LO_16-11.08.2015","11.08.2015",2015,8,11,0,0,0,0,0,0,6,0,5447,0,0,0,481,0,0,0,0,0,1,4488,0,0,0,0,0,0,0,0,40,0,0,0,320,81,0,482,160,3,0,0,0,1,0,0,0,0,3844,0,0,0,0,0,0,1762,0,481,40,0,0,0,163,0,3,0,0,0,2243,0,90,5,0,0,0,0,482,0,0,0,1,803,320,175,0,8,0,0,327,0,2,0,0,0,1,0,41,1,88,0,0,164,0,1286,0,0,5,0,0,0,0,0,0,0,0
"ESP_033_MZB_LO_16","ESP_033_MZB_LO_16-15.07.2017","15.07.2017",2017,7,15,0,0,0,0,0,0,0,0,1012,0,0,0,0,0,0,0,0,0,0,673,0,0,0,0,0,0,0,0,26,0,0,0,0,50,0,231,12,137,0,0,0,1,0,0,0,0,1753,0,0,0,0,0,0,271,0,264,1,0,0,1,26,0,37,0,0,0,134,0,8,2,0,0,0,0,55,0,0,0,14,13,0,65,0,0,0,1,4,0,6,0,0,0,0,0,0,1,26,0,0,126,0,413,0,0,0,0,0,0,0,0,0,0,3
"ESP_033_MZB_LO_17","ESP_033_MZB_LO_17-26.07.2008","26.07.2008",2008,7,26,0,0,0,0,0,0,20,0,886,0,0,0,0,0,0,2,0,0,19,218,0,0,0,0,4,0,0,56,0,0,0,0,0,22,0,24,0,0,0,0,1,2047,0,11,1,0,0,0,0,2,0,38,1,0,0,0,0,317,0,1,2,12,0,0,1,0,0,1,3,1,72,0,0,0,1,4,0,0,0,3,0,0,0,0,0,0,3,0,0,0,0,0,0,0,0,0,2,1,0,2,2,65,0,0,0,0,1,0,0,0,0,0,1
"ESP_033_MZB_LO_17","ESP_033_MZB_LO_17-12.07.2009","12.07.2009",2009,7,12,0,0,2,0,0,0,4,0,148,0,0,0,0,0,0,5,0,0,0,74,0,0,2,0,1,1,0,0,1,0,0,2,0,1,0,496,0,0,0,0,3,4126,0,3,2,0,0,0,0,2,0,2,2,1,0,0,38,1862,0,0,38,0,0,0,1,0,1,0,6,3,108,0,0,0,0,4,0,1,0,142,0,0,0,0,1,0,7,4,0,0,0,0,0,0,0,0,43,0,0,0,3,36,0,0,2,0,0,0,0,0,5,0,1
"ESP_033_MZB_LO_17","ESP_033_MZB_LO_17-14.07.2010","14.07.2010",2010,7,14,0,0,0,0,0,0,0,0,2584,0,0,0,0,0,0,72,0,0,0,140,0,0,0,0,70,0,0,0,0,0,0,0,0,13,0,1590,0,0,0,0,70,10667,0,83,70,0,0,0,0,0,0,71,1,106,0,0,71,2920,0,0,141,70,0,0,1,0,141,0,93,0,294,0,0,0,0,82,0,13,0,234,0,0,0,0,0,0,433,0,0,0,0,0,0,0,0,1,83,0,0,0,0,83,0,0,0,0,0,0,0,0,70,0,0
"ESP_033_MZB_LO_17","ESP_033_MZB_LO_17-21.08.2013","21.08.2013",2013,8,21,0,0,0,0,0,0,0,0,2562,0,0,0,0,0,0,1,0,0,0,0,0,0,1,0,0,0,0,0,0,0,0,0,0,3,0,641,0,0,0,0,6,25606,0,3,40,0,0,0,0,7,0,5,0,0,0,0,0,88979,0,0,1,1,0,0,0,0,5,0,1,0,322,0,0,0,0,2,0,8,0,1,0,0,0,0,4,0,5,0,0,0,0,0,0,0,0,0,2,0,0,0,0,640,0,0,0,0,0,0,0,0,0,0,0
"ESP_033_MZB_LO_17","ESP_033_MZB_LO_17-05.08.2014","05.08.2014",2014,8,5,0,0,0,0,0,0,1,0,162,0,0,0,0,0,0,1,0,0,1,0,0,0,1,0,1,0,0,0,0,0,0,0,0,11,0,323,0,0,0,0,1,17454,0,4,42,0,0,0,0,0,0,163,0,0,0,1,0,26343,2,0,0,0,0,0,0,0,0,0,6,0,1,0,0,0,0,1,0,3,0,160,0,0,0,0,11,0,3,0,0,0,0,0,0,0,0,0,10,0,0,0,0,5,0,0,1,0,0,0,0,2,0,0,0
"ESP_033_MZB_LO_17","ESP_033_MZB_LO_17-06.08.2015","06.08.2015",2015,8,6,0,0,21,0,0,0,1,0,4327,0,0,0,0,0,0,0,0,0,0,1601,0,0,2,0,1,0,0,0,0,0,0,0,0,13,0,1126,1,0,0,0,0,4169,0,13,81,0,0,0,0,0,0,1126,0,0,0,1,0,43271,0,0,80,50,0,0,10,0,162,0,7,0,164,0,0,0,0,3,0,6,0,322,1,0,0,0,0,0,1,0,0,0,0,0,1,0,0,0,1,0,0,0,8,91,0,0,0,0,0,0,0,0,4,0,0
"ESP_033_MZB_LO_17","ESP_033_MZB_LO_17-13.07.2017","13.07.2017",2017,7,13,0,0,0,0,0,0,26,0,1,0,0,0,0,0,0,4,0,13,0,361,0,0,315,0,1,4,0,0,0,0,0,0,0,29,0,1501,0,0,0,0,0,2558,7717,1,74,0,0,0,0,2,0,50,0,0,0,0,1,0,0,0,0,24,0,0,0,0,30,2,6,0,50,0,0,0,0,2,0,34,0,1,0,0,0,0,0,0,1,0,0,0,0,0,0,0,0,0,2,0,0,0,5,0,0,0,0,0,0,0,0,0,0,0,0
"ESP_033_MZB_LO_18","ESP_033_MZB_LO_18-19.07.2008","19.07.2008",2008,7,19,0,0,0,0,0,0,0,0,358,0,0,0,0,0,0,0,0,0,0,1079,0,0,0,0,0,0,0,0,0,0,0,0,0,2,0,0,6,0,0,0,38,0,0,0,1,0,0,0,0,0,0,0,0,0,0,0,0,2,0,0,0,0,0,0,0,0,0,0,0,0,2,0,0,0,0,0,0,0,0,176,0,0,0,0,2,0,0,0,0,0,0,0,4,0,0,0,0,0,0,0,0,2,0,0,0,0,0,0,0,0,0,0,0
"ESP_033_MZB_LO_18","ESP_033_MZB_LO_18-15.07.2009","15.07.2009",2009,7,15,0,0,3,0,0,0,0,0,1751,0,0,0,0,0,0,0,0,0,0,37,0,0,0,0,2,0,0,0,0,0,0,1,54,0,0,0,21,0,0,0,582,0,0,0,10,0,0,0,0,0,0,2,0,0,0,1,0,9,1,0,0,30,0,0,0,0,0,0,0,2,0,0,0,0,0,0,0,0,0,152,0,0,0,0,1,0,24,0,0,0,0,0,0,0,0,0,0,0,0,0,0,0,0,0,0,0,0,0,0,0,1,0,1
"ESP_033_MZB_LO_18","ESP_033_MZB_LO_18-08.07.2010","08.07.2010",2010,7,8,0,0,0,0,0,0,0,0,46,0,0,0,0,0,0,0,0,2,4,218,0,0,0,0,0,0,0,0,0,0,0,0,8,15,0,0,2,0,0,0,1,0,0,0,0,0,0,0,0,0,0,4,0,0,0,1,0,0,1,0,0,0,0,0,0,0,0,0,0,0,6,0,0,0,0,0,0,0,0,204,0,0,0,0,1,0,2,0,0,0,0,0,0,0,0,0,0,0,0,0,0,0,0,0,8,0,0,0,0,0,0,0,1
"ESP_033_MZB_LO_18","ESP_033_MZB_LO_18-12.09.2012","12.09.2012",2012,9,12,0,0,0,0,0,0,0,0,46,0,0,0,0,0,0,0,0,2,0,359,0,0,25,0,1,0,0,0,0,0,0,1,30,11,0,10,11,0,0,0,1,0,0,3,0,0,0,0,0,0,0,1,0,0,0,61,0,0,0,0,0,1,0,0,0,0,0,0,0,0,1,0,16,0,0,0,0,0,0,237,0,0,0,0,0,0,0,0,0,0,0,0,27,0,0,0,0,0,0,0,0,101,0,0,25,0,0,1,0,0,1,0,0
"ESP_033_MZB_LO_18","ESP_033_MZB_LO_18-14.08.2013","14.08.2013",2013,8,14,0,0,0,0,0,0,0,0,2960,0,0,0,0,0,0,0,0,5,0,3160,0,0,0,0,2,0,0,0,0,0,0,0,0,3,0,1,127,0,0,1,1,0,0,1,0,0,0,0,0,0,0,0,0,0,0,201,0,1227,0,0,81,163,0,2,0,0,0,1,2,0,0,0,0,0,0,0,0,0,0,442,0,0,0,0,23,0,3,0,1,0,0,1,2,0,0,0,0,0,0,0,0,363,0,0,0,0,0,0,0,0,8,0,1
"ESP_033_MZB_LO_18","ESP_033_MZB_LO_18-29.07.2014","29.07.2014",2014,7,29,0,0,0,0,0,0,0,0,3522,0,0,0,0,0,0,0,0,6,0,490,0,0,0,0,21,0,0,0,0,0,0,1,649,5,0,0,0,0,0,0,11,0,0,0,7,0,0,0,0,0,0,0,0,0,0,1,0,28177,0,0,0,3,0,5,0,0,0,0,3,0,49,0,0,0,0,0,0,0,0,1443,0,0,0,0,1,0,806,0,0,0,0,0,2,0,0,0,0,0,0,0,0,1,0,0,641,0,0,2,0,0,7,0,1
"ESP_033_MZB_LO_18","ESP_033_MZB_LO_18-29.07.2015","29.07.2015",2015,7,29,0,0,0,0,0,0,1,0,2243,0,0,0,0,0,1,1,0,0,0,721,0,0,0,0,3,0,0,0,0,0,0,0,2,1,0,10,160,0,0,0,81,0,0,0,12,0,0,0,0,0,0,1,0,0,0,240,1,4408,1,0,1685,40,0,0,0,0,2,0,0,0,2,0,160,0,0,0,0,0,0,244,0,0,0,0,0,0,164,0,0,0,0,0,160,0,0,0,0,0,0,0,0,3,0,0,160,0,0,0,0,0,8,0,1
"ESP_033_MZB_LO_18","ESP_033_MZB_LO_18-12.07.2017","12.07.2017",2017,7,12,0,0,0,0,0,0,0,0,482,0,0,0,0,0,0,1,0,5,0,413,0,0,144,0,1,0,0,0,0,0,0,2,0,5,0,0,48,0,0,0,2,0,8719,13,0,0,0,1,0,0,0,2,0,0,0,240,0,0,0,0,31,0,0,0,0,0,0,0,1,0,100,0,0,0,0,1,0,0,0,50,0,0,0,0,0,0,0,0,0,0,0,0,73,0,0,0,0,0,0,0,0,51,0,0,168,0,24,0,0,0,2,0,0
"ESP_033_MZB_LO_19","ESP_033_MZB_LO_19-18.07.2008","18.07.2008",2008,7,18,0,0,0,0,0,0,1,0,318,0,0,0,0,0,0,20,0,0,18,527,0,0,0,0,0,1,0,0,1,0,0,0,0,17,0,88,0,239,2,0,3,18,0,2,0,1,0,0,0,1,0,1,1,5,0,20,1,0,0,0,87,0,0,0,1,0,63,0,25,11,27,1,0,0,11,0,0,0,1,230,0,24,0,11,0,1,1,0,8,0,0,0,1,0,0,0,5,0,0,43,22,19,0,0,282,0,0,0,0,3,0,0,1
"ESP_033_MZB_LO_19","ESP_033_MZB_LO_19-17.07.2009","17.07.2009",2009,7,17,0,0,0,20,0,2,1,0,3277,0,0,0,0,0,0,128,0,0,21,1160,0,0,0,0,1,0,0,0,1,0,0,0,1,39,0,335,1,96,2,0,2,0,0,1,0,0,1,0,0,1,0,1,0,39,0,0,36,0,0,1,234,0,0,0,1,0,57,0,7,2,0,0,0,0,2,0,0,0,10,72,0,4,2,1,0,0,1,0,26,0,1,0,0,0,0,0,6,0,0,6,2,2385,0,0,0,0,2,0,0,0,0,0,1
"ESP_033_MZB_LO_19","ESP_033_MZB_LO_19-07.07.2010","07.07.2010",2010,7,7,0,0,0,0,0,0,0,0,8633,0,0,1,1,0,0,603,0,0,122,723,0,0,0,0,0,1,0,0,0,0,0,0,0,162,0,663,0,1750,0,0,7,0,0,7,0,2,0,0,0,11,0,17,0,611,0,4,51,10,0,0,311,0,0,0,262,0,2068,0,23,30,2,0,7,0,0,0,0,1,14,360,0,13,13,0,0,0,21,0,8,0,0,0,1,0,0,0,165,0,0,13,0,923,0,0,1,0,0,0,0,0,1,0,3
"ESP_033_MZB_LO_19","ESP_033_MZB_LO_19-13.08.2013","13.08.2013",2013,8,13,0,0,1,0,0,0,1,0,14252,0,0,0,0,0,0,163,0,0,21,7926,0,0,0,0,0,0,0,0,1,0,0,0,0,419,0,405,1,163,0,0,3,0,0,12,0,0,0,0,0,6,0,5,0,21,0,321,21,10,1,0,248,1,2,0,23,0,6808,0,33,0,23,0,6,0,0,0,0,2,0,180,5,11,0,0,0,0,3,0,82,0,0,0,160,0,0,0,23,0,320,8,3,1884,0,0,120,0,0,0,0,1,0,0,12
"ESP_033_MZB_LO_19","ESP_033_MZB_LO_19-30.07.2014","30.07.2014",2014,7,30,0,2,0,0,0,1,0,0,8848,0,0,0,600,0,0,120,0,2,80,3289,0,0,0,0,0,1,0,0,0,0,0,0,0,330,0,1881,0,202,1,0,3,0,0,7,0,1,0,0,0,7,0,1,0,326,0,160,6,6,2,0,367,6,20,0,62,0,2044,0,20,0,440,0,1,0,0,0,0,2,5,441,5,84,0,0,0,0,7,0,165,0,0,0,0,0,0,0,164,0,160,42,0,355,0,0,123,0,0,0,0,0,0,0,2
"ESP_033_MZB_LO_19","ESP_033_MZB_LO_19-28.07.2015","28.07.2015",2015,7,28,0,0,0,0,0,0,5,0,8729,0,0,0,20,0,0,21,0,1,1,4802,0,0,0,0,1,0,0,20,1,0,0,0,0,245,0,1442,0,82,0,0,4,0,0,7,2,0,1,0,0,4,0,5,1,403,0,240,1,0,0,1,323,2,160,0,81,0,3125,0,93,0,404,0,0,0,0,0,0,0,21,241,1,22,0,0,0,0,25,0,243,0,0,0,0,0,0,0,21,0,0,83,42,418,0,0,560,0,0,0,0,0,0,0,1
"ESP_033_MZB_LO_19","ESP_033_MZB_LO_19-11.07.2017","11.07.2017",2017,7,11,0,0,0,0,0,1,1,0,641,0,0,0,0,0,0,62,0,25,36,1983,0,0,0,0,1,109,0,0,0,0,0,0,0,43,0,86,0,3,4,0,0,0,25,27,0,0,0,0,0,2,0,2,0,25,0,24,0,0,0,2,17,0,0,12,76,0,129,0,27,0,169,0,0,0,0,0,0,1,3,25,0,3,0,0,0,0,1,0,89,0,0,0,24,0,0,0,2,0,37,26,51,5,0,0,181,0,0,0,0,0,2,0,1
"ESP_033_MZB_LO_20","ESP_033_MZB_LO_20-17.07.2008","17.07.2008",2008,7,17,0,0,0,0,0,0,0,0,812,0,0,0,0,0,0,108,0,0,0,2178,0,0,0,0,1,1,0,0,0,0,0,0,0,1,0,83,14,70,19,0,6,0,0,1,0,42,0,0,0,0,0,0,0,46,0,1,109,0,0,0,23,2,0,16,1,0,412,0,26,4,0,14,0,0,0,0,0,0,0,31,0,4,1,2,0,0,2,0,3,0,0,0,0,16,2,0,38,0,1,20,17,368,0,0,16,0,0,0,0,2,0,0,1
"ESP_033_MZB_LO_20","ESP_033_MZB_LO_20-17.07.2009","17.07.2009",2009,7,17,0,0,0,0,0,0,0,0,425,0,0,0,0,0,0,17,0,1,1,177,0,0,0,0,1,185,0,0,0,0,0,0,0,3,0,343,0,168,9,0,3,43,0,2,0,0,0,0,0,1,0,0,0,136,0,3,81,1,0,0,141,0,0,38,2,0,47,0,37,3,0,0,0,0,0,0,0,1,1,349,0,70,0,72,0,0,1,0,12,0,0,0,0,1,0,2,51,0,1,12,10,1,0,0,12,0,8,0,0,9,2,0,1
"ESP_033_MZB_LO_20","ESP_033_MZB_LO_20-07.07.2010","07.07.2010",2010,7,7,0,0,5,0,0,0,2,0,8171,0,0,1,5,0,0,121,0,0,2,2765,0,0,0,0,0,1,0,0,2,5,0,0,0,0,0,1025,1,324,6,0,2,1,0,4,1,0,0,0,1,3,0,0,0,281,0,42,984,0,1,0,171,0,0,121,285,0,806,0,96,90,0,0,21,0,0,0,0,0,0,123,0,17,0,11,0,0,18,0,165,0,0,0,0,21,0,0,37,0,162,82,0,7934,0,0,0,0,1,0,0,0,1,0,2
"ESP_033_MZB_LO_20","ESP_033_MZB_LO_20-13.08.2013","13.08.2013",2013,8,13,0,0,0,0,0,1,1,0,8282,0,0,0,0,0,0,5,0,0,1,1523,0,0,0,0,1,0,0,0,0,0,0,0,0,6,0,2323,0,80,2,0,1,0,0,2,2,0,330,0,0,1,0,0,0,1202,0,400,1201,0,0,0,643,0,0,1,41,0,1682,0,197,0,0,0,6,0,0,0,0,0,0,282,122,24,0,1,1,0,14,0,23,0,0,0,1,0,0,0,165,0,20,23,9,2085,0,0,5,0,2,0,0,5,0,0,0
"ESP_033_MZB_LO_20","ESP_033_MZB_LO_20-30.07.2014","30.07.2014",2014,7,30,0,0,0,0,0,8,20,0,3606,0,0,0,81,0,0,21,0,1,173,1532,0,0,0,0,0,1,0,0,1,0,0,0,0,3,0,2085,0,60,3,0,0,0,0,2,1,0,241,0,0,3,0,0,0,1844,0,1,320,1,0,0,484,0,0,0,800,0,805,0,23,0,0,0,10,0,260,0,0,0,1,247,161,40,11,22,1,0,5,0,404,0,0,0,80,0,0,0,13,0,46,243,2,9926,0,0,21,0,1,0,0,0,0,0,1
"ESP_033_MZB_LO_20","ESP_033_MZB_LO_20-27.07.2015","27.07.2015",2015,7,27,0,0,0,0,0,14,5,0,962,0,0,0,1,0,0,20,0,1,1,482,0,0,0,0,0,81,0,0,0,0,0,0,0,1,0,443,0,0,6,0,0,0,0,3,0,0,0,0,0,5,0,0,0,802,0,0,120,0,0,0,243,0,0,0,120,0,441,0,6,0,0,0,80,0,0,0,0,0,1,80,5,44,0,84,0,0,3,0,163,0,0,0,0,0,0,0,10,0,80,13,3,1726,0,0,80,0,0,0,0,0,0,0,0
"ESP_033_MZB_LO_20","ESP_033_MZB_LO_20-10.07.2017","10.07.2017",2017,7,10,0,0,0,0,0,0,34,0,1115,0,0,0,12,0,0,186,0,1,110,964,0,0,0,0,1,2,0,0,2,0,0,0,0,1,0,613,24,51,10,0,1,3,0,54,14,0,1,0,0,4,0,0,0,1077,0,49,30,0,2,0,68,0,0,0,110,0,293,0,59,58,0,0,0,0,36,0,0,0,0,62,0,33,0,28,0,0,14,0,107,0,0,0,108,0,0,2,3,0,110,5,0,204,0,0,0,0,24,0,0,0,0,0,1
"ESP_033_MZB_LO_21","ESP_033_MZB_LO_21-18.07.2008","18.07.2008",2008,7,18,0,0,0,0,0,0,7,0,616,0,0,3,0,0,0,64,0,0,0,311,0,0,0,0,2,1,0,0,1,0,0,1,0,2,0,1455,83,155,0,0,1,73,0,2,0,1,0,0,0,0,0,0,0,73,0,0,112,0,1,0,40,0,0,0,0,0,627,0,22,1,0,0,0,0,0,1,0,0,12,20,0,12,0,4,0,0,3,0,4,0,0,0,0,1,0,2,10,0,3,6,0,119,0,0,0,0,0,0,0,2,0,0,2
"ESP_033_MZB_LO_21","ESP_033_MZB_LO_21-17.07.2009","17.07.2009",2009,7,17,0,0,0,0,0,0,10,0,629,0,0,0,0,0,0,22,0,0,1,278,0,0,0,0,2,2,0,36,1,0,0,1,0,43,0,1021,0,139,3,0,0,0,0,9,0,1,2,0,0,2,0,1,0,74,0,36,2,0,0,0,9,0,0,3,2,0,563,0,9,167,0,0,0,0,0,0,0,1,4,56,0,28,0,10,0,0,1,0,17,0,0,0,0,0,0,2,11,0,3,10,2,1,0,0,0,0,0,0,0,2,1,0,27
"ESP_033_MZB_LO_21","ESP_033_MZB_LO_21-07.07.2010","07.07.2010",2010,7,7,1,0,0,0,0,0,82,0,6473,0,0,16,3,0,0,5,0,1,21,502,0,0,0,0,0,2,0,0,0,0,0,0,0,4,0,4740,0,404,3,0,2,0,0,9,0,0,944,0,1,5,0,0,0,990,0,224,64,0,2,0,406,0,23,2,5,0,886,0,34,1,0,0,2,0,0,0,0,0,11,43,0,69,0,44,0,0,2,0,327,0,0,0,1,1,0,2,143,0,121,62,0,632,0,0,0,0,0,0,0,14,1,0,2
"ESP_033_MZB_LO_21","ESP_033_MZB_LO_21-13.08.2013","13.08.2013",2013,8,13,0,0,0,0,0,0,42,0,4481,0,0,0,0,0,0,81,0,0,0,1761,0,0,0,0,4,1,0,0,0,0,0,0,0,47,0,6730,0,82,3,0,2,0,0,14,0,1,1445,0,1,83,0,0,0,1525,0,401,120,0,1,0,244,0,0,0,0,0,6891,0,255,0,0,0,5,0,0,0,0,0,0,46,0,88,0,12,0,0,5,0,282,0,0,0,20,0,0,1,9,0,0,321,1,322,0,0,0,0,0,0,0,6,0,0,1
"ESP_033_MZB_LO_21","ESP_033_MZB_LO_21-30.07.2014","30.07.2014",2014,7,30,1,0,0,0,0,0,162,0,1923,0,0,0,0,0,0,81,0,0,240,2406,0,0,0,0,0,1,0,0,1,0,0,1,0,163,0,6332,0,162,2,0,3,0,0,5,0,1,1527,0,0,162,0,0,0,2169,0,1284,41,0,1,0,886,0,7,0,3,0,2406,0,21,0,0,0,0,0,1,0,0,0,1,251,1,171,0,245,0,0,23,0,246,0,0,0,0,1,0,0,21,0,0,163,1,1069,0,0,1,0,0,0,0,1,0,0,0
"ESP_033_MZB_LO_21","ESP_033_MZB_LO_21-28.07.2015","28.07.2015",2015,7,28,1,0,0,0,0,0,82,0,4241,0,0,0,40,0,0,10,0,0,1,3287,0,0,0,0,0,1,0,0,1,0,0,1,0,22,0,5769,0,46,2,0,1,0,0,3,0,0,1040,0,0,10,0,0,0,723,0,480,240,0,0,0,323,0,5,0,160,0,1603,0,29,1,0,0,0,0,0,1,0,0,0,402,0,91,0,485,0,0,3,0,322,0,0,0,1,1,0,3,4,0,1,162,3,216,0,0,0,0,0,0,0,2,0,0,1
"ESP_033_MZB_LO_21","ESP_033_MZB_LO_21-10.07.2017","10.07.2017",2017,7,10,2,0,0,0,0,0,28,0,538,0,0,0,9,0,0,107,0,0,104,323,0,0,0,0,2,10,0,0,1,0,0,1,0,64,0,2636,0,11,1,0,1,0,0,35,0,0,90,0,0,2,0,1,0,293,0,112,11,0,1,0,120,0,49,8,41,0,173,0,12,1,0,0,0,0,0,1,0,0,1,52,0,4,0,54,0,0,3,0,27,0,0,0,88,0,0,2,3,0,2,6,25,51,0,0,0,0,0,0,0,32,0,0,1
"ESP_033_MZB_LO_22","ESP_033_MZB_LO_22-13.08.2008","13.08.2008",2008,8,13,0,0,0,0,0,0,21,0,2689,0,0,150,0,0,0,264,0,0,0,200,0,0,0,0,0,1,0,0,0,0,0,1,0,1,0,5254,3,1,0,0,0,2025,0,5,0,0,0,2,0,3,0,23,0,1084,0,42,0,26689,2,0,123,22,0,0,0,0,1,0,1,0,2,0,0,0,0,0,0,0,0,82,0,0,0,0,0,0,65,0,24,0,0,0,0,83,0,0,41,0,1,0,0,1231,0,0,1,0,0,0,0,1,0,0,0
"ESP_033_MZB_LO_22","ESP_033_MZB_LO_22-16.07.2009","16.07.2009",2009,7,16,0,0,0,0,0,0,0,0,75,0,0,0,0,0,0,213,0,1,0,5,0,0,0,0,1,1,0,0,0,0,0,4,0,36,0,145,0,0,0,0,2,5508,0,38,1,0,0,1,0,2,0,4,0,75,0,1,0,2469,1,0,64,1,0,2,0,0,0,0,4,0,0,0,0,0,0,0,0,0,0,37,0,0,0,0,0,38,1,0,1,0,0,0,0,35,0,0,6,0,0,0,0,1,0,0,1,0,0,0,0,0,0,0,0
"ESP_033_MZB_LO_22","ESP_033_MZB_LO_22-06.07.2010","06.07.2010",2010,7,6,0,0,0,0,0,0,0,0,1478,0,0,0,0,0,0,1,0,0,0,93,0,0,0,0,0,0,0,0,0,0,0,0,0,0,0,1063,0,25,0,0,0,854,0,1,1,0,0,2,0,1,0,0,0,6,0,1,0,126,1,0,76,0,0,47,0,0,18,0,16,0,2,0,0,0,0,0,0,0,0,241,0,0,0,0,0,0,3,0,0,0,0,0,0,0,0,0,23,0,0,0,0,254,0,0,0,0,0,0,0,2,0,0,0
"ESP_033_MZB_LO_22","ESP_033_MZB_LO_22-12.09.2011","12.09.2011",2011,9,12,0,0,0,0,0,0,0,0,6091,0,0,6,0,0,0,41,0,0,0,247,0,0,0,0,1,2,0,1,1,0,0,3,1,0,0,5927,0,0,0,0,2,5608,0,8,9,0,0,1,0,3,0,42,0,1766,0,401,0,10730,0,0,725,48,0,0,0,0,1,0,0,0,173,0,0,0,0,0,0,0,0,166,0,0,0,0,0,0,326,0,1,0,0,0,1,0,0,0,8,0,0,0,0,1567,0,0,2,0,0,0,0,2,0,0,0
"ESP_033_MZB_LO_22","ESP_033_MZB_LO_22-12.09.2012","12.09.2012",2012,9,12,0,0,0,0,0,0,0,0,481,0,0,0,0,0,0,1,0,0,0,41,0,0,0,0,0,0,0,0,0,0,0,20,91,7805,0,1,0,0,0,0,1,9448,0,3,47,0,0,0,0,0,0,0,0,327,0,81,1,18747,3,0,43,1,0,0,0,0,0,0,7,0,7,0,0,0,0,0,0,0,0,362,0,0,0,0,0,0,170,0,42,0,0,0,1,0,0,0,1,0,0,0,0,101,0,0,45,0,2,0,0,2,0,0,0
"ESP_033_MZB_LO_22","ESP_033_MZB_LO_22-14.08.2013","14.08.2013",2013,8,14,1,0,0,0,0,0,0,0,13924,0,0,0,0,0,0,2,0,0,1,400,0,0,0,0,1,0,0,0,1,0,0,0,0,0,0,3362,0,1,0,0,0,6083,0,3,2,0,0,0,0,6,0,2,0,2084,0,160,1,3526,1,0,246,0,0,1,1,0,80,0,11,0,1,0,0,0,0,0,0,0,0,81,0,0,0,0,0,0,11,0,1,0,0,0,0,0,0,0,6,0,0,0,0,2095,0,0,21,0,0,0,0,0,1,0,0
"ESP_033_MZB_LO_22","ESP_033_MZB_LO_22-29.07.2014","29.07.2014",2014,7,29,0,0,1,0,0,0,0,0,723,0,0,0,0,0,0,1,0,0,0,162,0,0,0,0,2,0,0,0,0,0,0,7,8,1,0,12728,0,0,0,0,6,21368,0,4,84,8,0,0,0,1,0,0,0,2645,0,241,1,14018,0,0,84,2,0,20,0,0,0,0,32,0,0,0,0,0,0,0,0,0,0,962,0,0,0,0,0,0,189,0,0,0,0,0,0,1,0,0,23,0,1,0,0,120,0,0,60,0,0,0,0,0,0,0,0
"ESP_033_MZB_LO_22","ESP_033_MZB_LO_22-27.07.2015","27.07.2015",2015,7,27,0,0,5,0,0,0,5,0,5925,0,0,240,0,0,0,401,0,0,0,962,0,0,0,0,1,2,0,0,0,0,0,1,1,0,0,3765,160,0,0,0,0,3682,0,2,2,0,0,0,0,2,0,3,0,5683,0,160,0,2566,3,0,83,0,0,160,0,0,6,0,25,10,0,0,0,0,0,0,0,0,0,241,0,0,0,0,0,0,5,0,3,0,0,0,0,21,0,0,83,0,0,0,1,3687,0,0,1,0,0,1,0,10,2,0,0
"ESP_033_MZB_LO_22","ESP_033_MZB_LO_22-09.07.2017","09.07.2017",2017,7,9,26,0,0,0,0,3,0,0,151,0,0,0,0,0,0,0,0,1,48,2,0,0,0,0,5,288,0,0,0,0,0,73,0,2,0,3090,0,0,0,0,0,6053,5656,52,0,0,0,1,0,28,0,6,0,58,0,192,24,0,1,0,26,24,0,73,0,0,24,0,0,0,0,0,0,0,0,1,0,0,0,0,0,0,0,0,0,4,25,0,3,0,0,0,0,29,0,0,29,0,24,0,0,96,0,0,26,0,0,0,0,1,1,0,0
"ESP_033_MZB_LO_23","ESP_033_MZB_LO_23-16.07.2008","16.07.2008",2008,7,16,0,0,0,0,0,0,20,0,1434,0,0,0,0,0,0,19,0,0,0,495,0,1,0,0,0,1,0,0,2,0,0,1,1,89,0,38,0,129,0,0,125,0,0,1,75,1,0,0,0,1,0,1,3,21,0,1,1,0,0,1,67,1,0,21,37,0,56,1,11,2,3,1,0,0,0,1,0,20,0,179,0,0,2,0,0,0,3,0,33,0,0,0,1,0,0,0,4,0,2,0,2,480,2,0,0,0,0,0,0,4,3,0,1
"ESP_033_MZB_LO_23","ESP_033_MZB_LO_23-19.07.2009","19.07.2009",2009,7,19,0,0,0,0,0,0,0,0,1221,0,0,0,0,0,0,4,0,0,23,1110,0,0,0,0,0,50,0,0,0,0,0,0,2,55,0,272,1,852,0,0,15,50,0,14,2,0,0,0,0,0,0,25,0,95,0,1,26,0,0,3,461,1,0,0,96,0,13,0,10,1,0,0,0,0,0,1,0,5,0,7,0,3,3,0,1,0,1,0,94,0,0,0,0,0,0,0,7,0,14,1,3,36,0,0,0,0,0,0,0,0,0,0,3
"ESP_033_MZB_LO_23","ESP_033_MZB_LO_23-05.07.2010","05.07.2010",2010,7,5,1,0,21,0,0,0,0,0,3167,0,0,0,0,0,0,161,0,1,20,1645,0,0,0,0,0,22,0,0,0,0,0,0,0,27,0,402,1,1125,0,0,8,0,0,2,4,0,0,0,0,0,0,82,2,103,0,80,41,0,1,0,6,0,0,0,13,0,22,0,26,11,4,0,1,0,0,2,0,21,0,692,0,41,18,0,0,0,5,0,21,0,0,0,0,0,0,0,11,0,6,0,41,1290,22,0,0,0,0,0,0,0,1,0,86
"ESP_033_MZB_LO_23","ESP_033_MZB_LO_23-31.07.2013","31.07.2013",2013,7,31,0,0,41,0,0,0,0,0,9927,0,0,0,0,0,0,3,0,0,0,4164,0,0,0,0,0,0,0,0,0,0,0,0,0,21,0,641,20,42,0,0,0,1,0,6,0,0,0,0,0,3,0,0,0,20,0,1,1,0,0,0,0,5,0,0,2,0,320,0,2,0,2090,1,0,0,0,3,0,21,0,329,81,1,1,0,0,0,656,0,0,0,0,0,1,0,0,0,0,80,0,0,0,965,0,0,0,0,0,0,0,0,0,0,23
"ESP_033_MZB_LO_23","ESP_033_MZB_LO_23-28.07.2014","28.07.2014",2014,7,28,0,0,6,0,0,0,1,0,19878,0,0,0,0,0,0,242,0,0,2,2804,0,0,1,0,1,8,0,1,0,0,0,0,0,732,0,562,40,2166,3,0,26,0,0,25,1,0,0,0,0,3,0,6,0,163,0,6,1,1,2,0,260,1,0,0,243,0,2485,0,32,0,48,0,0,0,0,0,0,81,0,167,1,1,1,0,0,0,2167,0,8,0,0,0,162,22,0,0,27,0,0,0,9,817,3,0,11,0,0,1,0,1,43,0,84
"ESP_033_MZB_LO_23","ESP_033_MZB_LO_23-20.07.2015","20.07.2015",2015,7,20,1,0,1,0,0,0,0,0,6565,0,0,0,0,0,0,0,0,0,20,2324,0,0,0,0,1,21,0,0,6,0,0,0,1,328,0,964,40,644,6,0,161,7,0,5,2,0,0,0,0,4,0,42,1,161,0,0,7,80,0,0,21,0,0,0,482,0,963,0,9,0,84,0,0,0,0,0,0,51,0,11,5,6,1,0,0,0,4,0,84,0,0,0,0,0,0,0,12,0,0,1,83,2,0,0,160,0,1,0,0,0,0,0,3
"ESP_033_MZB_LO_23","ESP_033_MZB_LO_23-08.07.2017","08.07.2017",2017,7,8,0,0,1,0,0,0,0,0,3,0,0,0,0,0,0,51,0,0,24,510,0,0,29,0,0,49,0,0,1,0,0,1,0,229,0,197,0,611,1,0,2,1,8094,1,3,0,0,0,0,1,0,2,0,32,0,0,3,0,0,3,0,0,0,33,365,0,57,0,10,0,26,0,0,0,0,1,0,46,0,25,0,0,1,0,0,0,99,0,53,0,0,0,48,0,0,0,1,0,0,0,26,25,0,0,457,0,0,0,0,5,0,0,2
"ESP_033_MZB_LO_24","ESP_033_MZB_LO_24-16.07.2008","16.07.2008",2008,7,16,0,0,0,0,0,0,0,0,758,0,0,0,0,0,0,164,0,0,0,111,0,0,1,0,0,1,0,0,0,0,0,0,0,6,0,2,1,1,1,0,14,10299,0,0,1,1,0,0,0,1,0,0,2,3,0,1,0,1,0,1,10,2,0,0,272,0,3,0,37,3,1,2,0,0,0,0,0,1,0,83,0,0,11,3,0,0,2,0,62,0,0,0,0,0,0,1,13,0,0,1,2,272,15,0,0,0,0,0,0,4,0,0,1
"ESP_033_MZB_LO_24","ESP_033_MZB_LO_24-19.07.2009","19.07.2009",2009,7,19,0,0,0,0,0,0,0,0,576,0,0,0,0,0,0,0,0,0,1,107,0,0,0,0,0,2,0,72,0,0,0,0,1,124,0,0,0,77,0,0,43,6597,0,1,5,0,0,0,0,2,0,3,0,39,0,1,3,1,0,1,79,0,0,46,1,0,4,0,70,2,0,0,0,0,0,1,0,2,0,12,0,0,3,0,0,0,1,0,4,0,0,0,0,0,0,0,0,0,0,2,3,36,0,0,0,0,1,0,0,4,0,0,1
"ESP_033_MZB_LO_24","ESP_033_MZB_LO_24-05.07.2010","05.07.2010",2010,7,5,0,0,2,0,0,0,0,0,9803,0,0,0,0,0,0,81,0,0,2,805,0,0,0,0,0,5,0,1,0,0,0,0,1,89,0,1,0,285,0,0,228,2812,0,1,6,0,0,0,0,11,0,23,2,4,0,0,0,1,0,0,0,20,0,33,122,0,0,0,29,1,4,0,11,0,0,0,0,84,0,176,0,0,23,0,0,0,2,0,9,0,0,0,0,0,0,0,1,0,0,10,0,2138,172,0,220,0,0,0,0,3,2,0,3
"ESP_033_MZB_LO_24","ESP_033_MZB_LO_24-31.07.2013","31.07.2013",2013,7,31,0,0,123,0,0,0,0,0,3163,0,0,0,0,0,0,0,0,0,0,8205,0,0,1,0,0,81,0,0,0,0,0,0,0,86,0,10,40,43,0,1,0,7,0,2,0,0,0,0,0,3,0,20,41,1,1,1,1,0,0,0,0,121,0,0,0,0,1,0,2,0,942,0,5,0,1,0,0,122,0,88,20,0,2,0,0,0,0,0,1,0,0,0,1,0,0,0,2,5,0,0,0,5515,0,0,0,0,0,0,0,0,0,0,0
"ESP_033_MZB_LO_24","ESP_033_MZB_LO_24-28.07.2014","28.07.2014",2014,7,28,0,0,1,0,0,0,0,0,6244,0,0,0,0,0,0,160,0,0,1,1927,0,0,0,0,0,10,0,0,0,0,0,0,0,347,0,340,80,1605,0,0,0,14490,0,1,11,0,0,0,0,0,0,13,0,0,0,0,0,1,0,0,0,0,0,0,82,0,11,0,20,0,3,0,0,0,0,1,0,5,0,338,0,0,1,0,0,0,6,0,324,0,0,0,0,0,0,0,3,0,0,5,1,2732,0,0,30,0,0,0,0,3,1,0,1
"ESP_033_MZB_LO_24","ESP_033_MZB_LO_24-20.07.2015","20.07.2015",2015,7,20,0,0,10,0,0,0,0,0,4006,0,0,0,0,0,0,0,0,0,1,1122,0,0,0,0,0,6,0,0,1,0,0,0,0,14,0,80,160,22,0,0,2,18258,0,2,3,0,0,0,0,162,0,1,0,2,0,0,6,0,0,0,41,0,0,0,20,0,1,0,15,0,0,0,0,0,0,1,0,11,0,81,10,0,21,0,0,0,0,0,13,0,0,0,1,0,0,0,3,0,0,0,0,8,0,0,5,0,0,0,0,0,0,0,0
"ESP_033_MZB_LO_24","ESP_033_MZB_LO_24-08.07.2017","08.07.2017",2017,7,8,0,0,62,0,0,0,0,0,2205,0,0,0,0,0,0,64,0,0,0,2339,0,0,0,0,0,26,0,0,1,0,0,0,0,153,0,160,0,440,0,0,0,4,0,2,0,0,0,0,0,2,0,24,1,26,0,3,0,0,0,24,0,48,0,12,130,0,0,1,9,4,2,0,0,0,0,0,0,5,0,34,0,0,9,0,0,0,86,0,21,0,0,0,0,0,0,0,0,0,0,0,0,2325,30,0,0,0,0,0,0,3,1,0,0
"ESP_033_MZB_LO_25","ESP_033_MZB_LO_25-12.07.2007","12.07.2007",2007,7,12,0,0,1,0,0,0,0,0,8017,0,0,0,0,0,0,345,0,0,0,374,0,0,0,0,0,0,0,0,0,0,0,0,0,0,0,0,1,0,0,0,10,442,0,5,0,0,0,0,0,0,0,0,0,32,0,52,0,30,0,0,1862,150,0,0,2,0,1,0,0,0,0,0,0,0,0,1,23,0,0,22,0,0,0,0,43,0,5,0,0,1,0,0,0,0,0,0,0,0,0,0,0,71,0,0,1,0,0,0,0,0,0,0,0
"ESP_033_MZB_LO_25","ESP_033_MZB_LO_25-10.08.2008","10.08.2008",2008,8,10,0,0,3,0,0,0,0,0,5691,0,0,0,0,0,0,123,0,0,0,1482,0,0,0,0,0,1,0,0,0,0,0,0,0,0,0,0,0,0,0,0,102,0,0,3,0,0,0,0,0,0,0,0,0,0,0,323,0,801,0,0,663,260,0,0,0,0,0,0,0,0,0,0,0,0,0,2,112,0,0,182,0,0,0,0,208,0,124,0,0,0,0,0,0,0,0,0,0,0,0,0,0,0,0,0,0,1,0,0,0,0,1,0,0
"ESP_033_MZB_LO_25","ESP_033_MZB_LO_25-07.07.2009","07.07.2009",2009,7,7,0,0,3,0,0,0,0,0,2851,0,0,0,0,0,0,21,0,0,0,4340,0,0,0,0,0,1,0,0,0,0,0,1,0,0,0,40,0,0,0,0,183,21,0,3,11,0,0,0,0,0,0,0,0,0,0,1090,0,882,0,0,2,62,0,0,0,0,0,0,0,0,1,0,1,0,0,0,5,0,0,304,0,0,0,0,323,0,66,0,0,2,0,7,0,0,0,0,0,0,0,0,0,24,0,0,121,1,0,0,0,0,0,0,0
"ESP_033_MZB_LO_25","ESP_033_MZB_LO_25-06.07.2010","06.07.2010",2010,7,6,0,0,0,0,0,0,0,3,4764,0,0,0,0,0,1,144,0,0,0,582,0,0,0,0,0,0,0,0,0,0,0,0,0,0,0,0,0,0,0,0,43,13,0,2,0,0,0,0,0,0,0,0,0,0,0,281,0,1243,0,0,785,11,0,0,0,0,0,0,0,0,1,0,0,0,0,0,117,0,0,62,0,0,0,0,1,2,107,0,1,0,0,0,0,0,0,0,0,0,0,0,0,1,0,0,162,4,0,0,0,0,0,1,0
"ESP_033_MZB_LO_25","ESP_033_MZB_LO_25-05.07.2011","05.07.2011",2011,7,5,0,0,0,0,0,0,0,0,1004,0,0,0,0,0,1,240,0,0,0,602,0,0,0,0,0,12,0,0,0,0,1,0,0,0,0,0,0,0,0,0,33,1,0,6,0,0,0,0,0,0,0,0,0,0,0,362,0,5977,0,0,1842,162,0,0,0,0,0,0,0,0,11,0,0,0,0,0,257,0,0,1,0,0,0,0,0,0,146,0,4,0,0,1,1,0,0,0,0,0,0,0,0,0,0,0,721,1,0,0,0,0,0,0,0
"ESP_033_MZB_LO_25","ESP_033_MZB_LO_25-11.07.2012","11.07.2012",2012,7,11,0,0,0,0,0,0,0,0,2885,0,0,0,0,0,1,921,0,0,0,1081,0,0,0,0,0,265,326,0,2,0,2,0,2,0,0,1,0,0,0,0,61,1,0,1,0,0,0,0,0,0,0,0,0,0,0,680,0,4442,0,0,3765,125,0,0,0,0,0,0,0,0,0,0,0,0,0,0,174,5,0,560,0,0,0,0,1,0,522,0,163,1,0,6,0,1,0,0,0,0,0,0,0,20,0,6,880,1,0,0,0,0,0,1,0
"ESP_033_MZB_LO_25","ESP_033_MZB_LO_25-31.07.2013","31.07.2013",2013,7,31,0,0,0,0,0,0,0,13,9361,0,0,0,0,0,0,1761,0,0,0,160,0,0,0,0,0,0,0,0,0,0,0,0,0,1,0,160,1,0,0,0,42,0,0,25,0,0,0,0,0,0,0,0,0,0,0,11,0,17940,0,0,886,245,0,0,0,0,0,0,0,0,0,0,0,0,0,1,209,4,0,400,0,0,0,0,569,0,45,0,1,0,0,1,0,0,0,0,0,0,0,0,0,640,0,0,200,1,0,0,0,0,0,1,0
"ESP_033_MZB_LO_25","ESP_033_MZB_LO_25-29.07.2014","29.07.2014",2014,7,29,0,0,0,0,2,0,0,0,1282,0,0,0,0,0,0,4722,0,0,0,6405,0,0,0,11,0,1,0,0,0,0,0,0,4,0,0,1,0,0,0,0,82,43,0,5,1,0,0,0,0,0,0,0,0,0,0,2,0,4815,0,0,123,81,0,0,0,0,0,0,0,0,0,0,1,0,0,0,93,0,0,6400,0,0,0,0,0,0,6,0,2,1,0,6,0,0,0,0,0,0,0,0,0,6,0,1,41,1,0,0,0,0,0,0,0
"ESP_033_MZB_LO_25","ESP_033_MZB_LO_25-20.07.2015","20.07.2015",2015,7,20,0,0,0,0,0,0,0,0,5,0,0,0,0,0,0,3366,0,0,0,6560,0,0,2,160,0,3525,0,0,0,1,0,1,0,3,0,0,0,0,0,1,164,0,0,3,0,0,0,0,0,0,0,0,0,0,0,1,0,8180,0,0,4,1,0,0,0,0,0,0,0,0,0,0,0,0,0,1,46,1,0,160,0,0,0,0,48,0,5,0,42,0,0,2,0,0,0,0,0,0,0,0,0,0,0,0,0,1,0,0,0,0,6,0,0
"ESP_033_MZB_LO_25","ESP_033_MZB_LO_25-07.07.2017","07.07.2017",2017,7,7,0,0,1,0,50,0,0,0,2604,0,0,0,0,0,0,340,0,0,0,632,0,0,0,0,0,244,0,0,0,0,0,27,1,24,0,24,0,0,0,0,29,418,14108,12,1,0,0,0,0,0,0,0,0,0,0,361,0,0,0,147,320,0,0,24,0,0,0,0,0,0,0,0,0,0,0,1,1326,0,0,199,0,0,0,0,123,0,27,2,55,3,0,0,0,199,0,0,0,0,0,0,0,0,0,0,48,0,0,0,0,0,1,0,0
"ESP_033_MZB_LO_26","ESP_033_MZB_LO_26-18.07.2007","18.07.2007",2007,7,18,0,0,0,0,0,0,0,0,2,0,0,0,0,0,0,0,0,0,0,163,0,0,0,0,0,0,0,0,0,0,0,0,0,0,0,0,0,0,0,0,33,0,0,0,3,0,0,0,0,0,0,0,0,0,40,0,0,3539,0,10,1,10,0,0,0,0,0,0,0,0,903,0,21,0,0,0,0,0,0,397,0,0,0,0,0,0,137,0,0,0,0,0,222,0,0,0,0,0,0,0,0,0,0,0,40,0,0,0,0,0,0,0,0
"ESP_033_MZB_LO_26","ESP_033_MZB_LO_26-21.07.2009","21.07.2009",2009,7,21,0,0,1,0,227,0,0,0,1555,0,0,0,0,0,0,0,0,0,0,1449,0,0,0,0,0,0,0,0,0,0,0,0,0,1,0,1,73,0,0,0,228,48,0,0,35,0,0,0,0,37,0,0,0,0,0,2,0,107,0,0,192,143,0,0,0,0,0,0,0,0,39,0,0,0,0,0,0,0,0,177,0,0,0,0,0,0,0,0,0,0,0,0,75,0,0,0,0,0,0,0,0,540,0,0,2,0,0,0,0,0,3,0,0
"ESP_033_MZB_LO_26","ESP_033_MZB_LO_26-05.07.2010","05.07.2010",2010,7,5,0,0,0,0,326,0,0,0,762,0,0,0,0,0,0,11,0,0,0,11070,0,0,0,0,0,0,0,0,0,0,0,0,0,1,0,0,1,0,0,0,381,3,0,0,2247,0,0,0,0,0,0,3,2,0,0,1,0,1843,0,0,0,82,0,0,0,0,0,0,0,0,11,1,3,0,0,0,0,0,0,242,0,0,0,0,0,0,0,0,0,0,0,0,4010,0,0,0,1,0,0,0,0,724,0,0,1,0,0,0,11,0,0,0,0
"ESP_033_MZB_LO_26","ESP_033_MZB_LO_26-10.08.2011","10.08.2011",2011,8,10,0,0,6,0,0,0,0,0,12954,0,0,0,0,0,0,0,0,0,1,3461,0,0,0,0,5,0,0,0,0,0,0,0,0,1,0,10,1,0,0,0,68,1,0,1,1,0,0,0,0,0,0,3,0,0,0,1,0,7205,0,1,12,28,0,0,0,1,0,0,0,0,13,2,161,0,0,0,0,4,0,87,0,0,0,0,0,0,1,0,0,0,0,0,521,0,0,0,0,0,0,0,0,3581,0,0,0,0,0,6,0,0,0,0,0
"ESP_033_MZB_LO_26","ESP_033_MZB_LO_26-13.08.2012","13.08.2012",2012,8,13,0,0,21,0,725,0,0,0,4160,0,0,0,0,0,0,0,0,0,0,2322,0,0,0,0,0,0,0,0,0,0,0,0,0,1,0,2,0,0,0,0,3698,2,0,0,52,0,0,0,0,0,0,167,0,0,0,160,0,3447,0,0,574,617,0,0,0,0,0,0,0,0,346,0,1,0,0,0,0,0,0,42,0,0,0,0,0,0,5,0,0,0,0,0,5687,0,0,0,0,20,0,0,0,4096,0,0,21,0,0,1,0,0,0,0,1
"ESP_033_MZB_LO_26","ESP_033_MZB_LO_26-04.07.2013","04.07.2013",2013,7,4,0,0,1,0,521,0,0,0,13442,0,0,0,0,0,0,20,0,0,0,4162,0,0,0,0,0,0,0,0,0,0,0,0,0,1,0,85,0,0,0,0,982,21,0,0,325,0,0,0,0,0,0,0,0,0,0,0,0,5284,0,0,0,43,0,0,0,0,0,1,0,0,649,0,1,0,0,0,0,0,0,81,0,0,0,0,7,0,17,0,0,0,0,0,3122,0,0,0,0,0,0,0,0,1522,0,0,10,0,0,4,0,0,6,0,2
"ESP_033_MZB_LO_26","ESP_033_MZB_LO_26-28.07.2014","28.07.2014",2014,7,28,0,0,40,0,15,0,0,0,5124,0,0,0,0,0,0,1,0,0,0,9125,0,0,0,0,1,0,0,0,0,0,0,0,0,1,0,0,5,0,0,0,1004,6,0,0,8,0,0,0,0,0,0,5,0,0,0,0,0,10561,0,0,0,242,0,0,0,0,0,0,0,0,40,0,0,0,0,0,0,0,0,171,1,0,0,0,12,0,13,0,0,0,0,0,961,0,0,0,0,0,0,0,0,10408,0,0,161,0,0,0,0,0,0,0,1
"ESP_033_MZB_LO_26","ESP_033_MZB_LO_26-15.07.2015","15.07.2015",2015,7,15,0,0,0,0,482,0,0,0,15214,0,0,0,0,0,0,1,0,0,1,3044,0,0,0,0,0,0,0,0,0,0,0,1,0,2,0,1,10,0,0,0,321,483,0,0,6,0,0,0,0,0,0,1,0,0,0,320,0,41631,0,0,801,763,0,0,0,0,0,0,1,1,7,0,0,0,0,0,0,0,0,5,0,0,0,0,21,0,325,0,0,0,0,0,320,0,0,0,12,0,0,0,0,2565,0,0,1,0,0,0,0,0,1,0,5
"ESP_033_MZB_LO_26","ESP_033_MZB_LO_26-06.07.2017","06.07.2017",2017,7,6,0,0,5,0,138,0,0,0,58,0,0,0,0,0,0,0,0,0,0,669,0,0,0,0,0,0,0,0,0,0,0,0,0,1,0,0,4,0,0,0,55,85,16,0,0,2,0,0,0,0,0,1,0,0,0,0,0,0,0,0,0,11,0,0,0,0,0,0,0,0,0,0,0,0,0,0,0,0,0,4,0,0,0,0,36,0,0,0,0,0,0,0,6,0,0,0,0,0,0,0,0,33,0,0,0,0,0,0,0,0,1,0,0
"ESP_033_MZB_LO_27","ESP_033_MZB_LO_27-18.06.2006","18.06.2006",2006,6,18,1,0,0,0,0,1,1,0,204,0,0,0,0,0,0,2,0,1,10,78,0,1,0,0,0,1,0,1,1,0,0,0,2,1,0,12,1,18,0,0,1,0,0,1,0,0,0,3,0,1,0,0,0,0,0,1,0,0,1,0,2,40,0,0,44,2,159,0,0,4,0,1,0,0,0,0,0,1,0,6,0,0,0,2,0,0,21,0,11,0,0,0,0,1,0,0,1,0,21,0,0,68,0,0,0,0,0,0,0,2,3,0,1
"ESP_033_MZB_LO_27","ESP_033_MZB_LO_27-13.07.2008","13.07.2008",2008,7,13,7,0,0,0,0,1,10,0,115,0,0,0,0,0,0,1,0,0,0,86,0,0,0,0,0,2,0,0,1,0,0,0,2,2,0,13,0,2,0,0,0,0,0,7,0,0,0,15,0,1,0,0,0,0,0,2,2,0,1,1,15,23,0,3,11,1,99,0,0,2,0,0,0,0,5,0,0,2,0,5,0,0,0,0,1,0,0,0,3,0,0,0,0,1,0,0,2,0,14,0,0,6,0,0,0,0,7,0,0,0,14,0,3
"ESP_033_MZB_LO_27","ESP_033_MZB_LO_27-04.08.2009","04.08.2009",2009,8,4,31,0,0,0,0,0,5,0,16,0,0,0,0,0,0,2,0,1,54,500,0,0,0,0,0,1,0,0,2,0,0,3,44,1,0,304,0,0,0,0,0,74,0,2,0,1,0,113,0,0,0,0,0,15,0,2,0,15,1,5,16,0,0,15,9,1,429,1,1,60,76,0,0,0,0,0,0,1,0,19,0,0,0,0,0,0,2,3,15,0,0,0,0,1,0,0,0,0,3,0,0,1,0,0,0,0,2,0,0,2,9,0,0
"ESP_033_MZB_LO_27","ESP_033_MZB_LO_27-01.07.2010","01.07.2010",2010,7,1,65,0,0,0,0,0,42,0,120,0,0,0,0,0,0,10,4,0,80,1226,0,0,0,0,0,0,0,0,13,0,0,0,11,0,0,1171,11,1,0,0,0,23,0,12,0,0,0,167,0,0,0,0,0,21,0,142,1,100,0,10,10,183,0,167,3,4,1068,1,0,42,168,0,0,0,0,0,0,3,0,0,0,0,0,0,0,0,4,1,13,0,0,0,2,10,0,0,0,0,2,0,0,46,0,1,40,0,42,0,0,2,12,0,0
"ESP_033_MZB_LO_27","ESP_033_MZB_LO_27-28.06.2011","28.06.2011",2011,6,28,68,0,0,0,0,0,60,0,65,0,0,0,0,0,0,6,3,4,63,1007,0,0,0,0,0,0,0,0,3,0,0,0,13,1,0,1011,2,1,0,0,0,124,0,16,0,0,0,129,0,0,0,0,0,0,0,344,1,232,2,41,2,83,0,86,23,6,1348,0,0,80,27,0,0,0,0,0,0,0,0,1,0,0,0,0,0,0,8,0,17,0,0,0,221,4,0,0,0,0,11,0,0,0,0,0,5,0,5,0,0,2,0,0,0
"ESP_033_MZB_LO_27","ESP_033_MZB_LO_27-09.07.2013","09.07.2013",2013,7,9,24,0,0,0,0,0,5,0,1781,0,0,0,0,0,0,1,0,1,80,2241,0,0,0,0,1,0,0,0,97,0,0,0,2,0,0,242,1,0,0,0,0,223,0,10,0,1,0,22,0,4,0,0,0,1,0,285,2,21,1,2,65,380,0,280,41,21,1926,0,0,0,5,0,0,0,0,0,0,6,0,1,0,0,0,2,40,0,11,0,23,0,0,0,1,1,0,0,1,0,5,0,0,35,0,0,0,0,5,0,0,0,127,0,0
"ESP_033_MZB_LO_27","ESP_033_MZB_LO_27-02.07.2014","02.07.2014",2014,7,2,20,0,0,0,0,1,40,0,201,0,0,0,0,0,0,40,0,1,80,2122,0,0,0,0,0,0,0,0,0,0,0,0,3,0,0,366,0,2,0,0,0,44,0,3,0,0,0,4,0,41,0,0,0,10,0,321,0,43,4,1,163,525,0,161,166,14,443,0,0,80,2,0,0,0,0,0,0,3,0,1,0,0,0,0,0,0,86,0,129,0,0,0,0,0,0,0,0,0,2,0,0,0,0,0,0,0,1,0,0,3,20,0,3
"ESP_033_MZB_LO_27","ESP_033_MZB_LO_27-30.06.2015","30.06.2015",2015,6,30,284,0,0,0,0,12,22,0,641,0,0,0,0,0,0,1,0,0,1,1124,0,0,0,0,0,0,0,0,0,0,0,0,0,1,0,325,0,0,0,0,0,645,0,7,0,1,0,18,0,0,0,0,0,1,0,200,0,1,1,1,533,82,0,20,7,49,887,0,0,200,5,0,0,0,0,0,0,1,0,1,0,0,0,0,0,1,0,1,85,0,0,0,0,0,0,0,6,0,43,0,0,203,0,0,0,0,0,0,0,80,9,0,42
"ESP_033_MZB_LO_27","ESP_033_MZB_LO_27-30.06.2017","30.06.2017",2017,6,30,52,0,0,0,0,0,72,0,897,0,0,0,0,0,0,97,0,0,457,1756,0,0,0,0,0,49,0,0,25,0,0,0,125,0,0,661,120,6,0,0,0,751,24,5,0,120,0,125,0,1,0,0,0,0,0,1108,1,0,1,0,28,1543,0,147,26,2,1022,0,1,1,0,0,0,0,0,0,0,0,0,49,0,0,0,0,0,0,50,0,29,0,0,0,24,26,0,0,1,0,25,0,0,0,0,0,0,0,170,0,0,1,6,0,1
"ESP_033_MZB_LO_28","ESP_033_MZB_LO_28-10.07.2008","10.07.2008",2008,7,10,0,0,0,0,0,0,0,1,1030,0,0,0,0,0,0,272,0,0,1,272,0,0,0,0,0,1,0,0,0,0,0,1,0,0,0,2,0,0,0,0,114,3523,0,3,0,0,0,0,0,0,0,0,0,0,0,1,0,13502,0,1,1776,1,0,0,0,0,0,0,0,0,0,0,0,0,0,0,55,0,0,3,0,0,0,0,1,0,218,0,0,0,0,0,0,0,0,0,0,0,0,0,0,380,0,0,326,0,0,0,0,0,0,0,0
"ESP_033_MZB_LO_28","ESP_033_MZB_LO_28-30.06.2009","30.06.2009",2009,6,30,0,0,1,0,0,0,0,12,104,0,0,0,0,0,0,662,0,0,1,385,0,0,0,0,0,1,0,0,0,0,0,0,0,0,0,0,2,0,0,0,6,97,0,2,0,0,0,0,0,4,0,0,0,0,0,0,0,410,0,0,42,29,0,0,0,0,0,0,0,0,0,0,0,0,0,0,0,0,0,145,0,0,0,0,10,0,2,0,0,2,0,2,0,0,0,0,0,0,0,0,0,0,0,0,19,0,0,0,0,0,0,0,0
"ESP_033_MZB_LO_28","ESP_033_MZB_LO_28-28.06.2010","28.06.2010",2010,6,28,0,0,0,0,0,0,0,7,949,0,0,0,0,0,1,1236,0,0,0,2840,0,0,0,0,0,2,0,0,0,0,0,1,0,0,0,107,0,0,0,0,4,1307,0,2,0,0,0,1,0,0,0,0,0,0,0,36,0,42,0,0,519,76,0,0,0,0,0,0,0,0,0,0,0,0,0,0,0,0,0,71,0,0,0,0,40,0,2,0,1,0,0,5,0,0,0,0,0,0,0,0,0,0,0,1,1,1,0,0,0,0,1,0,0
"ESP_033_MZB_LO_28","ESP_033_MZB_LO_28-17.07.2012","17.07.2012",2012,7,17,0,0,0,0,0,0,0,12,120,0,0,0,0,0,1,2274,0,0,0,250,0,0,1,0,0,41,0,0,0,0,0,0,0,0,1,0,60,0,0,2,20,42,0,1,0,0,0,0,0,1,0,0,0,0,0,0,0,940,0,0,0,1,0,0,0,0,0,0,0,0,0,0,2,0,0,0,0,0,0,6,0,0,0,0,236,0,1,0,0,0,0,0,0,0,0,0,0,1,0,0,0,0,0,0,0,0,0,1,0,0,0,0,0
"ESP_033_MZB_LO_28","ESP_033_MZB_LO_28-21.07.2014","21.07.2014",2014,7,21,0,0,0,0,0,0,0,4,5124,0,0,0,0,0,0,7207,0,0,0,2242,0,0,0,0,0,1,0,0,0,0,0,0,0,0,0,0,20,0,0,0,40,5927,0,4,1,0,0,0,0,0,0,0,0,0,0,0,0,7210,0,0,804,42,0,0,0,0,0,0,0,0,0,0,1,0,0,0,0,0,0,1,0,0,0,0,161,0,330,0,3,1,0,2,0,0,0,0,0,0,0,0,0,2,0,0,0,0,0,0,0,0,0,0,0
"ESP_033_MZB_LO_28","ESP_033_MZB_LO_28-01.07.2015","01.07.2015",2015,7,1,0,0,0,0,0,0,0,30,1681,0,0,0,0,0,0,5526,0,0,0,5450,0,0,1,0,0,481,0,1,0,0,0,1,0,0,0,0,0,0,0,0,2,5126,0,14,0,0,0,0,0,6,0,0,0,0,0,160,0,8569,0,0,164,0,0,0,1,0,0,0,0,0,0,0,0,0,0,0,0,1,0,2,0,0,0,0,42,0,11,0,11,2,0,0,0,0,0,0,0,1,0,0,0,7,0,0,1,0,0,0,0,0,0,0,0
"ESP_033_MZB_LO_28","ESP_033_MZB_LO_28-29.06.2017","29.06.2017",2017,6,29,0,0,0,0,0,0,0,137,18,0,0,0,0,0,0,740,0,0,0,188,0,0,1,0,0,394,0,0,0,0,0,0,0,0,0,0,0,0,0,0,1,0,4,8,4,0,0,0,0,0,0,0,0,0,0,3,0,0,0,0,22,7,0,0,0,0,0,0,0,0,0,0,0,0,0,0,0,0,0,1,0,0,0,0,1,0,2,0,0,0,0,0,0,8,0,0,0,0,0,0,0,0,0,0,0,0,0,0,0,0,0,0,0
"ESP_033_MZB_LO_29","ESP_033_MZB_LO_29-08.07.2008","08.07.2008",2008,7,8,1,0,0,0,0,0,0,0,437,0,0,0,0,0,0,57,0,1,1,331,0,0,1,0,3,0,0,0,0,0,0,0,0,5,0,57,0,0,0,0,135,5783,0,1,3,0,0,1,0,0,0,4,0,2,0,1,0,4322,0,0,119,1,0,0,0,0,0,0,0,0,2,0,0,0,0,0,0,1,0,2816,0,0,0,0,2,0,0,0,0,0,0,0,0,0,0,0,0,0,0,0,0,219,0,0,57,0,0,0,0,0,0,0,1
"ESP_033_MZB_LO_29","ESP_033_MZB_LO_29-28.06.2009","28.06.2009",2009,6,28,0,0,42,0,0,0,0,0,319,0,0,0,0,0,0,54,0,3,0,563,0,0,0,0,0,0,0,0,0,0,0,0,0,1,0,144,0,1,0,0,144,39,0,4,5,0,0,3,0,1,0,88,0,0,0,2,0,14040,1,0,12,39,0,0,0,0,0,1,0,0,14,0,0,0,0,1,0,4,0,111,0,0,0,0,843,0,1,0,0,0,0,0,0,0,0,0,1,0,0,0,0,3,0,0,213,0,0,0,0,1,1,0,1
"ESP_033_MZB_LO_29","ESP_033_MZB_LO_29-18.07.2012","18.07.2012",2012,7,18,0,0,2,0,0,0,0,0,2964,0,0,0,0,0,0,403,0,3,0,320,0,0,0,0,0,0,0,0,0,0,0,0,0,3,0,2248,0,11,0,0,168,19144,0,15,42,0,0,1,0,2,1,0,0,0,0,1,0,25207,0,0,406,24,0,0,0,0,0,0,0,0,0,0,0,0,0,1,0,1,0,401,0,0,0,0,3,0,0,0,0,0,0,0,1,0,0,0,3,0,0,0,0,24,0,0,280,0,0,6,0,0,1,0,0
"ESP_033_MZB_LO_29","ESP_033_MZB_LO_29-22.07.2014","22.07.2014",2014,7,22,0,0,0,0,0,0,0,0,4487,0,0,0,0,0,0,10,0,0,0,321,0,0,0,0,0,0,0,0,1,0,0,0,0,0,0,644,0,5,0,0,45,22247,0,4,1,0,0,0,0,2,0,5,0,6,0,0,10,28807,0,0,805,1,0,0,0,0,0,0,1,0,0,0,0,0,0,0,0,1,0,2400,0,0,0,0,0,0,0,0,0,0,0,0,0,0,0,0,21,0,0,0,0,510,0,0,640,1,0,3,0,0,0,0,1
"ESP_033_MZB_LO_29","ESP_033_MZB_LO_29-14.07.2015","14.07.2015",2015,7,14,0,0,2,0,0,0,0,0,3845,0,0,0,0,0,0,0,0,1,0,1,0,0,0,0,0,0,0,0,0,0,0,0,0,3,0,1447,0,86,0,0,482,22419,0,3,42,0,0,2,0,5,0,0,0,3,0,0,0,55235,0,0,644,6,0,0,0,0,0,0,0,0,0,0,0,0,0,1,0,2,0,161,0,0,0,0,0,0,0,0,2,0,0,0,0,0,0,0,1,0,0,0,0,1605,0,0,1,1,0,21,0,0,0,0,4
"ESP_033_MZB_LO_29","ESP_033_MZB_LO_29-25.06.2017","25.06.2017",2017,6,25,1,0,1,0,0,0,0,0,1566,0,0,0,0,0,0,151,0,7,24,176,0,0,0,0,3,3,0,1,0,0,0,2,0,6,0,782,0,151,0,0,54,4620,2091,24,5,0,0,1,0,3,0,30,28,0,0,0,0,0,0,0,152,54,0,0,0,0,0,0,3,1,0,0,0,0,0,1,0,26,0,121,0,0,0,0,0,0,0,0,0,0,0,0,0,0,0,0,4,0,0,2,0,199,0,0,0,0,0,0,0,0,0,0,2
"ESP_033_MZB_LO_30","ESP_033_MZB_LO_30-23.06.2008","23.06.2008",2008,6,23,0,0,1,0,0,0,0,0,987,0,0,0,0,0,0,40,0,0,0,340,0,0,0,0,0,0,0,0,0,0,0,0,0,1,0,0,0,0,0,0,4,2306,0,10,0,0,0,0,0,2,0,0,0,0,0,0,0,1081,0,0,269,0,0,0,0,0,0,0,0,0,0,0,21,0,0,0,0,0,0,65,0,0,0,0,0,0,7,0,0,0,0,8,0,0,0,0,0,0,0,0,0,20,0,0,40,0,0,0,0,0,0,0,0
"ESP_033_MZB_LO_30","ESP_033_MZB_LO_30-30.06.2009","30.06.2009",2009,6,30,0,0,0,0,0,0,0,0,615,0,0,0,0,0,0,18,0,0,0,108,0,0,0,0,0,18,0,0,0,0,0,0,1,0,0,0,0,0,0,0,1,735,0,4,0,0,0,0,0,0,0,0,0,0,0,0,0,124,0,0,805,20,0,0,0,0,0,0,0,0,0,0,0,0,0,0,0,0,0,127,0,0,0,0,0,0,1,0,0,0,0,2,0,0,0,0,0,0,0,0,0,266,0,0,0,0,0,0,0,0,0,0,0
"ESP_033_MZB_LO_30","ESP_033_MZB_LO_30-21.07.2011","21.07.2011",2011,7,21,0,0,0,0,0,0,0,0,4126,0,0,0,0,0,0,0,0,0,0,242,0,0,0,0,0,0,0,0,0,0,0,0,0,0,0,0,22,0,0,0,2,8364,0,6,0,0,0,0,0,1,0,0,0,3,0,0,0,2122,0,0,1331,61,0,0,0,0,0,0,0,0,0,0,3,0,0,0,0,0,0,361,0,0,0,0,0,0,14,0,0,0,0,0,10,0,0,0,0,0,0,0,0,101,0,0,130,0,0,0,0,0,0,0,0
"ESP_033_MZB_LO_30","ESP_033_MZB_LO_30-18.07.2012","18.07.2012",2012,7,18,0,0,10,0,0,0,0,0,1523,0,0,0,0,0,0,0,0,0,0,920,0,0,0,0,0,0,0,0,0,0,0,0,0,0,0,0,40,0,0,0,0,841,0,4,0,0,0,0,0,0,0,0,0,0,0,0,0,5241,0,0,845,50,0,0,0,0,0,0,0,0,0,0,40,0,0,0,0,0,0,160,0,0,0,0,0,0,4,0,0,0,0,0,0,0,0,0,0,0,0,0,0,174,0,0,81,0,0,0,0,0,0,0,0
"ESP_033_MZB_LO_30","ESP_033_MZB_LO_30-22.07.2014","22.07.2014",2014,7,22,0,0,2,0,0,0,0,0,2884,0,0,0,0,0,0,1,0,0,0,800,0,0,0,0,0,1,0,0,0,0,0,0,0,0,0,0,0,0,0,0,0,5612,0,3,0,0,0,0,0,3,0,0,0,1,0,0,0,41707,0,0,803,12,0,0,0,0,0,0,0,0,0,0,1,0,0,0,0,0,0,960,0,0,0,0,0,0,47,0,0,0,0,20,0,0,0,0,0,0,0,0,0,5,0,0,0,0,0,0,0,0,0,0,0
"ESP_033_MZB_LO_30","ESP_033_MZB_LO_30-14.07.2015","14.07.2015",2015,7,14,0,0,0,0,0,0,0,0,5281,0,0,0,0,0,0,0,0,0,0,481,0,0,0,0,0,0,0,0,0,0,0,0,0,0,0,1,0,0,0,0,1,12803,0,1,0,0,0,0,0,0,0,0,0,82,0,0,0,68805,0,0,642,324,0,0,0,0,0,0,0,0,0,0,0,0,0,0,0,0,0,161,0,0,0,0,0,0,8,0,0,0,0,0,0,0,0,0,0,0,0,0,0,182,0,0,1,0,0,0,0,0,0,0,0
"ESP_033_MZB_LO_30","ESP_033_MZB_LO_30-24.06.2017","24.06.2017",2017,6,24,0,0,0,0,0,0,0,0,1204,0,0,0,0,0,0,0,0,0,48,340,0,0,0,0,0,0,0,0,2,0,0,0,0,0,0,73,0,0,0,0,1,1929,4190,6,0,0,0,0,0,3,0,0,1,53,0,0,0,0,0,0,296,96,0,0,0,0,0,0,0,0,0,0,0,0,0,0,0,0,0,74,0,0,0,0,0,0,0,0,0,0,0,0,24,0,0,0,0,0,0,0,0,193,0,0,0,0,0,0,0,0,0,0,0
"ESP_033_MZB_LO_31","ESP_033_MZB_LO_31-25.07.2007","25.07.2007",2007,7,25,0,0,0,0,0,0,22,0,1148,0,0,0,0,0,0,24,0,0,20,421,0,0,0,0,0,0,0,0,0,0,0,0,0,0,0,1774,61,44,0,0,0,585,0,5,6,0,0,4,0,0,0,0,0,6,0,122,0,8736,0,0,267,43,0,0,0,0,24,0,2,0,0,0,0,0,0,0,0,0,0,148,0,0,0,0,0,0,3,0,0,0,0,0,1,1,0,0,24,0,0,1,0,25,0,0,20,0,0,0,0,0,1,0,0
"ESP_033_MZB_LO_31","ESP_033_MZB_LO_31-24.06.2009","24.06.2009",2009,6,24,0,0,0,0,0,0,41,0,1046,0,0,0,0,0,0,1128,0,2,2,1265,0,0,0,0,0,1,0,0,0,0,0,0,0,0,0,6889,21,85,0,0,0,1291,0,6,1,1,0,9,0,41,0,0,0,44,0,1045,0,7628,0,0,150,161,0,2,0,0,285,0,5,80,0,0,1,0,0,0,0,0,0,225,0,0,0,0,0,0,43,1,3,0,0,0,1,43,0,0,25,0,0,0,0,2,0,0,340,0,0,0,0,0,8,0,0
"ESP_033_MZB_LO_31","ESP_033_MZB_LO_31-10.07.2012","10.07.2012",2012,7,10,0,0,1,0,0,0,0,0,100,0,0,0,0,0,0,80,0,0,0,2441,0,0,2,0,0,0,0,0,40,0,0,0,0,0,0,2085,1,80,0,0,0,2843,0,7,1,0,0,13,0,3,0,0,1,0,0,440,0,282,4,0,132,21,0,160,0,0,324,0,4,160,138,0,0,0,0,0,0,1,0,85,0,0,0,0,0,0,0,3,9,0,0,0,0,100,0,0,1,0,0,0,0,1,0,0,100,0,0,0,0,0,7,0,2
"ESP_033_MZB_LO_31","ESP_033_MZB_LO_31-15.07.2013","15.07.2013",2013,7,15,0,0,0,0,0,0,1,0,9765,0,0,0,0,0,0,0,0,7,0,1122,0,0,0,0,0,0,0,0,1,0,0,0,0,1,0,2722,40,1,0,0,0,8649,0,4,1,1,0,5,0,5,0,0,0,3,0,1,0,9285,0,0,85,482,0,0,0,0,323,0,15,1,1,0,0,0,0,0,0,0,0,481,5,0,0,0,0,0,1,1,1,0,0,0,0,0,0,0,85,0,0,0,0,1285,0,0,40,0,0,0,0,0,3,0,1
"ESP_033_MZB_LO_31","ESP_033_MZB_LO_31-23.07.2014","23.07.2014",2014,7,23,0,0,0,0,0,0,80,0,8,0,0,0,0,0,0,82,0,3,40,3360,0,0,0,0,1,0,0,0,0,0,0,0,0,1,0,5764,10,0,0,0,5,2404,0,3,8,3,0,3,0,2,0,0,0,11,0,480,0,47370,1,0,323,6,0,321,0,0,483,0,9,1441,2,0,0,0,0,1,0,1,0,320,0,0,0,0,0,0,166,0,163,0,0,0,160,320,0,0,12,0,0,0,1,0,0,0,480,0,2,0,0,0,0,0,0
"ESP_033_MZB_LO_31","ESP_033_MZB_LO_31-13.07.2015","13.07.2015",2015,7,13,0,0,0,0,0,0,2,0,480,0,0,0,0,0,0,320,0,1,0,800,0,0,0,0,1,0,0,0,0,0,0,0,0,0,0,643,160,21,0,0,0,8486,0,22,22,2,0,4,0,2,0,0,0,41,0,1,0,7529,0,0,14,162,0,160,0,0,483,0,6,40,24,0,2,0,0,0,0,1,0,1,0,0,0,0,0,0,2,0,163,0,0,0,0,0,0,0,2,0,0,0,0,512,0,0,40,0,0,0,0,0,1,0,0
"ESP_033_MZB_LO_31","ESP_033_MZB_LO_31-23.06.2017","23.06.2017",2017,6,23,0,0,0,0,0,0,6,0,0,0,0,0,0,0,0,445,0,0,144,417,0,0,1,0,2,0,0,0,0,0,0,1,2,1,0,993,0,225,0,0,0,4847,13482,101,1,0,0,1,0,0,0,0,0,1,0,72,0,0,2,0,52,124,0,0,0,0,28,0,27,0,74,0,0,0,0,1,0,2,0,1,0,0,0,0,0,0,1,3,1,0,0,0,24,0,0,0,0,0,0,0,1,98,0,0,72,0,0,0,0,0,0,0,0
"ESP_033_MZB_LO_4","ESP_033_MZB_LO_4-12.11.2006","12.11.2006",2006,11,12,0,0,0,0,0,0,0,0,29,0,0,0,0,0,0,3,0,0,0,34,0,0,0,0,0,0,0,0,0,0,0,0,0,0,0,0,0,0,0,0,0,17,0,0,0,0,0,0,0,0,0,0,0,0,0,0,0,3,0,0,1,0,0,0,0,0,0,0,0,0,0,0,0,0,0,0,0,0,0,3,0,0,0,0,0,0,0,0,0,0,0,0,0,0,0,0,0,0,0,0,0,0,0,0,0,0,0,0,0,0,3,0,0
"ESP_033_MZB_LO_4","ESP_033_MZB_LO_4-22.09.2011","22.09.2011",2011,9,22,0,0,6,2,0,0,0,0,1,0,0,0,0,0,0,5,0,0,0,50,0,0,0,0,0,0,0,0,0,0,0,1,26,0,0,101,41,0,0,0,0,1366,0,11,0,0,0,0,0,0,0,0,0,2,0,200,0,2124,0,0,45,100,0,0,0,0,0,0,0,2,0,0,0,0,0,0,389,0,0,9,0,0,0,0,0,0,0,0,0,0,0,1,0,0,0,0,0,600,0,0,0,0,0,0,6,0,0,0,0,0,0,0,0
"ESP_033_MZB_LO_4","ESP_033_MZB_LO_4-24.09.2012","24.09.2012",2012,9,24,0,0,0,0,0,0,0,0,0,0,0,0,0,0,0,0,0,0,0,0,0,0,0,0,0,0,0,0,0,0,0,1,0,0,0,221,0,0,0,0,0,0,0,2,0,0,0,0,0,0,0,0,0,0,0,0,0,5941,0,0,1,125,0,0,0,0,0,0,0,0,0,0,0,0,0,0,120,0,0,15,0,0,0,0,0,0,0,0,0,0,0,1,0,0,0,0,0,80,0,0,0,0,0,0,1,0,0,0,0,0,0,0,0
"ESP_033_MZB_LO_4","ESP_033_MZB_LO_4-17.09.2013","17.09.2013",2013,9,17,0,0,0,20,0,0,0,0,4926,0,0,0,0,0,0,0,0,0,0,201,0,0,0,0,0,0,0,0,0,0,0,0,6,0,0,283,2,0,0,0,0,3646,0,3,0,0,0,0,0,0,0,0,0,5,0,2,0,5932,0,0,523,200,0,0,0,0,0,0,0,21,0,0,1,0,0,0,12,0,0,0,0,0,0,0,1,0,2,0,0,0,0,1,0,0,0,0,7,0,0,0,0,45,0,0,0,0,0,0,0,0,1,0,0
"ESP_033_MZB_LO_4","ESP_033_MZB_LO_4-18.09.2014","18.09.2014",2014,9,18,0,0,2,6,0,0,0,0,4328,0,0,0,0,0,0,0,0,0,0,960,0,0,0,0,0,0,0,0,0,0,0,0,5,0,0,24,0,0,0,0,0,4966,0,0,0,0,0,0,0,0,0,0,0,2,0,320,0,9935,0,0,482,1284,0,0,0,0,0,0,0,1,0,0,0,0,0,0,325,0,0,0,0,0,0,0,0,0,0,0,0,0,0,5,0,0,0,0,2,0,0,0,0,22,0,0,0,0,0,0,0,0,2,0,0
"ESP_033_MZB_LO_4","ESP_033_MZB_LO_4-17.09.2015","17.09.2015",2015,9,17,0,0,0,20,0,0,0,0,4645,0,0,0,0,0,0,1,0,0,0,3921,0,0,0,0,0,0,0,0,0,0,0,0,2,0,0,645,30,0,0,0,0,8722,0,3,0,0,0,0,0,0,0,0,0,44,0,30,0,3447,0,0,1690,1201,0,0,0,0,0,0,0,241,0,0,0,0,0,0,19,0,0,5,0,0,0,0,0,0,0,0,0,0,0,3,0,0,0,0,2,0,0,0,0,7,0,0,0,0,0,0,0,0,0,0,0
"ESP_033_MZB_LO_4","ESP_033_MZB_LO_4-01.10.2017","01.10.2017",2017,10,1,0,0,0,31,0,0,0,0,1255,0,0,0,0,0,0,24,0,0,0,590,0,0,0,0,0,145,0,0,0,0,0,0,3,0,0,245,48,0,0,0,0,6585,2072,2,0,0,0,0,0,0,0,0,0,25,0,96,0,0,0,0,293,73,0,0,0,0,0,0,0,1,0,0,0,0,0,0,28,0,0,72,0,0,0,0,0,0,0,0,0,0,0,4,0,0,0,0,2,0,0,0,0,227,0,0,0,0,0,0,0,0,48,0,0
"ESP_033_MZB_LO_8","ESP_033_MZB_LO_8-30.07.2007","30.07.2007",2007,7,30,0,0,20,0,1,0,0,0,0,0,0,0,0,0,0,1,0,0,0,3755,0,0,0,0,0,1,0,0,0,0,0,0,0,4,0,0,0,0,0,0,0,0,0,0,1,0,0,0,0,0,0,1,0,0,0,0,0,0,0,0,0,0,0,0,0,0,0,0,0,0,0,0,0,0,0,0,0,0,0,2414,0,0,0,0,407,0,0,0,0,0,0,0,0,0,0,0,0,0,0,0,0,0,0,0,0,0,0,0,0,0,0,0,0
"ESP_033_MZB_LO_8","ESP_033_MZB_LO_8-02.07.2008","02.07.2008",2008,7,2,0,0,0,0,0,0,0,0,4662,0,0,0,0,0,0,0,0,0,0,9117,0,0,0,0,0,0,0,0,0,1,0,0,0,0,0,0,0,0,0,0,0,0,0,3,43,0,0,0,0,0,0,0,3,0,0,0,1,1,0,0,0,0,0,0,0,0,0,0,0,0,0,0,22,0,0,0,0,0,0,16807,0,0,0,0,13,0,0,0,0,0,0,0,0,0,0,0,0,0,0,0,0,41,0,0,0,0,0,0,0,0,0,0,0
"ESP_033_MZB_LO_8","ESP_033_MZB_LO_8-11.07.2011","11.07.2011",2011,7,11,0,0,0,0,0,0,0,0,40,0,0,0,0,0,0,25,0,0,0,12570,0,0,0,0,0,0,0,0,0,0,0,0,0,3,0,0,0,0,0,0,2,0,0,1,42,0,0,0,0,0,0,0,0,0,0,0,0,0,0,0,0,0,0,0,0,0,0,0,0,0,0,0,0,0,0,0,0,0,0,14106,0,0,0,0,21,0,0,0,0,0,0,1,1,0,0,0,0,0,0,0,0,961,0,0,0,0,0,0,0,0,0,0,0
"ESP_033_MZB_LO_8","ESP_033_MZB_LO_8-23.07.2012","23.07.2012",2012,7,23,0,0,0,0,0,0,0,0,160,0,0,0,0,0,0,80,0,0,0,10692,0,0,0,0,0,0,0,0,0,0,0,0,0,0,0,0,0,0,0,0,0,0,0,0,44,0,0,0,0,0,3,0,0,0,0,0,0,0,0,0,0,0,0,0,0,0,0,0,0,0,0,0,0,0,0,0,0,0,0,9440,0,0,0,0,3,0,0,0,0,0,0,1,0,0,0,0,0,0,0,0,0,2683,0,0,0,0,0,0,0,0,0,0,0
"ESP_033_MZB_LO_8","ESP_033_MZB_LO_8-11.07.2013","11.07.2013",2013,7,11,1,0,0,0,0,0,0,0,283,0,0,0,0,0,0,0,0,0,0,7854,0,0,0,0,0,0,0,0,0,0,0,0,0,0,0,0,0,0,0,0,0,0,0,1,1,0,0,0,0,0,1,0,0,0,0,0,0,0,1,0,0,0,0,0,0,0,0,0,0,0,0,0,0,0,0,0,0,1,0,12047,0,0,0,0,12,0,0,0,0,0,0,1,0,0,0,0,0,0,0,0,0,169,0,0,0,0,0,0,0,0,0,0,0
"ESP_033_MZB_LO_8","ESP_033_MZB_LO_8-13.08.2014","13.08.2014",2014,8,13,0,0,5,0,0,0,0,0,4723,0,0,0,0,0,0,202,0,0,0,14161,0,0,0,0,0,0,0,0,0,0,0,0,0,0,0,0,0,0,0,0,1,0,0,0,1441,0,0,0,0,0,10,0,0,0,0,0,0,0,0,0,1,1,0,0,0,0,0,0,0,0,0,0,1,0,0,0,0,0,0,9761,0,0,0,0,173,0,0,0,0,0,0,1,0,0,0,0,0,0,0,0,0,971,0,0,0,0,0,0,0,0,0,0,0
"ESP_033_MZB_LO_8","ESP_033_MZB_LO_8-09.07.2015","09.07.2015",2015,7,9,0,0,1,0,0,0,0,0,1,0,0,0,0,0,0,80,0,0,0,23209,0,0,0,0,0,1,0,803,0,0,0,0,0,2,0,0,0,0,0,6,0,0,0,3,800,0,0,0,0,0,0,0,0,0,0,0,0,0,0,1,1,0,0,0,0,0,0,0,0,0,0,0,0,0,0,0,0,0,0,19842,0,0,0,0,487,0,0,0,0,0,0,1,0,0,0,0,0,0,0,0,0,3207,0,0,0,0,0,0,0,0,0,0,0
"ESP_033_MZB_LO_8","ESP_033_MZB_LO_8-03.09.2017","03.09.2017",2017,9,3,0,0,1,0,0,0,0,0,1,0,0,0,0,0,0,34,0,0,0,1094,0,0,0,0,0,3,0,0,0,0,0,0,0,1,0,0,0,0,0,0,9,0,0,0,204,0,0,0,0,0,0,1,0,0,0,0,0,0,0,0,0,0,0,0,0,0,0,0,0,0,0,0,0,0,0,1,0,0,0,822,0,0,0,0,1745,0,0,0,0,0,0,24,0,0,0,0,0,0,0,0,0,251,0,0,0,0,0,0,0,25,0,0,0
"ESP_033_MZB_LO_9","ESP_033_MZB_LO_9-29.08.2007","29.08.2007",2007,8,29,0,0,2,0,0,0,0,0,262,0,0,0,0,0,0,703,0,23,0,622,0,0,1,0,0,0,0,0,0,0,0,0,0,0,0,21,1,0,0,0,0,2404,0,4,0,0,0,0,0,0,0,2,0,0,0,0,0,923,0,0,626,21,0,0,0,0,0,0,0,0,0,0,0,0,0,0,0,0,0,2,0,0,0,0,225,0,1,0,0,0,0,0,0,0,0,0,0,0,0,0,0,20,0,0,0,0,0,0,0,0,2,0,0
"ESP_033_MZB_LO_9","ESP_033_MZB_LO_9-31.07.2008","31.07.2008",2008,7,31,0,0,20,0,0,0,0,0,1385,0,0,0,0,0,0,523,0,1,0,1906,0,0,0,0,0,21,0,0,0,0,0,0,0,1,0,0,80,0,0,0,0,2,0,0,0,0,0,0,0,0,0,0,0,0,0,42,0,700,0,43,2,401,0,0,0,0,0,0,0,0,0,0,0,0,0,0,0,0,0,21,0,0,0,0,0,0,1,0,0,0,0,0,0,0,0,0,0,0,0,0,0,163,0,0,0,0,0,0,0,0,0,0,0
"ESP_033_MZB_LO_9","ESP_033_MZB_LO_9-05.09.2013","05.09.2013",2013,9,5,0,0,9,0,0,0,0,0,6729,0,0,0,0,0,0,403,0,1,0,1612,0,0,5,0,0,1,0,0,0,0,0,0,4,0,0,481,1,0,0,6,1,17002,0,13,0,0,0,0,0,0,0,0,0,0,0,0,0,2560,0,0,1205,573,0,0,0,0,0,0,0,0,0,0,0,0,0,1,0,0,0,14,0,0,0,0,40,0,0,0,0,0,0,0,0,0,0,0,0,1,0,0,0,11,0,0,0,0,0,0,0,0,23,0,0
"ESP_033_MZB_LO_9","ESP_033_MZB_LO_9-17.07.2014","17.07.2014",2014,7,17,0,0,1,0,0,0,0,4,3365,0,0,0,0,0,0,320,0,0,0,3522,0,0,0,0,0,3,0,0,0,1,0,0,2,1,0,82,0,0,0,0,2,16332,0,2,0,0,0,0,0,0,0,0,0,0,0,0,0,11880,0,0,484,41,0,0,0,0,0,0,0,0,0,0,1,0,0,0,0,2,0,321,0,0,0,0,322,0,0,0,0,0,0,0,0,0,0,0,0,0,0,0,0,325,0,0,1,0,0,0,0,0,0,0,0
"ESP_033_MZB_LO_9","ESP_033_MZB_LO_9-14.09.2015","14.09.2015",2015,9,14,0,0,0,0,0,0,0,0,4008,0,0,0,0,0,0,80,0,32,0,1601,0,0,2,0,0,0,0,0,0,0,0,0,0,0,0,43,0,0,0,0,2,323,0,2,0,0,0,0,0,0,0,0,0,0,0,1,0,28199,0,0,524,0,0,0,0,0,0,0,0,0,0,0,0,0,0,1,0,0,0,162,0,0,0,0,1,0,0,0,0,0,0,3,0,0,0,0,0,0,0,0,0,3,0,0,0,0,0,0,0,1,1,0,0
"ESP_033_MZB_LO_9","ESP_033_MZB_LO_9-30.08.2017","30.08.2017",2017,8,30,0,0,2,0,0,0,0,0,680,0,0,0,0,0,0,170,0,31,96,2148,0,0,175,0,0,1,0,0,0,1,0,0,0,24,0,0,0,0,0,1,0,99,315,1,0,0,0,0,0,25,0,0,0,0,0,0,0,0,0,25,225,24,0,0,0,0,0,0,0,0,1,0,0,0,0,0,0,0,0,2280,0,0,0,0,194,0,24,0,0,0,0,27,24,0,0,0,0,0,0,0,0,147,0,0,0,0,0,0,0,0,2,0,0
