"Unique.ID","Samp.ID","Sampling.date","year","month","day","AFGHANURUS JOERNENSIS","AGAPETUS OCHRIPES","AGRYPNIA SP.","AMELETUS INOPINATUS","AMPHINEMURA BOREALIS","AMPHINEMURA SULCICOLLIS","ASELLUS AQUATICUS","ATHERIX IBIS","ATHRIPSODES SP.","BAETIS DIGITATUS/NIGER","BAETIS MUTICUS","BAETIS RHODANI","BAETIS VERNUS-GR.","BATHYOMPHALUS CONTORTUS","CAENIS HORARIA","CAENIS RIVULORUM","CALLICORIXA SP.","CALOPTERYX VIRGO","CAPNIA SP.","CAPNOPSIS SCHILLERI SSP.","CENTROPTILUM LUTEOLUM","CERACLEA ANNULICORNIS","CERACLEA EXCISA","CERACLEA NIGRONERVOSA","CERATOPOGONIDAE GEN. SP.","CHEUMATOPSYCHE LEPIDA","CHIRONOMIDAE GEN. SP.","COENAGRION SP.","CORDULIIDAE GEN. SP.","CORIXA SP.","CYMATIAINAE GEN. SP.","DICRANOTA SP.","DIURA BICAUDATA","DIURA NANSENI","DIXIDAE GEN. SP.","DYTISCIDAE GEN. SP.","ELMIS AENEA","ELODES SP.","ELOEOPHILA SP.","EMPIDIDAE GEN. SP.","EPHEMERA DANICA","EPHEMERA VULGATA","EPHEMERELLA ARONI","EPHEMERELLA MUCRONATA","GAMMARUS LACUSTRIS","GLOSSIPHONIA COMPLANATA","GLOSSOSOMA INTERMEDIUM","GYRAULUS SP.","HABROPHLEBIA LAUTA","HELOBDELLA STAGNALIS","HEPTAGENIA DALECARLICA","HEPTAGENIA SULPHUREA","HOLOSTOMIS ATRATA","HYDRAENA SP.","HYDROPSYCHE ANGUSTIPENNIS SSP.","HYDROPSYCHE CONTUBERNALIS SSP.","HYDROPSYCHE PELLUCIDULA","HYDROPSYCHE SAXONICA","HYDROPSYCHE SILFVENII","HYDROPSYCHE SILTALAI","HYDROPTILA SP.","ISOPERLA SP.","ITHYTRICHIA LAMELLARIS","KAGERONIA FUSCOGRISEA","LEPIDOSTOMA HIRTUM","LEPTOPHLEBIA SP.","LEUCTRA DIGITATA/FUSCA/HIPPOPUS","LEUCTRA NIGRA","LIMNEBIUS SP.","LIMNEPHILIDAE GEN. SP.","LIMNIUS VOLCKMARI","LIMNOPHORA SP.","LYMNAEA STAGNALIS","LYPE SP.","MICRASEMA GELIDUM","MICRASEMA SETIFERUM SSP.","MOLANNA SP.","MOLANNODES TINCTUS","MYSTACIDES SP.","NEMOURA SP.","NEMURELLA PICTETII","NEURECLIPSIS BIMACULATA","OLIGOSTOMIS RETICULATA","OULIMNIUS TUBERCULATUS","OXYETHIRA SP.","PEDICIA SP.","PHILOPOTAMUS MONTANUS SSP.","PHRYGANEA SP.","PLANORBIS SP.","PLECTROCNEMIA CONSPERSA SSP.","POLYCENTROPUS FLAVOMACULATUS SSP.","POLYCENTROPUS IRRORATUS","PRIONOCERA TURCICA","PROCLOEON BIFIDUM","PROTONEMURA SP.","PSYCHODIDAE GEN. SP.","PTYCHOPTERA SP.","RADIX BALTHICA/LABIATA","SCIOMYZIDAE GEN. SP.","SERICOSTOMA PERSONATUM","SERRATELLA IGNITA","SIALIS SP.","SIGARA SP.","SILO PALLIPES","SIMULIIDAE GEN. SP.","SIPHONOPERLA BURMEISTERI","SPHAERIIDAE GEN. SP.","STAGNICOLA PALUSTRIS","STRATIOMYIDAE GEN. SP.","TAENIOPTERYX NEBULOSA","TIPULA SP.","VALVATA SP.","WORMALDIA SUBNIGRA","YLODES SP."
"FIN_013_MZB_LO_1","FIN_013_MZB_LO_1-01.09.2000","01.09.2000",2000,9,1,0,0,0,0,0,0,0,0,0,0,1,60,0,1,0,0,0,0,0,0,4,0,0,0,1,0,0,0,0,0,0,0,0,2,0,0,0,0,0,11,0,0,0,0,0,0,0,0,0,0,3,0,2,0,0,0,11,0,0,0,0,37,0,0,0,45,0,0,0,1,0,0,0,0,0,0,0,0,0,9,0,0,0,0,0,0,0,0,0,0,23,0,0,0,0,0,0,0,0,0,0,0,0,0,17,0,24,0,0,1,0,0,0,0
"FIN_013_MZB_LO_1","FIN_013_MZB_LO_1-01.09.2001","01.09.2001",2001,9,1,0,0,0,0,4,0,0,0,0,4,24,252,0,0,0,0,0,0,0,0,100,0,0,0,0,0,0,0,0,0,0,0,0,8,0,0,0,0,0,8,0,0,0,0,0,0,0,8,0,0,0,0,0,0,0,0,0,0,0,0,0,192,0,0,0,496,4,0,0,0,0,0,0,0,0,0,0,0,0,68,0,0,0,0,4,0,0,0,0,0,144,0,0,0,0,0,0,0,0,0,0,0,0,0,0,0,120,0,0,0,0,0,0,0
"FIN_013_MZB_LO_1","FIN_013_MZB_LO_1-01.09.2002","01.09.2002",2002,9,1,0,0,0,3,0,0,0,0,0,81,0,2,2,0,2,0,0,0,0,0,1,0,0,0,0,0,0,0,1,0,0,0,0,7,0,3,1,0,0,1,0,0,1,0,0,0,0,0,0,0,3,0,0,0,0,0,0,0,0,0,0,21,0,0,0,11,0,0,0,0,0,1,0,0,0,0,0,1,0,2,0,0,0,0,2,0,0,0,0,0,0,0,0,0,0,0,0,0,0,0,0,0,0,0,6,0,4,0,0,0,0,0,0,0
"FIN_013_MZB_LO_1","FIN_013_MZB_LO_1-01.09.2003","01.09.2003",2003,9,1,0,0,0,0,0,0,0,0,0,0,21,19,11,17,0,0,0,0,0,0,9,0,0,0,2,0,0,0,1,0,0,0,0,11,5,0,1,0,0,3,0,0,0,23,0,0,0,0,0,0,3,0,0,1,0,0,8,0,0,0,0,14,0,0,0,30,29,0,0,3,0,3,0,0,0,0,0,3,0,8,0,0,0,0,0,0,0,0,0,0,0,0,0,0,0,0,0,0,0,0,0,0,0,0,26,0,110,0,0,0,0,0,0,0
"FIN_013_MZB_LO_1","FIN_013_MZB_LO_1-01.09.2004","01.09.2004",2004,9,1,0,0,0,0,0,0,0,0,0,3,27,85,10,0,0,0,0,0,0,0,4,0,1,0,3,0,1,0,0,0,0,0,0,6,0,0,5,0,0,0,0,0,0,0,0,0,0,21,0,0,2,0,0,0,0,0,2,0,0,0,0,58,0,0,0,13,3,0,0,8,0,0,0,0,0,0,0,0,0,2,0,0,0,0,0,0,0,0,0,0,31,0,0,0,0,0,0,0,0,0,0,0,0,0,13,0,190,0,0,0,0,0,0,0
"FIN_013_MZB_LO_1","FIN_013_MZB_LO_1-01.09.2005","01.09.2005",2005,9,1,0,0,0,0,0,0,0,0,0,12,14,66,2,0,0,0,0,0,0,0,36,0,1,0,0,0,0,0,0,0,0,0,0,2,0,0,2,0,0,0,0,0,0,0,0,0,0,3,0,0,0,0,1,0,0,0,3,0,0,0,0,8,0,0,0,100,0,0,0,4,0,0,0,0,0,0,0,0,0,3,0,0,0,0,0,0,0,0,0,0,30,0,0,0,0,0,0,0,0,0,0,1,0,0,5,0,65,0,0,0,0,0,0,0
"FIN_013_MZB_LO_1","FIN_013_MZB_LO_1-01.09.2006","01.09.2006",2006,9,1,0,0,0,0,0,0,0,0,0,8,3,3,0,0,0,0,0,0,0,0,2,0,0,0,0,0,2,0,0,0,0,0,0,0,0,0,0,0,0,0,0,0,0,0,0,0,0,0,0,0,0,0,0,0,0,0,0,0,0,0,0,6,0,0,0,31,0,0,0,2,0,0,0,0,0,1,0,1,0,0,0,0,0,0,0,0,0,0,0,0,3,0,0,0,0,0,0,0,0,0,0,0,0,0,0,0,0,0,0,0,0,0,0,0
"FIN_013_MZB_LO_1","FIN_013_MZB_LO_1-01.09.2007","01.09.2007",2007,9,1,0,0,0,0,9,0,0,0,0,59,51,132,0,15,0,0,0,0,0,0,0,0,0,0,5,0,19,0,0,0,0,0,0,3,0,0,2,0,1,0,0,0,0,0,0,0,0,0,2,0,0,0,0,0,0,0,335,0,0,13,0,79,0,0,0,39,28,0,0,1,0,1,0,0,0,0,0,0,0,14,0,0,0,0,0,0,0,0,0,0,99,0,0,0,0,0,0,0,0,1,0,1,0,0,68,0,376,0,0,0,0,0,0,0
"FIN_013_MZB_LO_1","FIN_013_MZB_LO_1-01.09.2008","01.09.2008",2008,9,1,0,0,0,0,0,0,0,0,0,201,109,614,38,0,0,0,0,0,0,0,0,0,2,1,0,0,8,0,0,0,0,0,0,9,0,0,5,0,2,2,1,0,0,0,0,0,0,20,11,0,0,0,0,2,0,0,86,26,0,8,0,96,0,0,1,130,76,0,0,1,0,0,0,0,0,0,0,0,0,21,0,0,0,0,0,0,0,0,0,0,257,0,0,0,0,0,0,0,0,1,3,1,0,0,88,0,1844,1,0,0,0,0,0,0
"FIN_013_MZB_LO_1","FIN_013_MZB_LO_1-01.09.2009","01.09.2009",2009,9,1,0,0,0,0,0,0,0,0,0,248,114,712,0,0,0,0,0,0,0,0,1,0,0,0,1,0,20,0,0,0,0,0,0,0,0,0,8,1,0,18,0,0,0,0,0,1,0,15,0,0,0,0,0,1,0,0,170,10,0,32,0,293,0,0,3,16,102,0,0,4,0,2,0,0,0,0,0,0,0,13,0,0,0,1,0,0,0,1,0,0,141,0,0,0,1,0,0,0,0,0,0,0,0,0,247,0,311,0,0,5,0,0,0,0
"FIN_013_MZB_LO_1","FIN_013_MZB_LO_1-01.09.2010","01.09.2010",2010,9,1,0,0,1,0,0,0,0,0,0,26,11,45,0,9,0,0,0,1,0,0,0,0,0,1,5,0,184,0,1,0,0,0,0,5,0,0,5,0,0,6,0,0,0,0,0,1,0,5,0,0,1,0,0,1,0,0,256,0,0,0,1,91,0,0,1,0,30,0,0,0,0,3,0,0,0,0,0,0,0,13,0,0,0,0,0,0,0,0,0,0,91,0,0,0,0,0,0,0,0,0,1,3,0,0,69,0,437,0,0,1,1,0,0,1
"FIN_013_MZB_LO_1","FIN_013_MZB_LO_1-01.09.2011","01.09.2011",2011,9,1,0,0,0,0,1,0,6,0,0,41,17,45,50,5,0,0,0,0,0,0,0,0,0,10,5,0,411,0,1,0,0,0,0,1,0,0,44,0,0,13,0,0,0,0,0,0,0,11,0,0,4,0,0,4,0,0,284,0,0,0,5,153,0,0,6,0,27,0,0,1,0,0,0,0,1,0,0,1,0,59,0,0,0,3,2,0,0,0,0,0,115,0,0,0,0,0,0,0,0,0,2,9,0,0,11,0,476,1,0,0,0,0,0,0
"FIN_013_MZB_LO_1","FIN_013_MZB_LO_1-01.09.2012","01.09.2012",2012,9,1,0,0,0,0,0,0,0,0,0,4,8,223,8,11,0,0,0,0,0,0,4,0,30,0,0,0,28,0,0,0,0,0,15,0,0,0,12,0,0,0,0,0,0,0,0,0,0,0,5,0,3,1,1,4,0,0,101,0,0,0,0,68,0,2,3,86,35,0,0,21,0,0,0,0,0,0,0,11,0,64,0,0,0,0,0,0,0,0,0,0,19,0,0,0,0,0,0,0,0,0,2,6,0,0,17,0,594,0,0,2,0,0,0,0
"FIN_013_MZB_LO_1","FIN_013_MZB_LO_1-01.09.2013","01.09.2013",2013,9,1,0,0,0,0,0,0,0,0,0,14,8,71,1,5,0,0,0,0,0,0,2,0,45,0,1,0,42,0,0,0,0,0,3,0,0,0,22,0,1,2,0,0,0,0,0,1,0,1,7,0,1,0,0,0,0,0,157,3,0,1,0,85,0,0,9,223,47,0,0,3,0,0,0,0,0,0,0,0,0,51,0,0,0,0,0,0,1,0,1,0,129,0,0,0,0,0,0,0,0,0,0,8,0,0,11,0,543,1,0,1,0,0,0,0
"FIN_013_MZB_LO_1","FIN_013_MZB_LO_1-01.09.2014","01.09.2014",2014,9,1,0,0,0,0,0,0,0,0,0,59,6,129,1,6,0,0,0,0,0,0,1,0,5,0,0,0,142,0,0,0,0,0,7,0,0,0,3,0,0,0,0,0,0,0,0,0,0,0,0,0,6,0,0,1,5,0,101,0,0,3,0,19,0,0,7,0,10,0,0,0,0,0,0,0,0,0,0,0,0,5,0,0,0,0,0,0,0,0,0,0,29,0,0,0,0,0,0,0,0,0,0,2,0,0,27,0,5,0,0,0,0,0,0,0
"FIN_013_MZB_LO_10","FIN_013_MZB_LO_10-01.09.2000","01.09.2000",2000,9,1,0,0,0,4,4,0,0,0,0,0,10,615,0,0,0,0,0,0,0,0,0,0,0,0,65,0,0,0,0,0,0,0,0,20,0,0,219,0,0,75,0,0,3,0,0,0,1,1,4,0,61,0,0,50,6,0,0,85,0,0,0,15,0,0,12,0,148,0,0,13,36,0,0,0,4,0,0,0,0,15,0,0,0,0,0,0,12,0,0,0,2,0,4,0,113,77,0,0,0,27,0,1,0,2,234,26,0,0,0,3,0,0,0,0
"FIN_013_MZB_LO_10","FIN_013_MZB_LO_10-01.09.2001","01.09.2001",2001,9,1,0,4,0,0,0,0,0,0,0,2,46,248,0,0,0,0,0,0,0,0,0,0,0,0,0,0,0,0,0,0,0,6,0,24,2,0,114,0,0,0,0,0,0,0,0,0,8,0,0,0,34,0,0,34,0,0,0,166,0,0,0,2,0,0,0,0,40,0,0,2,62,0,0,0,0,0,0,0,0,46,0,0,0,0,0,0,20,0,0,0,0,0,0,0,14,2,0,0,0,14,0,0,0,0,44,20,0,0,0,0,0,0,0,0
"FIN_013_MZB_LO_10","FIN_013_MZB_LO_10-01.09.2002","01.09.2002",2002,9,1,0,0,0,2,0,0,0,0,0,0,48,240,0,0,0,0,0,0,0,0,0,0,0,0,0,0,0,0,0,0,0,0,0,6,0,0,66,0,0,4,0,0,0,0,0,0,0,2,0,0,18,0,0,64,0,0,0,14,0,0,0,16,0,0,0,0,46,0,0,0,8,0,0,0,0,0,0,0,0,30,0,0,0,2,0,0,0,0,0,0,0,0,0,0,44,30,0,0,0,12,0,0,0,0,70,6,0,0,0,0,0,0,0,0
"FIN_013_MZB_LO_10","FIN_013_MZB_LO_10-01.09.2003","01.09.2003",2003,9,1,0,1,0,20,1,0,0,0,0,176,143,351,0,0,0,1,0,0,0,2,0,0,0,0,0,1,0,0,0,0,0,1,0,4,15,0,61,0,0,0,0,0,0,0,0,0,4,0,159,0,20,0,0,28,0,0,0,21,0,0,0,5,0,1,3,0,110,0,0,10,24,0,0,0,0,0,0,2,0,35,0,0,0,0,0,0,2,0,0,1,0,0,0,0,1,5,0,0,0,8,0,2,0,6,17,5,0,0,0,0,0,0,0,0
"FIN_013_MZB_LO_10","FIN_013_MZB_LO_10-01.09.2004","01.09.2004",2004,9,1,0,0,0,3,0,0,0,0,0,20,325,349,0,0,0,0,0,0,0,0,0,0,0,0,3,0,0,0,0,0,0,3,0,2,0,0,192,0,0,4,0,0,0,0,0,0,2,0,26,0,56,0,0,16,0,0,0,6,0,1,0,2,3,0,3,0,38,0,0,1,17,0,0,0,0,0,0,0,0,1,0,0,0,0,0,0,1,0,0,0,0,0,0,0,24,21,0,0,0,5,0,2,0,3,14,30,0,0,0,3,0,0,0,0
"FIN_013_MZB_LO_10","FIN_013_MZB_LO_10-01.09.2005","01.09.2005",2005,9,1,0,1,0,1,0,0,0,0,0,12,94,374,0,0,0,0,0,0,0,0,0,0,0,0,0,0,0,0,0,0,0,2,0,6,0,0,42,0,0,0,0,0,0,0,0,0,1,0,10,0,38,0,0,19,0,0,0,16,0,0,0,3,0,0,0,0,41,0,0,1,14,0,0,0,6,0,0,0,0,14,0,0,0,0,0,0,2,0,0,0,0,0,0,0,25,59,0,0,0,7,0,0,0,0,37,17,0,0,0,0,0,0,0,0
"FIN_013_MZB_LO_10","FIN_013_MZB_LO_10-01.09.2006","01.09.2006",2006,9,1,0,0,0,15,15,0,0,0,0,85,134,71,0,0,0,0,0,0,0,1,0,0,0,0,11,0,0,0,0,0,0,1,0,9,0,0,17,1,0,3,0,0,1,0,0,0,1,0,74,0,29,0,0,6,0,0,0,5,0,0,0,1,0,0,1,0,70,0,0,20,8,0,0,0,5,0,0,0,0,29,0,0,0,0,0,0,2,0,0,0,0,0,0,0,2,23,0,0,0,16,0,0,0,2,14,14,0,0,1,1,0,0,0,0
"FIN_013_MZB_LO_10","FIN_013_MZB_LO_10-01.09.2007","01.09.2007",2007,9,1,0,0,0,3,2,0,0,0,0,0,32,289,0,0,0,0,0,0,0,0,0,0,0,0,2,0,0,0,0,0,0,5,0,9,1,0,37,0,1,0,0,0,0,0,0,0,1,0,34,0,34,0,0,23,0,0,0,31,0,0,0,1,0,0,0,0,53,0,0,8,4,0,0,0,1,0,0,0,0,19,0,0,0,0,0,0,1,0,0,0,0,0,0,0,10,17,0,0,0,11,0,1,0,4,70,41,0,0,0,0,0,0,0,0
"FIN_013_MZB_LO_10","FIN_013_MZB_LO_10-01.09.2008","01.09.2008",2008,9,1,0,4,0,3,0,0,0,0,0,34,68,846,0,0,0,0,0,0,0,0,0,0,0,0,0,0,0,0,0,0,0,4,0,28,0,0,65,0,0,2,0,0,0,0,0,0,2,0,53,0,132,0,0,69,0,0,0,38,0,1,0,4,0,0,7,0,44,0,0,8,41,0,0,0,1,0,0,0,0,31,0,0,0,0,0,0,44,0,0,0,1,0,1,0,7,27,0,0,0,73,0,2,0,14,23,25,0,0,0,4,0,0,2,0
"FIN_013_MZB_LO_10","FIN_013_MZB_LO_10-01.09.2009","01.09.2009",2009,9,1,0,20,0,0,35,0,0,0,0,12,112,1120,0,0,0,0,0,0,0,0,0,0,0,0,16,0,0,0,0,0,0,17,0,6,0,0,129,4,0,29,0,0,0,0,0,0,0,0,4,0,175,0,0,122,0,0,0,49,0,38,0,35,0,0,4,0,215,0,0,8,26,0,0,0,12,0,0,0,0,20,0,0,0,1,0,0,14,0,0,0,0,0,1,0,107,338,0,0,0,44,0,1,0,5,138,28,0,0,0,0,0,0,0,0
"FIN_013_MZB_LO_10","FIN_013_MZB_LO_10-01.09.2010","01.09.2010",2010,9,1,1,0,0,0,1,0,0,0,0,0,1,182,0,0,0,0,0,0,0,0,0,0,0,0,1,0,0,0,0,0,0,0,0,12,0,0,81,0,0,2,0,0,0,0,0,0,0,0,1,0,96,0,0,130,0,0,0,13,0,28,0,10,0,0,7,0,63,0,0,0,23,0,0,0,11,4,0,0,0,38,0,0,0,0,0,0,41,0,0,0,3,0,4,0,33,26,0,0,0,8,0,1,0,3,123,0,0,0,0,0,0,0,0,0
"FIN_013_MZB_LO_10","FIN_013_MZB_LO_10-01.09.2011","01.09.2011",2011,9,1,0,2,0,33,3,0,0,0,0,76,118,349,0,0,0,0,0,0,0,0,0,0,0,0,1,0,0,0,0,0,0,0,0,11,0,0,141,2,0,13,0,0,0,0,0,0,0,0,121,0,20,0,0,51,0,0,0,2,0,1,0,0,3,0,39,0,39,0,0,7,24,1,0,0,11,0,0,0,0,41,0,0,0,0,0,0,0,0,0,0,0,0,0,0,14,12,0,0,0,50,0,22,0,6,64,12,0,0,0,0,0,0,0,0
"FIN_013_MZB_LO_10","FIN_013_MZB_LO_10-01.09.2012","01.09.2012",2012,9,1,0,1,0,19,5,0,0,0,0,14,143,1007,0,0,0,0,0,0,0,0,0,0,0,0,13,0,0,0,0,0,0,1,0,4,0,0,122,3,1,67,0,0,0,0,0,0,1,0,50,0,67,0,0,104,11,0,0,44,0,13,0,9,0,0,4,0,270,0,0,15,26,3,0,0,3,0,0,0,0,73,0,0,0,0,0,0,78,0,0,0,0,0,1,0,36,202,0,0,0,13,0,5,0,9,290,25,0,0,0,0,0,0,5,0
"FIN_013_MZB_LO_10","FIN_013_MZB_LO_10-01.09.2013","01.09.2013",2013,9,1,0,0,0,2,1,0,0,0,0,8,221,476,0,0,0,0,0,0,0,0,0,0,0,0,7,0,1,0,0,0,0,0,0,19,1,1,240,1,0,44,0,0,0,0,0,0,0,0,68,0,122,0,0,114,0,0,0,47,0,46,0,21,1,0,26,2,194,0,0,13,15,0,0,0,4,0,0,0,0,10,0,0,0,0,0,0,1,0,0,0,1,0,1,0,0,23,0,0,0,27,0,1,0,4,34,29,0,0,0,1,0,0,0,0
"FIN_013_MZB_LO_10","FIN_013_MZB_LO_10-01.09.2014","01.09.2014",2014,9,1,0,0,0,0,0,0,0,0,0,9,18,283,0,0,0,0,0,0,0,0,0,0,0,0,0,0,0,0,0,0,0,0,0,10,0,0,25,0,0,1,0,0,0,0,0,0,0,0,10,0,57,0,0,15,0,0,0,6,0,18,0,3,0,0,1,0,23,0,0,1,9,0,0,0,1,0,0,0,0,23,0,0,0,0,0,0,7,0,0,0,0,0,0,0,9,0,0,0,0,4,0,0,0,0,29,4,0,0,0,0,0,0,0,0
"FIN_013_MZB_LO_2","FIN_013_MZB_LO_2-01.09.2000","01.09.2000",2000,9,1,0,0,0,0,0,0,0,0,0,4,0,3,0,0,0,0,0,0,0,0,0,0,0,0,1,0,0,0,0,0,0,0,0,4,0,0,0,0,0,0,0,0,0,0,0,0,0,4,9,0,7,3,0,1,0,0,0,0,1,0,0,0,0,0,0,2,0,0,0,0,1,0,0,0,0,0,0,0,0,1,0,0,0,4,0,0,0,0,0,0,11,0,0,0,0,0,0,1,0,1,0,0,0,0,2,2,14,2,0,1,0,1,0,0
"FIN_013_MZB_LO_2","FIN_013_MZB_LO_2-01.09.2001","01.09.2001",2001,9,1,0,0,0,4,0,0,0,0,0,0,1114,1226,0,0,0,0,0,0,0,2,0,0,0,0,0,0,0,0,0,0,0,2,0,24,0,0,86,0,0,0,0,0,80,0,2,0,0,0,0,0,12,0,0,32,0,0,0,0,0,0,0,276,0,0,0,0,46,40,0,0,0,0,0,0,4,0,0,0,0,34,0,0,0,0,0,0,26,0,0,8,0,0,14,0,0,90,0,0,0,0,0,0,0,0,360,0,0,0,0,32,0,0,0,0
"FIN_013_MZB_LO_2","FIN_013_MZB_LO_2-01.09.2002","01.09.2002",2002,9,1,0,0,0,0,0,0,0,0,0,0,2280,738,0,0,0,0,0,0,0,0,0,0,0,0,0,0,0,0,0,0,0,8,0,24,0,2,92,0,0,12,0,0,140,0,0,0,0,0,2,0,10,0,0,54,0,0,0,0,0,0,0,366,0,0,0,0,110,38,0,0,0,0,0,0,6,0,0,0,0,130,0,0,0,0,2,0,64,0,0,46,0,0,6,0,0,74,0,0,0,0,0,0,0,0,234,2,0,0,0,28,0,0,0,0
"FIN_013_MZB_LO_2","FIN_013_MZB_LO_2-01.09.2003","01.09.2003",2003,9,1,0,0,0,0,0,0,0,0,0,0,1782,240,0,0,0,2,0,0,0,0,0,0,0,0,0,0,2,0,0,0,0,20,0,6,0,0,32,0,0,0,0,0,20,0,0,0,0,0,0,0,0,0,0,4,0,0,0,0,0,0,0,380,0,0,0,0,150,37,0,0,0,0,0,0,14,0,0,0,0,66,0,0,0,0,0,0,9,0,0,15,0,0,4,0,0,12,0,1,0,0,0,0,0,0,70,0,0,0,0,46,0,0,0,0
"FIN_013_MZB_LO_2","FIN_013_MZB_LO_2-01.09.2004","01.09.2004",2004,9,1,0,0,0,28,0,0,0,0,0,0,1760,708,0,0,0,0,0,0,0,0,0,0,0,0,0,0,0,0,0,0,0,41,0,42,0,0,680,0,0,1,0,0,65,0,5,0,0,0,0,0,9,0,0,120,0,0,0,0,0,0,0,137,0,0,0,0,104,42,0,4,0,0,0,0,29,0,0,0,0,80,8,0,0,0,0,0,6,0,0,11,0,0,0,0,0,449,0,0,0,1,0,0,0,1,510,48,0,0,0,53,0,0,0,0
"FIN_013_MZB_LO_2","FIN_013_MZB_LO_2-01.09.2005","01.09.2005",2005,9,1,0,0,0,4,0,0,0,0,0,0,1096,460,0,0,0,0,0,0,0,0,0,0,0,0,0,0,0,0,0,0,0,9,0,1,0,4,120,0,0,0,0,0,101,0,6,0,0,0,0,0,4,0,0,61,0,0,0,0,0,0,0,268,0,0,0,0,12,4,0,0,0,0,0,0,5,0,0,0,0,116,8,0,0,0,0,0,21,0,0,14,0,0,17,0,0,281,0,0,0,0,0,0,0,0,421,0,0,0,0,48,0,0,0,0
"FIN_013_MZB_LO_2","FIN_013_MZB_LO_2-01.09.2006","01.09.2006",2006,9,1,0,0,0,0,0,0,0,0,0,0,15,4,0,0,0,0,0,0,1,1,0,0,0,0,0,0,0,0,0,0,0,2,0,1,0,0,4,0,0,0,0,0,14,0,1,0,0,0,0,0,0,0,0,0,0,0,0,0,0,0,0,66,0,0,0,0,1,0,0,0,0,0,0,0,0,0,0,0,0,18,0,0,0,0,0,0,0,0,0,0,0,0,1,0,0,3,0,0,0,0,0,0,0,0,1,0,0,1,0,1,0,0,0,0
"FIN_013_MZB_LO_2","FIN_013_MZB_LO_2-01.09.2007","01.09.2007",2007,9,1,0,0,0,0,0,0,0,0,0,3,307,25,0,0,0,0,0,0,0,1,0,0,0,0,1,0,0,0,0,0,0,9,0,10,0,1,127,0,0,0,0,0,80,0,2,0,0,0,1,0,1,0,0,8,0,0,0,0,0,0,0,119,0,0,0,0,72,7,0,1,0,0,0,0,3,0,0,0,0,17,2,0,0,0,0,0,2,0,0,6,0,0,0,0,0,104,0,0,0,0,0,0,0,0,38,8,0,0,0,38,0,0,0,0
"FIN_013_MZB_LO_2","FIN_013_MZB_LO_2-01.09.2008","01.09.2008",2008,9,1,0,0,0,0,0,0,0,0,0,0,784,872,0,0,0,0,0,0,0,0,0,0,0,0,1,0,0,0,0,0,0,8,0,22,0,2,907,1,1,5,0,0,367,0,48,0,0,0,0,0,14,0,0,54,0,0,0,0,0,0,0,794,0,0,0,0,41,63,0,8,0,0,0,0,24,0,0,0,0,5,1,0,0,0,0,0,83,0,0,37,0,0,3,0,1,26,0,0,0,1,0,0,0,0,187,3,0,1,0,489,0,0,0,0
"FIN_013_MZB_LO_2","FIN_013_MZB_LO_2-01.09.2009","01.09.2009",2009,9,1,0,0,0,0,0,0,0,0,0,0,1952,275,0,0,0,0,0,0,0,0,0,0,0,0,4,0,1,0,0,0,0,4,0,5,0,1,224,0,0,17,0,0,235,0,19,0,0,0,5,0,3,0,0,34,0,0,0,0,0,0,0,359,0,0,0,2,110,48,0,4,0,0,0,0,8,0,0,0,0,60,3,0,0,0,0,0,33,0,0,11,0,0,6,0,2,27,0,0,0,0,0,0,0,0,516,7,0,0,0,37,0,0,0,0
"FIN_013_MZB_LO_2","FIN_013_MZB_LO_2-01.09.2010","01.09.2010",2010,9,1,0,0,0,0,1,0,0,0,0,72,472,1004,0,0,0,0,0,0,0,0,0,0,0,0,0,0,0,0,0,0,0,2,0,10,0,1,373,2,0,9,0,0,40,0,2,0,0,0,0,0,2,0,0,71,0,0,0,0,0,0,0,71,0,0,0,0,24,3,0,1,0,0,0,0,2,0,0,0,0,93,0,0,0,0,0,0,113,0,0,0,14,0,14,0,1,21,0,0,0,0,0,0,0,0,169,0,0,0,0,17,0,0,0,0
"FIN_013_MZB_LO_2","FIN_013_MZB_LO_2-01.09.2011","01.09.2011",2011,9,1,0,0,0,4,0,0,0,0,0,0,1876,408,0,0,0,0,0,0,0,0,0,0,0,0,0,0,4,0,0,0,0,6,0,22,0,1,827,3,2,28,0,0,136,0,32,0,0,0,0,0,2,0,0,56,0,0,0,0,0,0,0,500,0,0,0,0,100,0,1,11,0,0,0,0,74,0,0,0,0,924,1,0,0,0,4,0,0,0,0,40,0,0,6,0,4,93,0,0,0,0,0,0,0,0,72,4,0,0,0,130,0,0,0,0
"FIN_013_MZB_LO_2","FIN_013_MZB_LO_2-01.09.2012","01.09.2012",2012,9,1,0,0,0,1,0,0,0,0,0,0,1992,980,0,0,0,0,0,0,0,0,0,0,0,0,3,0,1,0,0,0,0,4,0,14,0,1,591,11,1,8,0,0,54,0,19,0,0,0,7,0,0,0,0,42,0,0,0,0,0,0,0,356,0,0,0,2,89,0,0,1,0,0,0,0,27,0,0,0,0,178,3,0,0,0,0,0,0,0,0,65,0,0,3,0,21,6,0,0,0,0,0,0,0,0,207,0,0,0,0,75,0,0,0,0
"FIN_013_MZB_LO_2","FIN_013_MZB_LO_2-01.09.2013","01.09.2013",2013,9,1,0,0,0,4,0,0,0,0,0,0,2183,245,0,0,0,0,0,0,1,0,0,0,0,0,2,0,5,0,0,0,0,9,0,3,1,2,417,0,1,3,0,0,89,0,45,0,0,0,0,0,2,0,0,28,0,0,0,0,0,0,0,738,0,0,0,1,114,24,0,0,0,0,0,0,10,0,0,0,0,178,0,0,0,0,2,0,2,0,0,28,0,0,0,0,0,5,0,0,0,0,0,1,0,0,60,1,0,0,0,151,0,0,0,0
"FIN_013_MZB_LO_2","FIN_013_MZB_LO_2-01.09.2014","01.09.2014",2014,9,1,0,0,0,1,0,0,0,0,0,0,486,98,0,0,0,0,0,0,0,0,0,0,0,0,0,0,0,0,0,0,0,3,0,4,0,0,172,0,0,0,0,0,73,0,15,0,0,0,0,0,3,0,0,24,0,0,0,0,0,0,0,103,0,0,0,0,4,9,0,0,0,0,0,0,0,0,0,0,0,47,0,0,0,0,0,0,0,0,0,16,0,0,8,0,28,0,0,0,0,0,0,0,0,0,24,1,0,0,0,99,0,0,0,0
"FIN_013_MZB_LO_3","FIN_013_MZB_LO_3-01.09.2000","01.09.2000",2000,9,1,0,0,0,0,0,0,0,0,0,20,28,165,9,1,0,0,1,0,0,0,0,0,0,0,0,0,0,0,0,0,0,0,0,4,0,0,141,0,0,0,0,0,0,0,0,0,0,0,0,0,3,0,0,1,33,0,71,6,0,0,0,70,0,0,0,0,18,0,0,0,0,0,0,0,103,0,0,0,0,1,0,0,0,0,0,0,0,0,0,0,0,0,1,0,0,0,0,0,0,34,0,0,0,0,69,0,4,0,0,0,0,0,0,0
"FIN_013_MZB_LO_3","FIN_013_MZB_LO_3-01.09.2001","01.09.2001",2001,9,1,0,0,0,0,0,0,0,0,0,0,376,1312,0,4,0,0,0,0,0,0,0,0,0,0,0,0,0,0,0,0,0,0,0,4,0,0,616,4,0,56,0,0,0,0,0,0,0,0,0,0,12,0,0,4,0,0,142,94,0,0,0,68,0,0,40,0,52,4,0,4,0,0,0,0,304,0,0,0,0,0,0,0,0,0,0,0,0,0,0,1,3,0,0,0,0,0,0,0,0,88,0,0,0,0,112,0,0,0,0,0,0,0,0,0
"FIN_013_MZB_LO_3","FIN_013_MZB_LO_3-01.09.2002","01.09.2002",2002,9,1,0,0,0,0,0,0,0,0,0,0,29,106,27,248,0,0,0,0,0,0,0,0,45,0,2,0,1,0,0,0,0,0,0,15,0,0,18,0,0,1,0,0,1,0,0,0,0,0,0,0,15,0,0,3,0,0,0,0,0,0,0,469,0,0,1,1,0,0,0,0,0,0,0,0,422,0,0,1,0,4,0,0,0,0,0,0,0,0,0,0,0,0,3,0,0,0,0,0,1,0,0,0,0,0,214,0,0,0,0,0,0,0,0,0
"FIN_013_MZB_LO_3","FIN_013_MZB_LO_3-01.09.2003","01.09.2003",2003,9,1,0,0,0,0,0,0,0,0,0,0,50,519,349,664,0,0,0,0,0,0,0,0,172,2,2,0,0,2,0,0,0,0,0,16,2,0,2,0,0,0,0,0,2,0,0,0,0,0,0,0,12,0,0,6,0,0,2,0,0,0,0,0,0,0,2,0,8,0,0,2,0,0,0,0,90,0,0,6,0,2,0,2,0,0,0,0,0,0,0,0,0,0,0,0,0,4,0,0,0,2,0,0,0,0,2520,0,38,0,0,0,2,0,0,0
"FIN_013_MZB_LO_3","FIN_013_MZB_LO_3-01.09.2004","01.09.2004",2004,9,1,0,0,0,0,0,3,0,0,0,0,543,1599,7,220,0,0,0,0,0,0,0,0,101,0,39,0,3,0,0,0,0,0,0,0,0,0,3,0,0,0,0,0,47,0,0,0,0,0,0,0,0,0,0,6,0,0,0,8,0,0,0,34,0,0,19,0,0,0,0,6,0,26,0,0,121,0,0,0,0,35,0,0,0,0,0,0,0,0,0,0,0,0,0,0,0,6,0,6,0,1,0,0,0,0,408,0,177,0,0,0,0,1,0,0
"FIN_013_MZB_LO_3","FIN_013_MZB_LO_3-01.09.2005","01.09.2005",2005,9,1,0,0,0,0,0,0,1,0,0,2,464,265,1,36,1,0,0,0,0,0,1,0,5,0,0,0,0,0,1,0,0,0,0,5,0,0,0,0,0,0,0,0,1,0,0,0,0,0,0,0,2,0,0,0,0,0,0,31,0,0,0,21,0,0,2,0,0,0,0,0,0,1,0,0,0,0,0,2,0,19,0,0,0,0,0,0,0,0,0,0,0,0,0,0,1,0,0,0,0,3,0,0,0,0,72,0,400,0,0,0,0,0,0,0
"FIN_013_MZB_LO_3","FIN_013_MZB_LO_3-01.09.2006","01.09.2006",2006,9,1,0,0,0,0,0,0,0,0,0,0,4,2,0,1,0,0,0,0,0,0,0,0,0,0,1,0,0,0,0,0,0,1,0,0,0,0,0,0,0,0,0,0,0,0,0,0,0,0,0,0,2,0,0,0,0,0,2,6,0,0,0,5,0,0,0,0,0,0,0,0,0,17,0,0,2,0,0,0,0,0,0,0,0,0,0,0,0,0,0,0,0,0,0,0,0,0,0,0,0,0,0,0,0,0,1,0,1,0,0,0,0,0,0,0
"FIN_013_MZB_LO_3","FIN_013_MZB_LO_3-01.09.2007","01.09.2007",2007,9,1,0,0,0,0,0,0,0,0,0,0,111,243,0,15,0,0,0,0,0,0,0,0,4,0,16,0,1,0,0,0,0,0,0,28,0,0,13,3,0,0,0,0,19,0,0,0,0,0,0,0,51,0,0,3,0,0,4,93,0,0,0,165,0,0,38,1,1,0,0,3,0,14,0,0,66,0,0,0,0,45,0,0,0,0,0,0,0,0,0,0,0,0,0,0,0,0,0,0,0,8,0,0,0,0,23,0,85,0,0,0,0,0,0,0
"FIN_013_MZB_LO_3","FIN_013_MZB_LO_3-01.09.2008","01.09.2008",2008,9,1,1,0,0,0,0,0,0,0,0,11,87,592,0,0,0,0,0,0,0,0,0,0,10,0,3,0,0,0,0,0,0,0,0,11,0,0,16,3,0,1,0,0,38,0,0,0,0,0,0,0,47,0,0,14,0,0,3,56,0,0,0,232,0,0,80,0,21,0,0,0,1,30,0,0,453,0,0,0,0,92,0,0,0,0,0,0,0,0,0,0,0,0,0,0,1,17,0,0,0,35,0,0,0,0,35,0,56,1,0,0,3,0,0,0
"FIN_013_MZB_LO_3","FIN_013_MZB_LO_3-01.09.2009","01.09.2009",2009,9,1,0,0,0,0,0,0,0,0,0,164,1444,3008,0,0,0,0,0,0,0,0,0,0,9,0,7,0,2,0,0,0,0,1,0,4,0,0,9,17,0,23,0,0,88,0,0,0,0,12,0,0,34,0,0,3,0,0,19,36,0,0,0,1256,0,0,163,0,66,0,0,37,0,28,0,0,1562,0,0,0,0,616,0,2,0,0,0,0,0,0,0,0,0,0,0,0,0,11,0,1,0,28,0,0,0,0,164,0,18,0,0,0,12,1,0,0
"FIN_013_MZB_LO_3","FIN_013_MZB_LO_3-01.09.2010","01.09.2010",2010,9,1,0,0,0,0,0,0,0,0,1,0,160,1082,0,0,0,1,0,0,0,0,0,0,4,0,3,0,0,0,0,0,0,0,0,43,0,0,45,0,0,8,0,0,4,0,0,0,0,1,0,0,32,0,0,27,0,0,28,62,0,0,0,408,0,0,169,0,83,0,0,0,0,2,0,0,1215,0,0,0,0,21,0,0,0,0,0,0,0,0,24,0,1,0,1,0,0,12,0,0,0,15,0,0,0,0,82,0,7,0,0,0,2,0,0,0
"FIN_013_MZB_LO_3","FIN_013_MZB_LO_3-01.09.2011","01.09.2011",2011,9,1,0,0,0,0,0,0,0,0,0,20,666,811,0,0,0,0,0,0,0,0,0,0,131,0,97,0,0,0,0,0,0,1,0,13,0,0,46,3,0,774,0,0,10,0,0,0,0,94,1,0,67,0,0,63,0,0,122,138,0,0,0,933,14,0,361,0,171,0,0,0,1,3,0,0,448,0,0,1,0,44,0,0,0,0,0,0,0,0,0,0,0,0,0,0,0,120,0,0,0,3,0,0,0,0,89,0,161,2,0,1,2,0,0,0
"FIN_013_MZB_LO_3","FIN_013_MZB_LO_3-01.09.2012","01.09.2012",2012,9,1,0,0,0,0,0,0,0,0,0,0,321,1359,0,11,0,0,0,0,0,0,0,0,0,0,3,0,0,0,0,0,0,0,1,0,0,0,10,2,0,24,0,0,2,0,0,0,0,2,13,0,19,0,0,33,0,0,3,81,0,0,0,416,0,0,13,2,34,0,0,7,0,3,0,0,48,0,0,1,0,60,0,0,0,0,0,0,0,0,0,0,0,0,1,0,0,1,0,0,0,14,0,0,0,0,119,0,15,0,0,0,1,0,0,0
"FIN_013_MZB_LO_3","FIN_013_MZB_LO_3-01.09.2013","01.09.2013",2013,9,1,0,0,0,0,0,0,0,0,0,0,458,904,1,37,0,0,0,0,0,0,0,0,9,0,2,0,0,0,0,0,0,0,14,2,0,0,104,2,0,50,0,0,1,0,0,0,0,0,0,0,20,0,0,43,3,0,12,52,0,0,0,386,7,0,104,0,69,0,0,9,0,4,0,0,139,0,0,0,0,32,0,0,0,0,0,0,0,0,0,0,0,0,3,0,0,24,0,0,0,13,0,0,0,0,309,0,14,0,0,0,0,0,0,0
"FIN_013_MZB_LO_3","FIN_013_MZB_LO_3-01.09.2014","01.09.2014",2014,9,1,0,0,0,0,0,0,2,0,0,0,10,156,3,20,0,0,0,0,0,0,0,0,5,0,1,0,0,0,0,0,0,0,33,1,0,0,8,8,0,3,0,0,1,0,0,0,0,0,0,0,58,0,0,3,0,0,0,0,0,0,0,60,0,0,99,0,4,0,0,0,0,4,0,0,43,0,0,0,0,0,0,2,0,0,0,0,0,0,0,0,0,0,0,0,0,125,0,0,0,4,0,0,0,0,21,0,7,0,0,0,0,0,0,0
"FIN_013_MZB_LO_4","FIN_013_MZB_LO_4-01.09.2000","01.09.2000",2000,9,1,0,0,0,0,11,0,0,0,0,237,405,674,0,0,0,0,0,0,0,1,0,0,0,0,42,0,33,0,0,0,0,17,0,9,1,0,551,2,8,82,1,0,127,0,0,0,0,0,6,0,0,0,0,17,0,0,0,8,0,0,1,46,0,0,0,0,513,0,0,3,0,0,0,0,0,0,0,0,0,6,0,0,0,10,0,0,0,0,0,7,2,0,2,0,82,581,3,1,0,20,0,0,0,1,62,0,0,0,0,13,0,0,0,0
"FIN_013_MZB_LO_4","FIN_013_MZB_LO_4-01.09.2001","01.09.2001",2001,9,1,0,0,0,0,0,0,0,0,0,216,264,206,64,0,0,0,0,0,0,0,0,0,0,0,8,0,0,0,0,0,0,4,0,8,0,0,290,0,2,4,0,0,108,0,0,0,0,0,0,0,0,0,0,34,0,0,1,3,0,0,0,30,0,0,0,0,94,0,0,0,0,0,0,0,0,0,0,0,0,0,0,0,0,8,0,0,0,0,0,0,0,0,0,0,50,254,0,0,0,36,0,0,0,0,20,0,0,0,0,6,0,0,0,0
"FIN_013_MZB_LO_4","FIN_013_MZB_LO_4-01.09.2002","01.09.2002",2002,9,1,0,0,0,0,0,0,0,0,0,58,320,110,0,0,0,0,0,0,0,0,0,0,0,0,10,0,0,0,0,0,0,12,0,18,0,0,272,2,8,8,2,0,88,0,0,0,0,0,8,0,4,0,0,6,0,0,1,7,0,0,0,52,0,0,2,0,92,0,0,2,2,0,0,0,0,0,0,0,0,6,0,0,0,2,0,0,0,0,0,0,0,0,2,0,8,240,0,24,0,30,0,0,0,0,28,0,2,0,0,22,0,0,0,0
"FIN_013_MZB_LO_4","FIN_013_MZB_LO_4-01.09.2003","01.09.2003",2003,9,1,0,0,0,0,0,0,0,0,0,104,148,159,0,0,0,0,0,0,0,0,0,0,0,0,0,0,14,0,0,0,0,5,0,10,0,2,175,0,1,1,0,0,57,0,0,0,0,0,6,0,4,0,0,8,0,0,0,1,0,0,0,21,0,0,9,0,12,0,0,0,0,0,0,0,0,0,0,0,0,4,0,0,0,3,2,0,0,0,0,0,11,0,0,0,22,8,2,4,0,18,0,1,0,0,43,0,0,0,0,54,0,0,0,0
"FIN_013_MZB_LO_4","FIN_013_MZB_LO_4-01.09.2004","01.09.2004",2004,9,1,0,0,0,8,0,0,0,0,0,164,800,180,0,0,0,0,0,0,0,2,0,0,0,0,0,0,29,0,0,0,0,9,0,1,0,0,150,3,7,4,1,0,198,0,0,0,0,0,45,0,0,0,0,12,0,0,4,7,0,0,0,43,0,0,0,0,149,0,0,0,3,0,0,0,0,0,0,0,0,2,0,0,0,8,8,0,0,0,0,0,13,0,0,0,21,125,4,4,0,19,0,0,0,0,160,0,9,0,0,31,0,0,0,0
"FIN_013_MZB_LO_4","FIN_013_MZB_LO_4-01.09.2005","01.09.2005",2005,9,1,0,0,0,6,0,0,0,0,0,68,303,115,0,0,0,0,0,0,0,10,0,0,0,0,0,0,1,0,0,0,0,5,0,2,0,0,92,2,3,3,1,0,53,0,0,0,0,0,9,0,0,0,0,2,0,0,2,0,0,0,0,21,0,0,1,1,21,0,0,7,0,0,0,0,0,0,0,0,0,6,0,0,0,2,4,0,0,0,0,3,3,0,0,0,16,74,6,2,0,10,0,0,0,0,53,0,2,0,0,13,0,0,0,0
"FIN_013_MZB_LO_4","FIN_013_MZB_LO_4-01.09.2006","01.09.2006",2006,9,1,0,0,0,16,11,0,0,0,0,115,1311,299,0,0,0,0,0,0,0,8,0,0,0,0,2,0,39,0,0,0,0,1,0,2,0,0,109,12,0,4,0,0,31,0,0,0,0,0,1,0,1,0,0,15,0,0,1,3,0,0,0,56,0,0,4,3,376,0,0,1,0,0,0,0,0,0,0,0,0,3,0,0,0,5,3,0,0,0,0,1,10,0,0,0,95,78,1,0,0,8,0,0,0,0,173,0,0,0,0,2,0,0,0,0
"FIN_013_MZB_LO_4","FIN_013_MZB_LO_4-01.09.2007","01.09.2007",2007,9,1,0,0,0,2,0,0,0,0,0,0,123,104,0,0,0,0,0,0,0,0,0,0,0,0,6,0,6,0,0,0,0,0,0,3,0,0,0,0,0,0,1,0,117,0,0,0,0,0,8,0,9,0,0,0,0,0,0,4,0,0,0,16,0,0,0,0,172,0,0,0,0,0,0,0,0,0,0,0,0,6,0,0,0,0,0,0,0,0,0,0,4,0,0,0,15,0,0,0,0,0,0,0,0,0,47,0,0,0,0,11,0,0,0,0
"FIN_013_MZB_LO_4","FIN_013_MZB_LO_4-01.09.2008","01.09.2008",2008,9,1,0,0,0,0,0,0,0,0,0,0,18,56,0,0,0,0,0,0,0,0,0,0,0,0,0,0,0,0,0,0,0,10,0,6,0,0,58,1,4,2,1,0,102,0,0,0,0,0,13,0,1,0,0,24,0,0,0,0,0,0,0,18,0,0,0,0,23,0,0,1,10,0,0,0,1,0,0,0,0,1,0,0,0,1,0,0,0,0,0,0,3,0,1,0,11,7,0,0,0,36,0,1,0,0,5,0,3,0,0,7,0,0,0,0
"FIN_013_MZB_LO_4","FIN_013_MZB_LO_4-01.09.2009","01.09.2009",2009,9,1,0,0,0,1,1,0,0,0,0,6,96,146,0,0,0,0,0,0,0,0,0,0,0,0,15,0,0,0,0,0,0,41,0,11,0,0,58,6,0,5,0,0,269,0,0,0,0,0,18,0,22,0,0,28,0,0,0,11,0,0,0,40,0,0,2,0,422,0,0,3,7,0,0,0,0,0,0,0,0,7,0,0,0,3,0,0,0,0,0,1,10,0,0,0,57,108,0,0,0,14,0,0,0,0,111,0,0,0,0,32,0,0,0,0
"FIN_013_MZB_LO_4","FIN_013_MZB_LO_4-01.09.2010","01.09.2010",2010,9,1,0,0,0,0,0,0,0,0,0,17,74,1134,0,0,0,0,0,0,0,0,0,0,0,0,2,0,0,0,0,1,0,22,0,15,0,3,506,2,1,8,0,0,172,2,0,0,0,0,15,0,54,0,0,97,0,0,0,18,0,0,0,57,2,0,9,0,51,0,0,10,48,0,0,0,2,0,0,0,0,20,0,0,0,8,24,0,0,0,0,0,10,0,1,0,58,442,0,4,0,19,2,0,0,0,75,1,0,0,0,36,0,0,0,0
"FIN_013_MZB_LO_4","FIN_013_MZB_LO_4-01.09.2011","01.09.2011",2011,9,1,0,0,1,19,12,0,0,0,0,625,363,138,0,0,0,0,0,0,0,0,0,0,0,0,23,0,49,0,0,8,0,13,0,2,0,6,404,9,5,4,0,0,120,0,0,0,0,0,29,0,8,0,0,61,0,0,0,5,0,0,0,42,0,0,54,0,94,0,0,5,16,0,0,0,0,1,0,0,0,18,0,0,0,37,48,0,0,0,0,1,30,0,0,0,43,336,0,12,0,34,0,0,0,3,117,0,0,2,2,87,0,0,0,0
"FIN_013_MZB_LO_4","FIN_013_MZB_LO_4-01.09.2012","01.09.2012",2012,9,1,0,0,0,7,1,0,0,0,0,22,278,158,0,0,0,0,0,0,0,0,0,0,0,0,39,0,31,0,0,1,0,7,1,6,0,0,341,2,3,5,4,0,210,0,0,0,0,0,47,0,3,0,0,34,0,0,0,16,0,0,1,37,0,0,8,35,362,0,0,0,6,0,0,0,0,0,0,0,0,5,0,0,0,19,78,0,0,0,0,0,15,0,0,0,99,354,0,11,0,36,2,1,0,2,35,0,1,0,1,61,0,0,0,0
"FIN_013_MZB_LO_4","FIN_013_MZB_LO_4-01.09.2013","01.09.2013",2013,9,1,0,0,0,19,4,0,0,0,0,183,538,99,0,0,0,0,0,0,0,2,0,0,0,0,13,0,5,0,0,0,0,2,0,3,0,1,450,8,84,5,3,0,55,0,0,0,0,0,30,0,2,0,0,44,0,0,0,4,0,0,1,19,1,0,21,57,153,0,0,15,20,0,0,0,0,0,0,0,0,4,0,0,0,14,69,0,0,0,0,1,11,0,1,0,0,241,0,6,0,53,0,1,0,1,8,0,0,0,0,60,0,0,0,0
"FIN_013_MZB_LO_4","FIN_013_MZB_LO_4-01.09.2014","01.09.2014",2014,9,1,0,0,0,2,0,0,0,0,0,11,32,101,0,0,0,0,0,0,0,0,0,0,0,0,1,0,13,0,0,0,0,5,0,3,0,0,142,0,4,0,0,0,53,0,1,0,0,0,4,0,9,0,0,6,0,0,0,3,0,0,0,20,0,0,1,1,48,0,0,1,5,0,0,0,0,0,0,0,0,4,5,0,0,1,3,0,0,0,0,0,2,0,1,0,98,25,0,5,0,43,0,0,0,0,40,0,0,0,0,79,0,0,0,0
"FIN_013_MZB_LO_5","FIN_013_MZB_LO_5-01.09.2000","01.09.2000",2000,9,1,0,0,0,0,7,0,107,0,0,152,840,182,0,0,0,0,0,0,0,1,0,0,0,0,4,0,4,0,0,0,0,1,0,0,0,0,155,0,0,9,0,0,26,0,0,0,0,0,18,0,0,0,0,2,0,0,2,0,0,0,0,6,3,0,18,7,30,0,0,1,0,1,0,0,17,0,0,0,0,4,0,0,0,20,4,0,2,0,0,0,0,0,0,0,101,10,0,0,0,5,0,0,0,0,220,0,0,0,0,0,1,0,0,0
"FIN_013_MZB_LO_5","FIN_013_MZB_LO_5-01.09.2001","01.09.2001",2001,9,1,0,0,0,8,0,0,400,0,0,302,44,264,0,0,0,0,0,0,0,0,4,0,0,0,0,0,6,0,0,0,0,0,0,0,0,0,264,0,0,4,0,0,12,0,0,0,0,2,17,0,2,0,0,10,0,0,16,0,0,0,0,8,0,0,4,41,0,0,0,0,10,2,0,0,32,0,0,0,0,6,0,0,0,44,14,0,0,0,0,0,2,0,0,0,12,0,0,0,0,4,4,4,0,0,48,0,0,0,0,0,0,0,0,2
"FIN_013_MZB_LO_5","FIN_013_MZB_LO_5-01.09.2002","01.09.2002",2002,9,1,0,0,0,8,10,0,596,0,6,140,1212,146,0,0,0,0,0,0,0,0,0,0,0,0,0,0,10,0,0,0,0,0,0,0,0,0,640,2,0,28,0,0,12,0,0,0,0,0,94,0,6,0,0,8,0,0,2,0,0,0,0,22,2,2,4,14,2,0,0,6,6,0,0,0,154,0,0,0,0,6,0,0,0,60,34,0,0,0,0,0,0,0,0,0,23,0,0,0,0,0,0,8,0,0,152,0,0,0,0,2,0,0,0,0
"FIN_013_MZB_LO_5","FIN_013_MZB_LO_5-01.09.2003","01.09.2003",2003,9,1,0,0,0,4,2,0,177,0,6,400,1280,91,17,0,0,0,0,0,0,2,6,0,0,0,4,0,18,0,0,0,0,0,0,0,0,0,524,0,2,18,4,0,24,0,0,0,0,0,130,0,18,0,0,16,0,0,1,3,0,0,2,8,0,8,2,66,18,0,0,0,4,0,0,0,164,0,0,0,0,96,0,0,0,112,4,0,0,0,0,1,3,0,0,0,28,0,0,0,0,2,18,10,0,0,380,0,0,0,0,22,0,0,0,0
"FIN_013_MZB_LO_5","FIN_013_MZB_LO_5-01.09.2004","01.09.2004",2004,9,1,0,0,0,6,4,0,279,0,1,228,1440,441,0,0,0,0,0,0,0,3,0,0,0,0,0,0,7,0,1,0,0,0,0,0,0,0,270,0,0,10,0,0,2,0,0,0,0,6,37,0,6,0,0,0,0,0,3,0,0,0,0,26,0,0,9,0,0,0,0,1,0,0,0,0,120,0,0,3,0,6,0,0,0,48,11,0,0,0,0,0,0,0,0,0,36,1,0,0,0,16,1,4,0,0,300,0,0,0,0,1,0,0,0,0
"FIN_013_MZB_LO_5","FIN_013_MZB_LO_5-01.09.2005","01.09.2005",2005,9,1,1,2,0,0,0,0,121,0,8,327,256,216,0,0,0,0,0,0,0,4,0,0,0,0,0,0,5,0,0,0,0,0,0,0,0,0,140,0,0,4,0,0,0,0,0,0,0,0,43,0,3,0,0,1,0,0,6,0,0,0,2,7,0,4,6,21,0,0,0,0,7,0,0,0,14,0,0,0,0,5,0,0,0,23,35,0,0,0,0,0,0,0,0,0,22,0,0,0,0,4,0,2,0,0,92,0,0,0,0,5,0,0,0,0
"FIN_013_MZB_LO_5","FIN_013_MZB_LO_5-01.09.2006","01.09.2006",2006,9,1,0,0,0,0,0,0,18,0,0,25,16,12,0,0,0,0,0,0,0,0,0,0,0,0,2,0,1,0,0,0,0,0,0,1,0,0,4,0,0,0,0,0,1,0,0,0,0,0,7,0,0,0,0,0,0,0,0,0,0,0,0,5,0,0,1,2,1,0,0,1,1,0,0,0,2,0,0,0,0,2,0,0,0,0,1,0,0,0,0,0,0,0,0,0,2,0,0,0,0,2,0,1,0,0,0,0,0,0,0,1,0,0,0,0
"FIN_013_MZB_LO_5","FIN_013_MZB_LO_5-01.09.2007","01.09.2007",2007,9,1,0,1,0,0,6,0,243,0,0,146,68,69,0,0,0,0,0,0,0,1,0,0,0,0,0,0,24,0,0,0,0,0,0,0,0,0,176,0,0,0,0,0,5,0,0,0,0,0,8,0,1,0,0,0,0,0,3,5,1,0,0,12,0,0,1,15,35,0,0,5,2,0,0,0,18,0,0,0,0,33,0,0,0,13,0,0,0,0,0,0,0,0,0,0,100,0,0,0,0,12,0,2,0,0,278,0,0,0,0,1,0,0,0,0
"FIN_013_MZB_LO_5","FIN_013_MZB_LO_5-01.09.2008","01.09.2008",2008,9,1,0,0,0,0,0,0,126,0,0,208,96,416,0,0,0,0,0,0,0,0,0,0,0,0,0,0,4,0,0,0,0,1,0,3,0,0,287,0,0,3,1,0,13,0,0,0,0,0,16,0,7,0,0,6,0,0,0,49,0,0,0,41,2,0,0,0,30,0,0,0,27,0,0,0,10,0,0,0,0,5,0,0,0,38,1,0,12,0,0,0,0,0,1,0,552,8,0,0,0,22,3,1,0,0,124,0,0,0,0,34,0,0,1,0
"FIN_013_MZB_LO_5","FIN_013_MZB_LO_5-01.09.2009","01.09.2009",2009,9,1,0,0,0,1,7,0,161,0,1,42,86,157,0,0,0,0,0,0,0,0,0,0,0,0,3,0,12,0,0,0,0,6,0,0,0,0,97,3,2,1,0,0,19,0,0,0,0,0,2,0,11,0,0,3,0,0,13,69,0,0,0,43,0,0,0,5,270,0,0,5,4,8,0,0,4,0,0,0,0,37,0,0,0,7,1,0,91,0,0,0,0,0,0,0,331,8,0,0,0,7,0,0,0,1,225,0,0,0,0,63,0,0,0,0
"FIN_013_MZB_LO_5","FIN_013_MZB_LO_5-01.09.2010","01.09.2010",2010,9,1,0,0,0,0,0,0,194,0,17,59,31,408,0,0,0,0,0,0,0,0,0,0,0,0,4,0,12,0,0,1,0,0,0,1,0,1,451,0,0,12,0,0,15,0,0,0,0,1,23,0,22,0,0,8,0,0,21,42,0,0,1,21,38,0,42,0,21,2,0,2,24,2,0,0,13,1,0,0,0,5,0,0,0,30,179,0,13,0,0,0,4,0,0,1,198,11,0,0,0,44,1,1,0,5,56,0,1,0,0,143,0,0,2,0
"FIN_013_MZB_LO_5","FIN_013_MZB_LO_5-01.09.2011","01.09.2011",2011,9,1,0,1,2,0,0,0,479,0,17,828,116,188,0,0,0,0,0,0,0,0,0,0,0,0,2,0,27,0,0,0,0,0,0,0,0,0,573,0,0,6,0,0,18,0,0,0,0,1,63,0,13,0,0,13,0,0,21,18,0,0,0,54,41,0,34,15,21,0,0,1,20,0,0,0,90,0,0,0,0,18,0,0,0,127,222,0,0,0,0,0,1,0,0,0,92,2,0,0,0,31,0,11,0,0,110,0,0,0,0,31,0,0,0,0
"FIN_013_MZB_LO_5","FIN_013_MZB_LO_5-01.09.2012","01.09.2012",2012,9,1,0,3,0,0,2,0,528,0,21,803,539,927,1,0,0,0,0,0,0,0,1,0,0,0,9,0,7,0,0,0,0,0,0,0,1,0,792,0,1,35,2,0,3,0,0,0,0,0,56,0,19,0,0,24,0,0,0,41,0,0,1,62,72,0,42,100,26,0,0,16,25,1,0,0,32,0,0,0,0,41,0,0,1,80,11,0,9,0,0,0,1,0,0,0,203,18,0,0,0,8,6,3,0,2,229,0,0,0,0,113,0,0,0,0
"FIN_013_MZB_LO_5","FIN_013_MZB_LO_5-01.09.2013","01.09.2013",2013,9,1,0,9,0,4,11,0,307,0,4,228,1163,535,0,0,0,0,0,1,0,2,0,0,0,0,5,0,13,0,0,0,0,1,0,0,0,0,1080,0,1,3,0,0,6,0,0,0,0,0,116,0,44,0,0,11,0,3,14,13,0,0,0,73,25,0,36,54,74,2,0,2,21,0,0,0,39,0,0,1,0,18,0,0,0,75,27,0,0,0,0,0,1,0,0,0,0,7,0,0,0,5,0,3,0,1,203,0,0,0,0,73,0,0,0,0
"FIN_013_MZB_LO_5","FIN_013_MZB_LO_5-01.09.2014","01.09.2014",2014,9,1,0,0,0,0,1,0,246,3,7,33,14,112,0,0,0,0,0,0,0,0,1,0,0,0,1,0,3,0,0,0,0,0,0,0,0,0,161,0,0,3,1,0,5,0,0,0,0,0,24,0,18,0,0,3,0,0,41,20,0,7,0,21,0,0,30,3,1,0,0,1,6,0,0,0,12,0,0,0,0,1,0,0,0,7,0,0,2,0,0,0,1,0,0,0,58,0,0,0,0,7,1,1,0,0,24,0,0,0,0,34,0,0,1,0
"FIN_013_MZB_LO_6","FIN_013_MZB_LO_6-01.09.2000","01.09.2000",2000,9,1,0,0,0,0,0,0,0,0,0,12,26,435,0,0,0,0,0,0,0,0,0,0,0,0,1,0,0,0,0,0,0,12,0,21,0,0,235,0,1,0,0,0,38,0,0,0,0,0,0,0,0,0,2,58,0,0,4,101,0,0,0,0,0,0,0,0,26,0,0,0,54,0,0,0,58,0,0,0,0,0,0,1,0,1,0,0,26,0,0,0,0,0,0,0,81,9,0,0,0,4,0,0,0,1,30,0,0,0,0,30,0,0,0,0
"FIN_013_MZB_LO_6","FIN_013_MZB_LO_6-01.09.2001","01.09.2001",2001,9,1,0,0,0,0,0,0,0,0,0,78,150,300,0,0,0,0,0,0,0,0,0,0,0,0,0,0,0,0,0,0,0,3,0,15,0,0,300,12,0,36,0,0,51,0,0,0,0,0,0,0,0,0,3,45,0,0,0,216,0,0,0,9,0,0,0,0,111,0,0,0,66,21,0,0,51,0,0,0,0,3,0,0,0,3,0,0,42,0,0,0,0,0,3,0,219,9,0,0,0,30,0,0,0,0,27,0,3,0,0,9,0,0,0,0
"FIN_013_MZB_LO_6","FIN_013_MZB_LO_6-01.09.2002","01.09.2002",2002,9,1,0,0,0,0,0,0,0,0,0,128,51,96,0,0,0,0,0,0,0,0,0,0,0,0,7,0,0,0,0,0,0,1,0,5,2,0,622,32,1,17,3,0,16,0,0,0,0,0,0,0,0,0,1,49,0,0,14,12,0,0,0,7,1,0,0,1,5,0,0,0,45,5,0,0,98,0,0,0,0,5,0,0,0,3,0,0,26,0,0,0,0,0,0,0,50,21,0,0,0,18,0,0,0,0,45,0,1,0,0,1,0,0,0,0
"FIN_013_MZB_LO_6","FIN_013_MZB_LO_6-01.09.2003","01.09.2003",2003,9,1,0,0,0,0,0,0,0,0,0,104,62,66,0,0,0,0,0,0,0,0,0,0,0,0,24,0,12,0,0,0,0,0,0,6,0,0,1010,24,0,40,12,0,12,0,0,0,0,0,17,0,0,0,8,72,0,0,22,22,0,0,0,8,0,0,0,51,288,0,0,0,72,6,0,0,228,0,0,0,0,36,0,0,0,8,0,0,42,0,0,0,0,0,0,0,206,174,0,0,0,22,0,2,0,0,38,0,2,0,0,2,0,0,0,0
"FIN_013_MZB_LO_6","FIN_013_MZB_LO_6-01.09.2004","01.09.2004",2004,9,1,0,0,0,0,0,0,0,0,0,209,556,494,0,0,0,0,0,0,0,6,0,0,0,0,7,0,0,0,0,0,0,12,0,3,0,0,1240,14,11,33,8,0,16,0,0,0,0,3,12,0,0,0,1,77,0,0,0,32,0,0,0,9,0,0,0,0,53,0,0,0,131,3,0,0,279,0,0,0,0,3,0,0,0,12,0,0,0,0,0,0,0,0,0,0,124,126,0,0,0,48,0,0,0,0,125,0,17,0,0,4,0,0,0,0
"FIN_013_MZB_LO_6","FIN_013_MZB_LO_6-01.09.2005","01.09.2005",2005,9,1,0,0,0,0,0,0,0,0,0,156,110,430,0,0,0,0,0,0,0,0,0,0,0,0,6,0,0,0,0,0,0,6,0,7,2,0,586,75,0,8,2,0,24,0,0,0,0,1,3,0,0,0,0,72,0,0,0,43,0,0,0,12,0,0,1,7,70,0,0,0,81,9,0,0,34,0,0,0,0,16,0,0,0,6,0,0,16,0,0,0,0,0,1,0,168,57,0,0,0,29,0,0,0,0,180,0,0,0,0,27,0,0,0,0
"FIN_013_MZB_LO_6","FIN_013_MZB_LO_6-01.09.2006","01.09.2006",2006,9,1,0,0,0,0,0,0,0,0,0,6,2,18,0,0,0,0,0,0,0,0,0,0,0,0,0,0,0,0,0,0,0,2,0,3,1,0,28,25,0,0,0,0,6,0,0,0,0,0,0,0,0,0,0,0,0,0,0,9,1,0,0,1,0,0,0,0,10,0,0,0,8,4,0,0,7,0,0,0,0,1,0,0,0,0,0,0,28,0,0,0,0,0,0,0,37,0,0,0,0,8,0,0,0,0,2,0,0,0,0,0,0,0,0,0
"FIN_013_MZB_LO_6","FIN_013_MZB_LO_6-01.09.2007","01.09.2007",2007,9,1,0,0,0,0,0,0,0,0,0,9,13,103,0,0,0,0,0,0,0,0,0,0,0,0,1,0,0,0,0,0,0,12,0,18,0,0,191,43,0,0,0,0,4,0,0,0,0,0,1,0,0,0,1,41,0,0,0,35,0,0,0,5,0,0,0,2,47,0,0,0,51,2,0,0,10,0,0,0,0,7,0,0,0,0,0,0,188,0,0,0,0,0,0,0,170,5,0,0,0,16,0,0,0,2,89,0,0,0,0,4,0,0,0,0
"FIN_013_MZB_LO_6","FIN_013_MZB_LO_6-01.09.2008","01.09.2008",2008,9,1,0,0,0,0,0,0,0,0,0,78,16,476,0,0,0,0,0,0,0,0,0,0,0,0,2,0,0,0,0,0,0,49,0,75,2,0,378,40,4,0,2,0,21,0,0,0,0,1,4,0,0,0,2,54,0,0,0,92,0,0,0,27,0,0,6,0,26,0,0,1,420,0,0,0,28,0,0,0,0,28,0,0,0,0,0,0,280,0,0,0,0,0,3,0,489,70,0,0,0,47,1,0,0,5,64,0,0,0,0,25,0,0,0,0
"FIN_013_MZB_LO_6","FIN_013_MZB_LO_6-01.09.2009","01.09.2009",2009,9,1,0,0,0,0,0,0,0,0,0,46,45,331,0,0,0,0,0,0,0,0,0,0,0,0,7,0,0,0,0,0,0,13,0,20,0,0,167,25,1,15,0,0,6,0,0,0,0,0,0,0,0,0,0,123,0,0,0,89,0,0,0,16,0,0,1,1,51,2,0,1,136,0,0,0,16,0,0,0,0,7,0,0,0,0,0,0,149,0,0,0,0,0,5,0,423,44,0,0,0,8,0,1,0,0,126,0,1,0,0,2,1,0,0,0
"FIN_013_MZB_LO_6","FIN_013_MZB_LO_6-01.09.2010","01.09.2010",2010,9,1,0,0,0,0,0,0,0,0,0,11,6,184,0,0,0,0,0,0,0,0,0,0,0,0,6,0,0,0,0,0,0,7,0,27,0,0,291,44,3,54,0,0,5,0,0,0,0,1,4,0,0,0,0,111,0,0,0,75,0,0,0,14,6,0,14,0,52,0,0,1,273,0,0,0,22,0,0,0,0,27,0,0,0,0,0,0,194,0,0,0,0,0,0,0,587,76,0,0,0,77,0,0,0,12,66,0,1,0,0,22,0,1,0,0
"FIN_013_MZB_LO_6","FIN_013_MZB_LO_6-01.09.2011","01.09.2011",2011,9,1,0,0,0,0,0,0,0,0,0,44,9,212,0,0,0,0,0,0,0,0,0,0,2,0,1,0,0,0,0,0,0,1,0,19,0,0,243,38,0,45,0,0,6,0,0,0,0,0,3,0,0,0,0,64,0,0,0,11,0,0,0,5,3,0,10,0,42,0,0,0,192,1,0,0,8,0,0,0,0,9,0,0,0,2,0,0,76,0,0,0,0,0,1,0,370,70,0,0,0,55,0,0,0,8,125,0,1,0,0,14,0,0,0,0
"FIN_013_MZB_LO_6","FIN_013_MZB_LO_6-01.09.2012","01.09.2012",2012,9,1,0,0,0,12,0,0,0,0,0,50,62,403,0,0,0,0,0,0,0,0,3,0,0,0,1,0,6,0,0,0,0,1,0,21,0,0,699,22,1,53,0,0,3,0,0,0,0,0,9,0,0,0,0,119,0,0,0,41,0,0,0,53,1,0,12,1,76,0,0,3,141,0,0,0,22,0,0,0,0,71,0,0,0,7,0,0,66,0,0,0,0,0,0,1,561,8,0,0,0,100,0,0,0,6,19,0,0,0,0,25,0,0,0,0
"FIN_013_MZB_LO_6","FIN_013_MZB_LO_6-01.09.2013","01.09.2013",2013,9,1,0,0,0,0,0,0,0,0,0,97,109,400,0,0,0,0,0,0,0,0,0,0,0,0,6,0,0,0,0,0,0,7,0,22,0,0,53,30,4,71,0,0,7,0,0,0,0,0,4,0,0,0,0,172,0,0,0,35,0,0,0,15,10,0,18,2,46,0,0,7,275,0,0,0,10,0,0,0,0,13,0,0,0,0,0,0,65,0,0,0,0,0,1,0,0,67,0,0,0,100,0,0,0,5,29,0,4,0,0,13,0,0,0,0
"FIN_013_MZB_LO_6","FIN_013_MZB_LO_6-01.09.2014","01.09.2014",2014,9,1,0,0,0,0,0,0,0,0,0,7,2,59,0,0,0,0,0,0,0,0,0,0,0,0,1,0,0,0,0,0,0,0,0,3,0,0,84,3,2,0,0,0,1,0,0,0,0,0,0,0,0,0,0,7,0,0,0,31,0,0,0,6,0,0,1,0,14,0,0,0,55,0,0,0,6,0,0,0,0,3,0,0,0,0,0,0,44,0,0,0,0,0,0,0,139,4,0,0,0,5,0,0,0,0,18,0,0,0,0,5,0,0,0,0
"FIN_013_MZB_LO_7","FIN_013_MZB_LO_7-01.09.2000","01.09.2000",2000,9,1,0,0,0,0,0,0,0,0,0,18,40,386,0,0,0,0,0,0,0,0,0,0,0,0,61,0,6,0,0,0,0,14,0,11,0,0,63,2,0,1,4,0,0,0,0,0,0,1,5,0,21,0,3,267,3,0,0,45,0,0,0,6,0,0,0,1,114,0,0,2,2,2,0,0,1,0,0,0,0,32,0,0,0,13,0,0,0,0,0,0,38,1,0,0,0,776,0,0,0,5,0,1,0,0,8,13,0,0,0,0,0,0,0,0
"FIN_013_MZB_LO_7","FIN_013_MZB_LO_7-01.09.2001","01.09.2001",2001,9,1,0,0,0,0,0,0,0,0,0,42,512,1907,9,0,0,0,0,0,0,0,0,0,0,0,32,0,14,0,0,0,0,28,0,2,0,0,222,6,8,8,16,0,0,0,0,0,0,2,4,0,0,0,0,420,0,0,0,112,0,0,0,48,0,0,0,0,602,0,0,2,6,0,0,0,0,0,0,0,0,106,0,0,0,48,0,0,0,0,0,0,24,0,0,0,0,900,0,0,0,48,6,0,0,0,142,2,0,0,0,0,0,0,0,0
"FIN_013_MZB_LO_7","FIN_013_MZB_LO_7-01.09.2002","01.09.2002",2002,9,1,0,0,0,1,0,0,0,0,0,20,0,26,3,0,0,0,0,0,0,0,0,0,0,0,5,0,8,0,0,0,0,8,0,3,0,0,11,0,2,0,7,0,0,0,0,0,0,1,2,0,1,0,0,15,0,0,0,4,0,0,1,22,0,0,0,0,20,0,0,0,1,0,0,0,0,0,0,1,0,10,0,0,0,1,0,0,0,0,0,0,4,0,0,0,0,18,0,0,0,32,0,1,0,2,17,0,0,1,0,0,0,0,0,0
"FIN_013_MZB_LO_7","FIN_013_MZB_LO_7-01.09.2003","01.09.2003",2003,9,1,0,0,0,0,0,0,0,0,0,16,0,58,6,0,0,0,0,0,0,0,0,0,0,0,1,0,7,0,0,0,0,7,0,11,3,0,18,3,3,0,2,0,0,0,0,0,0,0,0,0,6,0,0,12,0,0,9,77,0,0,0,0,0,0,0,0,11,0,0,0,9,0,0,0,1,0,0,1,0,3,0,0,0,0,0,0,0,0,0,0,17,0,0,0,0,5,1,1,0,9,0,1,0,0,2,0,0,0,0,0,0,2,0,0
"FIN_013_MZB_LO_7","FIN_013_MZB_LO_7-01.09.2004","01.09.2004",2004,9,1,0,0,0,3,0,0,0,0,0,174,69,345,1,0,0,0,0,0,0,0,0,0,0,0,120,0,0,0,0,0,0,5,0,6,1,0,75,0,11,0,8,0,1,0,0,0,0,1,12,0,3,0,0,180,0,0,24,11,0,0,0,28,0,0,0,0,124,0,0,0,10,0,0,0,1,0,0,0,0,61,0,0,0,3,0,0,0,0,0,0,23,0,0,0,0,577,0,0,0,12,0,0,0,41,90,5,4,1,0,0,0,1,0,0
"FIN_013_MZB_LO_7","FIN_013_MZB_LO_7-01.09.2005","01.09.2005",2005,9,1,0,0,0,0,0,0,0,0,0,36,20,77,0,0,0,0,0,0,0,0,0,0,0,0,0,0,0,0,0,0,0,3,0,0,1,0,26,1,0,0,0,0,0,0,0,0,0,0,1,0,1,0,1,19,0,0,0,87,0,0,0,6,0,0,0,0,20,0,0,1,2,0,0,0,0,0,0,0,0,5,1,0,0,1,0,0,0,0,0,0,16,3,0,0,0,140,0,0,0,4,0,1,0,0,14,1,2,0,0,0,0,0,0,0
"FIN_013_MZB_LO_7","FIN_013_MZB_LO_7-01.09.2006","01.09.2006",2006,9,1,0,0,0,0,0,0,0,0,0,60,336,144,0,0,0,0,0,0,0,0,2,0,0,0,9,0,3,0,0,0,0,7,0,1,0,0,20,2,4,0,9,0,0,0,0,0,0,2,15,0,3,0,0,48,0,0,0,15,0,0,0,5,0,0,0,6,84,0,0,30,4,0,0,0,0,0,0,0,0,0,0,0,0,1,0,0,0,0,0,0,27,0,0,0,0,78,0,0,0,70,0,0,0,5,9,0,0,0,0,0,0,0,0,0
"FIN_013_MZB_LO_7","FIN_013_MZB_LO_7-01.09.2007","01.09.2007",2007,9,1,0,0,0,0,0,0,0,0,0,0,46,138,0,0,0,0,0,0,0,0,1,0,0,0,1,0,0,0,0,0,0,16,0,5,0,0,23,0,1,0,0,0,0,0,0,0,0,0,0,0,5,0,0,34,0,0,0,57,0,0,0,20,0,0,0,0,95,0,0,5,10,0,0,0,0,0,0,0,0,16,0,0,0,1,0,0,0,0,0,4,5,0,0,0,0,31,0,0,0,0,0,0,0,1,22,0,0,0,0,0,0,0,0,0
"FIN_013_MZB_LO_7","FIN_013_MZB_LO_7-01.09.2008","01.09.2008",2008,9,1,0,0,0,0,0,0,0,0,0,34,4,364,0,0,0,0,0,0,0,0,0,0,0,0,0,0,0,0,0,0,0,87,0,7,0,0,58,0,9,0,13,0,0,0,0,0,0,2,0,0,1,0,2,134,0,0,8,77,0,0,0,7,0,0,0,0,35,0,0,9,24,0,0,0,0,0,0,0,0,11,0,0,0,5,0,0,0,0,0,4,8,0,0,0,0,94,0,0,0,16,0,2,0,2,120,3,0,0,0,0,0,0,0,0
"FIN_013_MZB_LO_7","FIN_013_MZB_LO_7-01.09.2009","01.09.2009",2009,9,1,0,0,0,0,0,0,0,0,0,106,198,868,0,0,0,0,0,0,0,0,0,0,0,0,12,0,0,0,0,0,0,27,0,3,1,0,48,0,1,1,3,0,0,0,0,0,0,3,3,0,23,0,0,154,0,0,0,41,0,0,0,18,0,0,0,0,233,0,0,4,36,0,0,0,0,0,0,0,0,29,0,0,0,2,0,0,0,0,0,0,38,0,0,0,0,425,0,0,0,31,0,2,0,6,125,6,0,0,0,0,0,0,0,0
"FIN_013_MZB_LO_7","FIN_013_MZB_LO_7-01.09.2010","01.09.2010",2010,9,1,0,0,0,0,0,0,0,0,0,266,85,409,0,0,0,0,0,0,0,0,0,0,0,0,5,0,12,0,0,0,0,17,0,6,0,0,48,4,1,6,2,0,0,0,0,0,0,0,13,0,2,0,0,208,0,0,0,39,0,0,0,2,4,0,0,0,215,0,0,62,40,0,0,0,0,0,0,0,0,137,0,0,0,1,2,0,0,0,0,0,32,0,0,0,0,441,0,0,0,115,0,0,0,4,25,0,0,0,0,0,0,0,0,0
"FIN_013_MZB_LO_7","FIN_013_MZB_LO_7-01.09.2011","01.09.2011",2011,9,1,0,0,0,0,0,0,0,0,0,187,33,153,2,0,0,0,0,0,0,0,0,0,0,0,13,0,28,0,0,0,0,5,0,1,4,2,75,43,5,0,5,0,0,0,0,0,0,4,62,0,0,0,0,74,0,0,0,23,0,0,0,18,2,0,0,0,48,0,0,12,26,0,0,0,0,0,0,3,0,36,0,0,0,13,0,0,0,0,0,7,45,0,0,0,0,260,34,0,0,117,0,1,0,4,83,3,4,0,0,0,0,0,0,0
"FIN_013_MZB_LO_7","FIN_013_MZB_LO_7-01.09.2012","01.09.2012",2012,9,1,0,0,0,0,0,0,0,0,0,38,175,491,0,3,0,0,0,0,0,0,0,0,0,0,21,0,1,0,0,0,0,20,2,0,0,0,108,0,5,18,1,0,0,0,0,0,0,0,17,0,1,0,0,303,0,0,0,99,0,0,0,27,6,0,0,4,252,0,0,8,100,3,0,0,0,0,0,1,0,55,0,0,0,7,0,0,0,0,0,7,8,1,0,0,0,498,0,2,0,116,0,0,0,8,128,2,0,0,0,0,0,0,0,0
"FIN_013_MZB_LO_7","FIN_013_MZB_LO_7-01.09.2013","01.09.2013",2013,9,1,0,0,0,0,0,0,0,0,0,17,255,394,2,0,0,0,0,0,0,0,1,0,0,0,11,0,10,0,0,0,0,32,3,0,2,0,209,12,8,11,3,0,0,0,0,0,0,0,11,0,0,0,0,353,0,0,0,45,0,0,0,25,8,0,0,3,128,0,0,12,94,1,0,0,0,0,0,0,0,19,0,0,0,2,1,0,0,0,0,0,11,0,0,0,0,632,0,1,0,109,0,0,0,2,24,5,0,0,0,0,0,0,0,0
"FIN_013_MZB_LO_7","FIN_013_MZB_LO_7-01.09.2014","01.09.2014",2014,9,1,0,0,0,0,0,0,0,0,0,15,40,113,0,3,0,0,0,0,0,0,0,0,0,0,0,0,2,0,0,0,0,19,1,0,0,1,26,1,2,3,3,0,0,0,0,0,0,0,1,0,0,0,0,35,0,0,0,14,0,0,0,16,0,0,0,2,74,0,0,6,83,1,0,0,0,0,0,0,0,34,0,0,0,3,0,0,0,0,0,0,4,0,0,0,0,213,0,1,0,22,0,0,0,0,32,1,2,0,0,0,0,0,0,0
"FIN_013_MZB_LO_8","FIN_013_MZB_LO_8-01.09.2000","01.09.2000",2000,9,1,0,0,0,0,0,0,0,0,0,4,134,146,0,0,0,0,0,0,0,2,0,0,0,0,0,0,6,0,0,0,0,4,0,2,0,0,114,14,2,20,0,0,40,0,0,0,0,0,18,0,4,0,0,64,0,0,0,22,0,0,0,6,0,0,0,0,118,0,0,0,0,0,0,0,2,0,0,0,0,12,0,0,0,4,0,0,0,0,0,0,0,0,8,0,24,68,0,6,0,14,0,0,0,0,30,0,0,0,0,2,0,4,0,0
"FIN_013_MZB_LO_8","FIN_013_MZB_LO_8-01.09.2001","01.09.2001",2001,9,1,0,0,0,8,0,0,0,0,0,88,0,134,0,0,0,0,0,0,0,0,0,0,0,0,0,0,10,0,0,0,0,9,0,3,0,0,134,2,0,0,0,0,16,0,0,0,0,0,0,0,6,0,0,77,0,0,0,18,0,0,0,5,0,0,0,0,22,0,0,0,0,0,0,0,5,0,0,0,0,0,0,0,0,0,0,0,0,0,0,0,1,0,0,0,30,211,0,13,0,3,0,0,0,0,58,0,0,1,0,0,0,0,0,0
"FIN_013_MZB_LO_8","FIN_013_MZB_LO_8-01.09.2002","01.09.2002",2002,9,1,0,0,0,0,0,0,0,0,0,0,56,40,8,0,0,0,0,0,0,0,0,0,0,0,0,0,0,0,0,0,0,2,0,4,0,0,220,8,0,0,0,0,40,0,0,0,0,0,24,0,6,0,0,84,0,0,0,56,0,0,0,20,0,0,0,0,804,0,0,2,0,0,0,0,54,0,0,0,0,6,0,0,0,2,0,0,2,0,0,0,2,0,0,0,42,246,0,6,0,4,0,0,0,0,50,0,0,0,0,2,0,0,0,0
"FIN_013_MZB_LO_8","FIN_013_MZB_LO_8-01.09.2003","01.09.2003",2003,9,1,0,0,0,6,0,0,0,0,0,32,52,151,3,0,0,0,0,0,0,0,0,0,0,0,48,0,0,0,0,0,0,22,0,8,0,0,400,6,8,4,0,0,38,0,0,0,0,0,101,0,4,0,0,174,0,0,0,22,0,0,0,8,0,0,4,7,134,0,0,0,0,0,0,0,40,0,0,0,0,22,0,0,2,4,2,0,0,0,0,0,10,0,0,0,10,284,0,4,0,70,0,4,0,8,22,0,0,2,0,6,0,6,0,0
"FIN_013_MZB_LO_8","FIN_013_MZB_LO_8-01.09.2004","01.09.2004",2004,9,1,0,0,0,1,0,0,0,0,0,6,86,189,0,0,0,0,0,0,0,0,0,0,0,0,34,0,0,0,0,0,0,4,0,4,1,0,145,1,2,11,0,0,82,0,0,0,0,0,21,0,2,0,0,83,0,0,0,59,0,0,0,4,0,0,1,0,93,0,0,0,0,0,0,0,43,0,0,0,0,0,0,0,0,2,0,0,0,0,0,0,0,0,2,0,14,244,0,2,0,10,0,0,0,0,43,0,0,0,0,3,0,0,0,0
"FIN_013_MZB_LO_8","FIN_013_MZB_LO_8-01.09.2005","01.09.2005",2005,9,1,0,0,0,1,0,0,0,0,0,1,55,36,0,0,0,0,0,0,0,0,0,0,0,0,18,0,0,0,0,0,0,1,0,0,0,0,57,4,2,2,0,0,0,0,0,0,0,0,27,0,4,0,0,26,0,0,0,5,0,0,0,6,0,0,1,1,39,0,0,1,0,0,0,0,38,0,0,0,0,0,0,0,0,1,0,0,0,0,0,1,2,0,0,0,0,280,2,1,0,20,0,0,0,1,1,0,0,1,0,5,0,1,0,0
"FIN_013_MZB_LO_8","FIN_013_MZB_LO_8-01.09.2006","01.09.2006",2006,9,1,0,0,0,1,1,0,0,0,0,30,306,168,0,0,0,0,0,0,0,1,0,0,0,0,20,0,0,0,0,0,0,12,0,1,0,0,56,7,2,8,0,0,51,0,0,0,0,0,5,0,1,0,0,89,0,0,0,7,0,0,0,4,0,0,0,0,23,0,0,0,0,0,0,0,8,0,0,0,0,5,0,0,0,2,0,0,0,0,0,0,0,0,0,0,0,274,0,0,0,4,0,0,0,1,109,0,0,1,0,0,0,0,0,0
"FIN_013_MZB_LO_8","FIN_013_MZB_LO_8-01.09.2007","01.09.2007",2007,9,1,0,0,0,1,4,0,0,0,0,17,75,155,0,0,0,0,0,0,0,2,0,0,0,0,7,0,4,0,0,0,0,13,0,4,0,0,68,2,1,0,0,0,57,0,0,0,0,0,36,0,5,0,0,36,0,0,0,10,0,0,0,6,0,0,0,0,198,1,0,2,0,0,0,0,4,0,0,0,0,30,0,0,0,3,0,0,0,0,0,1,1,0,0,0,5,201,0,3,0,22,0,0,0,0,75,0,0,1,0,0,0,0,0,0
"FIN_013_MZB_LO_8","FIN_013_MZB_LO_8-01.09.2008","01.09.2008",2008,9,1,0,0,0,0,0,0,0,0,0,3,3,304,8,0,0,0,0,0,0,0,0,0,0,0,1,0,0,0,0,0,0,48,0,8,0,0,79,5,4,4,0,0,34,0,0,0,0,0,1,0,2,0,0,153,0,0,0,11,0,0,0,7,0,0,0,0,67,0,0,0,0,0,0,0,8,0,0,0,0,8,0,0,0,2,0,0,0,0,0,0,0,0,4,0,10,202,0,4,0,8,0,0,0,3,22,0,0,1,0,13,0,0,0,0
"FIN_013_MZB_LO_8","FIN_013_MZB_LO_8-01.09.2009","01.09.2009",2009,9,1,0,0,0,4,0,0,0,0,0,11,55,468,5,0,0,0,0,0,0,0,0,0,0,0,4,0,0,0,0,0,0,35,0,7,0,0,70,5,1,11,0,0,76,0,0,0,0,0,1,0,8,0,0,114,0,0,0,26,0,0,0,5,0,0,0,0,90,0,0,2,0,0,0,0,11,0,0,0,0,39,0,0,0,1,0,0,1,0,0,0,0,0,1,0,18,352,0,2,0,1,0,0,0,1,158,0,0,0,0,16,0,0,0,0
"FIN_013_MZB_LO_8","FIN_013_MZB_LO_8-01.09.2010","01.09.2010",2010,9,1,0,0,0,0,0,0,0,0,0,2,8,230,0,0,0,0,0,0,0,0,0,0,0,0,7,0,8,0,0,0,0,12,4,9,0,0,194,4,1,3,0,0,32,0,0,0,0,2,0,0,25,0,0,225,0,0,0,44,0,0,0,8,0,0,1,0,11,0,0,2,4,0,1,3,2,0,0,0,0,1,0,0,0,3,0,0,0,0,0,0,1,0,1,0,5,583,0,11,0,32,0,0,0,2,54,0,0,2,0,5,0,0,0,0
"FIN_013_MZB_LO_8","FIN_013_MZB_LO_8-01.09.2011","01.09.2011",2011,9,1,0,0,0,18,1,0,0,0,0,98,44,140,0,0,0,0,0,0,0,0,0,0,0,0,0,0,4,0,0,0,0,18,0,11,3,3,149,4,3,1,1,0,86,0,0,0,0,0,15,0,5,0,0,158,0,0,0,12,0,0,1,41,0,0,5,0,231,0,0,8,1,0,0,0,3,0,0,0,0,12,0,0,0,1,14,0,0,0,0,3,0,0,3,0,20,608,0,6,0,34,0,0,0,11,13,0,0,0,0,28,0,1,0,0
"FIN_013_MZB_LO_8","FIN_013_MZB_LO_8-01.09.2012","01.09.2012",2012,9,1,0,0,0,0,0,0,0,0,0,5,60,449,0,0,0,0,0,0,0,0,0,0,0,0,40,0,0,0,0,0,0,30,4,0,0,0,190,2,0,0,0,0,78,0,0,0,0,0,4,0,28,0,0,240,0,0,0,68,0,0,1,18,0,0,1,3,191,0,0,0,1,0,0,0,0,0,0,0,0,31,0,0,0,1,0,0,0,0,0,0,0,0,1,0,50,1098,0,8,0,9,0,0,0,8,213,0,0,0,0,12,0,0,0,0
"FIN_013_MZB_LO_8","FIN_013_MZB_LO_8-01.09.2013","01.09.2013",2013,9,1,0,0,0,0,1,0,0,0,0,11,88,450,0,0,0,0,0,0,0,0,0,0,0,0,23,0,0,0,0,0,0,22,3,5,0,0,363,1,1,9,0,0,88,0,0,0,0,0,28,0,16,0,0,287,0,0,0,27,0,0,1,15,0,0,8,1,180,0,0,3,1,0,0,0,6,0,0,0,0,9,0,0,0,4,1,0,0,0,0,0,0,0,0,0,0,664,0,0,0,23,0,0,0,16,29,0,0,0,0,10,1,0,0,0
"FIN_013_MZB_LO_8","FIN_013_MZB_LO_8-01.09.2014","01.09.2014",2014,9,1,0,0,0,0,0,0,0,0,0,0,9,156,0,0,0,0,0,0,0,0,0,0,0,0,16,0,0,0,0,0,0,9,2,3,0,0,58,1,4,0,0,0,6,0,0,0,0,0,4,0,0,10,0,98,0,0,0,13,0,0,0,8,0,0,0,0,65,0,0,0,1,0,0,0,0,0,0,0,0,9,0,0,0,3,0,0,0,0,0,0,0,0,0,0,13,15,0,11,0,8,0,0,0,3,53,0,0,0,0,5,0,0,0,0
"FIN_013_MZB_LO_9","FIN_013_MZB_LO_9-01.09.2000","01.09.2000",2000,9,1,0,0,0,0,0,0,131,0,0,206,0,99,0,0,0,0,1,0,0,0,0,0,0,0,2,0,0,0,1,0,0,2,0,0,0,0,36,0,1,2,21,0,1,0,0,2,0,0,0,1,0,0,0,0,0,0,4,0,0,0,0,0,5,3,1,31,0,0,0,0,8,1,0,0,0,0,0,0,0,2,0,0,0,1,1,1,0,0,0,0,10,1,0,0,0,0,0,0,0,13,0,1,0,0,133,0,0,3,0,27,0,0,0,5
"FIN_013_MZB_LO_9","FIN_013_MZB_LO_9-01.09.2001","01.09.2001",2001,9,1,0,0,0,0,0,0,76,0,0,242,0,232,4,0,0,0,4,0,0,0,0,0,0,0,0,0,0,0,0,0,0,2,0,0,0,0,198,0,2,0,20,0,0,0,0,0,0,0,0,0,0,4,0,0,0,0,12,0,0,0,0,0,0,0,0,8,0,0,0,4,16,0,0,0,0,0,0,0,0,4,0,2,0,12,0,0,0,0,0,0,20,10,0,0,0,0,0,0,0,4,2,2,0,0,48,0,0,8,0,68,0,2,0,8
"FIN_013_MZB_LO_9","FIN_013_MZB_LO_9-01.09.2002","01.09.2002",2002,9,1,0,6,0,0,0,0,24,0,4,48,0,108,0,0,0,0,0,0,0,0,0,0,0,0,10,0,4,2,0,0,0,4,0,0,0,0,258,0,12,0,32,0,0,0,0,0,0,0,0,0,0,0,0,10,0,0,1,1,0,0,0,0,0,0,6,0,0,0,0,0,26,0,0,0,0,0,2,0,4,0,0,0,0,52,0,0,0,0,0,0,12,0,0,0,0,0,0,2,0,26,0,0,0,0,460,0,0,0,0,6,0,0,0,2
"FIN_013_MZB_LO_9","FIN_013_MZB_LO_9-01.09.2003","01.09.2003",2003,9,1,0,0,0,0,0,0,16,0,1,178,0,38,9,0,0,0,1,0,0,0,0,0,0,0,0,0,12,0,0,0,0,3,0,0,0,0,308,0,3,2,15,0,0,1,0,0,0,0,0,2,0,4,0,13,0,0,1,1,0,0,0,5,4,0,12,0,0,0,0,0,40,0,0,0,1,0,0,0,0,2,0,2,0,14,11,0,0,0,0,0,36,4,0,0,0,0,0,0,0,15,0,0,1,0,102,0,6,0,0,29,0,0,0,1
"FIN_013_MZB_LO_9","FIN_013_MZB_LO_9-01.09.2004","01.09.2004",2004,9,1,0,8,0,0,0,0,3,0,6,51,22,28,0,0,0,0,0,0,0,0,0,0,0,0,2,0,0,0,0,0,0,9,0,0,0,0,141,0,6,0,2,0,0,5,0,0,0,0,0,0,0,0,0,0,0,0,8,0,1,0,0,6,1,1,3,1,0,0,0,2,20,0,0,0,0,0,0,0,0,0,0,0,0,48,10,0,0,0,0,0,3,0,0,0,0,0,0,2,0,41,0,0,0,1,266,0,0,0,0,15,0,0,0,0
"FIN_013_MZB_LO_9","FIN_013_MZB_LO_9-01.09.2005","01.09.2005",2005,9,1,0,1,0,0,0,0,2,0,4,103,0,9,2,0,0,0,0,0,0,0,5,0,0,0,0,0,0,0,0,0,0,2,0,0,0,0,28,0,0,0,4,0,0,0,0,0,0,0,0,0,0,0,0,0,0,0,0,0,0,0,0,2,0,10,3,10,0,0,0,0,10,0,0,0,0,0,0,0,0,5,0,1,0,5,1,0,0,0,0,0,11,0,0,0,0,0,0,0,0,8,0,0,0,0,11,0,3,0,0,7,0,0,0,0
"FIN_013_MZB_LO_9","FIN_013_MZB_LO_9-01.09.2006","01.09.2006",2006,9,1,0,0,0,0,4,0,1,0,0,49,1,3,0,0,0,0,0,0,0,0,5,0,0,0,0,0,2,0,0,0,0,0,0,0,0,0,28,0,0,0,2,0,0,2,0,0,0,0,0,0,0,0,0,0,0,0,0,0,0,0,0,1,1,1,9,17,0,0,0,0,0,0,0,0,0,1,0,0,0,2,0,0,0,2,5,0,0,0,0,0,7,0,0,0,0,0,0,0,0,16,0,1,0,0,18,0,9,0,0,5,0,0,0,2
"FIN_013_MZB_LO_9","FIN_013_MZB_LO_9-01.09.2007","01.09.2007",2007,9,1,0,0,0,2,12,0,12,0,3,157,9,248,0,0,0,0,0,0,0,0,0,0,0,0,0,0,5,0,0,0,0,16,0,0,0,0,167,0,6,1,10,0,0,18,0,0,0,0,0,0,0,7,0,2,0,0,0,8,0,0,0,19,0,2,18,2,0,0,0,2,29,0,0,0,0,0,0,0,0,7,0,11,0,19,2,0,0,0,0,0,29,1,0,0,0,0,0,0,0,59,0,0,0,3,3998,0,0,0,0,68,1,0,0,0
"FIN_013_MZB_LO_9","FIN_013_MZB_LO_9-01.09.2008","01.09.2008",2008,9,1,0,2,0,0,0,0,4,0,0,140,5,488,0,0,0,0,0,0,0,0,0,0,0,0,3,0,0,0,0,0,0,32,0,0,0,0,433,0,8,0,9,0,0,2,1,0,0,0,0,0,0,6,2,34,0,0,2,8,1,0,0,22,0,0,6,1,1,0,0,2,125,0,0,0,2,0,0,0,0,7,0,0,0,81,2,1,0,0,0,0,13,3,0,0,0,0,0,0,0,53,0,0,0,4,202,0,0,0,0,152,0,0,0,4
"FIN_013_MZB_LO_9","FIN_013_MZB_LO_9-01.09.2009","01.09.2009",2009,9,1,0,7,0,8,4,0,10,0,0,1920,100,860,0,0,0,0,0,0,0,0,0,0,0,0,1,0,16,0,0,0,0,21,0,0,0,0,560,1,6,1,30,0,0,17,1,0,0,0,0,0,0,11,0,1,0,0,3,0,0,0,1,14,0,0,5,54,1,0,0,21,137,0,0,0,1,0,0,0,0,15,0,4,0,95,10,0,0,0,0,0,43,3,0,0,0,1,0,0,0,64,0,3,0,17,2465,0,2,0,0,162,0,0,0,7
"FIN_013_MZB_LO_9","FIN_013_MZB_LO_9-01.09.2010","01.09.2010",2010,9,1,0,6,1,0,0,0,26,0,9,182,0,72,20,0,0,0,0,2,0,0,0,0,0,0,0,0,70,0,1,0,41,1,0,0,0,0,376,0,2,2,46,0,0,0,0,0,0,0,0,1,0,23,0,4,0,0,0,3,0,0,0,13,0,0,30,0,2,0,0,0,97,0,3,0,1,1,0,0,0,16,0,0,0,86,17,0,0,0,0,0,34,0,0,0,0,1,0,4,0,85,0,3,0,32,301,0,1,0,0,128,0,0,0,19
"FIN_013_MZB_LO_9","FIN_013_MZB_LO_9-01.09.2011","01.09.2011",2011,9,1,0,2,0,0,0,0,57,0,11,909,0,430,11,1,0,0,0,1,0,0,0,0,0,0,5,0,6,0,1,0,17,4,0,0,0,0,1077,2,3,21,27,0,0,0,0,0,0,0,0,0,0,2,0,9,0,0,0,12,0,0,0,7,74,0,11,8,0,0,0,1,181,1,0,0,3,0,0,0,0,3,0,0,0,122,36,0,0,0,0,0,40,29,0,0,0,0,0,0,0,83,0,0,0,13,891,0,7,6,0,87,3,0,0,20
"FIN_013_MZB_LO_9","FIN_013_MZB_LO_9-01.09.2012","01.09.2012",2012,9,1,0,4,0,0,0,0,87,0,22,213,8,294,10,0,1,0,0,1,0,0,0,0,0,0,4,0,1,0,2,0,0,14,0,0,0,0,739,0,11,24,21,0,0,0,0,0,0,0,13,0,0,1,1,6,0,0,15,0,0,1,0,25,83,0,158,25,2,0,0,10,104,2,0,0,0,0,0,0,0,8,0,2,0,72,77,0,0,0,0,0,24,0,0,0,0,0,0,4,0,94,2,0,0,14,722,0,13,14,0,129,0,0,0,14
"FIN_013_MZB_LO_9","FIN_013_MZB_LO_9-01.09.2013","01.09.2013",2013,9,1,0,0,0,0,0,0,24,0,14,2241,56,174,22,0,0,0,8,2,0,1,1,0,0,0,5,0,2,0,1,0,35,1,0,0,0,0,1052,0,2,1,49,0,0,0,0,0,0,0,0,0,0,3,1,2,0,0,7,0,0,0,0,19,96,2,22,68,1,0,0,7,86,0,0,0,1,0,0,0,0,7,0,7,0,86,72,0,0,0,0,0,55,14,0,0,0,1,0,0,0,52,3,0,27,1,141,0,2,0,0,85,0,0,0,28
"FIN_013_MZB_LO_9","FIN_013_MZB_LO_9-01.09.2014","01.09.2014",2014,9,1,0,0,0,0,1,0,54,0,2,218,4,86,2,0,0,0,0,1,0,0,0,1,0,0,2,0,46,0,0,0,0,6,0,0,0,0,226,0,2,0,26,2,0,0,0,0,0,0,0,6,0,0,0,13,0,0,0,0,0,1,0,22,2,11,12,0,0,0,0,2,79,0,0,0,0,0,0,0,0,25,0,0,1,19,1,0,0,0,0,0,32,4,0,0,0,0,0,0,0,50,2,1,0,2,276,0,4,7,0,38,0,0,0,2
