"Unique.ID","Samp.ID","Sampling.date","year","month","day","ACROLOXUS LACUSTRIS","ADICELLA REDUCTA","AESHNA SP.","AGABUS SP.","AGAPETUS SP.","AMPHINEMURA SP.","AMPULLACEANA BALTHICA","ANACAENA SP.","ANODONTA SP.","APHELOCHEIRUS AESTIVALIS","ASELLUS AQUATICUS","ATHERICIDAE GEN. SP.","ATHRIPSODES SP.","BAETIS SP.","BITHYNIA SP.","BRACHYCENTRUS SP.","BRACHYCERCUS HARRISELLA","BRACHYPTERA SP.","BRYCHIUS ELEVATUS","BRYOZOA GEN. SP.","CAENIS SP.","CALOPTERYX SP.","CALOPTERYX SPLENDENS","CAPNIA SP.","CENTROPTILUM LUTEOLUM","CERACLEA SP.","CERATOPOGONIDAE GEN. SP.","CHAETARTHRIA SEMINULUM","CHELICOROPHIUM SP.","CHEUMATOPSYCHE LEPIDA","CHIRONOMIDAE GEN. SP.","CHLOROPERLA SP.","CHRYSOPILUS SP.","CLOEON SP.","COENAGRIONIDAE GEN. SP.","CORBICULA FLUMINEA","CORDULEGASTER SP.","CORDULIA AENEA","CORIXIDAE GEN. SP.","CRENOBIA ALPINA","CRISTATELLA MUCEDO","CULICIDAE GEN. SP.","DENDROCOELUM LACTEUM","DIKEROGAMMARUS HAEMOBAPHES","DIKEROGAMMARUS VILLOSUS","DINOCRAS SP.","DIXA SP.","DIXELLA SP.","DREISSENA POLYMORPHA","DUGESIA SP.","ECDYONURUS SP.","ELECTROGENA UJHELYII","ELMIS SP.","ELODES SP.","EMPIDIDAE GEN. SP.","EPEORUS SP.","EPHEMERA SP.","EPHEMERELLA MUCRONATA","EPHEMERELLA NOTATA","ERPOBDELLIDAE GEN. SP.","ESOLUS SP.","FREDERICELLA SULTANA","GALBA SP.","GAMMARUS SP.","GERRIS SP.","GLOSSIPHONIIDAE GEN. SP.","GLOSSOSOMA SP.","GOERIDAE GEN. SP.","GOMPHIDAE GEN. SP.","HABROLEPTOIDES SP.","HABROPHLEBIA SP.","HAEMOPIS SANGUISUGA","HALIPLUS SP.","HAPALOTHRIX LUGUBRIS","HELOPHORUS SP.","HEPTAGENIA SP.","HYDRA SP.","HYDRAENA SP.","HYDROBIUS FUSCIPES","HYDROCHARA CARABOIDES","HYDROMETRA STAGNORUM","HYDROPORINAE GEN. SP.","HYDROPSYCHE SP.","HYDROPTILIDAE GEN. SP.","HYDROZOA GEN. SP.","HYPANIA INVALIDA","ILYBIUS SP.","ILYOCORIS CIMICOIDES SSP.","KAGERONIA FUSCOGRISEA","LACCOBIUS BIPUNCTATUS","LACCOPHILUS HYALINUS","LACCOPHILUS MINUTUS","LEPIDOSTOMA BASALE","LEPIDOSTOMA HIRTUM","LEPTOCERUS INTERRUPTUS","LEPTOPHLEBIA MARGINATA","LEUCTRA SP.","LIMNEPHILIDAE GEN. SP.","LIMNIUS SP.","LIMONIIDAE GEN. SP.","LIPONEURA CINERASCENS SSP.","LITHOGLYPHUS NATICOIDES","LYPE SP.","MACRONYCHUS QUADRITUBERCULATUS","MICRASEMA SP.","MOLANNA SP.","MUSCULIUM LACUSTRE","MYSTACIDES SP.","NEMATOCERA GEN. SP.","NEMOURA SP.","NEMURELLA PICTETII","NEPA CINEREA","NOTIDOBIA CILIARIS","NOTONECTA SP.","OCHTHEBIUS SP.","ODELES MARGINATA","ODONTOCERUM ALBICORNE","OECETIS SP.","OLIGOCHAETA GEN. SP.","OLIGONEURIELLA RHENANA","ORCONECTES LIMOSUS","ORECTOCHILUS VILLOSUS","OULIMNIUS SP.","PACIFASTACUS LENIUSCULUS","PARALEPTOPHLEBIA SUBMARGINATA","PEDICIIDAE GEN. SP.","PEREGRIANA LABIATA","PERLA SP.","PERLODIDAE GEN. SP.","PHYSA FONTINALIS","PHYSELLA ACUTA","PISCICOLIDAE GEN. SP.","PISIDIUM SP.","PLANARIA TORVA","PLANORBIDAE GEN. SP.","PLATAMBUS MACULATUS","PLATYCNEMIS PENNIPES","PLEA MINUTISSIMA SSP.","PLUMATELLA SP.","POLYCELIS SP.","POLYCENTROPODIDAE GEN. SP.","POTAMANTHUS LUTEUS","POTAMOPYRGUS ANTIPODARUM","PROASELLUS SP.","PROCLOEON BIFIDUM","PROTONEMURA SP.","PSYCHODIDAE GEN. SP.","PSYCHOMYIA PUSILLA","PTYCHOPTERA SP.","RADIX SP.","RHABDIOPTERYX SP.","RHITHROGENA SP.","RHYACOPHILA SP.","RIOLUS SP.","SERICOSTOMA SP.","SERRATELLA IGNITA","SETODES PUNCTATUS","SETODES VIRIDIS","SIALIS SP.","SIMULIIDAE GEN. SP.","SIPHLONURUS SP.","SIPHONOPERLA SP.","SISYRA SP.","SPHAERIUM SP.","SPONGILLIDAE GEN. SP.","STRATIOMYIDAE GEN. SP.","SYNAGAPETUS DUBITANS","TABANIDAE GEN. SP.","TAENIOPTERYX SP.","TINODES SP.","TIPULIDAE GEN. SP.","TORLEYA MAJOR","UNIO SP.","VALVATA CRISTATA","VALVATA PISCINALIS SSP.","VELIA SP.","VIVIPARUS SP.","ZYGOPTERA GEN. SP."
"GER_069_MZB_LO_1","GER_069_MZB_LO_1-26.04.2007","26.04.2007",2007,4,26,0,0,0,0,0,0,0,0,0,0,3,0,39,0,0,2,0,0,0,0,91,0,0,0,4,3,58,0,0,0,33,0,0,0,0,0,0,0,0,0,0,1,0,0,0,0,0,0,0,0,0,0,0,0,0,0,0,0,0,1,0,0,0,100,0,2,0,0,0,0,0,0,0,0,0,0,0,0,0,0,0,0,0,0,0,0,0,1,0,0,0,0,0,0,0,0,0,1,1,2,0,0,0,0,0,1,0,15,0,0,0,0,0,0,0,0,0,0,24,0,0,0,1,0,0,0,0,0,0,0,0,0,450,0,0,0,0,0,0,0,3,0,0,0,0,0,0,0,0,0,0,0,0,0,0,0,0,0,0,0,0,0,0,0,0,0,0,0,0,6,0,0,0,0,0,0,0,0
"GER_069_MZB_LO_1","GER_069_MZB_LO_1-17.05.2011","17.05.2011",2011,5,17,0,0,0,0,0,0,0,0,0,0,3,0,22,0,1,0,0,0,0,0,7,1,1,0,16,0,1,0,0,0,111,0,0,0,0,0,0,0,0,0,0,0,0,0,0,0,0,0,0,0,0,0,0,0,0,0,0,0,0,20,0,0,0,0,0,1,0,0,0,0,0,0,0,0,0,0,0,0,0,0,0,0,0,0,0,0,0,0,0,0,0,0,0,0,0,0,0,0,0,0,0,0,0,0,0,0,10,0,0,0,0,0,0,0,0,0,0,1,2000,0,0,0,2,0,0,0,0,0,0,0,0,0,230,1,1,0,0,0,0,0,6,0,0,0,4,0,0,0,0,1,0,0,0,0,0,8,0,0,0,0,0,0,0,14,0,0,0,0,0,0,0,0,0,0,0,0,0,0
"GER_069_MZB_LO_1","GER_069_MZB_LO_1-29.05.2012","29.05.2012",2012,5,29,0,0,0,0,0,0,0,0,0,0,0,0,25,0,1,2,1,0,0,0,65,0,0,0,0,0,0,0,0,0,456,0,0,0,0,0,0,0,0,0,0,0,0,0,0,0,0,0,0,0,0,0,5,0,0,0,0,0,0,6,0,0,0,1,0,0,0,0,0,0,0,0,0,0,0,0,0,0,0,0,0,2,7,0,0,0,0,0,0,0,0,0,1,0,0,0,0,0,0,0,0,0,0,0,0,0,2,12,0,0,0,0,0,0,0,0,0,0,231,0,0,0,4,0,0,0,0,0,0,0,0,0,31,0,0,0,0,0,0,5,3,0,0,0,2,0,0,0,0,0,0,0,0,0,0,90,0,0,0,0,0,0,0,15,0,0,0,0,0,0,0,0,0,0,0,0,0,0
"GER_069_MZB_LO_1","GER_069_MZB_LO_1-27.04.2015","27.04.2015",2015,4,27,0,1,0,0,0,0,0,0,0,0,3,0,90,1,1,2,0,0,0,0,425,0,0,0,0,25,1,0,0,0,231,0,0,0,0,0,0,0,0,0,0,0,0,0,0,0,0,0,0,2,0,0,2,0,0,0,2,0,0,4,0,0,0,2,0,2,0,0,0,0,0,0,0,0,0,0,1,0,0,0,0,0,5,2,0,0,0,0,0,0,0,0,0,0,0,0,0,1,0,0,0,0,0,0,0,0,0,13,0,0,0,0,0,0,0,0,0,0,150,0,0,0,0,0,0,0,0,0,1,0,0,0,240,0,0,0,0,0,0,0,8,0,0,0,0,0,0,0,0,2,0,0,0,0,0,0,0,0,0,1,0,0,0,9,0,0,0,0,0,0,0,0,0,0,0,0,0,0
"GER_069_MZB_LO_1","GER_069_MZB_LO_1-19.04.2018","19.04.2018",2018,4,19,0,0,0,0,0,0,0,0,0,0,44,0,145,0,4,5,0,0,0,0,200,0,0,0,11,55,5,0,51,0,655,0,0,0,0,0,0,0,0,0,0,0,0,0,0,0,0,0,0,20,0,0,17,0,0,0,2,0,0,1,0,0,0,1,0,0,0,0,0,0,0,0,0,0,0,0,0,0,0,0,0,1,19,20,0,0,0,0,0,0,0,0,0,0,0,0,0,8,0,0,0,0,0,0,0,0,0,0,0,0,0,0,0,0,0,0,0,0,30,0,0,3,3,0,0,0,0,0,0,0,0,0,20,0,0,0,0,0,0,20,20,0,0,0,0,0,0,0,0,0,0,0,0,0,0,0,0,0,0,1,0,0,0,20,0,0,0,0,0,2,0,0,0,0,0,0,0,0
"GER_069_MZB_LO_11","GER_069_MZB_LO_11-05.02.2007","05.02.2007",2007,2,5,0,0,0,0,0,0,0,0,0,0,20,2,0,625,0,5,0,1,0,0,5,0,0,0,0,0,2,0,0,0,63,7,0,0,0,0,0,0,4,0,0,0,5,0,0,0,0,0,0,7,0,0,5,0,0,0,6,0,14,1,13,0,0,200,0,0,0,0,0,0,0,0,0,0,0,200,0,0,0,0,0,0,28,3,0,0,0,0,0,0,0,0,0,5,0,0,0,33,1,1,0,0,0,0,0,0,0,0,0,0,0,0,0,0,0,0,0,0,44,0,0,14,0,0,0,6,0,0,69,0,0,0,0,0,0,0,0,0,0,5,17,0,0,0,0,0,0,0,0,3,0,5,14,0,3,5,0,0,0,0,0,0,0,0,0,0,0,0,1,0,6,0,0,0,0,0,0,0
"GER_069_MZB_LO_11","GER_069_MZB_LO_11-06.03.2013","06.03.2013",2013,3,6,0,0,0,0,0,0,0,0,0,0,0,2,0,45,0,0,0,1,0,0,32,0,0,0,0,0,1,0,0,0,100,20,0,0,0,0,0,0,0,0,0,0,0,0,0,5,0,0,0,1,0,0,0,0,0,0,0,0,0,4,0,0,0,135,0,0,0,0,0,0,0,0,0,0,0,20,0,0,0,0,0,0,23,0,0,0,0,0,0,0,0,0,0,0,0,0,0,1,0,0,0,0,0,0,1,0,0,0,0,0,0,0,0,0,0,0,0,0,50,0,0,1,0,0,0,0,0,0,35,0,0,0,0,0,0,0,0,0,0,1,0,0,0,0,0,0,0,0,0,0,0,62,2,0,1,0,0,0,0,50,0,0,0,0,0,0,0,0,0,0,0,0,0,0,0,0,0,0
"GER_069_MZB_LO_11","GER_069_MZB_LO_11-18.03.2018","18.03.2018",2018,3,18,0,0,0,0,0,0,0,0,0,0,0,0,0,66,0,3,0,3,0,0,0,0,0,0,0,0,27,0,0,0,596,10,0,0,0,0,0,0,1,0,0,0,0,0,0,0,0,0,0,0,4,0,35,0,0,0,1,0,2,0,15,0,0,190,0,0,0,0,0,0,0,0,0,0,0,0,0,0,0,0,0,0,2,0,0,0,0,0,0,0,0,0,0,0,0,0,20,19,11,1,0,0,0,0,0,0,0,0,0,0,0,0,0,0,0,0,0,0,21,0,0,1,0,0,0,3,0,0,6,0,0,0,0,0,0,0,0,0,0,2,20,3,0,0,0,0,0,0,0,0,0,3,5,5,0,2,0,0,0,20,0,0,0,0,0,0,0,0,0,0,1,0,0,0,0,0,0,0
"GER_069_MZB_LO_11","GER_069_MZB_LO_11-08.02.2019","08.02.2019",2019,2,8,0,0,0,0,0,0,0,0,0,0,1,5,1,57,0,65,0,20,0,0,0,20,20,0,0,0,0,0,0,0,65,0,0,0,0,0,0,0,2,0,0,0,0,0,0,20,0,0,0,1,0,0,7,0,0,0,0,0,0,20,9,0,0,1000,0,2,0,20,0,0,0,0,0,0,0,1,0,0,0,0,0,0,66,0,0,0,0,0,0,0,0,0,0,20,0,0,0,6,8,0,0,0,1,0,0,0,0,0,0,0,0,0,5,0,0,0,0,0,7,0,0,6,0,0,0,3,0,0,20,0,0,1,0,0,65,0,0,0,0,3,0,8,0,0,0,0,0,0,0,1,0,1,20,0,15,0,0,0,1,0,0,0,0,0,0,0,0,0,20,0,1,0,0,0,0,0,0,0
"GER_069_MZB_LO_11","GER_069_MZB_LO_11-17.02.2020","17.02.2020",2020,2,17,0,0,0,0,0,0,0,0,0,0,4,0,0,1035,0,2,0,33,0,0,0,4,4,0,0,0,0,0,0,0,70,0,0,0,0,0,0,0,0,0,0,0,0,0,0,0,0,0,0,2,4,0,9,0,0,4,20,0,13,3,5,0,0,1058,0,0,0,1,0,0,0,0,0,0,0,9,0,0,0,0,0,0,20,2,0,0,0,0,0,0,0,0,0,20,0,0,0,21,5,0,0,0,0,0,0,0,0,0,0,0,0,0,0,0,0,0,0,0,4,0,0,2,2,0,3,0,0,0,36,0,0,0,0,0,0,3,0,0,0,0,6,0,1,0,0,0,0,0,0,0,0,4,6,0,1,7,0,0,0,19,0,0,0,0,0,0,0,0,3,0,0,0,0,0,0,0,0,0
"GER_069_MZB_LO_15","GER_069_MZB_LO_15-14.06.2005","14.06.2005",2005,6,14,0,0,0,0,0,0,0,0,0,153,5,0,15,495,0,15,0,0,0,7,152,6,6,0,1,0,1,0,0,50,495,0,0,0,0,0,0,0,50,0,0,0,0,0,0,0,0,0,0,1,1,0,23,0,0,0,0,0,0,10,0,0,0,496,0,0,0,5,0,0,0,0,0,0,0,0,0,0,0,0,0,0,50,1,1,0,0,0,0,0,0,0,0,0,0,0,0,3,0,1,0,0,0,5,0,0,0,0,0,0,0,0,0,0,0,0,0,0,157,0,0,0,28,0,0,1,0,0,0,0,0,0,0,0,0,1,5,0,0,0,5,152,0,0,0,0,0,1,0,0,0,0,5,0,0,152,0,0,0,5,0,0,0,5,7,0,0,0,0,0,0,0,0,0,0,0,0,0
"GER_069_MZB_LO_15","GER_069_MZB_LO_15-20.06.2006","20.06.2006",2006,6,20,0,0,0,0,0,0,0,0,2,50,0,2,15,15,7,13,0,0,0,15,6,2,2,0,0,5,4,0,0,3,39,0,0,0,0,0,0,0,8,0,0,0,0,0,0,0,0,0,0,0,2,0,10,0,0,0,1,0,0,2,0,0,0,990,0,0,0,0,1,0,0,0,0,0,0,4,0,0,0,0,0,0,16,1,0,0,0,0,0,0,0,0,0,1,5,0,0,3,4,1,0,0,0,8,0,0,0,1,0,0,0,0,0,0,6,0,0,0,15,0,0,0,36,0,0,0,0,0,0,0,0,0,2,0,4,15,0,0,0,0,4,152,0,0,1,0,0,2,0,0,0,0,2,0,0,50,0,1,0,47,0,0,0,6,0,0,0,0,0,0,0,0,2,0,0,0,0,0
"GER_069_MZB_LO_15","GER_069_MZB_LO_15-22.04.2009","22.04.2009",2009,4,22,0,0,0,0,0,0,0,0,0,3,3,1,14,20,65,2,0,0,0,0,20,25,25,0,0,66,0,0,0,56,211,0,0,0,0,0,0,0,0,0,0,0,0,0,0,0,0,0,0,0,11,0,10,0,0,0,5,0,0,4,0,0,0,200,0,5,0,0,1,0,0,0,0,0,0,9,0,0,0,0,0,0,144,20,0,0,0,0,0,0,0,0,0,0,0,0,0,6,4,0,0,0,0,20,0,0,0,0,0,0,0,0,0,0,5,0,0,0,21,0,0,0,0,0,0,0,0,0,0,0,0,5,20,0,9,1,0,0,0,0,4,20,0,0,0,0,0,0,0,0,0,0,1,0,0,0,0,0,0,20,0,0,0,20,5,0,0,0,0,0,0,0,0,0,5,0,0,0
"GER_069_MZB_LO_15","GER_069_MZB_LO_15-15.04.2015","15.04.2015",2015,4,15,0,0,0,0,0,0,6,0,0,5,0,0,0,65,0,0,0,0,0,0,6,0,0,0,0,20,0,0,0,20,65,0,0,0,0,0,0,0,0,0,0,0,0,0,0,0,0,0,0,0,10,0,2,0,0,0,0,0,0,12,12,0,0,85,0,3,0,5,0,0,0,0,0,0,0,8,0,0,0,0,0,0,20,20,0,0,0,0,0,0,0,0,0,0,0,0,0,8,0,10,0,0,2,9,0,0,0,0,0,0,0,0,0,0,0,0,0,0,1,0,0,1,0,0,0,0,0,0,0,0,0,0,20,0,8,0,0,0,0,0,10,20,3,0,0,0,1,0,0,0,0,0,0,0,0,0,0,0,0,1,0,0,0,20,0,0,0,0,0,0,0,0,0,0,0,0,0,0
"GER_069_MZB_LO_15","GER_069_MZB_LO_15-07.05.2018","07.05.2018",2018,5,7,0,0,0,0,0,0,65,0,0,1,0,1,49,20,1,0,0,0,0,0,65,1,1,0,0,0,1,0,0,20,30,0,0,0,0,0,0,0,20,0,0,0,0,0,0,0,0,0,0,1,0,0,20,0,0,0,1,0,0,1,0,0,0,200,0,0,0,0,0,0,0,0,0,0,0,0,0,0,0,0,0,0,1,0,0,0,0,0,0,0,0,0,0,0,16,0,0,1,0,1,0,0,0,0,0,1,0,0,0,0,0,0,0,0,0,0,0,0,2,0,0,1,1,0,0,0,0,0,0,0,0,0,65,0,5,0,0,0,0,0,0,65,65,0,0,0,0,0,0,0,0,1,1,0,0,0,0,0,0,0,0,0,0,65,0,0,0,0,0,0,0,0,0,0,3,0,0,0
"GER_069_MZB_LO_15","GER_069_MZB_LO_15-21.04.2020","21.04.2020",2020,4,21,0,0,0,0,0,0,65,0,0,2,0,1,0,200,0,0,0,0,0,0,20,3,3,0,0,66,2,0,0,22,199,0,0,0,3,0,0,0,0,0,0,0,0,0,0,0,0,0,0,0,0,0,5,0,0,0,5,0,0,2,0,0,0,20,0,0,0,5,0,0,0,0,0,0,0,4,0,0,0,0,0,0,45,65,0,0,0,0,0,0,0,0,0,0,0,0,0,5,0,0,0,0,0,0,0,0,0,0,0,0,0,0,0,3,1,0,0,0,11,0,0,0,5,0,0,0,0,0,0,0,0,0,65,0,0,0,0,0,0,0,5,20,0,0,0,0,0,0,0,0,0,0,1,0,0,0,0,0,0,1,0,0,0,65,0,0,0,0,0,0,0,0,0,0,0,0,0,0
"GER_069_MZB_LO_16","GER_069_MZB_LO_16-04.02.2009","04.02.2009",2009,2,4,0,0,0,0,0,1,0,0,0,0,0,1,0,5,0,0,0,0,0,0,0,0,0,23,0,0,0,0,0,0,40,0,0,0,0,0,0,0,2,0,0,0,0,0,0,1,0,0,0,0,24,0,0,0,0,0,0,0,0,0,0,0,0,17,0,0,0,0,0,0,0,0,0,0,0,0,0,0,0,0,0,0,1,0,0,0,0,0,0,0,0,0,0,0,0,0,24,2,0,0,0,0,0,0,0,0,0,0,0,0,0,0,0,0,0,0,0,0,89,0,0,0,0,0,0,0,0,0,4,0,0,0,0,0,10,2,0,0,0,0,3,0,0,0,0,0,0,2,0,0,0,0,2,0,0,0,0,0,0,0,5,0,0,0,0,0,0,0,0,0,0,0,0,0,0,0,0,0
"GER_069_MZB_LO_16","GER_069_MZB_LO_16-14.03.2012","14.03.2012",2012,3,14,0,0,0,0,0,0,0,0,0,0,0,0,0,26,0,0,0,9,0,0,0,0,0,15,5,0,0,0,0,0,85,0,0,0,0,0,0,0,1,0,0,0,0,0,0,0,0,0,0,3,10,0,5,0,0,1,0,0,0,1,0,0,0,50,0,0,0,0,0,0,0,0,0,0,0,1,0,0,0,0,0,0,0,0,0,0,0,0,0,0,0,0,0,0,0,0,35,404,0,1,0,0,0,0,0,0,0,0,0,0,1,0,0,0,0,0,0,0,500,0,0,1,0,0,0,1,0,0,22,0,0,0,0,0,20,1,0,0,0,0,3,0,0,0,0,0,0,0,0,0,0,0,3,0,0,0,0,0,0,4,0,0,0,0,0,0,0,0,0,0,0,0,0,0,0,0,0,0
"GER_069_MZB_LO_16","GER_069_MZB_LO_16-10.03.2015","10.03.2015",2015,3,10,0,0,0,0,0,25,0,0,0,0,0,0,0,30,0,0,0,11,1,0,0,0,0,17,0,0,0,0,0,0,64,0,0,0,0,0,0,0,0,0,0,0,0,0,0,1,0,0,0,2,40,0,9,0,0,0,1,0,0,1,1,0,0,43,0,0,0,0,0,1,0,0,0,0,1,0,0,0,0,0,0,0,7,0,0,0,0,0,0,0,0,0,0,0,0,0,30,190,0,0,0,0,0,0,0,0,0,0,0,5,0,0,0,0,0,0,0,0,40,0,0,0,0,0,1,1,0,0,15,0,0,0,0,0,30,1,0,0,0,0,12,0,0,0,0,0,0,0,0,0,0,0,1,0,0,0,0,0,0,3,3,0,0,0,0,0,0,0,0,0,0,0,0,0,0,0,0,0
"GER_069_MZB_LO_16","GER_069_MZB_LO_16-14.03.2018","14.03.2018",2018,3,14,0,0,0,0,0,0,0,0,0,0,0,0,0,38,0,0,0,9,1,0,0,0,0,4,0,0,0,0,0,0,83,0,0,0,0,0,0,0,0,0,0,0,0,0,0,0,0,0,0,15,12,0,3,0,1,1,0,0,0,0,0,0,0,30,0,0,0,0,0,0,0,0,0,0,0,0,0,0,0,0,0,0,5,0,0,0,0,0,0,0,0,0,0,0,0,0,31,121,0,0,0,0,0,0,1,0,0,0,0,0,0,0,0,0,0,1,0,0,60,0,0,0,0,0,0,0,0,1,18,0,0,0,0,0,30,0,0,0,0,0,10,0,0,0,0,1,0,10,0,0,0,3,3,0,0,0,0,0,0,4,6,0,0,0,0,0,0,0,0,0,3,0,0,0,0,0,0,0
"GER_069_MZB_LO_16","GER_069_MZB_LO_16-16.03.2020","16.03.2020",2020,3,16,0,0,0,0,0,6,0,0,0,0,0,0,0,32,0,0,0,8,1,0,0,0,0,1,0,0,0,0,0,0,55,0,0,0,0,0,0,0,0,0,0,0,0,0,0,0,0,0,0,20,15,0,7,0,0,0,0,0,0,0,1,0,0,30,0,1,0,0,0,1,0,0,0,0,0,0,0,0,0,0,0,0,5,0,0,0,0,0,0,0,0,0,0,0,0,0,15,205,1,0,0,0,0,0,0,0,0,0,0,0,0,0,0,0,0,0,0,0,13,0,0,0,0,0,0,0,0,0,20,0,0,0,0,0,20,0,0,0,0,0,0,0,0,0,0,0,0,20,0,0,2,0,0,0,0,0,0,0,0,0,0,0,0,0,0,0,0,0,0,0,1,0,0,0,0,0,0,0
"GER_069_MZB_LO_18","GER_069_MZB_LO_18-25.04.2006","25.04.2006",2006,4,25,0,0,0,0,0,0,0,0,0,8,0,0,0,4,1,0,0,0,0,0,2,0,0,0,2,0,0,0,0,0,80,0,0,0,0,0,0,0,0,0,0,0,0,0,0,0,0,0,0,0,5,0,2,0,0,0,0,0,0,2,0,0,3,15,0,0,0,0,0,0,0,0,0,0,0,2,0,0,0,0,0,0,1,0,0,0,0,0,0,0,0,0,0,0,0,0,2,28,1,0,0,0,0,0,0,0,0,0,0,1,0,0,0,0,0,0,0,0,159,0,0,0,0,0,0,0,0,0,3,0,0,0,0,0,4,0,0,0,0,0,2,1,0,0,0,0,0,1,0,0,0,0,0,0,0,0,0,0,0,0,0,0,0,0,0,0,0,0,0,0,2,0,0,0,0,0,0,0
"GER_069_MZB_LO_18","GER_069_MZB_LO_18-18.03.2009","18.03.2009",2009,3,18,0,0,0,0,0,0,0,0,0,0,0,0,0,9,0,0,0,0,0,0,0,0,0,1,0,0,0,0,0,0,245,0,0,0,0,0,0,0,0,0,0,0,0,0,0,0,0,0,0,20,49,0,0,0,0,0,0,0,0,2,0,0,0,69,0,0,0,0,0,0,0,0,0,0,0,1,0,0,0,0,0,0,0,0,0,0,0,0,0,0,0,0,0,0,0,0,1,212,0,0,0,0,0,0,0,0,0,0,0,0,0,0,0,0,0,0,0,0,200,0,0,0,0,0,0,0,0,0,8,0,0,0,0,0,20,1,0,0,0,0,20,0,0,0,0,0,0,4,0,0,0,0,0,0,0,0,0,0,0,0,0,0,0,0,0,0,0,0,0,0,0,0,0,0,0,0,0,0
"GER_069_MZB_LO_18","GER_069_MZB_LO_18-05.04.2012","05.04.2012",2012,4,5,0,0,0,0,0,1,0,0,0,0,0,0,0,10,0,0,0,0,0,0,0,0,0,0,0,0,0,0,0,0,129,0,0,0,0,0,0,0,5,0,0,0,0,0,0,0,0,0,0,2,30,0,2,0,0,0,0,0,0,3,0,0,0,33,0,0,0,0,0,0,0,0,0,0,0,0,0,0,0,0,0,0,8,0,0,0,0,0,0,0,0,0,0,0,0,0,18,86,0,0,0,0,0,0,0,0,0,0,0,1,0,0,0,0,0,0,0,0,126,0,0,2,0,0,0,0,0,0,35,0,0,0,0,0,5,0,0,0,0,0,1,0,0,0,0,2,0,2,0,1,0,0,0,0,0,0,0,0,0,0,1,0,0,0,0,0,0,0,0,0,0,0,0,0,0,0,0,0
"GER_069_MZB_LO_18","GER_069_MZB_LO_18-12.03.2015","12.03.2015",2015,3,12,0,0,0,0,0,0,0,0,0,0,0,0,0,4,0,0,0,0,0,0,2,0,0,0,0,0,0,0,0,0,205,0,0,0,0,0,0,0,5,0,0,0,0,0,0,0,0,0,0,10,16,0,3,0,0,0,0,0,0,0,0,0,0,30,0,0,0,0,0,0,0,0,0,0,0,1,0,0,0,0,0,0,5,0,0,0,0,0,0,0,0,0,1,0,0,0,5,98,0,0,0,0,0,0,0,0,0,0,0,2,0,0,0,0,0,0,0,0,613,0,0,2,1,0,5,2,0,0,12,0,0,0,0,0,0,0,0,0,0,0,18,0,0,1,0,0,0,1,0,5,0,0,3,0,1,0,0,0,0,2,0,0,0,0,0,0,0,0,0,0,0,0,0,0,0,0,0,0
"GER_069_MZB_LO_18","GER_069_MZB_LO_18-09.03.2018","09.03.2018",2018,3,9,0,0,0,0,0,0,0,0,0,0,0,0,0,3,0,0,0,0,0,0,1,0,0,3,0,0,5,0,0,0,81,0,0,7,0,0,0,0,20,0,0,0,0,0,0,0,0,0,0,0,26,0,1,0,0,0,0,0,0,0,0,0,0,6,0,0,0,0,0,0,0,0,0,0,0,10,0,0,0,0,0,0,2,0,0,0,0,0,0,0,0,0,0,0,0,0,7,82,1,0,0,0,0,0,0,0,0,0,0,0,0,0,0,0,0,0,0,0,130,0,0,0,0,0,0,0,0,0,20,0,0,0,0,0,30,0,0,0,0,0,2,0,0,0,0,0,0,8,0,0,0,0,1,0,0,0,0,0,0,1,0,0,0,0,0,0,0,0,0,0,4,0,0,0,0,0,0,0
"GER_069_MZB_LO_2","GER_069_MZB_LO_2-18.06.2007","18.06.2007",2007,6,18,0,0,0,0,0,0,0,0,0,0,0,4,2,25,0,60,0,0,0,1,0,0,0,0,0,1,0,0,0,1,152,0,0,0,0,0,0,0,0,0,0,0,0,0,0,0,0,0,0,0,0,0,3,0,0,0,0,0,0,0,0,0,0,150,0,0,0,40,2,0,0,0,0,0,0,1,0,0,0,0,0,0,70,0,0,0,0,0,0,0,0,0,0,6,0,0,1,5,0,1,0,0,0,0,0,0,0,0,0,0,0,0,0,0,0,0,0,0,20,0,0,0,2,0,0,5,0,0,0,0,0,0,0,0,15,0,0,0,0,0,6,0,0,0,0,0,0,20,0,0,0,0,5,0,0,25,0,0,0,0,0,0,0,0,0,0,0,0,0,0,0,0,0,0,0,0,0,0
"GER_069_MZB_LO_2","GER_069_MZB_LO_2-29.05.2008","29.05.2008",2008,5,29,0,0,0,0,0,0,0,0,0,1,3,1,32,90,1,69,0,0,0,1,40,0,0,0,0,1,15,0,0,4,63,0,0,0,0,0,0,0,0,0,0,0,0,0,0,0,0,0,0,1,1,0,24,0,0,0,0,0,0,1,1,0,0,100,0,0,0,15,0,0,0,0,0,0,0,5,0,0,0,0,0,0,41,16,0,0,0,0,1,0,0,0,0,7,0,0,16,0,0,3,0,0,3,0,0,0,0,1,0,0,0,0,0,0,0,0,0,0,50,0,0,2,18,0,0,7,0,0,0,0,0,2,1,0,4,0,0,0,0,0,1,4,1,0,0,0,0,60,0,0,0,0,1,0,0,500,0,0,0,3,0,0,0,0,0,0,0,0,0,0,0,0,0,0,0,0,0,0
"GER_069_MZB_LO_2","GER_069_MZB_LO_2-03.06.2009","03.06.2009",2009,6,3,0,0,0,0,0,0,0,0,0,2,0,0,8,335,2,175,0,0,0,0,0,0,0,0,0,6,2,0,0,0,125,0,0,0,0,0,0,0,0,0,0,0,0,0,0,0,0,0,0,4,0,0,25,0,0,0,0,0,0,3,35,0,0,120,0,2,0,20,4,0,0,0,0,0,0,4,0,0,0,0,0,0,78,15,0,0,0,0,0,0,0,0,0,1,0,0,7,1,1,3,0,0,0,0,0,0,0,0,0,0,0,0,0,0,0,0,0,0,52,0,0,0,15,0,0,56,0,0,0,0,0,1,25,0,0,0,0,0,0,1,1,0,0,0,0,0,0,40,0,0,0,0,3,0,0,400,0,0,0,207,0,0,0,1,1,0,0,0,0,0,0,0,0,0,0,0,0,0
"GER_069_MZB_LO_2","GER_069_MZB_LO_2-16.05.2013","16.05.2013",2013,5,16,0,0,0,0,0,0,0,0,0,1,1,3,5,250,0,80,0,0,0,0,0,2,2,0,3,0,5,0,0,0,320,0,0,0,0,0,0,0,0,0,0,0,0,0,0,0,0,0,0,0,0,0,28,0,0,0,0,0,0,2,0,0,0,90,0,0,0,20,0,0,0,0,0,0,0,4,0,0,0,0,0,0,53,2,0,0,0,0,0,0,0,0,0,0,0,0,0,9,5,3,0,0,0,0,0,0,0,0,0,0,0,0,0,0,0,0,0,0,60,0,0,20,5,0,0,0,0,0,0,0,0,1,2,0,0,0,0,0,0,0,0,0,0,0,0,0,0,15,0,0,0,0,5,0,0,6,0,0,0,36,0,0,0,2,0,0,0,0,0,0,2,0,0,0,0,0,0,0
"GER_069_MZB_LO_2","GER_069_MZB_LO_2-28.06.2016","28.06.2016",2016,6,28,0,0,0,0,0,0,0,0,0,80,0,1,25,41,3,200,0,0,0,0,0,1,1,0,0,0,2,0,0,3,105,0,0,0,0,0,0,0,0,0,0,0,1,0,0,0,0,0,0,8,0,0,6,0,0,0,1,0,0,0,9,0,0,300,0,1,0,25,0,0,0,0,0,0,0,0,0,0,0,0,0,0,9,11,0,0,0,0,0,0,0,0,0,0,0,0,16,1,0,0,0,0,0,0,0,0,0,0,0,0,0,0,0,0,0,0,0,0,27,0,0,1,1,0,0,4,0,0,0,0,0,1,15,0,3,0,0,0,0,0,2,1,10,0,0,0,0,5,0,1,0,0,0,0,0,25,0,0,0,105,0,0,0,3,0,0,0,0,0,0,0,0,0,0,0,0,0,0
"GER_069_MZB_LO_2","GER_069_MZB_LO_2-11.06.2019","11.06.2019",2019,6,11,0,0,0,0,0,0,1,0,0,40,0,0,0,30,2,150,0,0,0,0,25,2,2,0,0,0,0,0,0,0,73,0,0,0,0,0,0,0,0,0,0,0,1,0,0,0,0,0,0,0,0,0,21,0,0,0,4,0,0,0,12,0,0,150,0,0,0,3,3,0,0,0,0,0,0,1,0,0,0,0,0,0,1,3,0,0,0,0,0,0,0,0,0,1,0,0,0,1,10,0,0,0,0,1,0,0,0,0,0,0,0,0,0,0,0,0,0,0,3,0,0,0,20,0,0,1,0,0,0,0,0,7,1,0,0,1,0,0,1,10,5,1,30,0,1,0,0,0,0,0,0,0,0,0,0,80,0,0,0,3,0,0,0,1,0,0,0,0,0,0,0,0,0,0,0,0,0,0
"GER_069_MZB_LO_21","GER_069_MZB_LO_21-21.03.2006","21.03.2006",2006,3,21,0,0,0,0,0,0,0,0,0,0,1,0,0,11,0,1,0,0,0,0,0,0,0,5,0,0,0,0,0,0,22,10,0,0,0,0,0,0,0,0,0,0,0,0,0,0,0,0,0,0,1,0,0,0,1,0,0,0,0,0,0,0,0,63,0,0,1,0,1,0,0,0,0,0,0,0,0,0,0,0,0,0,3,0,0,0,0,0,0,0,0,0,0,0,0,0,84,155,0,1,0,0,0,0,0,0,0,0,0,0,0,0,0,0,0,0,0,0,16,0,0,0,0,0,0,15,0,0,7,0,0,0,0,0,0,0,0,0,0,1,0,0,0,0,0,3,0,0,0,0,2,23,12,0,0,0,0,0,0,6,0,0,0,0,0,0,0,0,0,0,0,0,0,0,0,0,0,0
"GER_069_MZB_LO_21","GER_069_MZB_LO_21-03.02.2009","03.02.2009",2009,2,3,0,0,0,0,0,0,0,0,0,0,0,0,0,226,0,0,0,99,0,0,0,0,0,61,0,0,0,0,0,0,200,59,0,0,0,0,0,0,0,0,0,0,0,0,0,1,0,0,0,0,30,0,0,0,0,3,3,3,0,0,0,0,0,130,0,1,5,1,0,0,0,0,0,0,0,0,0,0,0,0,0,0,2,0,0,0,0,0,0,0,0,0,0,0,0,0,200,203,0,8,0,0,0,0,0,0,0,0,0,0,0,0,0,0,0,0,0,0,0,0,0,0,0,0,0,65,0,1,72,0,0,0,0,0,3,0,0,0,0,0,1,0,0,0,0,0,0,1,0,0,22,207,33,0,0,0,0,0,0,201,0,0,0,0,0,0,0,0,26,0,8,0,0,0,0,0,0,0
"GER_069_MZB_LO_21","GER_069_MZB_LO_21-03.04.2012","03.04.2012",2012,4,3,0,0,0,0,0,0,0,0,0,0,0,0,0,40,0,0,0,1,0,0,0,0,0,1,0,0,0,0,0,0,10,40,0,0,0,0,0,0,0,0,0,0,0,0,0,2,0,0,0,0,3,0,0,0,0,15,0,0,0,1,0,0,0,250,0,0,1,0,0,0,0,0,0,0,0,0,0,0,0,0,0,0,9,0,0,0,0,0,0,0,0,0,0,0,0,0,80,6,0,9,0,0,0,0,0,0,0,0,0,5,0,0,0,0,0,0,0,0,1,0,0,0,0,0,0,2,0,0,31,0,0,2,0,0,0,0,0,0,0,0,0,0,0,0,0,3,0,0,0,1,2,250,12,0,0,0,0,0,0,46,0,0,0,0,0,0,0,0,0,0,0,0,0,0,0,0,0,0
"GER_069_MZB_LO_21","GER_069_MZB_LO_21-23.03.2015","23.03.2015",2015,3,23,0,0,0,0,0,4,0,0,0,0,0,1,0,180,0,0,0,13,0,0,0,0,0,0,0,0,0,0,0,0,200,40,0,0,0,0,0,0,0,0,0,0,0,0,0,0,0,0,0,0,10,0,3,0,2,1,0,2,0,0,0,0,0,150,0,0,0,0,0,0,0,0,0,0,0,0,0,1,0,0,0,0,5,0,0,0,0,0,0,0,0,0,0,0,0,0,150,5,2,13,0,0,0,0,1,0,0,0,0,2,0,0,0,0,0,0,0,0,6,0,0,0,0,0,0,25,0,0,98,0,0,2,0,0,0,0,0,0,0,0,0,0,0,0,0,0,0,1,0,0,5,115,37,0,0,0,0,0,0,15,0,0,0,0,0,0,0,0,0,0,1,1,0,0,0,0,0,0
"GER_069_MZB_LO_21","GER_069_MZB_LO_21-12.03.2018","12.03.2018",2018,3,12,0,0,0,0,0,1,0,0,0,0,0,0,0,223,0,0,0,1,0,0,0,0,0,17,0,0,5,0,0,0,317,4,0,0,0,0,0,0,0,0,0,0,0,0,0,0,0,0,0,0,22,0,0,0,1,0,1,2,0,0,0,0,0,267,0,0,0,0,0,0,0,0,0,0,0,0,0,0,0,0,0,0,6,0,0,0,0,0,0,0,0,0,0,0,0,0,200,24,0,5,0,0,0,0,0,0,0,0,0,0,0,0,0,0,0,0,0,0,0,0,0,0,0,0,1,35,0,2,70,0,0,0,0,0,3,0,0,0,0,0,0,0,0,0,0,0,0,1,0,1,0,8,20,0,1,0,0,0,0,3,2,0,0,0,0,0,0,0,0,0,2,0,0,0,0,0,0,0
"GER_069_MZB_LO_22","GER_069_MZB_LO_22-18.04.2006","18.04.2006",2006,4,18,0,0,0,0,0,0,0,0,0,0,0,0,0,160,0,0,0,0,0,0,0,1,1,0,0,0,1,0,0,0,52,0,0,0,0,0,0,0,0,0,0,0,0,0,0,0,0,0,0,0,4,0,32,0,0,0,0,0,0,1,3,0,0,160,0,1,0,8,0,4,0,0,0,0,0,0,0,0,0,0,0,0,9,0,0,0,0,0,0,0,0,0,0,1,0,0,0,16,3,3,0,0,0,0,0,0,0,0,0,16,0,0,1,0,0,0,0,0,52,0,0,0,13,0,12,4,0,0,0,0,0,1,0,0,8,0,0,0,0,0,0,0,0,0,0,0,0,0,0,1,0,48,16,0,0,1,0,0,0,53,0,8,0,0,0,0,0,0,0,0,0,15,0,0,0,0,0,0
"GER_069_MZB_LO_22","GER_069_MZB_LO_22-28.04.2010","28.04.2010",2010,4,28,0,0,0,0,0,0,0,0,0,0,0,8,0,200,0,0,0,0,0,0,0,1,1,0,0,8,8,0,0,24,264,0,0,0,0,0,0,0,0,0,0,0,0,0,0,0,0,0,0,0,0,0,165,0,0,0,3,0,0,6,0,0,0,200,1,0,0,66,0,0,0,0,0,0,0,0,0,10,0,0,0,0,42,0,0,0,0,0,0,0,0,0,0,0,0,0,0,16,65,20,0,0,0,0,0,0,0,0,0,3,0,0,0,0,0,0,0,0,30,0,0,0,44,0,10,0,0,0,0,0,0,0,5,0,20,0,0,0,0,0,20,0,4,0,0,0,0,0,0,0,0,0,65,0,20,0,10,0,0,8,20,0,0,3,0,0,0,0,0,0,0,20,0,0,0,0,0,0
"GER_069_MZB_LO_22","GER_069_MZB_LO_22-18.04.2013","18.04.2013",2013,4,18,0,0,0,0,0,0,2,0,0,0,0,8,0,200,0,0,0,0,0,0,0,5,5,0,0,0,0,0,0,0,211,0,0,0,0,0,0,0,0,0,0,0,0,0,0,0,4,0,0,0,2,0,46,0,0,0,3,0,0,2,8,0,0,65,0,1,0,75,0,20,0,0,0,0,0,0,0,65,0,0,0,0,65,0,0,0,0,0,0,0,0,0,0,0,0,0,1,20,0,0,0,0,0,0,0,0,0,0,0,1,0,0,0,0,0,0,0,0,5,0,0,0,10,0,0,3,0,0,0,0,0,0,5,0,4,0,2,0,0,0,10,0,0,0,0,0,0,0,0,0,0,18,6,0,20,0,0,0,0,65,0,0,0,2,0,0,0,0,0,0,0,20,0,0,0,0,0,0
"GER_069_MZB_LO_22","GER_069_MZB_LO_22-30.06.2016","30.06.2016",2016,6,30,0,0,0,0,0,0,0,0,0,0,0,0,0,10,0,0,0,0,0,0,0,0,0,0,0,0,0,0,0,0,1,0,0,0,0,0,0,0,0,0,0,0,0,0,0,0,0,0,0,0,0,0,3,0,0,0,0,0,0,0,1,0,0,1,0,0,0,0,0,0,0,0,0,0,0,0,0,1,0,0,0,0,0,0,0,0,0,0,0,0,0,0,0,0,0,0,0,0,0,0,0,0,0,0,0,0,0,0,0,0,0,0,0,0,0,0,0,0,0,0,0,0,2,0,0,0,0,0,0,0,0,0,0,0,0,0,0,0,0,0,0,0,0,0,0,0,0,0,0,0,0,0,0,0,0,3,0,0,0,3,0,0,0,0,0,0,0,0,0,0,0,0,0,0,0,0,0,0
"GER_069_MZB_LO_22","GER_069_MZB_LO_22-04.04.2018","04.04.2018",2018,4,4,0,0,0,0,0,0,0,0,0,0,0,0,0,200,0,0,0,0,0,0,0,0,0,0,0,0,0,0,0,22,200,0,0,0,0,0,0,0,0,0,0,0,0,0,0,0,0,0,0,0,0,0,3,0,0,0,1,0,0,2,5,0,0,130,0,0,0,5,0,13,7,0,0,0,0,0,0,1,0,0,0,0,167,0,0,0,0,0,0,0,0,0,0,0,0,0,0,1,0,1,0,0,0,0,0,0,0,0,0,0,0,0,0,0,0,0,0,0,3,0,0,1,13,0,0,0,0,0,0,0,0,0,20,0,65,0,0,0,0,0,20,0,0,0,0,0,0,0,0,0,0,0,2,0,0,0,0,0,0,20,0,0,0,0,0,0,0,0,0,0,0,65,0,0,0,0,0,0
"GER_069_MZB_LO_24","GER_069_MZB_LO_24-29.05.2008","29.05.2008",2008,5,29,0,0,0,0,0,0,0,0,0,0,40,0,1,500,0,0,0,0,0,0,12,0,0,0,0,0,1,0,0,0,469,0,0,0,0,0,0,0,0,0,0,0,0,0,0,0,0,0,0,0,0,0,0,0,0,0,15,0,0,2,0,0,0,0,0,1,0,0,0,0,0,0,0,0,0,0,0,0,0,0,0,0,0,0,0,0,0,0,0,0,0,0,0,0,0,0,0,6,0,2,0,0,0,0,0,0,0,13,0,0,0,0,0,0,0,0,0,0,60,0,0,0,0,0,0,40,0,0,0,0,0,0,2,0,0,0,0,0,0,0,4,0,0,0,0,0,0,0,0,0,0,0,0,0,0,1,0,0,1,5,0,0,0,0,0,0,0,0,0,0,0,0,0,0,0,0,0,0
"GER_069_MZB_LO_24","GER_069_MZB_LO_24-09.03.2011","09.03.2011",2011,3,9,0,0,0,0,0,0,0,0,0,0,11,0,0,11,0,0,0,0,0,0,0,2,2,0,0,0,0,0,0,0,55,0,0,0,0,0,0,0,0,0,0,0,0,0,0,0,0,0,0,0,0,0,0,0,0,0,6,0,0,0,0,0,0,0,0,0,0,0,0,0,0,0,0,0,0,0,0,0,0,0,0,0,0,0,0,0,0,0,0,0,0,0,0,0,0,24,0,10,0,0,0,0,0,0,0,0,0,0,0,50,0,0,0,0,0,0,0,0,50,0,0,2,1,0,0,3,0,0,0,0,0,0,6,0,0,0,0,0,0,0,0,0,0,0,0,0,0,0,0,1,0,0,1,0,0,0,0,0,0,45,0,0,0,0,0,0,0,0,0,0,0,0,0,0,0,0,0,0
"GER_069_MZB_LO_24","GER_069_MZB_LO_24-14.03.2012","14.03.2012",2012,3,14,0,0,0,0,0,0,0,0,0,0,22,0,0,11,0,0,0,0,0,0,0,1,1,0,0,0,1,0,0,0,60,0,0,0,0,0,0,0,0,0,0,0,0,0,0,0,0,1,0,0,0,0,0,0,0,0,0,0,0,0,0,0,0,0,0,0,0,0,0,0,4,0,0,0,0,0,0,0,0,0,0,0,1,0,0,0,0,0,0,0,0,0,0,0,0,12,0,5,0,1,0,0,1,0,0,0,0,0,0,21,0,0,0,0,0,0,0,0,10,0,0,9,1,0,0,16,0,0,0,0,0,0,1,0,0,4,0,0,0,0,4,0,0,29,1,0,0,0,0,0,0,0,0,0,0,0,0,0,0,52,0,0,0,0,0,0,0,0,0,0,0,0,0,0,0,0,0,0
"GER_069_MZB_LO_24","GER_069_MZB_LO_24-02.03.2015","02.03.2015",2015,3,2,0,0,0,0,0,0,0,0,0,0,190,0,0,0,0,0,0,0,0,0,0,0,0,0,0,0,0,0,0,0,500,0,0,0,0,0,0,0,0,0,0,0,0,0,0,0,0,0,0,0,0,0,0,0,0,0,0,0,0,1,0,0,0,0,0,0,0,0,0,0,1,0,0,0,0,0,0,0,0,0,0,0,1,0,0,0,0,0,0,0,0,0,0,0,0,0,0,16,0,0,0,0,4,0,0,0,0,0,0,24,0,0,0,1,0,0,0,0,11,0,0,0,0,0,10,15,0,0,0,0,0,0,0,0,0,7,0,0,0,0,0,0,0,21,0,0,0,0,1,0,0,0,0,0,0,0,0,0,0,221,0,0,0,0,0,0,0,0,0,0,0,0,0,0,0,0,0,0
"GER_069_MZB_LO_24","GER_069_MZB_LO_24-12.03.2018","12.03.2018",2018,3,12,0,0,0,0,0,0,0,1,0,0,58,0,0,0,0,0,0,0,0,0,0,0,0,0,0,0,2,0,0,0,75,0,0,0,0,0,0,0,0,0,0,0,0,0,0,0,0,0,0,0,0,0,0,1,0,0,0,0,0,0,0,0,0,0,0,0,0,0,0,0,0,0,0,0,0,0,0,0,0,0,0,0,0,0,0,0,0,0,0,0,0,0,0,0,0,1,0,1,0,3,0,0,0,0,0,0,0,0,0,16,0,0,0,0,0,0,0,0,208,0,0,0,0,0,0,2,0,0,0,0,0,0,1,0,0,0,0,0,0,0,0,0,0,6,0,0,0,0,1,0,0,0,0,0,0,0,0,0,0,2,0,0,0,0,0,0,0,0,0,0,0,0,0,0,0,4,0,0
"GER_069_MZB_LO_25","GER_069_MZB_LO_25-22.06.2005","22.06.2005",2005,6,22,0,0,0,0,0,0,0,0,0,0,0,5,8,68,0,0,0,0,0,0,0,2,2,0,0,0,0,0,0,0,8,0,0,0,0,0,1,0,0,0,0,0,0,0,0,0,0,0,0,1,16,0,16,0,0,0,16,0,0,2,0,0,0,22,0,2,0,1,0,0,3,0,0,0,0,0,0,1,0,0,0,8,5,0,0,0,0,0,0,0,0,0,0,6,0,0,8,9,2,0,0,0,0,0,0,0,0,4,0,0,0,0,0,0,0,0,0,1,6,0,0,0,16,0,0,2,0,0,0,0,0,0,0,0,0,0,0,0,0,0,16,0,0,0,0,0,0,2,0,1,0,0,2,0,16,52,0,0,2,5,0,0,0,0,0,0,0,2,0,0,1,0,0,0,0,16,0,0
"GER_069_MZB_LO_25","GER_069_MZB_LO_25-20.04.2010","20.04.2010",2010,4,20,0,0,0,1,20,20,0,0,0,0,0,3,0,20,0,0,0,0,0,0,0,0,0,0,0,0,0,0,0,0,21,0,0,0,0,0,0,0,200,0,0,0,0,0,0,0,0,0,0,0,3,0,5,0,0,0,20,2,5,2,0,0,0,2,0,7,0,3,0,9,0,0,0,0,0,1,0,0,0,0,0,1,2,4,0,0,0,0,0,0,0,0,200,2,0,0,0,68,0,1,0,0,0,0,0,0,0,2,0,0,0,0,0,0,0,0,1,3,3,0,0,0,10,0,3,0,0,0,2,0,0,0,0,0,5,0,0,0,0,0,0,0,0,0,0,0,0,0,0,1,0,0,2,0,20,0,0,0,0,10,0,0,0,0,0,0,0,0,0,0,0,65,0,0,0,0,0,0
"GER_069_MZB_LO_25","GER_069_MZB_LO_25-17.04.2013","17.04.2013",2013,4,17,0,0,0,0,75,0,0,0,0,0,0,7,0,14,0,3,0,1,0,0,1,0,0,0,0,12,2,0,0,0,66,0,0,0,0,0,0,0,50,0,0,0,0,0,0,0,0,0,0,0,6,0,17,0,0,0,25,0,0,1,0,0,0,0,0,2,0,9,0,5,2,0,0,0,0,0,0,1,0,0,0,1,3,1,0,0,0,0,0,0,0,0,40,0,0,0,0,51,5,0,0,0,0,0,70,0,0,35,0,0,0,0,0,0,0,0,3,2,8,0,0,1,17,0,0,0,0,0,1,0,0,0,0,0,1,0,0,0,0,0,1,0,0,0,0,0,0,0,0,1,0,0,1,0,35,0,0,0,0,6,0,0,0,0,0,0,0,2,0,0,0,35,0,0,0,0,0,0
"GER_069_MZB_LO_25","GER_069_MZB_LO_25-10.05.2016","10.05.2016",2016,5,10,0,0,0,1,113,1,0,0,0,0,0,4,18,17,0,28,0,0,0,0,0,10,10,0,0,2,2,0,0,0,43,0,0,0,0,0,0,0,300,0,0,0,0,0,0,0,0,0,0,1,7,0,13,0,0,0,17,0,3,2,0,0,0,8,0,1,0,6,0,13,2,0,0,0,0,0,0,0,0,0,0,1,10,24,0,0,0,0,0,0,0,0,20,20,0,0,0,146,3,3,0,0,2,0,56,0,0,15,0,0,0,0,0,0,0,0,0,3,2,0,0,6,65,0,0,0,0,0,0,0,0,0,10,0,3,0,0,0,0,0,6,0,0,0,0,0,0,5,0,1,0,0,1,0,21,35,0,0,0,1,0,0,0,0,0,0,0,1,0,0,0,28,0,0,0,0,0,0
"GER_069_MZB_LO_25","GER_069_MZB_LO_25-16.05.2019","16.05.2019",2019,5,16,0,0,0,0,17,0,0,0,0,0,0,15,2,4,0,20,0,0,0,0,0,8,8,0,1,1,2,0,0,0,12,0,0,0,0,0,0,0,5,0,0,0,0,0,0,0,0,0,0,0,9,0,16,0,0,0,35,0,9,0,0,0,0,3,0,0,0,14,0,4,0,0,0,0,0,1,0,0,0,0,0,1,2,65,0,0,0,0,0,0,0,0,103,1,0,0,0,62,1,3,0,0,1,0,1,0,0,20,0,0,0,0,0,0,0,0,2,18,5,0,0,2,21,0,0,0,0,0,0,0,0,0,5,0,2,0,0,0,0,0,0,0,0,0,0,0,0,16,0,0,0,0,1,0,90,25,0,0,0,0,0,0,0,0,0,0,0,0,0,0,0,30,0,0,0,0,0,0
"GER_069_MZB_LO_26","GER_069_MZB_LO_26-01.06.2005","01.06.2005",2005,6,1,0,0,0,0,0,0,0,0,0,0,0,6,16,11,0,0,0,0,0,0,0,0,0,0,0,0,0,0,0,0,16,0,0,0,0,0,0,0,0,0,0,0,0,0,0,0,0,0,0,0,0,0,16,0,0,0,52,0,0,8,0,0,0,52,0,1,0,0,0,0,0,0,0,0,0,0,0,0,0,0,0,5,3,0,0,0,0,0,0,0,0,0,0,16,0,0,0,16,2,2,0,0,0,0,0,0,0,2,0,0,0,0,0,0,0,0,0,0,8,0,0,0,0,0,0,0,0,0,0,0,0,0,2,0,0,1,0,0,0,0,16,0,0,0,0,0,0,0,0,0,0,0,1,0,6,52,0,0,5,0,0,0,0,0,0,0,0,0,0,8,0,0,0,0,0,16,0,0
"GER_069_MZB_LO_26","GER_069_MZB_LO_26-03.06.2008","03.06.2008",2008,6,3,0,0,0,0,0,0,0,0,0,0,0,0,0,0,0,0,0,0,0,0,0,1,1,0,0,0,1,0,0,0,66,0,0,0,0,0,0,0,0,0,0,0,0,0,0,0,0,0,0,4,0,0,0,0,0,0,0,0,0,2,0,0,0,0,0,0,0,0,0,0,0,0,0,0,0,0,0,0,0,0,0,0,2,0,0,0,0,0,0,0,0,0,0,0,0,0,0,2,0,0,0,0,1,0,0,0,0,0,0,0,0,0,0,0,0,0,0,0,22,0,0,0,0,0,0,4,0,0,0,0,0,0,0,0,7,0,0,0,0,2,4,0,0,0,0,0,0,4,0,0,0,0,4,0,0,65,0,0,0,2,0,0,0,0,0,0,0,0,0,1,0,0,0,0,0,0,0,0
"GER_069_MZB_LO_26","GER_069_MZB_LO_26-27.04.2010","27.04.2010",2010,4,27,0,0,0,0,3,0,0,0,0,0,0,9,0,65,0,0,0,0,0,0,0,0,0,0,0,4,10,0,0,0,66,0,0,0,0,0,1,0,0,0,0,0,0,0,0,0,0,0,0,0,0,0,0,0,0,0,1,8,0,5,0,0,0,3,0,0,0,2,0,0,0,0,0,0,0,0,0,4,0,0,0,1,30,0,0,0,0,0,0,0,0,0,2,2,0,0,0,224,1,1,0,0,0,0,0,0,0,0,0,0,0,0,0,0,0,0,0,0,26,0,0,0,0,0,0,4,0,0,1,0,0,0,0,0,4,0,0,0,0,1,3,0,1,0,0,0,0,4,0,2,0,4,10,0,10,12,0,0,1,10,0,0,0,0,0,0,0,0,0,0,0,2,0,0,0,0,0,0
"GER_069_MZB_LO_26","GER_069_MZB_LO_26-02.04.2014","02.04.2014",2014,4,2,0,0,0,0,14,0,0,0,0,0,0,5,2,26,0,0,0,0,0,0,0,0,0,0,1,0,20,0,0,0,264,0,0,0,0,0,0,0,0,0,0,0,0,0,0,0,0,0,0,2,3,0,4,0,0,7,25,0,0,1,0,0,0,28,0,0,0,32,0,0,0,0,0,0,0,0,0,1,0,0,0,1,35,0,0,0,0,0,0,0,0,0,1,0,0,0,6,70,3,19,0,0,5,0,21,0,0,6,0,0,0,0,0,0,0,0,0,0,20,0,0,0,0,0,0,1,0,0,2,0,0,0,0,0,35,1,0,0,0,0,7,0,0,0,0,0,0,1,0,30,0,3,10,0,20,0,0,0,13,28,0,0,0,0,0,0,0,0,0,1,0,11,0,0,0,0,0,0
"GER_069_MZB_LO_26","GER_069_MZB_LO_26-02.05.2016","02.05.2016",2016,5,2,0,0,0,0,46,0,0,0,0,0,0,1,17,18,0,0,0,1,0,0,0,3,3,0,3,0,0,0,0,0,216,0,0,0,0,0,1,0,0,0,0,0,0,0,0,0,0,0,0,0,1,0,5,0,1,0,15,2,0,19,1,0,0,20,0,2,0,14,0,0,0,0,0,0,0,0,0,2,0,0,0,5,29,3,0,0,0,0,0,0,0,0,5,0,0,0,0,105,9,0,0,0,3,0,2,0,0,4,0,0,0,0,0,0,0,0,0,0,27,0,0,0,0,0,0,2,0,0,0,0,0,0,2,0,14,0,0,0,0,0,3,0,1,0,0,0,0,37,0,21,0,3,5,0,29,40,0,0,0,2,0,0,0,0,0,0,0,0,0,2,0,22,0,0,0,0,0,0
"GER_069_MZB_LO_27","GER_069_MZB_LO_27-28.04.2004","28.04.2004",2004,4,28,0,0,0,0,16.5,0,0,0,0,0,0,3.1,1.5,32.6,0,0,0,0,0,0,0,0,0,0,0,0,0,0,0,0,243,0,0,0,0,0,0,0,0,0,0,0,0,0,0,0,0,0,0,0,13.1,0,10.5,0,1.5,8.3,16.5,23.3,0,0,0,0,0,16.5,0,0,0,3,0,0,0,0,0,0,0,0,0,0,0,0,0,0,22.5,0,0,0,0,0,0,0,0,0,0,0,0,0,0,9,7.5,1.5,0,0,0,0,31.5,0,0,0,0,0,0,0,0,0,0,0,7.5,0,4.6,0,0,3,0,0,0,1.5,0,0.8,3,0,0,0,5.3,0,1.5,0,0,0,0,0,0.8,0,0,0,0,0,0,1.5,0,0,0,25.6,7.5,0,21,7.6,0,0,4.5,3,0,0,0,0,0,0,0,0,0,1.5,0,1.5,0,0,0,0,0,0
"GER_069_MZB_LO_27","GER_069_MZB_LO_27-11.05.2010","11.05.2010",2010,5,11,0,0,0,0,0,0,0,0,0,0,0,11,0,65,0,0,0,0,0,0,0,0,0,0,0,0,5,0,0,0,129,0,0,0,0,0,0,0,0,0,0,0,0,0,0,0,0,0,0,3,2,0,46,0,0,3,7,62,0,0,0,0,0,30,0,0,0,3,0,0,0,0,0,0,0,0,0,1,0,0,0,1,66,5,0,0,0,0,0,0,0,0,4,0,0,0,0,381,17,0,0,0,0,0,5,0,0,0,0,0,0,0,0,0,0,0,3,0,2,0,0,0,0,0,0,2,0,0,2,0,0,0,0,0,3,0,0,0,0,5,0,0,0,0,0,0,0,3,0,0,0,4,12,0,10,0,0,0,1,2,0,0,0,0,0,0,0,0,0,0,0,3,0,0,0,0,0,0
"GER_069_MZB_LO_27","GER_069_MZB_LO_27-16.04.2013","16.04.2013",2013,4,16,0,0,0,0,2,0,0,0,0,0,0,19,0,34,0,0,0,0,0,0,0,0,0,0,0,0,1,0,0,0,30,0,0,0,0,0,0,0,1,0,0,0,0,0,0,0,0,0,0,2,8,0,22,0,0,6,10,65,0,2,0,0,0,6,0,2,0,10,0,0,0,0,0,0,0,0,0,5,0,0,0,2,35,3,0,0,0,0,0,0,0,0,1,0,0,0,0,16,5,3,0,0,1,0,6,0,0,0,0,0,0,0,0,0,0,0,9,0,9,0,0,0,0,0,2,0,0,1,6,0,0,0,3,0,0,0,0,0,0,9,0,0,0,0,0,5,0,0,0,0,0,12,8,0,20,0,0,0,0,17,0,0,0,0,0,0,0,2,0,0,0,5,0,0,0,0,0,0
"GER_069_MZB_LO_27","GER_069_MZB_LO_27-11.04.2016","11.04.2016",2016,4,11,0,0,0,0,11,0,0,0,0,0,0,9,0,35,0,0,0,0,0,0,0,0,0,0,0,0,0,0,0,0,28,0,0,0,0,0,0,0,0,0,0,0,0,0,0,0,0,0,0,2,8,0,29,0,0,19,20,45,0,0,0,0,0,10,0,1,0,34,0,0,0,0,0,0,0,0,0,0,0,0,0,1,9,4,0,0,0,0,0,0,0,0,4,0,0,0,0,33,14,1,0,0,2,0,25,0,0,0,0,0,0,0,0,0,0,0,8,0,9,0,0,0,0,0,0,0,0,0,10,0,0,0,1,0,3,0,0,0,0,0,0,0,0,0,0,0,0,14,0,0,0,40,2,0,20,0,0,0,1,1,0,0,0,0,0,0,0,0,0,0,0,3,0,0,0,0,0,0
"GER_069_MZB_LO_27","GER_069_MZB_LO_27-14.04.2019","14.04.2019",2019,4,14,0,0,0,0,3,0,0,0,0,0,0,14,0,10,0,0,0,0,1,0,0,0,0,0,0,0,0,0,0,0,42,0,0,0,0,0,0,0,0,0,0,0,0,0,0,0,0,0,0,3,37,0,16,0,0,2,15,40,0,0,0,0,0,50,0,4,0,7,0,0,0,0,0,0,0,0,0,1,0,0,0,15,31,0,0,0,0,0,0,0,0,0,30,0,0,0,0,344,7,0,0,0,0,0,10,0,0,0,0,0,0,0,0,0,0,0,12,0,8,0,0,0,0,0,1,1,0,0,4,0,0,0,3,0,1,1,0,0,0,0,0,0,0,0,0,0,0,2,0,0,0,14,3,0,70,0,0,0,0,0,0,0,0,0,0,0,0,1,0,0,0,0,0,0,0,0,0,0
"GER_069_MZB_LO_29","GER_069_MZB_LO_29-25.05.2004","25.05.2004",2004,5,25,0,0,0,0,0,0,0,0,0,7.82,0,0,0,17.8,0,0,0,0,0,0,0.88,0,0,0,0,0,0,0,0,0,35.53,0,0,0,0,0,0,0,0,0,0,0,0,0,0,0,0,0,0,0,0,0,1.77,0,0,0,26.66,0,0,0,0,0,0,145.77,0,0.88,0,0,0,0,0,0,0,0,0,0,0,0,0,0,0,0,0,0,0,0,0,0,0,0,0,0,0,0,0,0,0,1.68,0,0,0,0,0,0,0,0,0,0,0,0,0,0,0,0,0,0,0,0,39.91,0,0,0,0,0,0,15.11,0,0,0,0,0,5.06,0.88,0,0,0,0,0,0,0,0,0,0,0,0,0,0,0,0,0,0,0,0,0,0,0,0,0,0,17.77,0,0,0,0,0,0.88,0,0,0,0,0.88,0,0,0,0,0,0,0
"GER_069_MZB_LO_29","GER_069_MZB_LO_29-22.04.2009","22.04.2009",2009,4,22,0,0,0,0,0,0,0,0,0,160,0,0,0,89,0,0,0,0,0,0,0,5,5,0,0,0,0,0,0,0,52,0,0,0,0,0,0,0,0,0,0,0,0,0,0,0,0,0,0,0,0,0,52,0,0,0,8,0,0,0,0,0,0,52,0,0,0,0,0,0,0,0,0,0,0,0,0,0,0,0,0,0,6,0,0,0,0,0,0,0,0,0,0,0,0,0,0,22,1,0,0,0,0,0,0,0,0,0,0,1,0,0,0,0,0,0,0,0,57,0,0,1,18,0,3,6,0,0,0,0,0,7,5,0,0,0,0,0,0,0,1,0,0,0,0,0,0,0,0,0,0,0,0,0,0,0,0,0,0,16,0,0,0,0,0,0,0,0,0,0,13,0,0,0,0,0,0,0
"GER_069_MZB_LO_29","GER_069_MZB_LO_29-22.03.2012","22.03.2012",2012,3,22,0,0,0,0,0,0,0,0,0,65,7,0,0,1,0,7,0,0,0,0,0,9,9,0,0,0,3,0,0,0,200,0,0,0,0,0,0,0,0,0,0,0,0,0,0,0,0,0,0,0,0,0,6,0,0,0,6,0,0,5,0,0,0,200,0,1,0,0,0,0,0,0,0,0,0,0,0,0,0,0,0,0,45,0,0,0,0,0,0,0,0,0,0,0,0,0,0,136,0,0,0,0,1,0,0,0,0,0,0,0,0,0,0,0,0,0,0,0,67,0,0,0,25,0,9,20,0,0,0,0,0,0,3,0,2,0,0,0,0,0,12,0,0,0,0,0,0,0,0,0,0,0,0,0,0,0,0,0,0,20,0,0,0,0,0,0,0,0,0,0,1,0,0,0,0,0,0,0
"GER_069_MZB_LO_29","GER_069_MZB_LO_29-31.03.2014","31.03.2014",2014,3,31,0,0,0,0,0,0,0,0,0,65,6,0,0,20,0,0,0,0,0,0,0,2,2,0,0,0,5,0,0,0,650,0,0,0,0,0,0,0,0,0,0,0,0,0,0,0,0,0,0,0,0,0,1,0,0,0,20,0,0,1,0,0,0,650,0,1,0,0,0,0,0,0,0,0,0,0,0,0,0,0,0,0,5,0,0,0,0,0,0,0,0,0,0,0,0,0,0,211,0,2,0,0,0,0,0,0,0,0,0,0,0,0,0,0,0,0,0,0,67,0,0,1,4,0,6,23,0,0,0,0,0,9,1,0,1,0,1,0,0,0,10,0,0,0,0,0,0,0,0,0,0,0,1,0,0,0,0,0,2,2,0,0,0,0,0,0,0,0,0,0,0,0,0,0,0,0,0,0
"GER_069_MZB_LO_29","GER_069_MZB_LO_29-16.03.2017","16.03.2017",2017,3,16,0,0,0,0,0,0,0,0,0,65,2,0,0,20,0,0,0,0,0,0,0,0,0,0,0,0,0,0,0,0,200,0,0,0,0,0,0,0,0,0,0,0,0,0,0,0,0,0,0,0,0,0,3,0,0,0,20,0,0,0,0,0,0,650,0,0,0,0,0,0,0,0,0,0,0,3,0,0,0,0,0,0,5,0,0,0,0,0,0,0,0,0,0,0,0,0,0,67,0,1,0,0,0,0,0,0,0,0,0,0,0,0,0,0,0,0,0,0,66,0,0,0,5,0,5,20,0,0,0,0,0,0,1,0,1,0,0,0,0,0,1,0,0,0,0,0,0,0,0,0,0,0,0,0,0,0,0,0,0,21,0,0,0,0,0,0,0,0,0,0,1,0,0,0,0,0,0,0
"GER_069_MZB_LO_3","GER_069_MZB_LO_3-09.04.2008","09.04.2008",2008,4,9,0,0,0,0,5,0,0,0,0,0,3,0,0,120,0,0,0,0,0,0,1,0,0,0,40,0,0,0,0,0,125,0,0,0,1,0,1,0,0,0,0,0,0,0,0,0,0,0,0,15,0,0,16,0,0,0,4,3,0,1,2,0,0,126,0,1,0,0,0,45,0,0,0,0,0,0,0,0,0,0,0,0,35,0,0,0,0,0,0,0,0,0,0,0,0,0,6,72,0,0,0,0,2,0,0,0,0,0,0,11,3,0,0,0,0,0,0,0,2,0,0,0,0,0,0,3,0,0,0,0,0,0,8,0,1,0,0,0,0,14,1,0,0,0,0,25,0,0,1,1,0,6,23,5,18,0,0,0,12,52,0,0,0,0,0,0,0,0,0,36,0,0,0,0,0,0,0,0
"GER_069_MZB_LO_3","GER_069_MZB_LO_3-29.04.2010","29.04.2010",2010,4,29,0,0,0,0,25,2,0,0,0,0,0,0,0,190,0,0,0,0,2,0,0,0,0,0,25,0,0,0,0,0,202,0,0,0,0,0,0,0,0,0,0,0,0,0,0,0,0,0,0,1,0,0,5,0,0,0,15,1,0,0,2,0,0,105,0,1,0,8,0,35,3,0,0,0,0,0,0,1,0,0,0,12,11,20,0,0,0,0,0,0,0,0,0,0,0,0,50,115,2,0,0,0,1,0,0,0,0,0,0,1,0,0,0,0,0,0,0,0,0,0,0,0,0,0,1,2,2,0,0,0,0,0,1,0,1,0,0,0,0,20,0,0,0,0,0,80,0,0,0,0,0,0,29,27,35,0,0,0,10,76,0,0,0,0,0,0,4,1,0,2,0,0,0,0,0,0,0,0
"GER_069_MZB_LO_3","GER_069_MZB_LO_3-26.04.2013","26.04.2013",2013,4,26,0,0,0,0,20,1,0,0,0,0,0,0,0,180,0,0,0,0,0,0,0,0,0,0,20,0,0,0,0,0,90,0,0,0,0,0,0,0,0,0,0,0,0,0,0,0,0,0,0,2,0,0,5,0,0,0,7,1,0,0,1,0,0,100,0,1,0,1,0,40,1,0,0,0,0,0,0,0,0,0,0,3,23,0,0,0,0,0,0,0,0,0,0,0,0,0,3,77,0,0,0,0,3,0,0,0,0,0,0,14,1,0,0,0,0,0,0,0,1,0,0,0,0,0,2,1,4,0,0,0,0,1,12,0,1,0,0,0,0,10,0,0,2,0,0,3,0,0,0,0,0,1,10,30,7,0,0,0,0,23,0,0,0,0,0,0,0,0,0,2,0,0,0,0,0,0,0,0
"GER_069_MZB_LO_3","GER_069_MZB_LO_3-20.04.2015","20.04.2015",2015,4,20,0,0,0,0,4,0,0,0,0,0,0,0,0,150,0,0,0,0,0,0,0,0,0,0,40,0,1,0,0,0,60,0,0,0,0,0,0,0,0,0,0,0,0,0,0,0,0,0,0,4,0,0,6,0,0,0,12,0,0,0,0,0,0,120,0,0,0,4,0,20,4,0,0,0,0,0,0,0,0,0,0,1,16,0,0,0,0,0,0,0,0,0,0,0,0,0,1,23,0,0,0,0,0,0,0,0,0,0,0,0,0,0,0,0,0,0,0,0,1,0,0,0,0,0,1,0,0,0,0,0,0,0,1,0,1,0,0,0,0,3,1,0,20,0,0,6,0,0,0,8,0,0,6,30,25,0,0,0,0,0,0,0,0,0,0,0,0,0,0,25,0,0,0,0,0,0,0,0
"GER_069_MZB_LO_3","GER_069_MZB_LO_3-03.04.2018","03.04.2018",2018,4,3,0,0,0,0,0,0,0,0,0,0,0,0,0,290,0,0,0,0,0,0,0,0,0,0,20,0,6,0,0,0,55,0,0,0,0,0,0,0,0,0,0,0,0,0,0,0,0,0,0,10,0,0,5,0,1,0,18,0,0,0,8,0,0,215,0,0,0,0,0,15,0,0,0,0,0,0,0,5,0,0,0,0,27,0,0,0,0,0,0,0,0,0,0,0,0,0,4,74,4,2,0,0,0,0,0,0,0,0,0,18,0,0,0,0,0,0,0,0,0,0,0,1,0,0,0,0,0,0,0,0,0,0,1,0,0,0,0,0,0,1,3,0,0,0,0,12,0,0,0,0,0,0,9,1,25,0,0,0,3,16,0,0,0,0,0,0,0,0,0,6,0,0,0,0,0,0,0,0
"GER_069_MZB_LO_30","GER_069_MZB_LO_30-19.06.2007","19.06.2007",2007,6,19,0,0,0,0,0,0,0,0,0,0,4,0,2,69,13,0,0,0,0,0,60,0,0,0,0,3,6,0,0,90,790,0,0,0,0,0,0,0,300,0,0,0,0,3,0,0,0,0,0,9,0,0,25,0,0,0,30,0,0,5,0,0,0,145,0,0,0,0,0,0,0,0,0,0,0,80,0,0,0,0,0,0,11,0,0,0,0,0,0,0,0,0,0,0,0,0,19,0,0,0,0,0,0,0,0,0,0,0,0,0,0,0,0,0,0,0,0,0,0,0,2,0,25,0,0,0,0,0,0,0,0,0,0,0,0,0,0,0,1,1,14,300,0,0,0,0,0,17,0,12,0,0,2,0,0,200,0,0,0,7,0,0,0,11,0,0,0,0,0,0,2,0,0,0,0,0,0,0
"GER_069_MZB_LO_30","GER_069_MZB_LO_30-05.07.2010","05.07.2010",2010,7,5,0,0,0,0,0,0,1,0,0,0,5,0,4,36,90,50,0,0,0,0,43,0,0,0,3,12,2,0,0,60,300,0,0,0,1,0,0,0,3,0,0,0,1,30,5,0,0,0,1,50,5,0,16,0,0,0,59,0,0,3,2,0,0,0,0,0,0,0,0,0,0,0,0,0,0,60,0,0,0,0,0,0,3,0,0,1,0,0,0,0,0,0,0,3,0,0,37,32,1,0,0,0,0,0,0,0,0,1,0,0,0,0,0,0,0,0,0,0,15,0,3,0,20,0,0,0,0,0,0,0,0,2,0,0,10,0,0,0,0,20,35,10,3,0,0,0,0,30,0,0,0,0,20,7,0,150,0,0,0,10,0,0,0,70,0,0,0,0,0,0,0,0,0,0,0,0,0,0
"GER_069_MZB_LO_30","GER_069_MZB_LO_30-04.07.2012","04.07.2012",2012,7,4,0,0,0,0,0,0,0,0,0,4,0,0,1,55,10,20,0,0,1,0,12,0,0,0,4,5,1,0,0,12,340,0,0,0,0,0,0,0,25,0,0,0,0,0,50,0,0,0,1,2,7,0,12,0,0,0,13,0,0,2,0,0,0,60,1,0,0,11,0,0,0,0,0,0,0,28,0,0,0,0,0,0,20,10,0,20,0,0,0,0,0,0,0,1,0,0,12,4,2,3,0,0,0,0,0,0,0,6,0,0,0,0,0,0,0,0,0,0,5,0,0,0,5,0,0,0,0,0,0,0,0,0,1,0,60,0,0,0,0,0,16,150,2,0,6,0,0,30,0,0,0,0,9,0,0,60,0,0,0,37,0,0,0,12,0,0,0,0,0,0,0,0,0,0,0,0,0,0
"GER_069_MZB_LO_30","GER_069_MZB_LO_30-23.06.2014","23.06.2014",2014,6,23,0,0,0,0,0,0,0,0,0,1,0,1,11,1,12,14,0,0,0,0,25,1,1,0,0,3,1,0,0,12,251,0,0,0,0,0,0,0,20,0,7,0,0,0,200,0,0,0,20,12,0,0,2,0,0,0,26,0,0,1,0,0,0,2,0,0,0,10,0,0,0,0,0,0,0,10,0,0,0,0,0,0,2,1,0,30,0,0,0,0,0,0,1,1,0,0,0,6,1,4,0,0,0,0,0,0,0,6,0,0,0,0,0,0,0,0,0,0,25,0,0,0,4,0,0,0,0,0,0,0,0,0,24,0,13,0,0,0,0,0,0,80,50,0,10,0,0,15,0,0,0,0,0,6,0,2,0,0,0,0,0,0,0,25,1,0,0,0,0,0,0,0,1,0,0,0,0,0
"GER_069_MZB_LO_30","GER_069_MZB_LO_30-05.07.2018","05.07.2018",2018,7,5,0,0,0,0,0,0,0,0,3,0,1,0,0,0,40,40,0,0,0,0,28,0,0,0,0,1,0,0,800,0,80,0,0,0,0,0,0,0,20,0,0,0,0,0,40,0,0,0,3,27,0,0,0,0,0,0,7,0,0,4,4,0,0,15,0,2,0,2,0,0,0,0,0,0,0,4,0,0,0,0,0,0,2,0,0,40,0,0,0,0,0,0,0,1,0,0,0,29,2,1,0,0,0,0,0,0,0,0,0,0,0,0,0,0,0,0,0,0,25,0,5,0,4,0,0,0,0,0,0,0,1,1,13,0,0,0,0,0,0,10,1,60,30,0,0,0,0,10,0,0,0,0,0,9,0,2,0,0,4,0,0,0,0,90,0,0,0,0,0,0,0,0,0,0,0,0,0,0
"GER_069_MZB_LO_30","GER_069_MZB_LO_30-09.07.2019","09.07.2019",2019,7,9,0,0,0,0,0,0,0,0,0,0,0,0,9,0,35,40,0,0,0,0,65,1,1,0,0,2,4,0,400,4,233,0,1,0,0,0,0,0,8,0,7,0,0,0,60,0,0,0,1,6,0,0,5,0,0,0,18,0,0,7,25,0,0,40,0,1,0,0,5,0,0,0,1,0,0,3,0,0,0,0,0,1,19,15,0,80,0,0,0,0,0,0,0,1,0,0,8,14,10,6,0,0,0,3,0,0,0,7,0,0,0,0,0,0,0,0,0,0,18,0,0,1,3,0,0,0,0,0,0,0,0,0,71,0,15,0,0,0,3,5,4,40,30,0,2,0,0,20,0,1,0,0,1,51,0,1,0,0,0,3,0,0,0,58,0,0,0,0,0,1,0,0,0,1,0,0,0,0
"GER_069_MZB_LO_31","GER_069_MZB_LO_31-19.04.2006","19.04.2006",2006,4,19,0,0,0,0,0,0,0,0,0,16,4,0,0,16,0,16,0,0,0,0,0,1,1,0,0,0,0,0,0,0,52,0,0,0,0,0,0,0,0,0,0,0,1,0,0,0,0,0,0,2,0,0,0,0,0,0,52,0,0,0,0,0,0,160,0,2,0,0,0,0,0,0,0,0,0,0,0,0,0,0,0,0,6,0,0,0,0,0,0,0,0,0,0,0,0,0,0,5,16,0,0,0,0,0,0,0,0,0,0,0,0,0,0,0,0,0,0,0,16,0,0,16,1,0,0,0,0,0,0,0,0,0,1,0,0,0,0,0,0,0,0,0,0,0,0,0,0,0,1,0,0,0,0,0,0,0,0,0,0,49,0,0,0,0,0,0,0,0,0,0,0,0,0,0,0,0,0,0
"GER_069_MZB_LO_31","GER_069_MZB_LO_31-19.04.2010","19.04.2010",2010,4,19,0,0,0,0,0,0,0,0,0,80,7,0,0,19,0,20,0,0,0,0,0,0,0,0,0,0,1,0,0,0,304,0,0,0,0,0,0,0,0,0,0,0,1,0,0,0,0,0,0,0,0,0,22,0,0,0,4,0,0,2,0,0,0,124,0,3,0,17,0,0,0,0,0,0,0,3,0,0,0,0,0,0,6,0,0,0,0,0,0,0,0,0,0,5,0,0,0,22,12,0,0,0,0,0,0,0,0,0,0,0,0,0,0,0,0,0,0,0,11,0,0,2,0,0,0,2,0,0,0,0,0,1,5,0,0,0,0,0,0,0,0,0,0,0,0,0,0,0,0,0,0,0,0,0,0,0,0,0,0,43,0,0,0,0,0,0,0,0,0,0,0,0,0,0,0,0,0,0
"GER_069_MZB_LO_31","GER_069_MZB_LO_31-13.05.2013","13.05.2013",2013,5,13,0,0,0,0,0,0,0,0,0,30,0,0,0,13,0,8,0,0,0,0,0,2,2,0,0,0,8,0,0,0,180,0,0,0,0,0,0,0,0,0,0,0,1,0,0,0,0,0,0,0,0,0,13,0,0,0,20,0,0,1,0,0,0,257,0,0,0,7,0,0,0,0,0,0,0,4,0,0,0,0,0,0,14,0,0,0,0,0,0,0,0,0,0,5,0,0,0,10,17,1,0,0,0,0,0,0,0,0,0,0,0,0,0,0,0,0,0,0,5,0,0,5,1,0,0,2,0,0,0,0,0,0,0,0,0,0,0,0,0,0,0,0,0,0,0,0,0,0,0,0,0,0,0,0,0,0,0,0,0,29,0,0,0,0,0,0,0,0,0,0,0,0,0,0,0,0,0,0
"GER_069_MZB_LO_31","GER_069_MZB_LO_31-25.04.2016","25.04.2016",2016,4,25,0,0,0,0,0,0,0,0,0,1,1,0,4,160,0,0,0,0,0,0,0,0,0,0,0,0,0,0,0,0,205,0,0,0,0,0,0,0,0,0,0,0,0,0,0,0,0,0,0,0,0,0,7,0,0,0,1,0,0,2,0,0,0,0,0,0,0,20,0,0,0,0,0,0,0,5,0,0,0,0,0,0,1,8,0,0,0,0,0,0,0,0,0,0,0,0,4,1,0,3,0,0,0,0,0,0,0,0,0,0,0,0,0,0,0,0,0,0,10,0,0,0,6,0,0,0,0,0,0,0,0,0,1,0,0,0,0,0,0,1,0,0,0,0,0,0,0,0,0,0,0,0,0,0,0,0,0,0,0,1,0,0,0,0,0,0,0,0,0,0,0,0,0,0,0,0,0,0
"GER_069_MZB_LO_31","GER_069_MZB_LO_31-21.03.2019","21.03.2019",2019,3,21,0,0,0,0,0,0,0,0,0,2,0,1,1,0,1,3,0,0,0,0,0,0,0,0,0,0,2,0,0,0,168,0,0,0,0,0,0,0,0,0,0,0,0,0,0,0,0,0,0,0,0,0,0,0,0,0,35,0,0,1,0,0,0,80,0,0,0,0,0,0,0,0,0,0,0,0,0,0,0,0,0,0,0,0,0,0,0,0,0,0,0,0,0,0,0,0,0,1,2,0,0,0,0,0,0,0,0,0,0,0,0,0,0,0,0,0,0,0,7,0,0,1,0,0,0,0,0,0,0,0,1,0,12,0,1,0,0,0,0,0,0,0,1,0,0,0,0,0,1,0,0,0,0,0,0,0,0,0,0,5,0,0,0,0,0,0,0,0,0,0,0,0,0,0,0,0,0,0
"GER_069_MZB_LO_32","GER_069_MZB_LO_32-08.04.2009","08.04.2009",2009,4,8,0,0,0,0,0,0,0,0,0,80,1,2,2,180,20,150,0,0,0,1,0,3,3,0,0,3,20,0,0,30,400,0,0,0,0,0,0,0,0,0,0,0,0,0,0,0,0,0,0,2,0,0,40,0,0,0,0,0,0,12,0,0,0,182,0,7,0,7,0,0,0,0,0,0,0,24,0,0,0,0,0,0,96,5,0,0,0,0,0,0,0,0,0,20,0,0,3,10,8,2,0,0,0,0,0,0,0,0,0,0,0,0,0,0,0,0,0,0,15,0,0,15,8,0,0,0,0,0,35,0,0,0,0,0,35,0,0,0,0,0,1,0,0,0,0,0,0,100,0,0,0,0,1,0,0,0,0,0,0,48,0,0,0,30,0,0,0,0,0,0,0,0,0,0,0,0,0,0
"GER_069_MZB_LO_32","GER_069_MZB_LO_32-08.04.2010","08.04.2010",2010,4,8,0,0,0,0,0,0,0,0,0,70,8,1,3,135,3,80,0,0,0,0,0,0,0,0,4,0,0,0,0,30,315,0,0,0,0,0,0,0,0,0,0,0,0,0,0,0,0,0,0,0,0,0,101,0,0,0,2,0,0,10,2,0,0,155,0,3,0,26,0,0,0,0,0,0,0,33,0,0,0,0,0,0,30,15,0,0,0,0,0,0,0,0,0,80,0,0,0,0,25,2,0,0,0,3,0,0,0,0,0,0,0,0,0,0,0,0,0,0,50,0,0,20,1,0,0,4,0,0,46,0,0,0,12,0,35,0,0,0,0,0,0,0,0,0,0,0,0,90,0,2,0,0,1,0,0,0,0,0,0,50,0,0,0,35,1,0,0,0,0,0,1,0,0,0,0,0,0,0
"GER_069_MZB_LO_32","GER_069_MZB_LO_32-18.04.2011","18.04.2011",2011,4,18,0,0,0,0,0,0,0,80,0,50,1,0,6,169,15,70,0,0,0,0,1,1,1,0,0,0,0,0,0,5,430,0,0,0,0,0,0,0,10,0,0,0,0,0,0,0,0,0,0,0,0,0,28,0,0,0,0,0,0,3,7,0,0,152,1,0,0,15,0,0,0,0,0,0,0,14,0,0,0,0,0,0,62,71,0,0,0,0,0,0,0,0,0,35,0,0,1,1,25,0,0,0,0,3,0,0,0,2,0,0,0,0,0,0,0,0,0,0,36,0,0,4,2,0,1,6,0,0,15,0,0,0,2,0,20,0,1,0,1,0,1,0,0,0,0,0,0,0,0,0,0,1,3,0,0,0,0,0,0,220,0,0,0,12,0,0,0,0,0,0,0,0,0,0,0,0,0,0
"GER_069_MZB_LO_32","GER_069_MZB_LO_32-31.05.2012","31.05.2012",2012,5,31,0,0,0,0,1,0,0,0,0,50,0,0,10,315,5,120,0,0,0,1,2,1,1,0,0,7,3,0,0,6,320,0,0,0,0,0,0,0,1,0,0,0,0,0,0,0,0,0,0,5,0,0,28,0,0,0,2,0,0,6,1,0,0,0,0,0,0,1,0,0,0,0,0,0,0,8,0,0,0,0,0,0,50,31,0,0,0,0,0,0,0,0,0,30,0,0,10,0,12,0,0,0,3,4,0,0,0,0,0,0,0,0,0,0,0,0,0,0,40,0,0,2,8,0,0,15,0,0,0,0,0,1,3,0,10,0,0,0,0,0,3,0,2,0,5,0,0,35,0,0,0,1,3,0,0,80,0,0,0,752,0,0,0,15,1,0,0,0,0,0,0,0,0,0,0,0,0,0
"GER_069_MZB_LO_32","GER_069_MZB_LO_32-26.05.2014","26.05.2014",2014,5,26,0,0,0,0,0,0,0,0,0,50,1,0,9,225,15,70,0,0,0,0,8,1,1,0,0,1,10,0,0,40,307,0,0,0,0,0,0,0,0,0,0,0,0,0,0,0,0,0,0,7,0,0,40,0,0,0,4,0,0,6,0,0,0,206,0,4,0,15,0,0,0,0,0,0,0,17,0,0,0,0,0,0,41,5,0,0,0,0,0,0,0,0,0,8,0,0,4,8,6,6,0,0,0,1,0,0,0,0,0,0,0,0,0,0,0,0,0,0,15,0,0,12,10,0,0,0,0,0,0,0,0,2,1,0,4,0,0,0,0,0,0,0,0,0,0,0,0,50,0,0,0,0,3,0,0,50,0,0,0,255,0,0,0,20,0,0,0,0,0,0,0,0,0,0,0,0,0,0
"GER_069_MZB_LO_32","GER_069_MZB_LO_32-05.04.2016","05.04.2016",2016,4,5,0,0,0,0,0,0,0,0,0,20,0,0,0,40,1,12,0,0,0,0,0,0,0,0,0,0,0,0,0,0,220,0,0,0,0,0,0,0,0,0,0,0,0,0,0,0,0,0,0,1,0,0,1,0,0,0,1,0,0,2,0,0,0,28,0,0,0,8,0,0,0,0,0,0,0,4,0,0,0,0,0,0,16,5,0,0,0,0,0,0,0,0,0,3,0,0,0,2,1,4,0,0,0,0,0,0,0,0,0,0,0,0,0,0,0,0,0,1,15,0,0,2,0,0,0,1,0,0,1,0,0,0,6,0,10,0,0,0,0,0,0,0,1,0,0,0,0,6,0,0,0,0,0,0,0,0,0,0,0,13,0,0,0,10,0,0,0,0,0,0,0,0,0,0,0,0,0,0
"GER_069_MZB_LO_32","GER_069_MZB_LO_32-23.03.2017","23.03.2017",2017,3,23,0,0,0,0,0,0,0,0,0,50,3,0,2,120,6,50,0,0,0,0,0,0,0,0,1,0,0,0,0,25,341,0,0,0,0,0,0,0,0,0,0,0,0,0,0,0,0,0,0,1,0,0,21,0,0,0,3,0,0,5,0,0,0,160,0,2,0,30,0,0,0,0,0,0,0,18,0,0,0,0,0,0,47,25,0,0,0,0,0,0,0,0,0,12,0,0,0,0,20,7,0,0,0,0,0,0,0,0,0,0,0,0,0,0,0,0,0,0,20,0,0,6,6,0,0,0,0,0,5,0,0,1,2,0,20,0,0,0,0,0,2,0,5,0,0,0,0,40,0,0,0,0,2,0,0,0,0,0,0,27,0,0,0,30,0,0,0,0,0,0,0,0,0,0,0,0,0,0
"GER_069_MZB_LO_32","GER_069_MZB_LO_32-07.05.2018","07.05.2018",2018,5,7,0,0,0,0,0,0,0,0,0,15,1,0,15,184,8,100,0,0,0,1,6,0,0,0,0,2,1,0,0,15,80,0,0,0,0,0,0,0,0,0,0,0,0,0,0,0,0,0,0,1,3,0,24,0,0,0,9,0,0,6,20,0,0,43,0,0,0,6,0,0,0,0,0,0,0,7,0,0,0,0,0,0,45,35,0,0,0,0,0,0,0,0,0,2,0,0,6,2,9,3,0,0,0,1,0,0,0,0,0,0,0,0,0,0,0,0,0,0,37,0,0,8,1,0,0,2,0,0,0,0,0,0,15,0,4,0,0,0,0,0,2,1,1,0,0,0,0,50,0,0,0,0,0,1,0,40,0,0,0,491,0,0,0,10,0,0,0,0,0,0,1,0,0,0,0,0,0,0
"GER_069_MZB_LO_32","GER_069_MZB_LO_32-04.04.2019","04.04.2019",2019,4,4,0,0,0,0,0,0,0,0,0,3,0,2,8,121,7,40,0,0,0,0,3,2,2,0,0,0,2,0,0,7,433,0,0,0,0,0,0,0,0,0,0,0,0,0,0,0,0,0,0,4,0,0,25,0,0,0,0,0,0,6,18,0,0,52,0,1,0,1,0,0,0,0,0,0,0,3,0,0,0,0,0,0,43,29,0,0,0,0,0,0,0,0,0,5,0,1,1,2,5,2,0,0,0,0,0,0,0,0,0,0,0,0,0,0,0,0,0,0,16,0,0,20,3,0,0,6,0,0,1,0,0,1,3,0,3,0,0,0,0,1,0,3,2,0,0,0,0,20,0,0,0,0,0,0,0,1,1,0,0,400,0,0,0,3,0,0,0,0,0,0,0,0,1,0,0,0,0,0
"GER_069_MZB_LO_32","GER_069_MZB_LO_32-27.04.2020","27.04.2020",2020,4,27,0,0,0,0,0,0,0,0,0,11,1,2,11,180,1,60,0,0,0,0,20,2,2,0,0,2,2,0,0,2,311,0,0,0,0,0,0,0,0,0,0,0,0,0,0,0,0,0,0,1,0,0,23,0,0,0,3,0,0,1,20,1,0,35,0,0,0,14,0,0,0,0,0,0,0,3,0,0,0,0,0,0,15,42,0,0,0,0,0,0,0,0,0,15,0,0,0,2,6,1,0,1,0,3,0,0,0,0,0,0,0,0,0,0,0,0,0,0,30,0,0,3,7,0,1,4,0,0,0,0,0,0,2,0,1,0,0,0,0,1,0,5,2,0,0,0,0,40,0,0,0,0,0,0,0,10,0,0,0,590,0,0,1,2,1,0,0,0,0,0,0,0,0,0,0,0,0,0
"GER_069_MZB_LO_33","GER_069_MZB_LO_33-25.04.2006","25.04.2006",2006,4,25,0,0,0,0,0,0,0,0,0,0,1,0,52,56,0,0,0,0,0,0,0,0,0,0,0,0,0,1,0,0,160,0,0,0,0,0,0,0,0,0,0,0,2,0,0,0,0,0,0,2,0,0,52,0,0,0,32,0,0,1,0,0,0,160,0,1,0,68,0,0,0,0,0,0,0,0,0,0,0,0,0,0,16,0,0,0,0,0,0,0,0,0,0,0,0,0,0,0,2,0,0,0,0,0,0,0,0,0,0,52,0,0,0,0,0,0,0,0,16,0,0,0,5,0,0,0,0,0,0,0,0,4,1,0,0,0,0,0,0,0,0,0,0,0,0,0,0,0,0,0,0,0,0,0,0,0,0,0,0,73,0,0,0,0,0,0,0,0,0,0,0,0,0,0,0,0,0,0
"GER_069_MZB_LO_33","GER_069_MZB_LO_33-24.06.2010","24.06.2010",2010,6,24,0,0,0,0,0,0,0,0,0,0,1,0,20,185,0,0,0,0,0,0,0,0,0,0,0,0,3,0,0,0,151,0,0,0,0,0,0,0,0,0,0,0,3,0,0,0,0,0,0,0,0,0,21,0,0,0,6,0,0,2,0,0,0,350,0,1,0,20,0,0,0,0,0,0,0,0,0,0,0,0,0,0,18,0,0,0,0,0,0,0,0,0,0,0,0,0,0,27,0,0,0,0,10,0,0,2,0,0,0,1,0,0,0,0,0,0,0,0,10,0,0,1,4,0,0,30,0,0,0,0,0,1,4,0,0,0,0,0,0,6,0,0,0,0,0,0,0,0,0,0,0,0,0,0,0,25,0,0,0,90,0,0,0,7,0,0,0,0,0,0,0,0,0,0,0,0,0,0
"GER_069_MZB_LO_33","GER_069_MZB_LO_33-03.05.2012","03.05.2012",2012,5,3,0,0,0,0,0,0,0,0,0,0,0,0,7,211,0,0,0,0,0,0,0,0,0,0,0,0,10,0,0,0,112,0,0,0,0,0,0,0,0,0,0,0,0,0,0,0,0,0,0,0,0,0,35,1,0,0,1,0,0,3,0,0,0,305,0,3,0,40,0,0,0,0,0,0,0,1,0,0,0,0,0,0,0,0,0,0,0,0,0,0,0,0,0,2,0,0,0,37,1,0,0,0,4,0,0,1,0,0,0,0,1,0,0,0,0,0,0,1,5,0,0,3,10,0,1,2,0,0,1,0,0,2,4,0,0,0,0,0,0,2,1,0,0,0,0,0,0,0,0,0,0,0,0,0,0,7,0,0,0,9,0,0,0,0,0,0,0,0,0,0,0,0,0,0,0,0,0,0
"GER_069_MZB_LO_33","GER_069_MZB_LO_33-10.04.2015","10.04.2015",2015,4,10,0,0,0,0,0,0,0,0,0,0,0,0,0,80,0,0,0,0,0,0,0,0,0,0,0,0,0,0,0,0,200,0,0,0,0,0,0,0,0,0,0,0,2,0,0,0,0,0,0,0,0,0,19,1,0,0,3,0,0,3,0,0,0,250,0,1,0,10,0,0,0,0,0,0,0,0,0,0,0,0,0,0,2,0,0,0,0,0,0,0,0,0,0,0,0,0,0,6,0,0,0,0,1,0,0,0,0,0,0,1,0,0,0,0,0,0,0,0,3,0,0,4,1,0,0,0,0,0,0,0,0,0,16,0,0,0,0,0,0,2,2,0,0,0,0,0,0,0,0,0,0,0,0,0,1,8,0,0,1,40,0,0,0,2,0,0,0,0,0,0,0,0,0,0,0,0,0,0
"GER_069_MZB_LO_33","GER_069_MZB_LO_33-16.04.2018","16.04.2018",2018,4,16,0,0,0,0,0,0,0,0,0,0,3,0,0,9,1,0,0,0,0,0,0,0,0,0,0,0,0,0,0,0,91,0,0,0,0,0,0,0,0,0,0,0,1,0,0,0,0,0,0,0,0,0,5,0,0,0,0,0,0,0,0,0,0,30,0,0,0,6,0,0,0,0,0,0,0,0,0,0,0,0,0,0,4,0,0,0,0,0,0,0,0,0,0,0,0,0,0,10,0,0,0,0,0,0,0,0,0,0,0,5,25,0,0,0,0,0,0,0,4,0,0,0,0,0,4,0,0,0,0,0,0,0,10,0,0,0,0,0,0,0,0,0,0,0,0,0,0,0,0,0,0,0,0,0,0,0,0,0,0,20,0,0,0,8,0,0,0,0,0,0,0,0,0,0,0,0,0,0
"GER_069_MZB_LO_34","GER_069_MZB_LO_34-27.03.2007","27.03.2007",2007,3,27,0,0,0,0,0,0,0,0,0,0,0,0,0,600,0,0,0,0,0,0,0,0,0,0,0,0,0,0,0,0,800,0,0,0,0,0,0,0,0,0,0,0,0,0,0,0,0,0,0,0,0,0,0,0,0,0,0,0,0,0,0,0,0,400,0,0,0,3,0,0,0,0,0,0,0,0,0,0,0,0,0,0,0,2,0,0,0,0,0,0,0,0,0,0,0,0,0,3,0,0,0,0,0,0,0,0,0,0,0,0,0,0,0,0,0,0,0,0,3,0,0,0,0,0,0,7,0,0,0,0,0,0,24,0,0,0,0,0,0,0,0,0,0,0,0,0,0,0,8,0,0,0,0,0,0,0,0,0,0,12,0,0,0,0,0,0,0,0,0,0,1,0,0,0,0,0,0,0
"GER_069_MZB_LO_34","GER_069_MZB_LO_34-01.04.2009","01.04.2009",2009,4,1,0,0,0,0,0,0,0,0,0,0,0,0,0,250,0,0,0,0,0,0,0,0,0,0,0,0,0,0,0,0,400,0,0,0,0,0,0,0,0,0,0,0,0,0,0,0,0,0,0,0,0,0,0,0,0,0,0,0,0,0,0,0,0,100,0,0,0,2,0,2,0,0,0,0,0,0,0,0,0,0,0,0,3,1,0,0,0,0,0,0,0,0,0,0,0,0,0,2,0,0,0,0,0,0,0,0,0,0,0,0,0,0,0,0,0,0,0,0,0,0,0,1,0,0,0,4,0,0,0,0,0,0,8,0,0,0,0,0,0,0,1,0,1,0,0,0,0,0,0,0,0,0,0,0,0,0,0,0,0,18,0,0,0,0,0,0,0,1,0,0,0,0,0,0,0,0,0,0
"GER_069_MZB_LO_34","GER_069_MZB_LO_34-06.05.2013","06.05.2013",2013,5,6,0,0,0,0,0,0,0,0,0,0,0,0,0,320,0,0,0,0,0,0,0,0,0,0,0,0,0,0,0,0,200,0,0,0,0,0,0,0,0,0,0,0,0,0,0,0,0,0,0,0,0,0,0,2,0,0,0,0,0,0,0,0,0,80,0,0,0,3,0,0,0,0,0,0,0,0,0,0,0,0,0,0,0,0,0,0,0,0,0,0,0,0,0,0,0,0,0,0,0,0,0,0,0,0,0,0,0,0,0,0,0,0,0,0,0,0,0,0,0,0,0,0,0,0,3,4,0,0,0,0,0,0,3,0,0,0,0,0,0,0,0,0,0,0,0,0,0,0,0,0,0,0,0,0,0,0,0,0,0,15,0,0,0,0,0,0,0,0,0,0,0,0,0,0,0,0,0,0
"GER_069_MZB_LO_34","GER_069_MZB_LO_34-03.05.2016","03.05.2016",2016,5,3,0,0,0,0,0,0,0,0,0,0,0,0,0,96,0,0,0,0,0,0,0,0,0,0,0,0,0,0,0,0,600,0,0,0,0,0,0,0,0,0,0,0,0,0,0,0,0,0,0,0,0,0,8,2,0,0,0,0,0,0,0,0,0,50,0,0,0,14,0,0,2,0,0,0,0,0,0,0,0,0,0,0,5,11,0,0,0,0,0,0,0,0,0,0,0,0,0,1,1,0,0,0,0,0,0,0,0,0,0,0,0,0,0,0,0,0,0,0,2,0,0,0,0,0,6,6,0,0,1,0,0,0,0,0,0,0,0,0,0,0,0,0,0,0,0,0,0,0,0,0,0,0,0,0,0,4,0,0,0,11,0,0,0,0,0,0,0,0,0,0,0,0,0,0,0,0,0,0
"GER_069_MZB_LO_34","GER_069_MZB_LO_34-05.04.2018","05.04.2018",2018,4,5,0,0,0,0,0,0,0,0,0,0,0,0,0,200,0,0,0,0,0,0,0,0,0,0,0,0,0,0,0,0,401,0,0,0,0,0,0,0,0,0,0,0,0,0,0,0,0,0,0,0,0,0,0,0,0,0,0,0,0,0,0,0,0,50,0,0,0,2,0,1,1,0,0,0,0,0,0,0,0,0,0,0,1,0,0,0,0,0,0,0,0,0,0,0,0,0,0,2,0,0,0,0,0,0,0,0,0,0,0,0,0,0,0,0,0,0,0,0,0,0,0,0,0,0,5,1,0,0,0,0,0,0,2,0,2,0,0,0,0,0,0,0,0,0,0,0,0,0,0,0,0,0,0,0,0,0,0,0,0,6,0,0,0,0,0,0,0,0,0,0,0,0,0,0,0,0,0,0
"GER_069_MZB_LO_35","GER_069_MZB_LO_35-02.04.2007","02.04.2007",2007,4,2,0,0,0,0,0,0,0,0,0,0,0,0,0,500,0,3,0,0,0,0,0,0,0,0,0,0,0,0,0,0,250,0,0,0,0,0,0,0,0,0,0,0,0,0,0,0,0,0,0,0,0,0,0,0,0,0,0,0,0,9,0,0,0,50,0,2,0,1,0,0,0,0,0,0,0,0,0,8,0,0,0,0,30,0,0,0,0,0,0,0,0,0,0,0,0,0,0,4,0,0,0,0,0,0,0,0,0,0,0,0,0,0,0,0,0,0,0,0,15,0,0,0,0,0,0,1,0,0,0,0,0,1,0,0,0,0,0,0,0,0,1,0,15,0,0,0,0,0,0,0,0,0,13,0,0,0,0,0,0,2,0,0,0,0,0,0,0,0,0,0,3,0,0,0,0,0,0,0
"GER_069_MZB_LO_35","GER_069_MZB_LO_35-22.04.2009","22.04.2009",2009,4,22,0,0,0,0,0,0,0,0,0,0,0,0,0,200,0,9,0,0,0,0,0,0,0,0,0,0,0,0,0,0,200,0,0,0,0,0,0,0,0,0,0,0,0,0,0,0,0,0,0,0,0,0,0,0,0,0,0,0,0,6,0,0,0,60,0,3,0,5,0,0,0,0,0,0,0,0,0,0,0,0,0,0,0,0,0,0,0,0,0,0,0,0,0,0,0,0,0,4,0,2,0,0,0,0,0,0,0,0,0,0,0,0,0,0,0,0,0,0,15,0,0,0,0,0,0,4,0,0,0,0,0,2,0,0,0,0,0,0,0,0,0,0,20,0,0,0,0,0,1,0,0,0,4,0,0,0,0,0,0,15,0,0,0,0,0,0,0,0,0,0,2,0,0,0,0,0,0,0
"GER_069_MZB_LO_35","GER_069_MZB_LO_35-24.04.2012","24.04.2012",2012,4,24,0,0,0,0,0,0,0,0,0,0,0,0,0,410,0,2,0,0,0,0,0,0,0,0,0,0,0,0,0,0,200,0,0,0,0,0,0,0,0,0,0,0,0,0,0,0,0,0,0,0,0,0,0,0,0,0,0,0,0,3,0,0,0,200,0,1,0,2,0,0,0,0,0,0,0,0,0,0,0,0,0,0,6,0,0,0,0,0,0,0,0,0,0,0,0,0,0,2,0,0,0,0,0,0,0,0,0,0,0,0,0,0,0,0,0,0,0,0,8,0,0,0,0,0,0,2,0,0,0,0,0,1,2,0,0,0,0,0,0,0,2,0,15,0,0,0,0,0,0,0,0,0,3,0,0,0,0,0,0,3,0,0,0,0,0,0,0,0,0,0,2,0,0,0,0,0,0,0
"GER_069_MZB_LO_35","GER_069_MZB_LO_35-31.03.2015","31.03.2015",2015,3,31,0,0,0,0,0,0,0,0,0,0,0,0,0,370,0,0,0,0,0,0,0,0,0,0,0,0,0,0,0,0,330,0,0,0,0,0,0,0,0,0,0,0,0,0,0,0,0,0,0,0,0,0,7,0,1,0,0,0,0,2,0,0,0,200,0,0,0,0,0,0,0,0,0,0,0,0,0,0,0,0,0,0,7,8,0,0,0,0,0,0,0,0,0,0,0,0,0,1,0,1,0,0,0,0,0,0,0,0,0,0,0,0,0,0,0,0,0,0,15,0,0,0,0,0,0,0,0,0,0,0,0,0,0,0,0,0,0,0,0,0,0,0,3,0,0,0,0,0,0,0,0,0,0,0,0,0,0,0,0,1,0,0,0,0,0,0,0,0,0,0,0,0,0,0,0,0,0,0
"GER_069_MZB_LO_35","GER_069_MZB_LO_35-13.03.2018","13.03.2018",2018,3,13,0,0,0,0,0,0,0,0,0,0,0,0,0,220,0,0,0,0,0,0,0,0,0,0,0,0,0,0,0,0,330,0,0,0,0,0,0,0,0,0,0,0,0,0,0,0,0,0,0,0,0,0,0,0,0,0,0,0,0,0,0,0,0,15,0,0,0,0,0,0,0,0,0,0,0,0,0,0,0,0,0,0,0,0,0,0,0,0,0,0,0,0,0,0,0,0,0,0,0,1,0,0,0,0,0,0,0,0,0,0,0,0,0,0,0,0,0,0,4,0,0,0,0,0,0,1,0,0,0,0,0,0,1,0,1,0,0,0,0,0,0,0,0,0,0,0,0,0,0,0,0,0,1,0,0,0,0,0,0,10,0,0,0,0,0,0,0,0,0,0,0,0,0,0,0,0,0,0
"GER_069_MZB_LO_36","GER_069_MZB_LO_36-03.05.2007","03.05.2007",2007,5,3,0,0,0,0,0,0,0,0,0,15,0,2,29,427,0,12,0,0,0,0,9,0,0,0,5,0,1,0,0,20,330,0,0,0,0,0,0,0,60,0,0,0,0,0,0,0,0,0,0,0,4,0,70,0,0,0,45,0,0,11,50,0,0,200,0,1,0,5,0,2,0,0,0,0,0,0,0,0,0,0,0,0,80,31,0,0,0,0,0,0,0,0,5,15,0,0,13,5,7,1,0,0,0,0,0,0,0,1,0,0,0,0,0,0,0,0,0,0,46,0,0,1,20,0,2,1,0,0,25,0,0,1,1,0,13,0,0,0,0,0,9,0,0,0,0,0,0,25,0,0,0,13,3,6,0,70,0,0,0,60,0,0,0,2,0,0,0,0,0,0,1,60,0,0,0,0,0,0
"GER_069_MZB_LO_36","GER_069_MZB_LO_36-18.05.2010","18.05.2010",2010,5,18,0,0,0,0,0,0,0,0,0,10,8,2,21,266,1,15,0,0,0,0,39,1,1,0,8,0,30,0,0,10,440,0,0,0,0,0,0,0,0,0,0,0,0,0,0,0,0,0,0,0,3,0,38,0,1,0,50,0,0,7,80,3,0,100,0,2,0,21,0,0,0,0,0,0,0,0,4,2,0,0,0,0,20,73,0,0,0,0,0,0,0,0,7,6,0,0,6,8,15,17,0,0,0,0,0,0,0,0,0,0,0,0,0,0,0,0,0,0,41,0,0,4,30,0,6,2,0,0,2,0,0,2,15,0,25,0,0,0,1,0,14,0,4,0,6,0,0,30,0,0,0,5,15,8,0,60,0,0,0,83,0,0,0,15,0,0,0,0,0,7,1,40,0,0,0,0,0,0
"GER_069_MZB_LO_36","GER_069_MZB_LO_36-02.05.2013","02.05.2013",2013,5,2,0,0,0,0,0,0,0,0,0,20,0,0,10,220,1,0,0,0,0,0,16,1,1,0,5,1,8,0,0,7,260,0,0,0,0,0,0,0,30,0,0,0,0,0,0,0,1,0,0,0,3,0,24,0,0,0,8,0,0,7,20,1,0,40,1,1,0,6,0,1,0,0,0,0,0,0,0,3,0,0,0,0,24,31,0,0,0,0,0,0,0,0,0,3,0,0,5,3,5,1,0,0,0,0,0,2,0,1,0,0,0,0,0,0,0,0,0,0,20,0,0,2,15,0,1,0,0,0,8,0,0,0,1,0,9,0,0,0,0,0,5,0,1,0,0,0,0,10,0,0,0,1,7,2,3,150,0,0,0,56,0,0,0,1,1,0,0,0,0,0,0,30,0,0,0,0,0,0
"GER_069_MZB_LO_36","GER_069_MZB_LO_36-28.04.2016","28.04.2016",2016,4,28,0,0,0,0,0,0,0,0,0,15,0,0,6,183,0,3,0,0,0,0,1,0,0,0,1,0,1,0,0,2,302,0,0,0,0,0,0,0,2,0,0,0,0,0,0,0,0,0,0,2,4,0,8,0,0,0,3,0,0,2,6,0,0,42,0,0,0,2,0,0,0,0,0,0,0,0,0,0,0,0,0,0,27,8,0,0,0,0,0,0,0,0,0,0,0,0,11,5,12,0,0,0,0,0,0,0,0,0,0,0,0,0,0,0,0,0,0,0,27,0,0,1,5,0,1,0,0,0,3,0,0,1,8,0,20,0,0,0,0,0,2,3,0,0,0,0,0,0,0,0,0,1,8,2,0,12,0,0,0,31,1,0,0,0,0,0,0,0,0,0,0,20,0,0,0,0,0,0
"GER_069_MZB_LO_36","GER_069_MZB_LO_36-23.04.2019","23.04.2019",2019,4,23,0,0,0,0,0,0,0,0,0,6,0,0,18,315,0,0,0,0,0,0,9,0,0,0,1,0,5,0,0,0,120,0,0,0,0,0,0,0,0,0,0,0,0,0,0,0,1,0,0,1,4,0,17,0,0,0,5,0,0,3,51,0,0,30,0,0,0,4,1,0,0,0,0,0,0,0,0,4,0,0,0,0,20,20,0,0,0,0,0,0,0,0,0,2,0,0,10,3,7,0,0,0,0,0,0,0,0,0,0,0,0,0,0,0,0,0,0,0,21,0,0,2,8,0,0,0,0,0,6,0,0,1,0,0,4,0,0,0,0,3,1,0,0,0,0,0,0,0,0,0,0,4,2,0,0,60,0,0,0,46,0,0,0,2,0,0,0,0,0,2,0,25,0,0,0,0,0,0
"GER_069_MZB_LO_37","GER_069_MZB_LO_37-21.05.2007","21.05.2007",2007,5,21,0,0,0,0,0,0,0,0,0,60,1,0,90,211,0,60,0,0,0,0,25,0,0,0,1,30,0,0,0,400,180,0,0,0,0,0,0,0,0,0,0,0,0,0,50,0,0,0,0,5,18,0,15,0,0,0,25,0,0,3,20,0,0,75,0,2,0,21,0,0,0,0,0,0,0,19,0,0,0,0,0,0,91,1,0,0,0,0,0,0,0,0,7,2,0,0,1,1,8,14,0,0,0,0,0,0,0,0,0,0,0,0,0,0,0,0,0,1,100,0,0,14,40,0,0,0,0,0,0,0,0,1,7,0,1,0,1,0,0,0,7,400,0,0,7,0,0,60,0,0,0,0,1,3,0,70,0,0,0,50,0,0,0,20,0,0,0,0,0,0,0,15,0,0,0,0,0,5
"GER_069_MZB_LO_37","GER_069_MZB_LO_37-26.05.2009","26.05.2009",2009,5,26,0,0,0,0,0,0,1,0,0,30,1,0,110,55,3,250,0,0,0,0,70,3,3,0,2,26,2,0,25,70,125,0,0,0,1,0,0,0,15,0,0,0,0,0,60,0,0,0,2,3,22,0,30,0,0,0,9,0,2,6,35,0,0,80,0,3,0,15,0,0,0,0,0,0,0,17,0,0,0,0,0,0,50,18,0,0,0,0,0,0,0,0,0,4,0,0,8,3,359,4,0,0,3,0,0,2,0,0,0,0,0,0,0,0,0,0,0,0,30,1,0,20,6,0,0,0,0,0,0,0,0,1,20,0,7,0,0,0,0,0,0,180,1,0,1,0,0,50,0,0,0,0,0,2,0,160,0,0,0,60,0,0,0,18,0,0,0,1,0,0,0,15,1,0,0,0,0,0
"GER_069_MZB_LO_37","GER_069_MZB_LO_37-25.05.2010","25.05.2010",2010,5,25,0,0,0,0,0,0,0,0,0,40,0,1,41,240,2,80,0,0,0,0,40,1,1,0,5,1,1,0,100,50,225,0,0,0,0,0,0,0,0,0,0,0,0,0,60,0,0,0,1,2,16,0,20,0,0,0,20,0,3,6,60,0,0,1,0,2,0,15,0,0,0,0,0,0,0,30,2,1,0,0,0,0,95,2,0,2,0,0,0,0,0,0,0,10,0,0,1,5,20,27,0,0,0,0,0,1,0,0,0,0,0,0,0,0,0,0,0,0,71,0,0,15,20,0,0,0,0,0,0,0,0,3,2,0,2,0,0,0,0,1,1,250,1,0,15,0,0,70,0,1,0,0,3,11,0,20,0,0,0,79,1,0,0,10,0,0,0,0,0,0,0,20,0,0,0,0,0,0
"GER_069_MZB_LO_37","GER_069_MZB_LO_37-20.04.2011","20.04.2011",2011,4,20,0,0,0,0,0,0,0,1,0,30,0,0,12,95,0,25,0,0,0,0,5,1,1,0,10,1,7,0,70,30,470,0,0,0,0,0,0,0,2,0,0,0,0,0,25,0,0,0,0,0,6,0,20,0,0,0,6,0,12,1,50,0,0,50,0,2,0,2,0,0,0,0,0,0,0,26,0,0,0,0,0,0,80,1,0,2,0,0,0,0,0,0,0,0,0,0,1,3,18,3,0,0,0,0,0,0,0,1,0,0,0,0,0,0,0,0,0,0,41,0,0,20,15,0,0,0,0,0,5,0,0,0,15,0,0,0,0,0,0,2,1,150,0,0,0,0,0,120,0,0,0,0,0,6,0,3,0,0,1,2,0,0,0,2,0,0,0,0,0,0,0,20,0,0,1,0,0,0
"GER_069_MZB_LO_37","GER_069_MZB_LO_37-10.05.2012","10.05.2012",2012,5,10,0,0,0,0,0,0,0,0,0,30,0,0,42,280,1,20,0,0,0,0,18,0,0,0,6,23,10,0,15,60,205,0,0,0,0,0,0,0,20,0,0,0,0,0,50,0,0,0,1,1,8,0,19,0,0,0,7,0,7,6,20,0,0,25,0,1,0,10,0,0,0,0,0,0,0,7,0,0,0,0,0,0,46,7,0,1,0,0,0,0,0,0,0,40,0,0,1,5,2,6,0,0,1,0,0,0,0,6,0,0,0,0,0,0,0,0,0,1,50,0,0,17,15,0,0,0,0,0,0,0,0,0,30,0,2,0,0,0,1,0,6,80,1,0,15,0,0,30,0,0,0,0,0,1,0,100,0,0,0,1,1,0,0,20,0,0,0,0,0,0,0,15,0,0,0,0,0,0
"GER_069_MZB_LO_37","GER_069_MZB_LO_37-16.05.2013","16.05.2013",2013,5,16,0,0,0,0,0,0,0,0,0,10,0,2,38,190,1,110,0,0,0,0,41,1,1,0,7,10,5,0,60,40,160,0,0,0,0,0,0,0,10,0,1,0,0,0,50,0,0,0,0,0,3,0,15,0,1,0,20,0,4,4,15,0,0,3,0,3,0,15,0,0,0,0,0,0,0,13,1,0,0,0,1,0,51,25,0,10,0,0,0,0,0,0,0,15,0,0,0,7,3,5,0,0,0,1,0,0,0,0,0,0,0,0,0,0,0,0,0,0,40,0,0,6,3,0,0,0,0,0,0,0,0,0,33,0,0,0,0,0,0,0,0,300,12,0,30,0,0,30,0,2,0,0,1,14,0,120,0,0,0,32,1,0,0,10,0,0,0,0,0,0,0,25,0,0,20,0,0,0
"GER_069_MZB_LO_37","GER_069_MZB_LO_37-19.05.2014","19.05.2014",2014,5,19,0,0,0,0,0,0,0,0,0,8,0,1,17,55,1,15,0,0,0,0,27,0,0,0,4,4,1,0,80,40,301,0,0,0,0,3,0,0,5,0,0,0,0,1,40,0,0,0,1,3,4,0,4,0,1,0,12,0,0,7,6,0,0,2,0,2,0,15,0,0,0,0,0,0,0,8,0,0,0,0,1,0,51,6,0,25,0,0,0,0,0,0,0,0,0,0,0,1,12,3,0,0,0,0,0,0,0,2,0,0,0,0,0,0,0,0,0,2,25,0,0,2,3,0,0,1,0,0,0,0,0,1,40,0,1,0,0,0,8,0,1,100,17,0,10,0,0,30,0,1,0,0,1,24,0,80,0,0,0,1,0,0,0,7,0,0,0,0,0,0,0,4,0,0,0,0,0,0
"GER_069_MZB_LO_37","GER_069_MZB_LO_37-09.05.2016","09.05.2016",2016,5,9,0,0,0,0,0,0,1,0,0,4,0,2,20,18,2,35,0,0,1,0,13,1,1,0,2,1,4,0,70,40,180,0,0,0,0,20,0,0,30,0,0,0,0,0,40,0,0,0,1,2,0,0,2,0,0,0,10,0,1,3,9,0,0,0,0,4,0,15,0,0,1,0,0,0,0,7,1,0,0,0,0,0,34,6,0,15,0,0,0,0,0,0,0,0,0,0,0,2,2,6,0,0,0,0,0,0,0,0,0,0,0,0,0,0,0,0,0,1,25,0,0,4,3,0,0,0,0,0,0,0,0,0,23,0,3,0,1,0,1,0,3,120,40,0,5,0,0,5,0,0,0,0,0,5,0,60,0,0,0,1,0,0,0,8,0,0,0,0,0,0,0,10,0,0,0,0,0,0
"GER_069_MZB_LO_37","GER_069_MZB_LO_37-18.05.2017","18.05.2017",2017,5,18,0,0,0,0,0,0,1,0,0,20,0,1,15,59,3,50,0,0,0,0,25,1,1,0,3,2,0,0,60,35,220,0,0,0,0,15,0,0,0,0,0,0,1,0,40,0,0,0,3,2,6,0,18,0,1,0,10,0,3,5,25,0,0,3,0,2,0,10,0,0,0,0,0,0,0,12,0,0,0,0,1,0,68,10,0,25,0,0,0,0,0,0,0,6,0,0,1,6,15,20,0,0,0,0,0,1,0,0,0,0,0,0,0,0,0,0,0,0,32,0,0,10,12,0,0,1,0,0,0,0,0,4,7,0,2,0,0,0,0,0,0,80,5,0,8,0,0,40,0,0,0,0,1,10,0,70,0,0,0,55,0,0,0,20,1,0,0,0,0,0,0,15,0,0,0,0,0,0
"GER_069_MZB_LO_37","GER_069_MZB_LO_37-17.05.2018","17.05.2018",2018,5,17,0,0,0,0,0,0,0,0,0,0,0,0,1,60,1,30,0,0,0,0,30,0,0,0,3,1,0,0,70,30,302,0,0,0,0,12,0,0,10,0,0,0,0,0,150,0,0,0,4,0,3,0,8,0,4,0,2,0,0,2,6,0,0,0,0,0,0,4,0,0,0,0,0,0,0,0,2,0,0,0,0,0,21,5,0,30,0,0,0,0,0,0,0,0,0,0,0,2,2,16,0,0,0,0,0,0,0,0,0,0,0,0,0,0,0,0,0,0,22,0,0,1,3,0,0,0,0,0,0,0,0,3,5,0,0,0,0,0,1,1,1,150,20,0,8,0,0,5,0,0,0,0,0,24,0,120,0,0,0,6,0,0,0,8,0,0,0,0,0,0,0,12,0,0,0,0,0,0
"GER_069_MZB_LO_38","GER_069_MZB_LO_38-24.05.2006","24.05.2006",2006,5,24,0,0,0,0,0,0,0,0,0,0,2,0,0,220,0,0,0,0,0,0,0,0,0,0,0,0,0,0,0,0,268,0,0,0,0,0,0,0,0,0,0,0,0,0,0,0,0,0,0,0,0,0,0,0,0,0,0,0,0,1,0,0,0,65,0,0,0,0,0,0,0,0,3,0,0,0,0,0,0,0,0,1,1,0,0,0,0,0,0,0,0,0,0,0,0,0,0,6,0,0,0,0,0,0,0,0,0,0,0,0,0,0,0,0,0,0,0,0,2,0,0,0,20,0,0,0,0,0,0,0,0,0,0,0,0,0,0,0,0,0,0,0,0,0,0,0,0,0,0,2,0,0,0,0,0,0,0,0,0,0,0,0,0,0,0,0,0,0,0,0,0,0,0,0,0,0,0,0
"GER_069_MZB_LO_38","GER_069_MZB_LO_38-25.03.2010","25.03.2010",2010,3,25,0,0,0,0,0,0,0,0,0,0,0,0,0,0,0,0,0,0,0,0,0,0,0,0,0,0,0,0,0,0,34,0,0,20,0,0,0,0,0,0,0,0,0,0,0,0,0,0,0,0,0,0,0,0,0,0,0,0,0,3,0,0,0,0,0,0,0,0,0,0,0,0,0,0,0,0,0,0,0,0,0,0,2,0,0,0,0,0,0,0,0,0,0,0,0,0,0,38,0,0,0,0,0,0,0,0,0,0,0,8,0,0,0,0,0,0,0,0,85,0,0,0,1,0,0,0,0,0,0,0,0,0,0,0,0,0,0,0,0,0,0,0,0,0,0,0,0,0,0,2,0,0,0,0,0,0,0,0,0,0,0,0,0,0,0,0,0,0,0,0,5,0,0,0,0,0,0,0
"GER_069_MZB_LO_38","GER_069_MZB_LO_38-24.04.2014","24.04.2014",2014,4,24,0,0,0,0,0,0,65,1,0,0,0,0,0,0,0,0,0,0,0,0,0,1,1,0,0,0,20,0,0,0,68,0,0,2,0,0,0,0,0,0,0,0,0,0,0,0,0,0,0,0,0,0,2,0,0,0,0,0,0,65,0,0,0,200,1,6,0,0,0,0,1,1,1,0,2,0,0,1,0,0,0,4,65,0,0,0,0,0,0,0,0,0,0,0,0,0,0,71,0,0,0,0,0,0,0,0,0,0,0,9,0,0,0,0,0,0,0,0,652,0,0,0,200,0,0,0,0,0,0,0,2,0,200,0,0,0,0,0,0,0,0,0,0,0,0,0,0,0,0,0,0,0,0,0,0,0,0,0,0,0,0,0,0,0,0,0,0,0,0,0,4,0,0,0,0,0,0,0
"GER_069_MZB_LO_38","GER_069_MZB_LO_38-16.05.2017","16.05.2017",2017,5,16,0,0,0,1,0,0,65,20,0,0,4,0,0,0,0,0,0,0,0,0,0,0,0,0,0,0,10,0,0,0,4,0,0,1,0,0,0,0,0,0,0,1,0,0,0,0,0,0,0,0,0,0,0,0,0,0,0,0,0,20,0,0,0,0,0,2,0,0,0,0,0,2,1,0,5,0,0,0,1,0,0,2,0,0,0,0,0,0,0,1,0,0,0,0,0,0,0,215,0,0,0,0,0,0,0,0,0,0,0,0,0,0,0,0,0,0,0,0,89,0,0,0,1,0,0,0,0,0,0,0,9,0,650,0,65,0,0,0,0,0,0,0,0,0,0,0,0,0,0,0,0,0,0,0,0,0,0,0,0,1,0,0,0,0,0,0,0,0,0,0,1,0,0,0,0,0,0,0
"GER_069_MZB_LO_38","GER_069_MZB_LO_38-01.04.2019","01.04.2019",2019,4,1,0,0,1,0,0,0,6,1,0,0,1,0,0,0,0,0,0,0,0,0,0,0,0,0,0,0,20,0,0,0,65,0,0,65,0,0,0,0,0,0,0,0,0,0,0,0,0,0,0,0,0,0,0,0,0,0,0,0,0,8,0,0,5,0,1,0,0,0,0,0,0,1,0,0,0,0,0,1,0,1,0,0,0,0,0,0,1,0,0,0,0,1,0,0,0,0,0,163,0,4,0,0,0,0,0,0,0,0,0,0,0,1,0,0,0,0,0,0,28,0,0,0,0,0,0,0,0,0,0,0,14,0,200,0,1,0,0,0,0,0,0,0,0,0,0,0,0,0,0,0,0,0,0,0,0,0,0,0,3,65,0,0,0,0,0,0,0,0,0,0,0,0,0,0,0,0,0,0
"GER_069_MZB_LO_4","GER_069_MZB_LO_4-14.03.2007","14.03.2007",2007,3,14,0,0,0,0,0,0,0,0,0,0,0,0,0,200,0,0,0,0,0,0,0,0,0,0,0,0,0,0,0,0,0,0,0,0,0,0,0,0,0,0,0,0,0,0,0,0,0,0,0,0,0,0,0,0,0,0,0,0,0,12,0,0,0,200,0,0,0,0,0,0,0,0,0,0,0,0,0,0,0,0,0,0,25,1,0,0,0,0,0,0,0,0,0,0,0,0,0,16,0,0,0,0,0,0,0,0,0,0,0,0,0,0,0,0,0,0,0,0,6,0,0,0,0,0,0,12,0,0,0,0,0,0,3,0,0,0,0,0,0,0,0,0,0,0,0,0,0,0,0,0,0,0,0,0,0,0,0,0,0,80,0,0,0,0,0,0,0,0,0,0,0,0,0,0,0,0,0,0
"GER_069_MZB_LO_4","GER_069_MZB_LO_4-02.05.2011","02.05.2011",2011,5,2,0,0,0,0,0,0,0,0,0,0,0,0,0,250,0,0,0,0,0,0,0,0,0,0,0,0,0,0,0,0,300,0,0,0,0,0,0,0,0,0,0,0,0,0,0,0,0,0,0,0,0,0,0,0,0,0,0,0,0,0,0,0,0,30,0,0,0,0,0,0,0,0,0,0,0,0,0,0,0,0,0,0,5,0,0,0,0,0,0,0,0,0,0,0,0,0,0,3,0,2,0,0,0,0,0,0,0,0,0,0,0,0,0,0,0,0,0,0,0,0,0,0,0,0,0,5,0,0,0,0,0,0,1,0,0,0,0,0,0,0,0,0,0,0,0,0,0,0,0,0,0,0,1,0,0,0,0,0,0,28,0,0,0,0,0,0,0,0,0,0,0,0,0,0,0,0,0,0
"GER_069_MZB_LO_4","GER_069_MZB_LO_4-05.05.2014","05.05.2014",2014,5,5,0,0,0,0,0,0,0,0,0,0,0,0,0,25,0,0,0,0,0,0,0,0,0,0,0,0,0,0,0,0,50,0,0,0,0,0,0,0,0,0,0,0,0,0,0,0,0,0,0,0,0,0,0,0,0,0,0,0,0,0,0,0,0,100,0,0,0,0,0,0,0,0,0,0,0,0,0,0,0,0,0,0,3,0,0,0,0,0,0,0,0,0,0,0,0,0,0,1,0,0,0,0,0,0,0,0,0,0,0,0,0,0,0,0,0,0,0,0,0,0,0,0,0,0,0,1,0,0,1,0,0,0,1,0,0,0,0,0,0,0,0,0,0,0,0,0,0,0,0,0,0,0,0,0,0,1,0,0,0,9,0,0,0,0,0,0,0,0,0,0,0,0,0,0,0,0,0,0
"GER_069_MZB_LO_4","GER_069_MZB_LO_4-21.03.2017","21.03.2017",2017,3,21,0,0,0,0,0,0,0,0,0,0,0,0,0,80,0,0,0,0,0,0,0,0,0,0,0,0,0,0,0,0,202,0,0,0,0,0,0,0,0,0,0,0,0,0,0,0,1,0,0,0,0,1,6,4,0,0,0,0,0,0,0,0,0,50,0,0,0,0,0,0,0,0,0,0,0,0,0,0,0,0,0,0,6,0,0,0,0,0,0,0,0,0,0,0,0,0,2,1,0,3,0,0,0,0,0,0,0,0,0,0,0,0,0,0,0,0,0,0,2,0,0,0,1,0,2,4,0,0,1,0,0,0,1,0,0,0,0,0,0,0,2,0,0,0,0,0,0,0,0,0,0,0,8,0,0,0,0,0,0,12,0,0,0,0,0,0,0,0,0,0,1,0,0,0,0,0,0,0
"GER_069_MZB_LO_4","GER_069_MZB_LO_4-21.03.2019","21.03.2019",2019,3,21,0,0,0,0,0,0,0,0,0,0,0,0,0,110,0,0,0,0,0,0,0,0,0,0,0,0,0,0,0,0,200,0,0,0,0,0,0,0,0,0,0,0,0,0,0,0,0,0,0,0,0,0,1,1,0,0,15,0,0,0,0,0,0,45,0,0,0,0,0,0,0,0,0,0,0,0,0,0,0,0,0,0,5,0,0,0,0,0,0,0,0,0,0,0,0,0,0,9,0,1,0,0,0,0,0,0,0,0,0,1,0,0,0,0,0,0,0,0,0,0,0,0,0,0,0,6,0,0,0,0,0,1,0,0,0,0,0,0,0,0,0,0,0,0,0,0,0,0,0,0,0,0,2,0,0,0,0,0,0,1,0,0,0,0,0,0,0,0,0,0,0,0,0,0,0,0,0,0
"GER_069_MZB_LO_41","GER_069_MZB_LO_41-15.05.2007","15.05.2007",2007,5,15,0,0,0,0,0,0,0,0,0,10,20,65,6,200,0,0,0,0,0,0,0,4,4,0,0,6,65,0,0,0,650,0,0,0,0,0,0,0,0,0,0,0,0,0,0,0,0,0,0,2,0,0,145,0,0,0,200,0,70,65,0,0,0,0,0,4,0,2,0,0,0,0,0,0,0,0,0,20,0,0,0,0,65,0,0,0,0,0,0,0,0,0,33,167,0,0,0,71,65,0,0,0,0,0,0,0,0,0,2,0,0,0,0,0,0,0,0,0,4,0,0,0,55,0,0,0,0,0,20,0,0,0,65,0,6,0,0,0,0,0,10,0,0,0,0,0,0,2,0,0,0,0,0,0,2,130,0,0,0,2000,0,0,0,0,3,0,0,0,0,0,0,2,0,0,0,0,0,0
"GER_069_MZB_LO_41","GER_069_MZB_LO_41-19.04.2010","19.04.2010",2010,4,19,0,0,0,0,20,0,0,0,0,20,20,20,0,200,0,0,0,0,0,0,0,2,2,0,0,0,5,0,0,0,650,0,0,0,0,0,0,0,0,0,0,0,0,0,0,0,0,0,0,7,31,0,85,2,0,0,65,35,8,20,0,0,0,0,0,0,0,2,0,0,0,0,0,0,0,0,0,8,0,0,0,0,20,0,0,0,0,0,0,0,0,0,4,65,0,7,0,65,30,0,0,0,0,0,0,0,0,0,0,200,0,0,0,0,0,0,0,0,65,0,0,6,20,0,0,5,0,0,20,0,0,0,10,0,6,0,0,0,0,1,8,0,0,0,0,0,0,4,0,0,0,34,0,0,0,0,0,0,1,65,0,2,0,0,0,0,0,0,0,0,1,22,0,0,0,0,0,0
"GER_069_MZB_LO_41","GER_069_MZB_LO_41-25.04.2013","25.04.2013",2013,4,25,0,0,0,0,0,0,0,0,0,200,3,65,4,65,0,0,0,0,0,0,0,0,0,0,0,0,20,0,0,2,200,0,0,0,0,0,0,0,0,0,0,0,0,0,0,0,0,0,0,1,10,0,73,0,0,0,65,50,150,0,0,0,0,65,0,0,0,9,0,0,1,0,0,0,0,0,0,3,0,0,0,0,63,1,0,0,0,0,0,0,0,0,0,20,0,0,0,11,32,0,0,0,0,0,0,0,0,0,0,0,0,1,0,0,0,0,0,0,22,0,0,9,20,2,0,20,0,0,201,0,0,0,3,0,3,0,0,0,0,0,1,0,0,0,0,0,0,0,0,0,0,5,0,0,0,0,0,0,1,20,0,0,0,0,0,0,0,0,0,0,0,20,0,0,0,0,0,0
"GER_069_MZB_LO_41","GER_069_MZB_LO_41-05.04.2016","05.04.2016",2016,4,5,0,0,0,0,0,0,0,1,0,65,0,20,0,65,0,0,0,0,0,0,0,20,20,0,0,0,4,0,0,0,200,0,0,0,0,0,0,0,1,0,0,0,0,0,0,0,0,0,0,0,65,0,22,0,0,0,65,0,20,0,0,0,0,650,0,0,0,0,2,0,20,0,0,0,1,0,0,0,0,0,0,0,20,0,0,0,0,0,0,0,0,0,0,0,0,0,0,20,7,2,0,0,0,0,0,0,0,0,0,7,0,0,0,0,0,0,0,0,22,0,0,5,20,3,7,0,0,0,64,0,0,0,1,0,7,0,0,0,0,0,2,0,0,0,0,0,0,0,6,0,0,1,0,0,0,0,0,0,0,6,0,0,0,0,0,0,0,0,0,0,0,4,0,0,0,0,0,0
"GER_069_MZB_LO_41","GER_069_MZB_LO_41-03.04.2018","03.04.2018",2018,4,3,0,0,0,0,0,0,0,0,0,20,0,20,0,200,0,0,0,0,0,0,0,20,20,0,0,0,0,0,0,0,64,0,0,0,0,0,0,0,1,0,0,0,0,0,0,0,0,0,0,0,65,0,2,1,0,0,65,0,4,0,0,0,0,200,0,0,0,20,1,0,2,0,0,0,0,6,0,2,0,0,0,0,20,0,0,0,0,0,0,0,0,0,0,0,0,0,0,22,1,6,0,0,0,0,0,0,0,0,0,65,0,0,1,0,0,0,0,0,3,0,0,1,2,2,0,3,0,0,10,0,0,0,4,0,1,0,0,0,0,0,1,0,0,0,0,0,0,0,6,0,0,20,0,0,0,0,0,0,0,201,0,0,0,0,0,0,0,0,0,0,0,3,0,0,0,0,0,0
"GER_069_MZB_LO_44","GER_069_MZB_LO_44-02.05.2006","02.05.2006",2006,5,2,0,0,0,1,0,0,0,0,0,0,0,0,0,21,0,0,0,0,0,0,0,0,0,0,0,0,0,0,0,0,520,0,0,0,0,0,0,0,0,0,0,0,0,0,0,0,0,0,0,0,0,0,0,0,0,0,0,0,0,4,0,0,0,68,0,0,0,0,0,0,0,0,0,0,0,0,0,0,0,0,0,0,21,0,0,0,0,0,0,0,0,0,0,0,0,0,0,14,0,1,0,0,0,0,0,0,0,0,0,0,0,0,0,0,0,0,0,0,17,0,0,0,0,0,0,5,0,0,0,0,0,0,1,0,0,0,0,0,0,0,0,0,0,0,0,0,0,0,0,0,0,0,0,0,0,0,0,0,0,53,0,0,0,0,0,0,0,0,0,0,0,0,0,0,0,0,0,0
"GER_069_MZB_LO_44","GER_069_MZB_LO_44-29.03.2010","29.03.2010",2010,3,29,0,0,0,0,0,0,0,0,0,0,0,0,0,290,0,0,0,0,0,0,0,0,0,0,0,0,0,0,0,0,350,0,0,0,0,0,0,0,0,0,0,0,0,0,0,0,0,0,0,0,0,0,7,0,0,0,0,0,0,5,1,0,0,200,0,1,0,15,0,0,0,0,0,0,0,0,0,0,0,0,0,0,9,0,0,0,0,0,0,0,0,0,0,0,0,0,0,68,1,1,0,0,0,0,0,0,0,0,0,0,0,0,0,0,0,0,0,0,1,0,0,0,0,0,0,0,0,0,0,0,0,0,25,0,0,0,0,0,0,0,0,0,0,0,0,0,0,0,3,0,0,0,0,0,0,0,0,0,0,55,0,0,0,0,0,0,0,0,0,0,1,0,0,0,0,0,0,0
"GER_069_MZB_LO_44","GER_069_MZB_LO_44-29.04.2013","29.04.2013",2013,4,29,0,0,0,0,0,0,0,0,0,0,0,0,0,85,0,0,0,0,0,0,0,0,0,0,0,0,1,0,0,0,70,0,0,0,0,0,0,0,0,0,0,0,0,0,0,0,0,0,0,0,0,0,0,0,0,0,0,0,0,0,0,0,0,108,0,0,0,0,0,0,0,0,0,0,0,0,0,0,0,0,0,0,0,0,0,0,0,0,0,0,0,0,0,0,0,0,0,0,0,0,0,0,0,0,0,0,0,0,0,0,0,0,0,0,0,0,0,0,0,0,0,0,0,0,0,2,0,0,0,0,0,0,10,0,0,0,0,0,0,0,0,0,1,0,0,0,0,0,0,0,0,0,0,0,0,0,0,0,0,1,0,0,0,0,0,0,0,0,0,0,0,0,0,0,0,0,0,0
"GER_069_MZB_LO_44","GER_069_MZB_LO_44-12.04.2016","12.04.2016",2016,4,12,0,0,0,0,0,0,0,0,0,0,0,0,0,60,0,0,0,0,0,0,0,0,0,0,0,0,0,0,0,0,200,0,0,0,0,0,0,0,0,0,0,0,0,0,0,0,0,0,0,0,0,0,0,1,0,0,0,0,0,0,0,0,0,140,0,0,0,1,0,0,0,0,0,0,0,0,0,0,0,0,0,0,1,0,0,0,0,0,0,0,0,0,0,0,0,0,0,0,0,3,0,0,0,0,0,0,0,0,0,0,0,0,0,0,0,0,0,0,0,0,0,0,0,0,0,0,0,0,0,0,0,0,14,0,0,0,0,0,0,0,0,0,0,0,0,0,0,0,0,0,0,0,0,0,0,0,0,0,0,2,0,0,0,0,0,0,0,0,0,0,0,0,0,0,0,0,0,0
"GER_069_MZB_LO_44","GER_069_MZB_LO_44-09.04.2019","09.04.2019",2019,4,9,0,0,0,0,0,0,0,0,0,0,0,0,0,100,0,0,0,0,0,0,0,0,0,0,0,0,0,0,0,0,70,0,0,0,0,0,0,0,0,0,0,0,0,0,0,0,0,0,0,0,0,0,0,0,0,0,50,0,0,0,0,0,2,140,0,0,0,0,0,0,0,0,0,0,0,0,0,0,0,0,0,0,2,0,0,0,0,0,0,0,0,0,0,0,0,0,0,8,0,2,0,0,0,0,0,0,0,0,0,0,0,0,0,0,0,0,0,0,0,0,0,0,0,0,0,2,0,0,0,0,0,0,22,0,0,0,0,0,0,0,0,0,0,0,0,0,0,0,0,0,0,0,0,0,0,0,0,0,0,1,0,0,0,0,0,0,0,0,0,0,0,0,0,0,0,0,0,0
"GER_069_MZB_LO_45","GER_069_MZB_LO_45-13.04.2006","13.04.2006",2006,4,13,2,0,0,0,0,0,0,0,0,0,1,0,0,20,16,4,0,0,0,0,1,0,0,0,0,0,0,0,0,0,520,0,0,0,0,0,0,0,2,0,0,0,0,0,0,0,0,0,0,0,0,0,0,0,0,0,2,0,0,2,0,0,0,52,0,2,0,0,0,0,0,0,0,0,0,0,0,0,0,0,0,0,2,2,0,0,0,0,0,0,0,0,0,0,0,0,0,0,0,0,0,0,0,0,0,0,0,0,0,0,0,0,0,0,0,0,0,0,2,0,0,2,0,0,0,0,0,0,0,0,0,0,2,0,5,0,0,1,0,0,0,0,0,0,0,0,0,0,0,0,0,0,0,0,0,0,0,0,2,2,0,0,0,3,0,0,0,0,0,0,0,0,0,0,4,0,0,0
"GER_069_MZB_LO_45","GER_069_MZB_LO_45-27.03.2009","27.03.2009",2009,3,27,1,0,0,0,0,0,0,0,0,0,1,0,0,40,45,1,0,0,0,0,0,0,0,0,0,0,0,0,0,0,300,0,0,3,0,0,0,0,2,0,0,0,1,0,0,0,0,0,0,0,0,0,1,0,0,0,0,0,0,0,0,0,0,100,0,1,0,0,0,0,0,0,0,0,0,0,0,0,0,0,0,0,1,4,0,0,0,0,0,0,0,0,0,0,0,0,0,0,0,0,0,0,0,0,0,0,0,0,0,0,0,0,0,0,0,0,0,0,10,0,0,1,0,0,0,0,0,0,0,0,0,0,7,0,0,0,0,0,0,0,3,0,0,0,0,0,0,0,1,0,0,0,0,0,0,0,0,0,5,0,0,0,0,2,0,0,0,0,0,0,0,0,0,0,2,0,0,0
"GER_069_MZB_LO_45","GER_069_MZB_LO_45-24.04.2012","24.04.2012",2012,4,24,5,0,0,0,0,0,0,0,0,0,12,0,0,60,7,5,0,0,0,0,0,0,0,0,0,0,0,0,0,0,620,0,0,6,0,0,0,0,0,0,0,0,0,0,0,0,0,0,0,10,0,0,0,0,0,0,0,0,0,5,0,0,0,150,0,1,0,0,0,0,0,0,0,0,0,0,0,0,0,0,0,0,0,10,0,0,0,0,0,0,0,0,0,0,0,0,0,3,0,0,0,0,4,0,0,0,0,0,0,0,0,0,0,0,0,0,0,0,20,0,0,0,0,0,0,1,0,0,0,0,0,0,8,0,0,0,1,0,0,0,1,0,0,0,0,0,0,0,0,0,0,0,0,0,0,0,0,0,9,15,0,0,0,4,0,0,0,0,0,0,0,0,0,0,1,0,0,0
"GER_069_MZB_LO_45","GER_069_MZB_LO_45-30.04.2015","30.04.2015",2015,4,30,0,0,0,0,0,0,0,0,0,1,5,0,0,25,4,6,0,0,0,0,1,3,3,0,1,0,1,0,0,0,530,0,0,0,0,0,0,0,0,0,0,0,3,0,0,0,0,0,0,0,0,0,4,0,0,0,0,0,0,1,0,0,0,290,0,5,0,3,0,0,0,0,0,0,0,0,0,0,0,0,0,0,1,7,0,0,0,0,0,0,0,0,0,0,0,0,0,1,0,0,0,0,0,0,0,0,0,0,0,0,0,0,0,0,0,0,0,1,10,0,0,1,0,0,0,0,0,0,0,0,0,1,6,0,0,0,0,0,0,0,2,0,0,0,0,0,0,0,0,0,0,0,0,0,0,0,0,0,0,0,0,0,0,1,0,0,0,0,0,0,0,0,0,0,0,0,0,0
"GER_069_MZB_LO_45","GER_069_MZB_LO_45-16.04.2018","16.04.2018",2018,4,16,0,0,0,0,0,0,0,0,0,0,4,1,0,20,25,0,0,0,0,0,0,1,1,0,0,0,1,0,0,0,480,0,0,0,0,0,0,0,0,0,0,0,0,0,0,0,0,0,0,3,0,0,3,0,0,0,0,0,0,0,0,0,0,200,0,2,0,7,0,0,0,0,0,0,0,0,0,0,0,0,0,0,1,3,0,0,0,0,0,0,0,0,0,0,0,0,0,3,1,0,0,0,0,0,0,1,0,0,0,0,0,0,0,0,0,0,0,0,5,0,0,2,4,0,0,0,0,0,0,2,0,0,20,0,0,0,0,0,0,0,0,0,0,0,0,0,0,0,0,0,0,0,0,0,0,0,0,0,0,0,0,0,0,5,0,0,0,0,0,0,0,0,0,0,0,0,0,0
"GER_069_MZB_LO_46","GER_069_MZB_LO_46-27.04.2006","27.04.2006",2006,4,27,0,0,0,0,0,0,0,0,0,0,16,0,0,16,0,0,0,0,0,0,0,0,0,0,0,0,1,0,0,0,1,0,0,0,0,0,0,0,1,0,0,0,0,0,0,0,0,0,0,0,0,0,0,0,0,0,0,0,0,1,0,0,0,161,0,2,0,0,0,0,0,0,0,0,0,0,0,0,0,0,0,0,161,1,0,0,0,0,0,0,0,0,0,0,0,0,0,19,0,0,0,0,0,0,0,0,0,0,0,0,0,0,0,0,0,0,0,0,16,0,0,0,0,0,0,3,0,0,0,0,0,0,16,0,0,0,0,0,0,0,1,0,0,0,0,0,0,0,0,0,0,0,0,0,0,0,0,0,0,57,0,0,0,16,0,0,0,0,0,0,0,0,0,0,0,0,0,0
"GER_069_MZB_LO_46","GER_069_MZB_LO_46-10.05.2010","10.05.2010",2010,5,10,0,0,0,0,0,0,0,0,0,0,1,0,0,27,2,0,0,0,0,0,0,1,1,0,0,0,2,0,0,0,250,0,0,0,0,0,0,0,0,0,0,0,0,0,0,0,0,0,0,0,0,0,0,2,0,0,0,0,0,1,0,0,0,400,0,1,0,0,0,0,0,0,0,0,0,0,0,0,0,0,0,0,20,7,0,0,0,0,0,0,0,0,0,0,0,0,0,11,0,0,0,0,0,0,0,0,0,0,0,0,0,0,0,0,0,0,0,0,4,0,0,0,0,0,0,0,0,0,0,0,0,0,10,0,0,0,0,0,0,0,2,0,0,0,0,0,0,0,0,0,0,0,0,0,0,0,0,0,0,2,0,0,0,5,0,0,0,0,0,0,0,0,0,0,3,0,0,0
"GER_069_MZB_LO_46","GER_069_MZB_LO_46-22.05.2014","22.05.2014",2014,5,22,0,0,0,0,0,0,0,0,0,0,2,0,0,25,0,0,0,0,0,0,0,1,1,0,0,0,0,0,0,0,106,0,0,0,0,0,0,0,0,0,0,0,0,0,0,0,0,0,0,0,0,0,0,0,0,0,0,0,0,4,0,0,0,400,0,0,0,0,0,0,0,0,0,0,0,0,0,0,0,0,0,0,40,0,0,0,0,0,0,0,0,0,0,0,0,0,0,10,0,0,0,0,0,0,0,0,0,0,0,0,0,0,0,0,0,0,0,0,5,0,0,0,0,0,0,1,0,0,0,0,0,0,0,0,0,0,0,0,0,0,0,0,0,0,0,0,0,0,0,0,0,0,0,0,1,0,0,0,0,13,0,0,0,0,0,0,0,0,0,6,1,0,0,0,0,0,0,0
"GER_069_MZB_LO_46","GER_069_MZB_LO_46-27.04.2017","27.04.2017",2017,4,27,0,0,0,0,0,0,0,0,0,0,25,0,0,33,2,0,0,0,0,0,0,0,0,0,0,0,8,0,0,0,270,0,0,0,0,0,0,0,0,0,0,0,0,0,0,0,1,0,0,1,0,0,0,4,0,0,0,0,0,1,2,0,0,202,0,1,0,0,0,0,0,0,0,0,0,0,0,0,0,0,0,0,65,0,0,0,0,0,0,0,0,0,0,0,0,0,0,12,0,0,0,0,0,0,0,0,10,0,0,0,0,0,0,0,0,0,0,0,24,0,0,0,0,0,0,1,0,0,0,0,0,0,8,0,1,0,0,0,0,0,0,0,0,0,0,0,3,0,0,0,0,0,0,0,0,0,0,0,0,28,0,0,0,0,0,0,0,0,0,0,0,0,0,0,7,0,0,0
"GER_069_MZB_LO_46","GER_069_MZB_LO_46-04.03.2019","04.03.2019",2019,3,4,0,0,0,0,0,0,0,0,0,0,1,0,0,16,0,0,0,0,0,0,0,5,5,0,0,0,1,0,0,0,250,0,0,0,0,0,0,0,0,0,0,0,0,0,0,0,0,0,0,0,0,0,0,0,0,0,0,0,0,0,0,0,0,251,0,0,0,1,0,0,0,0,0,0,0,0,0,0,0,0,0,0,20,0,0,0,0,0,0,0,0,0,0,0,0,0,0,0,0,0,0,0,0,0,0,0,0,0,0,0,0,0,0,0,0,0,0,0,10,0,0,0,0,0,0,0,0,0,0,0,0,0,1,0,0,0,0,0,10,3,0,0,0,0,0,0,0,0,0,1,0,0,0,0,0,0,0,0,0,1,0,0,0,1,0,0,0,0,0,0,0,0,0,0,1,0,0,0
"GER_069_MZB_LO_5","GER_069_MZB_LO_5-22.03.2007","22.03.2007",2007,3,22,0,0,0,0,0,0,0,0,0,0,200,0,0,6,4,0,0,0,0,0,0,0,0,0,0,0,65,0,0,0,650,0,0,0,0,0,0,0,0,0,0,0,0,0,0,0,0,0,0,1,0,0,2,0,0,0,2,0,0,20,0,0,0,200,0,20,0,0,0,0,0,0,0,0,0,0,0,0,0,0,0,0,1,0,0,0,0,0,0,0,0,0,0,0,0,0,0,65,0,0,0,0,0,0,0,0,0,0,0,0,0,0,0,0,0,0,0,0,65,0,0,0,0,0,0,0,0,0,0,0,0,0,200,0,0,0,0,0,0,0,4,0,0,0,0,0,0,0,0,0,0,0,0,0,0,0,0,0,65,65,0,0,0,200,0,0,0,2,0,0,0,0,0,0,20,0,0,0
"GER_069_MZB_LO_5","GER_069_MZB_LO_5-05.04.2011","05.04.2011",2011,4,5,0,0,0,0,0,0,0,0,0,0,8,0,0,0,1,0,0,0,0,0,0,0,0,0,0,0,65,0,0,0,650,0,0,0,0,0,0,0,0,0,0,0,0,0,0,0,0,0,0,0,0,0,0,0,0,0,0,0,0,1,0,0,0,65,0,2,0,1,0,0,0,0,0,0,0,0,0,0,0,0,0,0,2,0,0,0,0,0,0,0,0,0,0,0,0,0,0,200,0,0,0,0,0,0,0,1,0,0,0,1,0,0,0,0,0,0,0,0,3,0,0,0,0,0,0,0,0,0,0,0,0,1,8,0,0,0,0,0,0,0,0,0,0,0,0,0,0,0,0,0,0,0,0,0,0,0,0,0,0,2,0,0,0,3,0,0,0,1,0,0,0,0,0,0,20,0,0,0
"GER_069_MZB_LO_5","GER_069_MZB_LO_5-15.03.2012","15.03.2012",2012,3,15,0,0,0,0,0,0,0,0,0,0,20,0,1,1,3,0,0,0,0,0,1,0,0,0,0,0,20,0,0,0,200,0,0,0,0,0,0,0,2,0,0,0,0,0,0,0,0,0,0,1,0,0,0,0,0,0,0,0,0,7,0,0,0,650,0,10,0,1,0,0,0,0,0,0,0,0,0,0,0,0,0,0,20,0,0,0,0,0,0,0,0,0,0,0,0,0,0,2,0,0,0,0,0,0,0,1,0,0,0,0,0,0,0,0,0,0,0,0,67,0,0,0,0,0,0,2,0,0,0,0,0,0,0,0,0,0,0,0,0,0,0,0,0,0,0,0,0,0,0,0,0,1,0,0,0,0,0,0,7,0,0,0,0,65,0,0,0,1,0,0,0,0,0,0,2,0,0,0
"GER_069_MZB_LO_5","GER_069_MZB_LO_5-16.04.2015","16.04.2015",2015,4,16,0,0,0,0,0,0,0,0,0,0,20,20,20,0,1,0,0,0,0,0,0,0,0,0,20,0,20,0,0,0,200,0,0,0,0,0,0,0,20,0,0,0,0,0,0,0,0,0,0,0,0,0,0,0,0,0,4,0,0,6,0,0,0,65,2,2,0,0,0,0,0,0,1,0,0,0,0,0,0,0,0,0,1,0,0,0,0,0,0,0,1,0,0,0,0,0,0,66,0,0,0,0,0,0,0,1,0,4,0,0,0,0,0,0,0,0,0,0,66,0,0,0,2,0,0,0,0,0,0,0,0,0,20,0,0,0,1,0,0,1,0,0,0,0,0,0,0,0,0,0,0,0,0,0,0,0,0,0,3,0,0,0,0,65,0,0,0,9,0,0,0,0,0,0,0,0,0,0
"GER_069_MZB_LO_5","GER_069_MZB_LO_5-15.05.2018","15.05.2018",2018,5,15,0,0,0,0,0,0,0,0,1,0,20,5,4,2,20,0,0,0,0,0,2,3,3,0,0,0,20,0,0,0,651,0,0,2,0,0,0,1,30,0,0,0,0,0,0,0,0,0,0,0,0,0,0,0,0,0,0,0,0,2,0,0,0,5,1,3,0,0,0,0,0,0,5,0,0,0,0,0,0,0,1,0,1,0,0,0,0,0,0,0,0,0,0,0,0,0,0,25,0,0,0,0,0,0,0,0,0,0,0,0,0,0,0,0,0,0,0,0,200,0,0,0,1,0,0,0,0,0,0,0,0,0,20,0,4,0,20,0,0,0,0,0,0,0,0,0,0,0,0,7,0,0,0,0,0,0,0,0,65,0,0,0,0,200,0,0,0,0,0,0,0,0,0,0,5,0,1,1
"GER_069_MZB_LO_6","GER_069_MZB_LO_6-20.04.2006","20.04.2006",2006,4,20,0,0,0,0,0,0,0,0,0,0,0,0,0,6,0,0,0,0,0,0,0,0,0,0,0,0,0,0,0,0,0,0,0,0,0,0,0,0,0,0,0,0,0,0,0,0,0,0,0,0,0,0,0,0,0,0,0,0,0,0,0,0,0,0,0,0,0,0,0,0,0,0,0,0,0,0,0,0,0,0,0,0,0,0,0,0,0,0,0,0,0,0,0,0,0,0,54,4,0,0,0,0,0,0,0,0,0,0,0,2,0,0,0,0,0,0,0,0,0,0,0,0,0,0,0,2,0,0,19,0,0,0,0,0,0,0,0,0,0,0,0,0,0,0,0,1,0,0,0,0,2,30,1,0,0,0,0,0,0,16,0,0,0,0,0,0,0,0,0,0,0,0,0,0,0,0,0,0
"GER_069_MZB_LO_6","GER_069_MZB_LO_6-05.03.2007","05.03.2007",2007,3,5,0,0,0,0,0,0,0,0,0,0,0,1,0,40,0,0,0,8,0,0,0,0,0,0,0,0,0,0,0,0,20,0,0,0,0,0,0,0,0,0,0,0,0,0,0,0,0,0,0,0,2,0,0,0,0,0,0,0,0,0,0,0,0,0,0,0,0,0,0,0,0,0,0,0,0,0,0,0,0,0,0,0,0,0,0,0,0,0,0,0,0,0,0,0,0,0,12,249,0,0,0,0,0,0,0,0,0,0,0,0,0,0,0,0,0,0,0,0,0,0,0,0,0,0,0,20,0,0,18,0,0,0,0,0,0,0,0,0,0,0,0,0,0,0,0,0,0,0,0,0,37,200,10,0,0,0,0,0,0,5,0,0,0,0,0,0,0,0,1,0,0,0,0,0,0,0,0,0
"GER_069_MZB_LO_6","GER_069_MZB_LO_6-18.03.2010","18.03.2010",2010,3,18,0,0,0,0,0,16,0,0,0,0,0,0,0,149,0,5,0,0,0,0,0,0,0,0,0,0,0,0,0,0,150,0,0,0,0,0,0,0,0,4,0,0,0,0,0,0,0,0,0,0,20,0,0,0,0,1,0,0,0,0,0,0,0,0,0,0,0,0,0,0,0,0,0,0,0,0,0,1,0,0,0,3,0,0,0,0,0,0,0,0,0,0,0,0,0,0,100,188,0,20,0,0,0,0,0,0,0,0,0,8,0,0,0,0,0,0,0,0,0,0,0,0,0,0,0,70,0,0,85,0,0,0,0,0,0,0,0,0,0,0,0,0,0,0,0,11,20,0,0,0,8,140,50,0,0,0,0,0,0,100,0,0,0,0,0,0,0,0,1,0,5,0,0,0,0,0,0,0
"GER_069_MZB_LO_6","GER_069_MZB_LO_6-25.04.2013","25.04.2013",2013,4,25,0,0,0,0,0,2,0,0,0,0,0,3,0,220,0,0,0,0,0,0,0,0,0,0,0,0,0,0,0,0,14,32,0,0,0,0,0,0,0,0,0,0,0,0,0,0,0,0,0,0,207,0,0,0,0,0,0,0,0,0,0,0,0,0,0,0,0,0,0,0,0,0,0,2,0,0,0,0,0,0,0,3,0,0,0,0,0,0,0,0,0,0,0,0,0,0,318,131,0,25,0,0,0,0,0,0,0,0,0,21,0,0,0,0,0,0,0,0,1,0,0,0,0,0,0,5,0,0,46,0,0,0,0,0,0,0,0,0,0,0,0,0,0,0,0,2,2,0,0,0,0,100,5,0,0,0,0,0,0,4,0,0,0,0,0,0,0,0,0,0,0,0,0,0,0,0,0,0
"GER_069_MZB_LO_6","GER_069_MZB_LO_6-31.03.2016","31.03.2016",2016,3,31,0,0,0,0,0,20,0,0,0,0,0,3,0,120,0,0,0,0,0,0,0,0,0,0,0,0,0,0,0,0,6,0,0,0,0,0,0,0,0,1,0,0,0,0,0,0,0,0,0,0,2,0,0,0,0,0,0,0,0,0,0,0,0,0,0,0,0,0,0,0,0,0,0,0,0,0,0,0,0,0,0,1,0,0,0,0,0,0,0,0,0,0,0,0,0,0,170,205,0,15,1,0,0,0,0,0,0,0,0,0,0,0,0,0,0,0,0,0,1,0,0,0,0,0,0,25,0,0,95,0,0,0,0,0,0,0,0,0,0,0,0,0,0,0,0,0,1,0,0,0,1,450,26,0,0,0,0,0,0,11,0,0,0,0,0,0,0,0,0,0,0,0,0,0,0,0,0,0
