"Unique.ID","Samp.ID","Sampling.date","year","month","day","ACENTROPINAE GEN. SP.","ACROLOXUS LACUSTRIS","ANACAENA BIPUSTULATA","ANACAENA LIMBATA","ANAX IMPERATOR","ASELLUS AQUATICUS","ATHRIPSODES SP.","BITHYNIA TENTACULATA","CALOPTERYX SP.","CALOPTERYX SPLENDENS","CERATOPOGONIDAE GEN. SP.","CHIRONOMIDAE GEN. SP.","CHRYSOPS SP.","CLOEON DIPTERUM","COENAGRIONIDAE GEN. SP.","DENDROCOELUM LACTEUM","DICRANOTA SP.","DUGESIA SP.","DYTISCINAE GEN. SP.","ELMIS SP.","EPHEMERA DANICA","EPHEMERA VULGATA","EROTESIS BALTICA","ERPOBDELLA SP.","GAMMARIDAE GEN. SP.","GERRIS SP.","GLOSSIPHONIA COMPLANATA","GOERIDAE GEN. SP.","HELOBDELLA STAGNALIS","HOLOCENTROPUS SP.","HYDRA SP.","HYDRACHNIDIA GEN. SP.","HYDROBIUS FUSCIPES","HYDROPORINAE GEN. SP.","HYDROPSYCHE ANGUSTIPENNIS SSP.","LEPTOPHLEBIA VESPERTINA","LIMNEPHILIDAE GEN. SP.","LIMONIIDAE GEN. SP.","LYPE SP.","MOLANNA ANGUSTATA","MUSCULIUM LACUSTRE","MYSTACIDES NIGRA","NEMOURA SP.","NOTONECTA SP.","OLIGOCHAETA GEN. SP.","ORECTOCHILUS VILLOSUS","PARALEPTOPHLEBIA SUBMARGINATA","PHRYGANEA GRANDIS SSP.","PHYSA FONTINALIS","PISCICOLIDAE GEN. SP.","PISIDIUM SP.","PLATAMBUS MACULATUS","PLECTROCNEMIA CONSPERSA SSP.","POLYCELIS NIGRA/TENUIS","POLYCENTROPUS FLAVOMACULATUS SSP.","POLYCENTROPUS IRRORATUS","PTYCHOPTERA SP.","SIALIS LUTARIA","SIMULIUM SP.","SOMATOCHLORA METALLICA","SPHAERIUM CORNEUM","SPONGILLIDAE GEN. SP.","TINODES WAENERI SSP.","VELIA SAULII","VIVIPARUS CONTECTUS"
"GER_064_MZB_LO_3","GER_064_MZB_LO_3-25.03.2005","25.03.2005",2005,3,25,0,0.761904762,0,0,0,4.571428571,0,0,0,0,0,82.285714288,0,2.285714286,0,1.142857143,7.619047619,0,0,3.047619048,0,0,0,1.142857143,371.8095238,0,0,15.23809524,0,1.142857143,0,0,0,0,3.80952381,0,33.142857142,2.285714286,0,0,0,0,3.428571429,0,3.047619048,0,0,0,0,0,11.42857143,0,0,0,0,0,0.761904762,0,1.142857143,0,0,1.142857143,0,0,0
"GER_064_MZB_LO_3","GER_064_MZB_LO_3-25.03.2014","25.03.2014",2014,3,25,0,1.6,0,0,0,2.4,2.4,3.2,0.8,0.8,4,130.4,0,0,0,0.8,0,0,0,0,3.2,0.8,0,0.8,96,0,0.8,1.6,0,0,0,0,0.8,0,0,0,24,1.6,2.4,1.6,0,0,0,0,22.4,0.8,0.8,0,0,0,74.4,0,0,0,2.4,1.6,0.8,0,0,0,12.8,0,0,0,0
"GER_064_MZB_LO_3","GER_064_MZB_LO_3-25.03.2015","25.03.2015",2015,3,25,0,0,1.6,0,0,11.2,4.8,14.4,9.6,9.6,1.6,227.2,1.6,0,1.6,0,3.2,8,0,0,6.4,1.6,0,16,192,6.4,6.4,1.6,1.6,0,0,0,0,0,0,0,40,6.4,8,4.8,0,1.6,3.2,0,14.4,3.2,0,0,1.6,0,36.8,1.6,3.2,0,0,0,16,6.4,0,0,209.6,1.6,1.6,0,0
"GER_064_MZB_LO_3","GER_064_MZB_LO_3-13.04.2016","13.04.2016",2016,4,13,0,0,0,0,0,110.4,0,1.6,0,0,0,36,0,0,0,0,0,0,0,0,0,0,0,0.8,162.4,0,1.6,0,0,0,0,0,0,0,0,0,43.2,0,1.6,0,0,0,0,0,51.2,0,0,0,0,0,31.2,0,0,0,0,0,0,0.8,0,0,103.2,0.8,0,0,0
"GER_064_MZB_LO_3","GER_064_MZB_LO_3-16.05.2017","16.05.2017",2017,5,16,2,6,0,0,0,486,0,10,0,0,0,848.8,0,0,0,16,0,2,0,2,0,0,4,8.8,276,2,8,0,4,0,2,0,0,0,0,0,60.8,0,6,0,0,0,0,4,8,0,0,0,2,0,40,0,0,38,0,0,0,0,0,0,8,0,0,0,0
"GER_064_MZB_LO_3","GER_064_MZB_LO_3-22.04.2022","22.04.2022",2022,4,22,0,0,0,0,2.4,42.4,0,12.8,0,0,0,74.4,0,4,8.8,0,0,0,0.8,0,0,0,0,3.2,59.2,2.4,11.2,0,0.8,0,0,11.2,0,20,0,2.4,65.6,0,0,0,0,0,51.2,0.8,1.6,0,0,0,0,0.8,7.2,0,0,0,0,0,0,2.4,0,2.4,2.4,0.8,0,2.4,0.8
"GER_064_MZB_LO_3","GER_064_MZB_LO_3-20.04.2023","20.04.2023",2023,4,20,0,11.2,0,0.8,0,64,0,33.6,0,0,0,43.2,0,24,1.6,0,0,1.6,0.8,0,0,0,0,4,19.2,0,4.8,0,1.6,0,0,0,0,4,0,0,6.4,1.6,0,0,4.8,0,43.2,0,28.8,0,0,0.8,0,0,60.8,0,0,0,0,0,0,0.8,0,0,5.6,0,0,0,0
