"Unique.ID","Samp.ID","Sampling.date","year","month","day","AGRIOTYPUS SP.","ANISOPTERA GEN. SP.","APATANIA SP.","APHELOCHEIRUS AESTIVALIS","ARANEAE GEN. SP.","ASELLIDAE GEN. SP.","ASTACIDAE GEN. SP.","ATHERICIDAE GEN. SP.","BAETIDAE GEN. SP.","BDELLOCEPHALA PUNCTATA","BERAEA MAURUS","BERAEODES MINUTUS","BIBIONIDAE GEN. SP.","BRACHYCENTRUS MACULATUS","BRACHYCENTRUS SUBNUBILUS","BRACHYCERA GEN. SP.","BRANCHIOBDELLA SP.","CAENIS SP.","CALOPTERYGIDAE GEN. SP.","CAMBARIDAE GEN. SP.","CERATOPOGONIDAE GEN. SP.","CHIRONOMIDAE GEN. SP.","CHLOROPERLIDAE GEN. SP.","COENAGRIONIDAE GEN. SP.","COLEOPTERA GEN. SP.","CORDULEGASTER SP.","COROPHIUM SP.","CRAMBIDAE GEN. SP.","CULICIDAE GEN. SP.","CURCULIONIDAE GEN. SP.","CYBAEIDAE GEN. SP.","CYLINDROTOMIDAE GEN. SP.","DECAPODA GEN. SP.","DIPTERA GEN. SP.","DIXA SP.","DOLICHOPODIDAE GEN. SP.","DRYOPS SP.","DUGESIIDAE GEN. SP.","DYTISCIDAE GEN. SP.","ECHINOGAMMARUS SP.","ELMIDAE GEN. SP.","EMPIDIDAE GEN. SP.","EPHEMERELLIDAE GEN. SP.","EPHEMERIDAE GEN. SP.","EPHEMEROPTERA GEN. SP.","EPHYDRIDAE GEN. SP.","ERPOBDELLIDAE GEN. SP.","FANNIA SP.","GAMMARUS FOSSARUM/PULEX","GAMMARUS ROESELII","GASTROPODA GEN. SP.","GERRIS SP.","GLOSSIPHONIA SP.","GLOSSOSOMATIDAE GEN. SP.","GOERIDAE GEN. SP.","GYRINIDAE GEN. SP.","HAEMOPIS SP.","HALIPLUS SP.","HELOBDELLA SP.","HELOPHORUS SP.","HEPTAGENIIDAE GEN. SP.","HETEROPTERA GEN. SP.","HIRUDINEA GEN. SP.","HYDRA SP.","HYDRACHNIDIA GEN. SP.","HYDRAENIDAE GEN. SP.","HYDROBIIDAE GEN. SP.","HYDROMETRA SP.","HYDROPHILIDAE GEN. SP.","HYDROPSYCHIDAE GEN. SP.","HYDROPTILIDAE GEN. SP.","HYDROSCAPHA SP.","HYDROZOA GEN. SP.","ISOPODA GEN. SP.","LEPIDOPTERA GEN. SP.","LEPIDOSTOMATIDAE GEN. SP.","LEPTOCERIDAE GEN. SP.","LEPTOPHLEBIIDAE GEN. SP.","LESTES SP.","LEUCTRIDAE GEN. SP.","LIMNEPHILIDAE GEN. SP.","LIMONIIDAE GEN. SP.","LYMNAEIDAE GEN. SP.","MESOVELIIDAE GEN. SP.","MICRASEMA LONGULUM","MICRASEMA SETIFERUM SETIFERUM","MICRONECTA SP.","MICROVELIA SP.","MUSCIDAE GEN. SP.","NEMATOCERA GEN. SP.","NEMATODA GEN. SP.","NEMOURIDAE GEN. SP.","NEPA SP.","NIPHARGUS SP.","NOTERUS SP.","NOTONECTIDAE GEN. SP.","ODONTOCERIDAE GEN. SP.","OLIGOCHAETA GEN. SP.","ONYCHOGOMPHUS SP.","OSMYLUS SP.","PERLIDAE GEN. SP.","PERLIDAE/PERLODIDAE GEN. SP.","PERLODIDAE GEN. SP.","PHILOPOTAMIDAE GEN. SP.","PHYSIDAE GEN. SP.","PISCICOLIDAE GEN. SP.","PLANORBIDAE GEN. SP.","PLATYCNEMIS SP.","PLECOPTERA GEN. SP.","POLYCELIS SP.","POLYCENTROPODIDAE GEN. SP.","POMATINUS SUBSTRIATUS","PSYCHODIDAE GEN. SP.","PSYCHOMYIIDAE GEN. SP.","PTYCHOPTERIDAE GEN. SP.","RHAGIONIDAE GEN. SP.","RHYACOPHILIDAE GEN. SP.","SCATOPHAGIDAE GEN. SP.","SCIOMYZIDAE GEN. SP.","SCIRTIDAE GEN. SP.","SERICOSTOMATIDAE GEN. SP.","SIALIDAE GEN. SP.","SIMULIIDAE GEN. SP.","SISYRA SP.","SPHAERIIDAE GEN. SP.","STRATIOMYIDAE GEN. SP.","SYRPHIDAE GEN. SP.","TABANIDAE GEN. SP.","TAENIOPTERYGIDAE GEN. SP.","THAUMALEIDAE GEN. SP.","THEROMYZON SP.","TIPULIDAE GEN. SP.","TRICHOPTERA GEN. SP.","TURBELLARIA GEN. SP.","VALVATA SP.","VELIA SP."
"LUX_027_MZB_LO_1","LUX_027_MZB_LO_1-27.08.2007","27.08.2007",2007,8,27,0,0,0,0,0,0,0,0,210,0,0,0,0,0,0,0,0,0,2,0,0,111,0,0,0,0,0,0,0,0,0,0,0,2,0,0,0,0,2,0,30,0,3,3,0,0,0,0,1062,0,0,0,0,0,4,12,0,0,0,0,15,0,0,0,0,6,41,0,0,8,4,0,0,0,0,22,0,12,0,3,16,69,21,0,0,0,0,0,0,6,0,4,1,0,0,0,0,77,0,0,2,0,0,0,0,0,4,0,0,0,14,0,5,4,0,0,24,0,0,0,0,0,95,0,4,0,0,0,0,0,0,2,0,0,0,0
"LUX_027_MZB_LO_1","LUX_027_MZB_LO_1-21.08.2008","21.08.2008",2008,8,21,0,0,0,0,0,0,0,0,101,0,0,0,0,0,0,0,0,0,3,0,0,121,0,0,0,0,0,0,0,0,0,0,1,3,0,0,0,0,0,0,19,0,6,8,0,0,0,0,432,0,0,0,1,0,3,0,0,0,0,0,34,0,0,0,0,0,26,0,0,6,17,0,0,0,1,0,0,0,0,0,0,16,4,0,0,0,0,1,0,0,0,0,0,0,0,0,6,18,0,0,0,0,0,0,0,0,0,0,0,0,6,0,0,0,0,0,25,0,0,7,3,2,54,0,180,0,0,2,0,0,0,0,0,0,0,0
"LUX_027_MZB_LO_1","LUX_027_MZB_LO_1-19.08.2009","19.08.2009",2009,8,19,0,0,0,0,0,0,0,0,405,0,0,0,0,0,0,0,0,0,4,0,0,906,0,0,0,0,0,0,0,0,0,0,1,0,0,0,0,3,0,0,61,0,8,14,0,2,0,0,1470,0,0,0,0,0,102,0,0,0,0,0,367,0,0,0,3,8,3,0,0,62,18,0,0,0,1,8,0,8,0,7,22,45,5,0,0,0,0,7,0,1,0,25,0,0,0,0,3,117,0,0,0,0,0,0,0,0,23,0,0,0,14,0,0,1,1,0,17,0,0,0,0,0,74,0,4,0,0,0,0,0,0,0,0,0,0,0
"LUX_027_MZB_LO_1","LUX_027_MZB_LO_1-24.08.2011","24.08.2011",2011,8,24,0,0,0,0,0,0,0,0,332,0,0,0,0,0,0,0,0,0,2,0,0,595,0,0,0,0,0,0,0,0,0,0,0,0,4,0,0,0,8,0,40,0,1,5,0,0,0,0,578,0,0,2,0,0,12,1,0,0,0,0,108,0,0,0,0,13,1,0,0,48,0,0,0,0,0,1,8,22,0,10,2,5,0,0,0,0,0,0,0,4,0,15,0,0,0,0,0,110,0,0,1,0,0,0,0,0,1,0,0,0,7,0,0,1,6,0,1,0,0,0,0,2,380,0,9,0,0,14,0,0,0,37,0,0,0,0
"LUX_027_MZB_LO_1","LUX_027_MZB_LO_1-18.08.2012","18.08.2012",2012,8,18,0,0,0,0,0,1,1,0,613,0,0,0,0,0,0,0,0,0,3,0,1,203,0,0,0,0,0,0,0,0,0,0,0,0,0,0,0,0,6,0,89,0,8,2,0,0,1,0,2112,0,0,0,0,0,9,0,0,0,0,0,59,0,0,0,7,10,0,0,0,69,1,0,0,0,0,0,0,8,0,10,5,28,0,0,0,0,0,0,0,4,0,11,0,0,0,0,0,17,0,0,0,0,1,0,0,0,0,0,0,0,6,0,1,3,3,0,14,0,0,0,0,0,130,0,8,0,0,0,0,0,0,0,0,0,0,0
"LUX_027_MZB_LO_1","LUX_027_MZB_LO_1-19.09.2013","19.09.2013",2013,9,19,0,0,0,0,0,0,0,0,484,0,0,0,0,0,0,0,0,0,7,0,0,407,0,0,0,0,0,1,0,0,0,0,0,0,0,0,0,0,1,0,146,1,5,14,0,0,0,0,1478,0,0,0,0,0,20,1,0,0,0,0,654,0,0,0,3,14,1,0,0,80,0,0,0,0,0,2,1,160,0,6,12,24,1,0,0,0,0,0,0,8,1,55,0,0,0,0,1,50,0,0,0,0,2,0,0,0,4,0,0,0,35,0,0,3,11,0,16,0,0,0,0,1,99,0,9,0,0,1,0,0,0,0,0,0,0,0
"LUX_027_MZB_LO_1","LUX_027_MZB_LO_1-14.10.2014","14.10.2014",2014,10,14,0,0,0,0,0,0,0,0,374,0,0,0,0,0,0,0,0,0,0,0,2,305,0,0,0,0,0,0,0,0,1,0,0,0,0,0,0,1,2,0,66,0,9,20,0,0,0,0,1200,0,0,0,0,0,91,16,0,0,0,0,306,0,0,0,0,1,6,0,0,512,0,0,0,0,0,1,0,31,0,6,1,19,0,0,0,0,1,0,0,12,0,25,0,0,0,0,1,159,0,0,7,0,4,0,0,0,51,0,0,0,15,0,5,5,72,0,14,0,0,0,3,4,5,0,7,0,0,1,0,0,0,0,0,0,0,0
"LUX_027_MZB_LO_1","LUX_027_MZB_LO_1-01.10.2015","01.10.2015",2015,10,1,0,0,0,0,1,0,0,0,138,0,0,0,0,0,0,0,0,0,3,0,1,203,0,0,0,0,0,0,0,1,0,0,0,0,4,0,0,5,2,0,161,0,10,29,0,0,0,0,614,0,0,2,0,0,62,11,0,0,0,0,98,0,0,0,1,15,44,0,0,74,0,0,0,2,0,0,35,26,0,4,0,27,7,0,0,0,24,0,0,7,0,11,0,0,0,0,1,100,0,0,1,0,1,0,0,2,11,0,0,0,46,0,2,7,24,0,4,0,1,0,7,2,11,0,24,0,0,1,0,0,1,1,0,0,0,0
"LUX_027_MZB_LO_1","LUX_027_MZB_LO_1-07.10.2016","07.10.2016",2016,10,7,0,0,0,0,0,0,0,0,237,0,0,0,0,0,0,0,0,0,0,0,0,32,1,0,0,0,0,0,0,0,0,0,0,0,0,0,0,1,3,0,11,0,2,16,0,0,0,0,810,0,0,1,0,0,4,9,0,0,0,0,217,0,0,0,0,4,2,0,0,92,0,0,0,0,0,0,1,14,0,3,1,7,0,0,0,0,0,0,0,1,0,4,0,0,0,0,2,22,0,0,4,0,0,0,0,0,1,0,0,0,3,0,0,0,0,0,2,0,0,3,2,0,18,0,17,0,0,0,0,0,0,0,0,0,0,0
"LUX_027_MZB_LO_1","LUX_027_MZB_LO_1-27.09.2017","27.09.2017",2017,9,27,0,0,0,0,0,0,0,0,262,0,0,0,0,0,0,0,0,0,1,0,3,202,1,0,0,0,0,0,0,0,1,0,0,0,3,0,0,30,4,0,180,0,2,22,0,0,0,0,1043,0,0,0,0,0,54,11,0,0,0,0,332,0,0,0,0,99,1017,0,0,107,0,0,0,0,0,1,7,29,0,54,0,67,3,0,0,0,1,0,0,3,0,33,0,0,0,0,3,123,0,0,1,0,0,0,0,0,23,0,0,0,1,0,8,6,6,0,12,0,0,0,6,2,67,0,156,0,0,0,0,0,0,3,0,0,0,0
"LUX_027_MZB_LO_10","LUX_027_MZB_LO_10-21.08.2007","21.08.2007",2007,8,21,0,0,0,0,0,0,0,0,63,0,0,0,0,0,0,0,0,0,0,0,9,103,0,0,0,0,0,0,0,0,0,0,0,0,0,0,0,3,11,0,41,1,35,0,0,0,0,0,197,0,0,0,0,0,1,0,0,0,0,0,8,0,0,0,5,0,16,0,0,14,1,0,0,0,0,0,0,15,0,0,6,0,0,0,0,0,0,0,0,7,0,0,0,0,0,0,5,21,0,0,0,0,0,0,0,0,1,0,1,0,0,0,1,16,1,0,4,0,0,0,0,2,45,0,66,3,0,0,0,0,0,1,0,0,0,0
"LUX_027_MZB_LO_10","LUX_027_MZB_LO_10-22.08.2008","22.08.2008",2008,8,22,0,0,0,0,0,0,0,0,32,0,0,0,0,0,0,0,0,0,0,0,8,473,0,0,0,0,0,0,0,0,0,0,0,0,0,0,1,0,0,0,43,0,0,0,0,0,0,0,336,0,0,0,0,0,0,0,0,0,0,0,2,1,0,0,1,2,1,0,0,8,0,0,1,0,0,0,0,3,0,0,3,7,0,2,0,0,0,0,0,8,0,0,0,0,0,0,3,131,0,0,0,0,0,0,0,0,0,0,0,0,0,0,5,2,0,0,2,0,0,0,9,4,13,0,79,2,0,0,0,0,0,2,0,0,0,0
"LUX_027_MZB_LO_10","LUX_027_MZB_LO_10-24.08.2009","24.08.2009",2009,8,24,0,0,0,0,0,0,0,0,43,0,0,0,0,0,0,0,0,0,0,0,4,94,0,0,0,0,0,0,0,0,0,0,0,0,0,0,0,0,2,0,12,0,3,0,0,0,0,0,1393,0,0,0,0,0,0,0,0,0,0,0,10,0,0,1,2,0,0,0,0,2,0,0,0,0,0,0,0,0,0,10,80,5,0,0,0,0,0,0,0,0,0,0,0,0,0,0,0,21,0,0,0,0,0,0,0,0,0,0,0,0,0,0,0,4,0,0,1,0,0,0,1,0,5,0,3,0,0,0,0,0,0,1,0,0,0,0
"LUX_027_MZB_LO_10","LUX_027_MZB_LO_10-01.09.2011","01.09.2011",2011,9,1,0,0,0,0,1,0,0,0,639,0,0,0,0,0,0,0,0,0,0,0,0,1332,0,0,0,0,0,0,0,1,0,0,0,0,0,0,0,0,2,0,2,0,1,0,0,0,1,0,0,0,0,0,0,0,0,0,0,0,0,0,0,1,0,0,36,0,165,0,1,0,150,0,0,1,0,0,0,1,0,0,2,0,52,0,0,0,0,0,0,6,0,0,0,0,0,0,0,208,0,0,0,0,0,0,0,0,0,0,0,0,0,0,0,0,0,0,14,0,0,1,0,0,19,0,10,0,0,0,0,0,0,4,0,0,0,0
"LUX_027_MZB_LO_10","LUX_027_MZB_LO_10-30.08.2012","30.08.2012",2012,8,30,0,0,0,0,0,0,0,0,955,0,0,0,0,0,0,0,0,0,0,0,2,492,0,0,0,0,0,0,0,0,0,0,0,0,0,0,0,1,3,0,5,0,2,4,0,0,0,0,0,0,0,0,2,0,0,0,0,0,0,0,0,0,0,0,31,0,99,0,0,0,73,0,0,0,0,0,0,0,0,0,1,3,67,0,0,0,0,0,0,2,0,2,0,0,0,0,1,68,0,0,0,0,0,0,0,0,4,0,0,0,0,0,3,0,0,0,36,0,0,0,0,0,148,0,1,1,0,0,0,0,0,2,0,0,1,0
"LUX_027_MZB_LO_10","LUX_027_MZB_LO_10-20.09.2013","20.09.2013",2013,9,20,0,0,0,0,0,0,0,0,382,0,0,0,0,0,0,0,0,0,0,0,4,776,0,0,0,0,0,0,0,0,0,0,0,0,0,0,0,2,0,0,5,0,0,3,0,2,2,0,5,0,0,0,0,0,0,0,0,0,0,0,0,0,0,2,10,0,6,0,0,1,5,0,0,0,0,0,0,2,0,0,3,1,1,0,0,0,0,0,0,4,0,0,0,0,0,0,2,68,0,0,0,0,0,0,0,0,0,0,0,0,0,0,2,0,0,0,30,0,0,0,0,0,25,0,7,0,0,0,0,0,0,1,0,0,0,0
"LUX_027_MZB_LO_10","LUX_027_MZB_LO_10-02.10.2014","02.10.2014",2014,10,2,0,0,0,0,0,0,0,0,148,0,0,0,0,0,0,0,0,0,0,0,1,401,0,0,0,0,0,1,0,0,1,0,0,0,0,0,0,1,1,0,12,1,6,8,0,0,0,0,23,0,0,0,0,0,0,0,0,0,0,0,0,0,0,0,98,0,7,0,0,0,12,0,0,0,0,0,0,2,0,0,1,6,41,0,0,0,0,0,0,6,0,0,0,0,0,0,2,168,0,0,0,0,0,0,0,0,0,0,0,0,0,0,4,5,0,0,22,0,0,1,0,1,12,0,10,0,0,0,0,0,0,3,0,0,0,0
"LUX_027_MZB_LO_10","LUX_027_MZB_LO_10-07.10.2015","07.10.2015",2015,10,7,0,0,0,0,1,0,0,0,337,0,0,0,0,0,0,0,0,0,0,0,1,584,0,0,0,0,0,0,0,0,0,0,0,0,0,0,0,3,1,0,3,3,3,4,0,0,0,0,0,0,0,0,1,0,0,0,0,0,0,0,0,0,0,2,4,2,65,0,0,0,4,0,0,1,0,0,0,2,0,0,1,7,30,0,0,0,0,0,0,11,0,0,0,0,0,0,0,437,0,0,0,0,0,0,0,0,0,0,0,0,0,0,0,0,0,0,19,0,0,1,0,1,8,0,35,0,0,0,0,0,0,1,0,0,0,0
"LUX_027_MZB_LO_10","LUX_027_MZB_LO_10-12.10.2016","12.10.2016",2016,10,12,0,0,0,0,0,0,0,0,265,0,0,0,0,0,0,0,0,0,0,0,0,197,0,0,0,0,0,0,0,0,0,0,0,0,0,0,0,0,1,0,12,0,0,2,0,0,1,0,4,0,0,0,1,0,0,0,0,0,0,0,0,0,0,0,1,0,18,0,0,1,4,0,0,0,0,0,0,3,0,1,4,1,1,0,0,0,0,0,0,0,0,0,0,0,0,0,3,214,0,0,0,0,0,0,0,0,0,0,0,0,0,0,2,1,0,0,19,0,0,1,0,0,2,0,1,0,0,0,0,0,0,1,0,0,0,0
"LUX_027_MZB_LO_10","LUX_027_MZB_LO_10-03.10.2017","03.10.2017",2017,10,3,0,0,0,0,0,0,0,0,214,0,0,0,0,0,0,0,0,0,0,0,6,434,0,0,0,0,0,0,0,0,0,0,0,0,0,0,0,3,12,0,16,4,23,1,0,0,2,0,4,0,1,0,2,0,0,0,0,0,0,0,1,0,0,0,39,0,362,0,0,4,10,0,0,1,0,0,0,3,0,0,3,5,15,0,0,0,0,0,0,8,0,0,0,0,0,0,3,136,0,0,0,0,0,0,0,0,1,0,0,0,0,0,0,2,0,0,9,0,0,8,1,3,1,0,4,2,0,0,0,0,0,2,0,0,0,0
"LUX_027_MZB_LO_11","LUX_027_MZB_LO_11-21.08.2007","21.08.2007",2007,8,21,0,0,0,0,0,0,0,0,47,0,0,0,0,0,0,0,0,0,0,0,5,166,0,0,0,0,0,0,2,0,0,0,0,0,0,0,0,0,2,0,24,0,3,2,0,0,0,0,1082,0,0,0,0,0,1,0,0,0,0,0,18,0,0,0,2,1,97,0,0,15,0,0,0,0,0,0,0,8,0,11,2,6,0,0,0,0,0,0,0,0,1,5,0,0,0,0,18,13,0,0,0,0,0,0,0,0,1,0,0,0,0,0,16,6,3,0,13,0,0,2,35,0,49,0,92,0,0,0,0,0,0,0,0,0,0,0
"LUX_027_MZB_LO_11","LUX_027_MZB_LO_11-22.08.2008","22.08.2008",2008,8,22,0,0,0,0,0,0,0,0,94,0,0,0,0,0,0,0,0,0,0,0,3,139,0,0,0,0,0,0,0,0,0,0,0,0,0,0,0,0,10,0,43,0,6,6,0,0,0,0,1683,0,1,0,0,0,11,0,0,0,0,0,38,0,0,0,3,1,0,0,0,11,0,0,0,2,0,0,0,8,0,23,12,3,2,0,0,0,0,0,0,3,0,1,0,0,0,0,13,26,0,0,0,0,0,0,0,0,6,0,0,0,0,0,12,9,1,0,20,0,0,1,27,0,190,0,38,0,0,0,0,0,0,0,0,0,0,0
"LUX_027_MZB_LO_11","LUX_027_MZB_LO_11-24.08.2009","24.08.2009",2009,8,24,0,0,0,0,0,0,0,0,43,0,0,0,0,0,0,0,0,0,0,0,8,33,0,0,0,0,0,0,0,0,0,0,0,0,0,0,0,0,1,0,11,0,0,2,0,0,1,0,2032,0,0,0,0,0,0,0,0,0,0,0,7,0,0,0,2,0,0,0,0,0,0,0,0,0,0,0,0,1,0,35,11,1,3,0,0,0,0,0,0,1,0,9,0,0,0,0,2,10,0,0,0,0,0,0,0,0,0,0,0,0,0,0,0,1,14,0,2,0,0,2,15,0,23,0,6,0,0,0,0,0,0,0,0,0,0,0
"LUX_027_MZB_LO_11","LUX_027_MZB_LO_11-23.08.2011","23.08.2011",2011,8,23,0,0,0,0,2,0,0,0,182,0,0,0,0,0,0,0,0,0,0,0,4,179,0,0,0,0,0,0,0,1,0,0,0,0,0,0,0,8,1,0,54,0,0,3,0,0,0,1,2237,0,0,0,0,0,0,0,0,0,0,0,28,0,0,0,3,4,0,0,1,3,0,0,0,0,0,0,0,49,0,8,3,4,0,0,0,0,0,0,0,2,1,2,0,0,0,0,1,8,0,0,0,0,0,0,0,0,1,0,0,0,0,0,57,4,32,0,45,0,0,7,0,0,24,0,0,0,0,0,0,0,0,0,0,0,0,0
"LUX_027_MZB_LO_11","LUX_027_MZB_LO_11-31.08.2012","31.08.2012",2012,8,31,0,0,0,0,2,0,0,0,151,0,0,0,0,0,0,0,0,0,0,0,18,991,0,0,0,0,0,0,0,0,0,0,0,0,0,0,0,4,0,0,40,0,0,1,0,0,2,0,1357,0,0,0,0,0,1,0,0,0,0,0,38,0,0,0,3,0,0,0,0,5,0,0,0,1,0,0,0,47,0,24,3,17,0,0,0,0,0,0,0,1,2,13,0,0,0,0,1,4,0,0,0,0,4,0,0,0,2,0,0,0,0,0,28,6,36,0,33,0,0,1,2,1,56,0,8,0,0,0,0,0,0,0,0,0,0,0
"LUX_027_MZB_LO_11","LUX_027_MZB_LO_11-20.09.2013","20.09.2013",2013,9,20,0,0,0,0,3,0,0,0,137,0,0,0,0,0,0,0,0,0,0,0,5,80,0,0,0,0,0,0,0,0,0,0,0,0,0,0,0,14,0,0,53,0,1,5,0,0,0,0,2262,0,0,0,1,0,4,0,0,0,0,0,49,0,0,0,2,4,0,0,0,1,0,0,0,0,0,0,0,36,0,23,3,9,0,0,0,0,0,0,0,1,0,5,0,0,0,0,10,37,0,0,0,0,0,0,0,0,0,0,0,0,0,0,25,40,13,1,10,0,0,0,5,2,47,0,49,0,0,0,0,0,0,0,0,0,0,0
"LUX_027_MZB_LO_11","LUX_027_MZB_LO_11-02.10.2014","02.10.2014",2014,10,2,0,0,0,0,0,0,0,0,107,0,0,0,0,0,0,0,0,0,0,0,2,21,0,0,0,1,0,0,0,1,2,1,0,0,0,0,0,7,0,0,59,0,4,4,0,0,2,0,2012,0,0,0,0,0,0,0,0,0,0,0,31,0,0,0,2,5,2,0,0,25,0,0,0,2,0,0,0,4,0,34,1,6,0,0,0,0,0,0,0,1,0,6,0,0,0,0,4,13,0,0,0,0,0,0,0,0,0,0,0,0,0,0,10,56,7,0,9,0,0,1,1,0,1,0,9,0,0,0,0,0,0,0,0,0,0,0
"LUX_027_MZB_LO_11","LUX_027_MZB_LO_11-07.10.2015","07.10.2015",2015,10,7,0,0,0,0,0,0,0,0,25,0,0,0,0,0,0,0,0,0,0,0,11,125,0,0,0,0,0,0,0,0,0,0,0,0,0,0,0,15,0,0,137,0,6,1,0,0,0,0,3768,0,0,0,0,0,0,0,0,0,0,0,26,0,0,0,5,4,0,0,0,17,0,0,0,1,0,0,0,10,0,18,3,9,0,0,0,0,0,0,0,0,0,7,0,0,0,0,5,31,0,0,0,0,1,0,0,0,0,0,0,0,0,0,177,205,1,0,7,0,0,1,3,0,27,0,38,0,0,0,0,0,0,0,0,0,0,0
"LUX_027_MZB_LO_11","LUX_027_MZB_LO_11-07.10.2016","07.10.2016",2016,10,7,0,0,0,0,0,0,0,0,188,0,0,0,0,0,0,0,0,0,0,0,1,22,0,0,0,0,0,0,0,0,0,0,0,0,0,0,0,1,0,0,33,0,0,2,0,0,0,0,597,0,0,0,0,0,0,0,0,0,0,0,116,0,0,0,2,1,0,0,0,1,0,0,0,0,0,0,0,5,0,4,0,2,0,0,0,0,0,0,0,0,0,6,0,0,0,0,1,13,0,0,0,0,4,0,0,0,0,0,0,0,0,0,4,0,0,0,10,0,0,0,4,0,13,0,8,0,0,0,0,0,0,0,0,0,0,0
"LUX_027_MZB_LO_11","LUX_027_MZB_LO_11-27.09.2017","27.09.2017",2017,9,27,0,0,0,0,0,0,0,0,119,0,0,0,0,0,0,0,0,0,0,0,8,638,0,0,0,0,0,0,0,0,0,0,0,0,0,0,0,3,3,0,19,0,1,11,0,0,0,0,1276,0,0,0,0,0,4,0,0,0,0,0,16,0,0,0,4,1,1,0,1,1,0,0,0,0,0,0,0,8,0,0,0,17,0,0,0,0,0,0,0,11,0,1,0,0,0,0,7,17,0,0,0,0,1,0,0,0,0,0,0,0,0,0,11,24,3,0,5,0,0,2,27,0,9,0,80,2,0,0,0,0,0,0,0,0,0,0
"LUX_027_MZB_LO_12","LUX_027_MZB_LO_12-16.08.2007","16.08.2007",2007,8,16,0,0,0,0,0,0,0,0,281,0,0,0,0,0,0,0,0,0,1,0,0,20,0,0,1,0,0,0,0,0,0,0,0,0,0,0,0,3,0,0,48,0,3,0,0,0,1,0,330,0,0,0,7,0,0,0,0,0,0,0,0,0,0,0,0,2,45,0,0,28,0,0,0,0,0,6,0,0,0,1,3,0,81,0,0,0,0,0,0,1,0,0,0,0,0,0,0,28,0,0,0,0,0,0,0,0,19,0,0,0,13,0,4,0,0,0,8,0,0,0,0,0,24,0,0,0,0,0,0,0,0,0,0,0,0,0
"LUX_027_MZB_LO_12","LUX_027_MZB_LO_12-26.08.2008","26.08.2008",2008,8,26,0,0,0,0,0,0,0,0,58,0,0,0,0,0,0,0,0,0,0,0,0,33,0,0,0,0,1,0,0,0,0,0,0,0,0,0,0,18,5,0,21,0,0,0,0,0,0,0,856,0,0,0,1,0,0,0,0,0,0,0,0,0,0,0,0,0,99,0,0,15,0,0,0,0,0,0,0,6,0,3,4,1,0,0,0,0,0,0,0,2,0,1,0,0,0,0,0,13,0,0,0,0,0,0,0,0,1,0,0,0,1,0,2,1,0,0,3,0,0,0,13,0,1,0,0,0,0,0,0,1,0,0,0,0,0,0
"LUX_027_MZB_LO_12","LUX_027_MZB_LO_12-20.08.2009","20.08.2009",2009,8,20,0,0,0,0,0,0,0,0,50,0,0,0,0,0,0,0,0,0,0,0,0,605,0,0,0,0,0,0,0,0,0,0,0,0,0,0,0,2,2,0,31,2,27,8,0,0,0,0,336,0,0,0,3,0,0,0,0,0,0,0,0,0,0,0,2,0,44,0,0,6,0,0,0,0,0,8,0,29,0,1,14,0,0,0,0,0,0,0,0,1,0,0,0,0,0,0,0,134,0,0,0,0,0,0,0,0,5,0,0,0,1,0,0,1,0,0,3,0,0,0,17,6,21,0,4,1,0,0,0,0,0,0,0,0,0,0
"LUX_027_MZB_LO_12","LUX_027_MZB_LO_12-31.08.2011","31.08.2011",2011,8,31,0,0,0,0,0,0,0,0,70,0,0,0,0,0,0,0,0,0,0,0,2,66,0,0,0,0,0,0,0,0,0,0,0,0,0,0,0,14,7,0,41,0,10,2,0,0,2,0,587,0,0,1,4,0,0,1,0,0,0,0,0,0,0,0,2,4,12,0,0,51,0,0,0,0,0,1,0,46,0,1,4,7,7,0,0,0,0,0,0,2,0,7,0,0,0,0,0,73,0,0,0,0,0,0,0,0,9,0,0,0,7,0,0,1,0,0,9,0,0,0,13,0,16,0,1,0,0,0,0,0,0,1,0,0,0,1
"LUX_027_MZB_LO_12","LUX_027_MZB_LO_12-30.08.2012","30.08.2012",2012,8,30,0,0,0,0,0,0,0,0,209,0,0,0,0,0,0,0,0,0,0,0,6,34,0,0,0,0,0,0,0,0,0,0,0,0,0,0,0,0,2,0,57,1,8,1,0,0,0,0,528,0,0,0,0,2,0,0,0,0,0,0,0,0,0,0,1,7,24,0,0,64,1,0,0,0,0,18,4,39,0,3,2,1,0,0,0,0,1,0,0,1,0,38,0,0,0,0,0,20,0,0,0,0,0,0,0,0,11,0,0,0,2,0,0,11,0,0,9,0,0,0,7,0,42,0,1,4,0,0,0,0,0,0,0,0,0,0
"LUX_027_MZB_LO_12","LUX_027_MZB_LO_12-23.09.2013","23.09.2013",2013,9,23,0,0,0,0,2,0,0,0,208,0,0,0,0,0,0,0,0,0,0,0,4,41,0,0,0,0,0,0,0,0,0,0,0,0,0,0,0,0,1,0,25,0,6,18,0,0,0,0,1149,0,0,0,0,6,2,0,0,0,0,0,0,0,0,0,1,3,72,0,0,11,0,0,0,0,0,0,0,88,0,0,5,0,0,0,0,0,0,0,0,3,0,99,0,0,0,0,0,86,0,0,0,0,0,0,0,0,0,0,0,0,3,0,0,3,0,0,5,0,0,0,8,0,31,0,2,0,0,0,0,0,0,0,0,0,0,0
"LUX_027_MZB_LO_12","LUX_027_MZB_LO_12-24.09.2014","24.09.2014",2014,9,24,0,0,0,0,0,0,0,0,97,0,0,0,0,0,0,0,0,0,0,0,12,18,0,0,0,0,0,0,0,0,0,0,0,0,0,0,0,0,0,0,40,0,4,15,0,0,1,0,40,0,0,0,5,14,2,0,0,0,0,0,1,0,0,0,1,2,35,0,0,9,0,0,0,0,0,0,0,84,0,0,1,0,0,0,0,0,0,0,0,4,0,59,0,0,0,0,0,28,0,0,0,0,0,0,0,0,0,0,0,0,2,0,0,3,0,0,3,0,0,1,17,0,3,0,0,0,0,0,0,0,0,0,0,0,0,0
"LUX_027_MZB_LO_12","LUX_027_MZB_LO_12-08.10.2015","08.10.2015",2015,10,8,0,0,0,0,0,0,0,0,153,0,0,0,0,0,0,0,0,0,0,0,7,52,0,0,0,0,0,0,0,0,0,0,0,0,0,0,0,0,7,0,62,0,314,14,0,0,5,0,1461,0,0,0,3,31,2,0,0,0,0,0,2,0,0,0,0,5,205,0,0,54,0,0,0,0,0,0,1,145,0,0,3,1,0,0,0,0,2,0,0,4,0,20,0,0,0,0,0,134,0,0,0,0,0,0,0,0,0,0,0,0,5,0,0,18,0,0,12,0,0,1,48,0,3,0,1,2,0,0,0,0,0,0,0,0,0,0
"LUX_027_MZB_LO_12","LUX_027_MZB_LO_12-14.10.2016","14.10.2016",2016,10,14,0,0,0,0,0,0,0,0,174,0,0,0,0,0,0,0,0,0,0,0,0,18,0,0,0,0,0,0,0,0,0,0,0,0,2,0,0,0,6,0,33,0,26,10,0,0,0,0,682,0,0,0,2,20,1,0,0,0,0,0,2,0,0,0,1,3,100,0,0,3,0,0,0,0,0,3,1,112,0,0,44,0,0,0,0,0,0,0,0,1,0,1,0,0,0,0,0,21,0,0,0,0,0,0,0,0,2,0,0,0,5,0,0,3,0,0,6,0,0,2,3,0,5,0,0,1,0,0,0,0,0,0,0,0,0,0
"LUX_027_MZB_LO_12","LUX_027_MZB_LO_12-27.09.2017","27.09.2017",2017,9,27,0,0,0,0,0,0,0,0,65,0,0,0,0,0,0,0,0,0,0,0,26,54,0,0,0,0,0,0,0,0,0,0,0,0,0,0,0,0,7,0,54,0,32,35,0,0,1,0,1152,0,0,0,0,3,0,0,0,0,0,0,0,0,0,0,1,7,16,0,0,15,0,0,0,0,0,0,0,105,0,2,1,0,0,0,0,0,1,0,0,6,0,28,0,0,0,0,0,172,0,0,0,0,0,0,0,0,0,0,0,0,16,0,0,38,0,0,18,0,0,0,10,1,1,0,1,2,0,0,0,0,0,0,0,0,0,0
"LUX_027_MZB_LO_13","LUX_027_MZB_LO_13-16.08.2007","16.08.2007",2007,8,16,0,0,0,0,0,0,0,0,69,0,0,0,0,0,0,0,0,0,6,0,0,72,0,0,0,0,0,0,0,0,0,0,1,0,0,0,0,0,0,0,1,0,0,0,0,0,0,0,564,0,0,0,0,0,0,0,0,0,0,0,0,0,0,0,0,0,0,0,0,28,0,0,0,4,0,0,0,0,2,0,3,0,0,0,0,0,0,0,0,0,0,0,0,0,0,0,0,123,0,0,0,0,0,0,0,0,72,0,0,0,3,0,0,0,0,0,15,0,0,0,0,0,35,0,3,1,0,0,0,0,0,0,0,0,0,0
"LUX_027_MZB_LO_13","LUX_027_MZB_LO_13-26.08.2008","26.08.2008",2008,8,26,0,0,0,0,0,0,0,0,30,0,0,0,0,0,0,0,0,0,2,0,2,48,0,0,0,0,0,0,0,1,0,0,0,0,0,0,0,0,0,0,34,0,0,0,0,0,0,0,619,0,2,0,0,0,0,0,0,0,0,0,0,0,0,0,0,0,12,0,0,9,0,0,0,0,1,0,0,1,0,0,1,0,0,0,0,0,0,0,0,0,0,0,0,0,0,0,0,7,0,0,0,0,0,0,0,0,2,0,0,0,1,0,0,0,0,0,5,0,0,0,1,0,25,0,4,0,0,0,0,0,0,0,0,0,0,0
"LUX_027_MZB_LO_13","LUX_027_MZB_LO_13-20.08.2009","20.08.2009",2009,8,20,0,0,0,0,0,0,0,0,54,0,0,0,0,0,0,0,0,0,11,0,0,900,0,0,0,0,0,0,0,0,0,0,0,0,0,0,0,0,0,0,6,0,0,0,0,0,0,0,696,0,0,0,0,0,0,0,0,0,0,0,5,0,0,0,2,0,0,0,0,4,6,0,0,0,0,0,0,0,0,0,0,0,0,0,0,0,0,0,0,0,0,0,0,0,0,0,0,483,0,0,0,0,0,0,0,0,4,0,0,0,0,0,0,0,0,0,12,0,0,0,6,0,270,0,0,1,0,0,0,0,0,0,0,0,0,0
"LUX_027_MZB_LO_13","LUX_027_MZB_LO_13-31.08.2011","31.08.2011",2011,8,31,0,0,0,0,3,0,2,0,65,0,0,0,0,0,0,0,0,0,4,0,2,330,0,0,0,0,0,0,0,0,0,0,0,0,0,0,0,0,0,0,10,0,0,0,0,0,0,0,2805,0,0,0,0,0,7,0,0,0,0,0,2,0,0,0,0,0,4,0,0,4,1,0,0,0,0,0,0,13,0,0,0,0,0,0,0,0,0,0,0,0,0,0,0,0,0,0,0,198,0,0,0,0,0,0,0,0,1,0,0,0,2,0,2,0,0,0,5,0,0,2,1,0,33,0,0,0,0,0,0,0,0,1,0,0,2,0
"LUX_027_MZB_LO_13","LUX_027_MZB_LO_13-30.08.2012","30.08.2012",2012,8,30,0,0,0,0,1,0,1,0,269,0,0,0,0,0,0,0,0,0,7,0,0,159,0,0,0,0,0,0,0,0,0,0,0,0,0,0,0,0,0,0,6,0,0,0,0,0,0,0,2798,0,0,0,0,0,2,0,0,0,0,0,1,0,0,0,0,1,1,0,0,10,2,0,0,0,0,0,0,8,0,0,0,0,0,0,0,0,0,0,0,3,0,1,0,0,0,0,0,91,0,0,0,0,0,0,0,0,4,0,0,0,1,0,0,1,0,0,2,0,0,0,0,0,403,0,1,0,0,0,0,0,0,0,0,0,0,0
"LUX_027_MZB_LO_13","LUX_027_MZB_LO_13-22.09.2013","22.09.2013",2013,9,22,0,0,0,0,1,0,4,0,57,0,0,0,0,0,0,0,0,0,0,0,0,41,0,0,0,0,0,0,0,1,0,0,0,0,0,0,0,0,0,0,0,0,0,0,0,0,1,0,1214,0,0,0,0,0,0,0,0,0,0,0,5,1,0,0,2,0,0,0,0,11,0,0,0,0,0,0,0,18,0,0,0,0,0,0,0,0,0,0,0,2,0,0,0,0,0,0,0,191,0,0,0,0,0,0,0,0,0,0,0,0,1,0,0,8,0,0,0,0,0,0,0,0,29,0,1,0,0,0,0,0,0,0,0,0,0,0
"LUX_027_MZB_LO_13","LUX_027_MZB_LO_13-24.09.2014","24.09.2014",2014,9,24,0,0,0,0,0,0,1,0,239,0,0,0,0,0,0,0,0,0,2,0,1,148,0,0,0,0,0,0,0,0,0,0,0,0,0,0,0,0,0,0,5,0,0,0,0,0,1,0,2725,0,0,0,0,0,0,0,0,0,0,0,17,0,0,0,1,0,0,0,0,17,1,0,0,0,0,0,0,19,0,0,0,2,0,0,0,0,0,0,0,7,0,2,0,0,0,0,0,535,0,0,0,0,0,0,0,0,0,0,0,0,1,0,0,1,0,0,0,0,0,1,0,0,331,0,0,0,0,0,0,0,0,0,0,0,0,0
"LUX_027_MZB_LO_13","LUX_027_MZB_LO_13-08.10.2015","08.10.2015",2015,10,8,0,0,0,0,0,0,0,0,223,0,0,0,0,0,0,0,0,0,0,0,1,93,0,0,0,0,0,0,0,0,0,0,0,0,0,0,0,0,0,0,9,0,0,1,0,0,1,0,4689,0,0,0,0,0,14,0,0,0,0,0,80,0,0,0,0,0,16,0,1,2,0,0,0,0,0,0,0,28,0,0,0,0,0,0,0,0,4,0,0,3,0,0,0,0,0,0,0,769,0,0,0,0,0,0,0,0,1,0,0,0,0,0,0,2,7,0,0,0,0,0,0,0,138,0,22,1,0,0,0,0,0,0,0,0,0,0
"LUX_027_MZB_LO_13","LUX_027_MZB_LO_13-14.10.2016","14.10.2016",2016,10,14,0,0,0,0,0,0,0,0,104,0,0,0,0,0,0,0,0,0,0,0,0,11,0,0,0,0,0,0,0,0,0,0,0,0,0,0,0,0,0,0,3,0,0,1,0,0,0,0,982,0,0,0,0,0,0,0,0,0,0,0,80,0,0,0,0,0,23,0,0,12,0,0,0,0,0,0,0,11,0,0,0,0,0,0,0,0,0,0,0,1,0,0,0,1,0,1,0,59,0,0,0,0,0,0,0,0,0,0,0,0,0,0,0,0,1,0,2,0,0,0,0,0,203,0,2,0,0,0,0,0,0,0,0,0,0,0
"LUX_027_MZB_LO_13","LUX_027_MZB_LO_13-29.09.2017","29.09.2017",2017,9,29,0,0,0,0,0,0,0,0,227,0,0,0,0,0,0,0,0,0,0,0,3,46,0,0,0,0,0,0,0,0,0,0,0,0,0,0,0,1,0,0,24,0,0,2,0,0,4,0,3080,0,0,0,0,0,28,0,0,0,0,0,189,0,0,0,0,1,297,0,0,15,0,0,0,0,0,0,0,24,0,0,0,0,0,0,0,0,0,0,0,6,0,0,0,0,0,0,0,936,0,0,0,0,0,0,0,0,2,0,0,0,4,0,0,2,0,0,2,0,0,0,6,0,80,0,57,0,0,0,0,0,0,0,0,0,0,0
"LUX_027_MZB_LO_14","LUX_027_MZB_LO_14-24.08.2007","24.08.2007",2007,8,24,0,0,0,0,0,0,0,0,416,0,0,0,0,0,0,0,0,0,0,0,1,28,0,0,0,0,0,0,0,0,0,0,0,0,0,0,0,0,0,0,2,2,0,0,0,0,1,0,4628,0,0,0,0,0,0,0,0,0,0,0,6,0,0,0,2,0,0,0,0,0,0,0,0,0,0,0,0,0,0,1,1,0,1,0,0,0,0,0,0,2,0,0,0,0,0,0,0,213,0,0,0,2,0,0,0,0,0,0,0,0,0,0,0,0,0,0,0,0,0,0,0,0,1,0,1,0,0,0,0,0,0,0,0,0,0,1
"LUX_027_MZB_LO_14","LUX_027_MZB_LO_14-26.08.2008","26.08.2008",2008,8,26,0,0,1,0,0,0,0,0,93,0,0,0,0,0,0,0,0,0,0,0,0,59,0,0,0,0,0,0,0,1,0,0,0,4,0,0,0,0,0,0,0,0,0,0,0,0,0,0,1989,0,0,1,1,0,4,0,0,0,0,0,32,0,0,0,0,0,0,0,2,0,0,0,0,0,0,0,0,0,0,2,2,0,1,0,0,0,0,0,0,2,0,0,0,0,0,0,0,28,0,0,0,0,0,0,0,0,0,0,0,0,0,0,0,0,0,0,1,0,0,7,0,0,2,0,1,1,0,0,0,0,0,0,0,0,0,4
"LUX_027_MZB_LO_14","LUX_027_MZB_LO_14-20.08.2009","20.08.2009",2009,8,20,0,0,0,0,0,0,0,0,116,0,0,0,0,0,0,0,0,0,1,0,0,144,0,0,0,0,0,0,0,0,0,0,0,0,0,0,0,0,0,0,1,0,0,0,0,0,0,0,1730,0,0,0,0,0,0,0,0,0,0,0,0,0,0,0,6,0,0,0,0,1,0,0,0,0,0,0,0,0,0,0,1,0,0,0,0,0,0,0,0,1,1,0,0,0,0,0,0,115,0,0,0,0,0,0,0,0,0,0,0,0,0,0,0,0,0,0,0,0,0,0,4,0,0,0,0,0,0,0,0,0,0,0,0,0,0,1
"LUX_027_MZB_LO_14","LUX_027_MZB_LO_14-31.08.2011","31.08.2011",2011,8,31,0,0,0,0,2,0,0,0,44,0,0,0,0,0,0,0,0,0,0,0,1,267,0,0,0,0,0,0,0,0,0,0,0,0,0,0,0,0,0,0,0,1,0,0,0,0,6,0,3158,0,0,0,0,0,0,0,0,0,0,0,118,0,0,0,1,0,0,0,0,0,0,0,0,0,0,0,0,51,0,4,15,1,1,0,0,0,0,0,0,0,0,34,0,0,0,0,0,22,0,0,0,0,0,0,0,0,0,0,0,0,10,0,7,0,0,0,1,0,0,0,1,0,18,0,0,1,0,0,0,0,0,0,0,0,0,6
"LUX_027_MZB_LO_14","LUX_027_MZB_LO_14-30.08.2012","30.08.2012",2012,8,30,0,0,0,0,0,0,0,0,302,0,0,0,0,0,0,0,0,0,0,0,0,43,1,0,0,0,0,0,0,0,0,0,0,0,1,0,0,0,0,0,0,0,0,0,0,0,1,0,3520,0,0,0,0,0,0,0,0,0,0,0,3,0,0,0,1,0,0,0,0,0,0,0,0,1,0,0,0,3,0,0,10,0,1,0,0,0,0,0,0,2,0,1,0,0,0,0,0,61,0,0,0,0,0,0,0,0,0,0,0,0,12,0,0,1,0,0,1,0,0,1,0,0,22,0,0,0,1,0,0,2,0,0,0,0,0,1
"LUX_027_MZB_LO_14","LUX_027_MZB_LO_14-20.09.2013","20.09.2013",2013,9,20,0,0,0,0,0,0,0,0,227,0,0,0,0,0,0,0,0,0,0,0,1,88,0,0,0,0,0,0,0,0,0,0,0,0,0,0,0,0,0,0,1,0,0,0,0,0,2,0,2000,0,0,0,1,0,1,0,0,0,0,0,83,0,0,0,4,0,8,0,0,1,0,0,0,0,0,0,0,4,0,1,2,0,0,0,0,0,0,0,0,0,0,14,0,42,0,0,0,76,0,0,0,0,0,0,0,0,4,0,0,0,20,0,1,1,0,0,3,0,0,0,0,0,21,0,1,1,0,0,0,0,0,0,0,0,0,0
"LUX_027_MZB_LO_14","LUX_027_MZB_LO_14-24.09.2014","24.09.2014",2014,9,24,0,0,0,0,0,0,0,0,252,0,0,0,0,0,0,0,0,0,0,0,7,104,0,0,0,0,0,0,0,0,0,0,0,0,0,0,0,0,0,0,0,0,0,0,0,0,3,0,3280,0,0,0,0,1,2,1,0,0,0,0,418,0,0,0,0,0,10,0,0,0,0,0,0,0,0,0,0,8,0,3,0,0,0,0,0,0,0,0,0,8,0,43,0,0,0,0,0,169,0,0,0,0,0,0,0,0,2,0,0,0,21,0,14,0,0,0,3,0,0,0,0,0,21,0,5,4,0,0,0,3,0,0,0,0,0,1
"LUX_027_MZB_LO_14","LUX_027_MZB_LO_14-07.10.2015","07.10.2015",2015,10,7,0,0,0,0,0,0,0,0,153,0,0,0,0,0,0,0,0,0,0,0,6,192,0,0,0,0,0,0,0,0,0,0,0,0,0,0,0,0,0,0,23,0,0,0,0,0,1,0,1392,0,0,0,1,0,0,0,0,0,0,0,237,0,0,0,1,0,10,0,0,0,0,0,0,0,0,0,0,21,0,6,0,0,0,0,0,0,0,0,0,6,0,13,0,0,0,0,0,189,0,0,0,0,0,0,0,0,1,0,0,0,14,0,1,1,0,0,2,0,0,0,2,0,1,0,2,0,0,0,0,0,0,0,0,0,0,0
"LUX_027_MZB_LO_14","LUX_027_MZB_LO_14-12.10.2016","12.10.2016",2016,10,12,0,0,0,0,0,0,0,0,153,0,0,0,0,0,0,0,0,0,0,0,1,9,0,0,0,0,0,4,0,1,0,0,0,0,0,0,0,0,0,0,5,0,0,0,0,0,3,0,1473,0,1,0,0,0,2,1,0,0,0,0,355,0,0,0,2,0,22,0,0,0,0,0,0,0,1,0,0,17,0,5,1,2,0,0,0,0,0,0,0,4,0,8,0,0,0,0,0,25,0,0,0,0,0,0,1,0,2,0,0,0,13,0,0,7,0,0,2,0,0,0,1,0,4,0,5,0,0,0,0,0,0,2,0,0,0,0
"LUX_027_MZB_LO_14","LUX_027_MZB_LO_14-03.10.2017","03.10.2017",2017,10,3,0,0,0,0,0,0,0,0,92,0,0,0,0,0,0,0,0,0,0,0,20,183,0,0,0,0,0,0,0,0,0,0,0,0,1,0,0,0,0,0,7,2,0,1,0,0,5,0,1575,0,0,0,0,3,1,0,0,0,0,0,146,0,0,0,0,1,79,0,0,0,0,0,0,1,0,0,0,76,0,40,0,1,0,0,0,0,0,0,0,14,0,25,0,0,0,0,0,216,0,0,0,0,0,0,0,0,1,0,0,0,34,0,5,27,1,0,1,0,0,3,4,0,12,0,9,9,0,0,0,0,0,0,0,0,0,2
"LUX_027_MZB_LO_15","LUX_027_MZB_LO_15-04.09.2007","04.09.2007",2007,9,4,0,0,0,17,0,0,0,2,137,0,0,0,0,16,6,0,0,0,3,0,0,181,0,0,0,0,0,0,0,0,0,0,0,0,0,0,0,0,2,0,107,0,5,4,0,0,2,0,2,0,0,0,0,1,2,2,0,0,0,0,21,0,0,0,2,0,6,0,0,60,0,0,0,0,0,71,45,2,0,14,0,0,0,0,0,4,0,0,1,5,0,0,0,0,0,0,0,94,0,0,2,0,0,0,0,0,7,0,0,0,8,0,0,0,1,0,7,0,0,0,19,0,1111,0,2,0,0,0,0,0,0,0,0,0,0,0
"LUX_027_MZB_LO_15","LUX_027_MZB_LO_15-19.08.2008","19.08.2008",2008,8,19,0,0,0,2,0,0,0,1,104,0,0,0,0,16,36,0,0,0,1,0,0,435,0,0,0,0,0,0,0,0,0,0,0,0,0,0,0,0,0,0,228,0,4,0,0,0,1,0,8,0,0,0,0,5,8,1,0,0,0,0,1,0,0,0,12,0,20,0,0,119,0,0,0,0,0,26,62,0,0,21,4,4,0,0,0,52,0,1,0,3,0,0,0,0,0,0,0,15,0,0,0,0,0,0,0,0,8,0,0,0,4,0,0,0,0,0,21,0,0,0,34,1,12,0,0,0,0,0,0,0,0,0,0,0,0,0
"LUX_027_MZB_LO_15","LUX_027_MZB_LO_15-18.08.2009","18.08.2009",2009,8,18,0,0,0,2,0,0,0,0,247,0,0,0,0,5,4,0,0,0,0,0,0,330,0,0,0,0,0,0,0,0,0,0,0,0,0,0,0,0,0,0,147,1,25,0,0,0,2,0,1,0,0,0,0,2,3,3,0,0,1,0,5,0,0,0,6,0,6,0,0,26,5,0,0,0,0,0,3,0,0,56,3,5,14,0,0,18,0,0,0,1,0,23,0,0,0,0,1,37,0,0,2,0,0,0,0,0,3,0,0,0,3,0,0,1,0,0,4,0,0,0,41,0,92,0,0,0,0,0,0,0,0,1,0,0,0,0
"LUX_027_MZB_LO_15","LUX_027_MZB_LO_15-23.08.2011","23.08.2011",2011,8,23,0,0,0,12,2,0,0,7,148,0,0,0,0,42,5,0,0,10,34,0,0,257,0,0,0,0,0,0,0,0,0,0,0,0,0,0,0,8,5,0,223,2,3,8,0,0,13,0,16,0,0,0,0,1,0,3,0,0,3,1,44,0,0,0,8,3,5,5,1,1273,0,0,0,0,0,68,3,7,0,21,6,1,6,0,0,97,0,0,0,8,0,0,0,0,0,0,0,73,0,0,0,0,0,0,0,0,136,0,0,0,23,0,0,1,0,0,14,0,0,0,70,0,45,0,0,0,0,1,0,0,0,0,0,1,0,0
"LUX_027_MZB_LO_15","LUX_027_MZB_LO_15-27.08.2012","27.08.2012",2012,8,27,0,0,0,14,3,0,0,3,571,0,0,0,0,126,131,2,0,1,1,0,0,698,0,0,0,0,0,0,0,0,0,0,0,0,0,0,0,0,4,0,324,0,17,0,0,0,10,2,189,0,0,0,2,0,0,0,0,0,0,0,14,0,0,0,79,4,13,0,0,113,0,0,0,0,0,45,15,2,0,36,6,0,0,0,0,169,3,0,1,5,0,1,0,0,0,0,0,73,0,0,0,0,0,0,0,0,46,0,0,0,34,0,7,0,0,0,11,0,2,0,46,1,205,0,12,0,0,1,0,0,0,0,0,0,0,0
"LUX_027_MZB_LO_15","LUX_027_MZB_LO_15-16.09.2013","16.09.2013",2013,9,16,0,0,0,4,4,0,0,2,172,0,0,0,0,178,10,0,0,4,1,0,0,338,0,0,0,0,0,1,0,0,0,0,0,0,0,0,0,13,1,0,281,0,6,9,0,0,7,0,162,0,0,1,1,0,1,0,0,0,1,0,8,0,0,0,4,13,14,0,0,450,0,0,0,0,0,67,1,15,0,16,0,0,2,0,0,117,1,0,0,1,0,1,0,0,0,0,1,221,0,0,5,0,0,0,0,0,281,0,0,0,27,0,1,0,0,0,10,0,0,0,31,0,80,0,1,0,0,2,0,0,0,0,0,0,0,0
"LUX_027_MZB_LO_15","LUX_027_MZB_LO_15-06.10.2014","06.10.2014",2014,10,6,0,0,0,10,0,0,0,0,104,0,0,0,0,48,3,0,0,35,1,0,1,264,0,0,0,0,0,0,0,0,1,0,0,0,0,0,0,5,2,0,183,1,1,5,0,0,8,0,102,0,0,2,1,1,2,1,0,0,0,0,29,0,0,0,3,6,8,0,0,497,0,0,0,0,0,41,3,3,0,1,26,2,3,0,0,71,20,0,0,3,0,1,0,0,0,0,0,213,0,0,3,0,0,0,0,0,58,0,0,0,13,0,0,7,0,0,25,0,0,0,29,2,0,0,2,0,0,0,0,0,0,0,0,0,0,0
"LUX_027_MZB_LO_15","LUX_027_MZB_LO_15-21.09.2015","21.09.2015",2015,9,21,0,0,0,2,0,0,0,0,45,0,0,0,0,39,5,0,0,5,3,0,0,92,0,0,0,0,0,0,0,1,0,0,0,0,0,0,0,3,1,0,171,0,2,0,0,0,10,0,41,0,0,0,2,0,0,1,0,0,0,0,1,2,0,0,30,29,11,0,0,165,0,0,0,0,0,32,5,1,0,7,1,0,12,0,0,29,1,0,0,7,0,0,0,0,0,0,0,243,0,0,4,0,0,0,0,0,49,0,0,0,3,0,0,0,0,0,6,0,0,0,33,1,15,0,3,0,0,2,0,0,0,1,0,0,0,0
"LUX_027_MZB_LO_15","LUX_027_MZB_LO_15-05.10.2016","05.10.2016",2016,10,5,0,0,0,0,0,0,0,4,291,0,0,0,0,22,145,0,0,1,2,0,0,39,0,0,0,0,0,0,0,0,0,0,0,0,0,0,1,14,1,0,84,0,2,3,0,0,3,0,73,0,0,0,1,0,0,6,0,0,0,0,16,0,0,0,1,3,39,0,0,527,0,0,0,0,0,53,1,5,0,7,1,0,9,0,0,0,1,0,0,1,0,1,0,0,0,0,0,57,0,0,1,0,0,0,0,0,126,0,0,0,9,0,0,1,0,0,31,0,0,0,10,0,38,0,1,0,0,0,0,0,0,0,0,0,0,0
"LUX_027_MZB_LO_15","LUX_027_MZB_LO_15-21.09.2017","21.09.2017",2017,9,21,0,0,0,0,0,0,0,1,127,0,0,0,0,1,8,0,0,1,2,0,0,292,0,0,0,0,0,0,0,0,0,0,0,0,0,0,0,4,1,0,275,0,0,0,0,0,13,0,150,0,0,0,1,0,0,10,0,0,0,0,7,0,0,0,3,9,0,0,0,437,3,0,0,1,0,67,0,0,0,10,3,1,2,0,0,0,0,0,0,7,0,0,0,0,0,0,0,238,0,0,2,0,0,0,0,0,268,0,0,0,5,0,0,3,0,0,11,0,0,0,28,0,9,0,2,0,0,1,0,0,0,0,0,0,0,0
"LUX_027_MZB_LO_16","LUX_027_MZB_LO_16-17.08.2007","17.08.2007",2007,8,17,0,0,0,0,0,1,0,1,94,0,0,0,0,0,1,0,0,2,11,0,1,109,0,0,0,0,0,0,0,0,0,0,0,0,0,0,0,0,0,0,439,1,104,4,1,0,0,0,1,0,0,0,0,57,45,4,0,0,0,0,3,0,0,5,23,0,26,0,0,30,1,0,0,0,0,53,2,1,0,30,2,8,0,0,0,0,0,1,0,9,0,0,0,0,0,0,0,220,0,0,0,0,0,0,0,0,16,0,0,0,9,0,0,0,0,0,21,0,0,0,6,0,39,0,2,0,0,1,0,0,1,0,0,0,0,0
"LUX_027_MZB_LO_16","LUX_027_MZB_LO_16-18.08.2008","18.08.2008",2008,8,18,0,0,0,0,0,0,0,0,50,0,0,0,0,0,0,0,0,1,3,0,0,35,0,0,0,0,0,0,0,0,0,0,0,0,0,0,0,0,0,0,13,1,1,18,0,0,2,0,0,0,0,0,1,6,1,1,0,0,0,0,0,0,0,0,2,0,8,0,0,21,0,0,0,0,0,24,0,0,0,3,4,2,0,0,0,0,0,0,0,1,0,0,0,0,0,0,0,34,0,0,0,0,0,0,0,0,1,0,0,0,0,0,0,0,0,0,15,0,1,0,15,0,66,0,3,0,0,0,0,0,0,1,0,0,0,0
"LUX_027_MZB_LO_16","LUX_027_MZB_LO_16-18.08.2009","18.08.2009",2009,8,18,0,0,0,0,0,0,0,0,175,0,0,0,0,49,0,0,0,14,15,0,0,1262,0,0,0,0,0,0,0,0,0,0,0,0,0,0,0,1,0,0,117,12,65,12,0,0,1,0,3,0,0,2,5,0,41,5,0,0,0,0,5,0,0,0,18,0,79,0,0,285,18,0,0,0,0,37,8,4,0,61,17,42,0,0,0,0,0,0,0,12,11,10,0,0,0,0,0,100,0,0,0,0,1,0,0,0,112,0,0,0,14,0,0,0,0,0,39,0,0,0,150,0,60,0,6,0,0,3,0,0,0,0,0,0,0,0
"LUX_027_MZB_LO_16","LUX_027_MZB_LO_16-23.08.2011","23.08.2011",2011,8,23,0,0,0,0,1,0,0,4,307,0,0,0,0,2,0,0,0,1,4,0,3,858,0,0,0,0,0,0,0,1,0,0,0,0,0,0,0,0,2,0,248,0,55,21,0,0,1,0,0,0,0,2,0,7,8,2,0,0,0,0,11,3,0,0,6,4,35,1,0,963,1,0,0,0,2,8,8,7,0,44,1,4,15,0,6,0,12,0,0,6,0,1,1,0,0,0,0,107,0,0,0,0,0,0,0,0,38,0,0,0,4,0,0,5,0,0,69,0,0,0,11,2,66,0,2,0,0,9,0,0,0,30,0,0,0,1
"LUX_027_MZB_LO_16","LUX_027_MZB_LO_16-27.08.2012","27.08.2012",2012,8,27,0,0,0,0,1,0,0,4,909,0,0,0,0,0,0,0,0,8,0,0,0,648,0,0,0,0,0,0,0,0,0,0,0,0,0,0,0,0,2,0,69,0,39,2,0,0,2,1,3,0,0,0,0,10,2,0,0,0,0,0,20,0,0,0,5,3,19,0,0,96,1,0,0,0,0,1,2,4,0,132,2,40,0,0,0,0,0,0,0,2,0,11,0,0,0,0,0,94,0,0,0,0,0,0,0,0,116,0,0,0,10,0,0,0,0,0,46,0,0,0,2,0,332,0,0,0,0,1,0,0,0,1,0,0,0,0
"LUX_027_MZB_LO_16","LUX_027_MZB_LO_16-16.09.2013","16.09.2013",2013,9,16,0,0,0,0,2,0,0,1,95,0,0,0,0,0,0,0,0,1,8,0,1,512,0,0,0,0,0,0,0,0,0,0,0,0,0,0,0,0,12,0,185,0,12,24,0,0,0,0,28,0,0,0,8,2,26,5,0,0,0,0,54,0,0,0,4,7,14,0,0,295,1,0,0,0,0,45,14,31,0,60,2,18,12,0,1,0,22,0,1,5,0,5,0,0,0,0,0,164,0,0,0,0,0,0,0,0,61,0,0,0,19,0,0,3,0,0,19,0,0,0,8,1,131,0,1,0,0,3,0,0,0,2,0,0,0,0
"LUX_027_MZB_LO_16","LUX_027_MZB_LO_16-06.10.2014","06.10.2014",2014,10,6,0,0,0,0,0,0,0,1,289,0,0,0,0,0,0,0,0,0,4,0,1,422,0,0,0,0,0,0,0,0,1,0,0,0,0,0,0,0,2,0,144,0,22,31,0,0,0,0,1,0,0,0,0,61,24,9,0,0,0,0,27,0,0,0,14,2,63,0,0,62,1,0,0,0,0,3,0,35,0,4,0,6,0,0,0,0,7,0,0,5,0,6,0,0,0,0,0,220,0,0,0,0,0,0,0,0,107,0,0,0,13,0,0,1,0,0,27,0,0,0,1,0,175,0,4,0,0,0,0,0,0,0,0,0,0,0
"LUX_027_MZB_LO_16","LUX_027_MZB_LO_16-21.09.2015","21.09.2015",2015,9,21,1,0,0,0,1,0,0,1,45,0,0,0,0,0,0,0,0,0,0,0,0,94,0,0,0,0,0,0,0,0,0,0,0,0,0,0,0,0,0,0,71,0,2,14,0,0,0,0,0,0,0,0,0,4,6,2,0,0,0,0,4,0,0,0,0,5,33,0,0,52,0,0,0,0,0,0,10,3,0,14,1,5,2,0,1,0,42,0,0,13,0,5,0,0,0,0,0,405,0,0,2,0,1,0,0,0,31,0,0,0,5,0,0,0,0,0,3,0,1,0,3,4,14,0,8,0,0,3,0,0,0,8,0,0,0,0
"LUX_027_MZB_LO_16","LUX_027_MZB_LO_16-04.10.2016","04.10.2016",2016,10,4,0,0,0,0,0,0,0,1,76,0,0,0,0,0,0,0,0,0,5,0,0,21,0,0,0,0,0,0,0,0,3,0,0,0,0,0,0,0,2,0,48,0,6,37,0,0,0,0,0,0,0,0,0,2,9,2,0,0,0,0,107,0,0,0,1,2,21,1,0,64,0,0,0,0,0,2,1,14,0,4,0,25,1,0,17,0,2,0,0,2,0,1,0,0,0,0,0,94,0,0,0,0,0,0,0,0,21,0,0,0,13,0,0,0,0,0,13,0,0,0,3,2,43,0,2,0,0,1,0,0,0,0,0,0,0,1
"LUX_027_MZB_LO_16","LUX_027_MZB_LO_16-21.09.2017","21.09.2017",2017,9,21,0,0,0,0,0,0,0,2,302,0,0,0,0,0,0,0,0,0,4,0,3,582,0,0,0,0,0,0,0,0,2,0,0,0,0,0,0,0,0,0,342,0,33,56,0,0,0,0,7,0,0,0,0,41,45,18,0,0,1,0,35,0,0,0,1,8,13,0,0,414,0,0,0,0,0,15,184,84,0,33,0,9,0,0,7,0,1,0,0,6,0,6,0,0,0,0,0,283,0,0,0,0,0,0,0,0,45,0,0,0,45,0,0,2,0,0,9,0,0,0,104,0,141,0,19,0,0,0,0,0,0,1,0,0,0,0
"LUX_027_MZB_LO_17","LUX_027_MZB_LO_17-28.08.2007","28.08.2007",2007,8,28,0,0,0,27,0,0,0,2,10,0,0,0,0,0,142,0,0,0,1,0,0,37,0,0,0,0,0,0,0,0,0,0,0,0,0,0,0,0,3,0,33,0,0,13,0,0,12,0,0,0,0,0,3,0,0,0,0,0,0,0,0,0,0,0,0,0,412,0,3,39,0,0,0,0,0,39,8,1,0,39,4,1,0,0,0,0,0,0,0,1,0,0,0,0,0,0,0,426,0,0,0,0,0,0,0,0,14,0,0,0,39,0,0,0,0,0,0,0,0,0,15,0,3,0,5,0,0,1,0,0,0,4,0,0,0,0
"LUX_027_MZB_LO_17","LUX_027_MZB_LO_17-20.08.2008","20.08.2008",2008,8,20,0,0,0,19,0,0,0,7,77,0,0,3,0,0,33,0,0,0,0,0,0,299,0,0,0,0,0,0,0,0,0,0,0,0,0,0,0,0,8,0,116,0,2,17,0,0,6,0,0,0,0,0,1,0,5,4,0,0,2,0,0,1,0,0,4,0,89,0,0,149,0,0,1,0,0,48,37,1,0,14,0,0,0,0,0,0,0,0,0,3,0,0,1,0,0,0,0,196,0,0,0,0,0,0,0,0,8,0,0,0,9,0,0,0,0,0,18,0,0,0,6,0,1,0,0,0,0,0,0,0,0,0,0,0,0,0
"LUX_027_MZB_LO_17","LUX_027_MZB_LO_17-20.08.2009","20.08.2009",2009,8,20,0,0,0,41,0,0,0,7,104,0,0,0,0,64,12,0,0,0,12,0,0,835,0,0,0,0,0,0,0,0,0,0,0,0,0,0,0,0,4,0,210,0,10,2,0,0,0,0,0,0,0,1,8,0,3,1,0,0,0,0,2,0,0,0,12,0,8,0,0,593,0,0,0,0,0,0,0,2,0,46,8,23,0,0,0,0,0,0,0,6,15,0,0,0,0,0,0,254,0,0,1,0,0,0,0,0,74,0,0,0,18,0,0,0,0,0,14,0,0,0,30,6,24,0,4,0,0,0,0,0,0,3,0,0,0,0
"LUX_027_MZB_LO_17","LUX_027_MZB_LO_17-26.08.2011","26.08.2011",2011,8,26,0,0,0,224,0,0,0,17,192,0,0,0,0,0,45,1,0,0,19,0,0,965,0,0,0,0,0,0,0,0,0,0,0,0,0,0,0,0,3,0,151,0,2,46,0,0,68,0,2,0,0,0,14,0,1,23,0,0,3,0,8,0,0,0,7,4,14,0,0,1044,1,0,0,0,0,50,9,17,0,50,3,0,292,0,0,0,0,0,2,3,0,0,0,0,0,0,0,65,0,0,1,0,0,0,0,0,71,0,0,0,81,0,0,6,0,0,8,0,0,0,22,0,29,0,28,0,0,2,0,0,0,71,0,0,0,0
"LUX_027_MZB_LO_17","LUX_027_MZB_LO_17-29.08.2012","29.08.2012",2012,8,29,0,0,0,25,0,0,1,9,738,0,0,0,0,1,0,0,0,1,0,0,2,385,0,0,0,0,0,0,0,0,0,0,0,0,0,0,0,0,0,0,111,0,32,12,0,1,24,0,2,0,0,0,9,0,0,1,0,0,2,0,12,0,0,0,4,2,10,0,0,322,0,0,0,2,0,21,10,25,0,39,0,9,1,0,0,0,0,0,0,0,0,0,0,0,0,0,0,129,0,0,0,0,0,0,0,0,64,0,0,0,7,0,0,1,0,0,20,0,0,0,20,0,171,0,3,0,0,1,0,0,0,0,0,0,0,0
"LUX_027_MZB_LO_17","LUX_027_MZB_LO_17-17.09.2013","17.09.2013",2013,9,17,0,0,0,21,1,0,0,4,269,0,0,0,0,2,0,0,0,0,5,0,0,345,0,0,0,0,0,0,0,0,0,0,0,0,0,0,0,0,1,0,341,0,15,64,0,0,12,0,3,0,0,0,0,0,1,5,0,0,0,0,27,0,0,0,1,16,1,0,0,853,0,0,0,0,0,22,9,26,0,17,1,36,0,0,0,0,0,0,0,2,0,1,0,0,0,0,0,156,0,0,2,0,0,0,0,0,26,0,0,0,10,0,1,16,0,0,9,0,0,0,8,0,103,0,0,0,0,0,0,0,0,6,0,0,0,0
"LUX_027_MZB_LO_17","LUX_027_MZB_LO_17-03.10.2014","03.10.2014",2014,10,3,0,0,0,39,0,0,1,3,110,0,0,0,0,0,23,0,0,0,22,0,0,539,0,0,0,0,0,0,0,0,1,0,0,0,0,0,0,0,4,0,171,3,11,42,0,0,5,0,1,0,0,1,1,0,6,18,0,0,0,0,29,0,0,0,0,5,0,0,0,784,3,0,0,0,0,16,10,30,0,2,0,9,0,0,0,0,0,0,0,4,0,5,0,0,0,0,0,144,0,0,2,0,0,0,0,0,83,0,0,1,43,0,0,4,0,0,20,0,0,0,7,0,70,0,1,0,0,0,0,0,0,0,0,0,0,0
"LUX_027_MZB_LO_17","LUX_027_MZB_LO_17-30.09.2015","30.09.2015",2015,9,30,0,0,0,15,0,0,1,0,7,0,0,0,0,0,5,0,0,1,2,0,0,168,0,0,0,0,0,0,0,0,0,0,0,0,0,0,0,0,0,0,16,1,1,16,0,0,10,0,8,0,0,0,0,0,15,24,0,0,0,0,1,0,0,0,1,2,21,0,0,150,0,0,0,0,0,12,42,9,0,1,0,35,0,0,0,0,0,0,0,5,0,0,0,0,0,0,0,254,0,0,0,0,0,0,0,0,18,0,0,0,19,0,0,1,0,0,0,0,0,0,12,0,6,0,8,0,0,5,0,0,0,9,0,0,0,0
"LUX_027_MZB_LO_17","LUX_027_MZB_LO_17-06.10.2016","06.10.2016",2016,10,6,0,0,0,3,0,0,1,3,55,0,0,0,0,0,3,0,0,0,7,0,0,104,0,0,0,0,0,0,0,0,2,0,0,0,0,0,0,0,0,0,70,0,9,27,0,0,10,0,9,0,0,0,0,0,1,12,0,0,0,0,60,0,0,0,0,3,3,0,0,350,0,0,0,0,0,11,1,74,0,10,0,45,0,0,0,0,1,0,0,1,0,10,0,0,0,0,0,92,0,0,1,0,0,0,0,0,6,0,0,0,22,0,0,12,0,0,29,0,0,1,1,1,174,0,2,0,0,0,0,0,0,2,0,0,0,0
"LUX_027_MZB_LO_17","LUX_027_MZB_LO_17-22.09.2017","22.09.2017",2017,9,22,0,0,0,13,0,0,0,1,32,0,0,0,0,0,2,0,0,0,3,0,1,220,0,0,0,0,0,0,0,0,0,0,0,0,0,0,0,0,2,0,62,0,4,61,0,0,12,0,120,0,0,0,1,0,14,6,0,0,3,0,4,0,0,0,4,9,17,0,0,31,0,0,0,1,0,12,28,35,0,21,1,2,1,0,0,0,0,0,0,1,0,0,0,0,0,0,0,288,0,0,1,0,0,0,0,0,27,2,0,0,12,0,0,1,0,0,7,0,0,1,20,4,6,0,5,0,0,2,0,0,0,4,0,0,0,0
"LUX_027_MZB_LO_18","LUX_027_MZB_LO_18-27.08.2007","27.08.2007",2007,8,27,0,0,0,4,0,0,0,1,32,0,0,0,0,31,78,0,0,0,0,0,0,531,0,0,0,0,0,0,0,0,0,0,0,0,0,0,0,0,0,0,90,0,0,17,0,0,38,0,3,0,0,0,0,0,21,16,0,0,5,0,2,0,0,0,2,33,58,0,0,573,0,0,0,0,0,0,10,0,0,80,21,2,58,0,0,0,0,0,0,5,0,0,0,0,0,0,0,266,1,0,0,0,0,0,0,0,155,0,0,0,42,0,0,42,0,0,52,0,0,0,5,0,81,0,24,0,0,0,0,0,0,0,0,0,0,0
"LUX_027_MZB_LO_18","LUX_027_MZB_LO_18-21.08.2008","21.08.2008",2008,8,21,0,0,0,0,0,0,0,1,332,0,0,0,0,41,59,0,0,0,9,0,0,354,0,0,0,0,0,0,0,0,0,0,0,0,0,0,0,0,0,0,142,0,5,0,0,0,10,0,6,0,0,0,0,0,0,3,0,0,0,0,0,0,0,0,1,3,27,0,0,389,0,0,0,0,0,24,53,0,0,78,6,2,17,0,0,0,0,1,0,1,0,0,0,0,0,0,0,34,0,0,0,0,0,0,0,0,28,0,0,0,18,0,0,12,0,0,65,0,0,0,8,0,2,0,0,0,0,0,0,0,0,0,0,0,0,0
"LUX_027_MZB_LO_18","LUX_027_MZB_LO_18-19.08.2009","19.08.2009",2009,8,19,0,0,0,3,0,0,0,4,736,0,0,0,0,57,44,0,0,2,1,0,0,366,0,0,0,0,0,0,0,0,0,0,0,0,0,0,0,3,0,0,215,0,7,1,0,0,0,0,5,0,0,0,2,0,5,0,0,0,0,0,5,0,0,0,11,15,60,0,0,658,0,0,0,0,0,1,2,1,0,67,3,9,9,0,0,0,0,0,0,0,0,2,0,0,0,0,0,266,0,0,0,0,0,0,0,0,215,0,0,0,3,0,0,1,0,0,42,0,0,0,59,0,565,0,3,0,0,0,0,0,0,0,0,0,0,0
"LUX_027_MZB_LO_18","LUX_027_MZB_LO_18-24.08.2011","24.08.2011",2011,8,24,0,0,0,37,0,0,0,0,147,0,0,0,0,7,37,0,0,18,10,0,0,932,0,0,0,0,0,0,0,0,0,0,0,0,0,0,1,0,7,0,157,0,1,9,0,18,28,0,1,0,2,0,2,0,0,6,0,0,0,0,0,0,0,0,37,0,18,0,0,347,7,0,0,0,0,4,4,1,0,9,0,6,22,0,0,0,0,0,0,10,0,0,0,0,0,0,0,32,0,0,0,0,0,0,0,0,34,0,0,0,19,0,0,25,0,0,4,0,1,0,4,1,3,0,0,0,0,0,0,0,0,0,0,0,0,0
"LUX_027_MZB_LO_18","LUX_027_MZB_LO_18-31.08.2012","31.08.2012",2012,8,31,0,0,0,41,2,0,0,3,714,0,0,0,0,12,51,0,0,2,0,0,2,541,0,0,0,0,0,0,0,0,0,0,0,0,0,0,0,0,0,0,97,1,5,6,0,0,13,4,139,0,0,0,0,0,0,0,0,0,0,0,1,0,0,0,4,6,18,0,0,316,0,0,0,0,1,0,5,2,0,27,0,4,46,0,0,1,0,0,0,3,0,0,0,0,0,0,0,185,1,0,0,0,0,0,0,0,266,0,0,0,54,0,0,10,0,0,20,0,1,0,10,1,52,0,1,0,0,0,0,0,0,5,0,0,0,0
"LUX_027_MZB_LO_18","LUX_027_MZB_LO_18-17.09.2013","17.09.2013",2013,9,17,0,0,0,54,9,9,0,0,316,0,0,0,0,336,81,0,0,0,10,0,0,623,0,0,0,0,0,0,0,0,0,0,0,0,0,0,0,2,0,0,352,0,33,4,0,0,20,0,104,0,0,0,3,0,0,5,0,0,0,0,3,0,0,0,10,3,52,0,0,1081,0,0,0,0,0,12,2,5,0,41,0,0,52,0,0,3,0,0,0,8,0,0,2,0,0,1,0,291,0,0,0,0,0,0,0,0,493,0,0,0,34,0,0,50,0,0,64,0,0,0,33,0,148,0,7,0,0,2,0,0,0,18,0,0,0,0
"LUX_027_MZB_LO_18","LUX_027_MZB_LO_18-07.10.2014","07.10.2014",2014,10,7,0,0,0,24,0,0,0,0,97,0,0,0,0,95,29,0,0,9,15,0,0,398,0,0,0,0,0,0,0,0,0,0,0,0,0,0,0,3,0,0,437,1,7,10,0,1,6,0,85,0,0,0,2,0,1,13,0,0,0,0,1,0,0,0,5,2,223,0,0,571,31,0,0,0,0,1,10,0,0,0,1,16,194,0,0,4,1,0,0,6,0,0,0,0,0,0,0,270,0,0,0,0,0,0,0,0,450,6,0,0,20,0,0,51,0,0,44,0,0,0,21,3,15,0,16,0,0,0,0,0,0,3,0,0,0,0
"LUX_027_MZB_LO_18","LUX_027_MZB_LO_18-01.10.2015","01.10.2015",2015,10,1,0,0,0,9,1,0,0,0,109,0,0,0,0,43,25,0,0,1,2,0,0,292,0,0,0,0,0,0,0,0,0,0,0,0,0,0,0,1,0,0,217,1,5,8,0,0,19,0,13,0,0,0,2,0,0,9,0,0,0,0,0,0,0,0,1,0,75,0,0,337,89,0,0,0,0,0,6,2,0,6,0,0,11,0,0,1,0,0,1,4,0,0,0,0,0,0,0,118,0,0,0,0,0,0,0,0,36,1,0,0,5,0,0,10,0,0,7,0,0,0,28,1,23,0,30,0,0,0,0,0,0,0,0,0,0,0
"LUX_027_MZB_LO_18","LUX_027_MZB_LO_18-16.10.2016","16.10.2016",2016,10,16,0,0,0,11,0,0,0,0,57,0,0,0,0,341,238,0,0,6,2,0,0,243,0,0,0,0,0,0,0,0,0,0,0,0,0,0,0,1,0,0,296,0,4,4,0,0,11,0,94,0,0,0,0,0,0,6,0,0,0,0,0,0,0,0,0,0,301,0,0,738,3,0,0,0,4,0,5,7,0,1,2,1,11,0,0,0,0,0,0,1,0,21,0,0,0,0,0,138,0,0,0,0,0,0,0,0,602,0,0,0,3,0,0,28,0,0,106,0,0,0,18,0,4,0,10,0,0,0,0,0,0,2,0,0,0,0
"LUX_027_MZB_LO_18","LUX_027_MZB_LO_18-27.09.2017","27.09.2017",2017,9,27,0,0,0,23,0,0,0,1,100,0,0,0,0,34,13,0,0,1,5,0,0,991,0,0,0,0,0,0,0,0,0,0,0,0,0,0,0,1,1,0,380,1,2,8,0,0,20,0,6,0,0,0,0,0,1,34,0,0,1,1,3,0,0,0,71,0,12,0,0,825,72,0,0,0,0,0,13,1,0,2,0,6,219,0,0,11,0,0,0,15,0,0,0,0,0,0,0,181,0,0,0,0,0,0,0,0,227,1,0,0,11,1,0,62,0,0,9,0,2,0,21,1,8,0,22,0,0,0,0,0,0,1,0,0,0,0
"LUX_027_MZB_LO_19","LUX_027_MZB_LO_19-29.08.2007","29.08.2007",2007,8,29,0,0,0,0,0,23,0,6,876,0,0,0,0,0,0,0,0,2,1,0,1,593,0,0,0,0,0,0,0,0,0,0,0,0,0,0,0,4,2,0,131,3,73,0,0,0,26,0,17,0,0,0,6,0,7,0,0,0,0,0,0,0,0,0,0,0,41,0,0,172,3,0,0,0,0,26,3,0,0,2,0,1,0,0,0,0,0,0,6,16,0,0,0,0,0,0,0,416,0,0,0,0,0,0,0,0,16,0,0,0,3,0,2,1,0,0,30,0,0,0,0,1,571,0,10,0,0,8,0,0,0,13,0,0,49,0
"LUX_027_MZB_LO_19","LUX_027_MZB_LO_19-25.08.2008","25.08.2008",2008,8,25,0,0,0,0,0,0,0,3,1001,0,0,0,0,0,0,0,0,0,1,0,0,326,0,0,0,0,0,0,0,0,0,0,0,0,0,0,0,0,2,2,107,1,60,2,0,0,10,0,35,0,0,0,0,0,8,0,0,0,0,0,0,0,0,1,3,3,2,0,0,29,1,0,0,0,0,3,1,0,0,10,1,3,2,0,0,0,0,0,0,7,0,0,0,0,0,1,0,144,0,0,0,0,0,0,0,0,4,0,0,0,10,0,1,0,0,0,22,0,0,0,0,0,318,0,2,0,0,1,0,0,0,3,0,0,0,0
"LUX_027_MZB_LO_19","LUX_027_MZB_LO_19-26.08.2009","26.08.2009",2009,8,26,0,0,0,0,0,0,0,17,922,0,0,0,0,0,0,0,0,0,0,0,0,2116,0,0,0,0,0,0,0,0,0,0,0,0,0,0,0,0,10,0,362,4,438,12,0,0,45,0,59,0,0,0,0,0,86,0,0,2,0,0,2,1,0,0,7,4,1,0,0,349,102,0,0,0,0,16,36,2,0,4,0,5,3,0,0,0,0,6,4,4,0,0,0,0,0,0,0,93,0,0,0,0,0,0,7,0,15,0,0,0,20,0,1,0,0,0,32,0,0,0,0,0,644,1,5,0,0,5,0,0,0,15,0,0,0,0
"LUX_027_MZB_LO_19","LUX_027_MZB_LO_19-29.08.2011","29.08.2011",2011,8,29,0,0,0,0,0,0,0,2,401,0,0,0,0,0,0,0,0,0,16,0,0,2240,0,0,0,0,0,0,0,0,0,0,0,0,0,0,0,1,1,0,298,2,204,17,0,0,8,0,193,907,0,0,0,0,18,3,0,0,0,0,0,0,0,0,57,0,22,0,0,369,170,0,0,0,0,0,6,0,0,7,0,2,9,0,0,0,17,0,0,10,0,0,0,0,0,0,0,1092,0,0,0,0,0,0,4,0,204,0,0,0,13,0,0,0,0,0,64,0,3,0,3,0,13,0,6,0,0,5,0,0,0,2,0,0,0,0
"LUX_027_MZB_LO_19","LUX_027_MZB_LO_19-27.08.2012","27.08.2012",2012,8,27,0,0,0,0,0,1,0,7,1672,0,0,0,0,0,0,0,0,0,1,0,2,965,0,0,0,0,0,0,0,0,0,0,0,0,0,0,0,7,0,0,73,1,38,1,0,0,2,0,0,424,0,0,0,0,17,0,0,0,0,0,0,0,0,1,15,0,1,0,0,78,12,0,0,0,0,0,0,0,0,1,1,3,0,0,0,0,0,0,0,9,0,0,0,0,0,0,0,165,0,0,0,0,0,0,0,0,14,0,0,0,2,0,0,1,0,0,19,0,0,0,0,0,191,0,3,0,0,0,0,0,0,1,0,0,0,0
"LUX_027_MZB_LO_19","LUX_027_MZB_LO_19-19.09.2013","19.09.2013",2013,9,19,0,0,0,0,0,0,0,2,378,0,0,0,0,0,0,0,0,0,0,0,0,690,0,0,0,0,0,0,0,0,0,0,0,0,0,0,0,5,0,0,162,2,89,9,0,0,10,0,0,1932,0,0,0,0,178,1,0,0,0,0,0,3,0,0,9,1,6,0,0,275,35,0,0,0,0,1,12,9,0,20,1,18,4,0,0,0,0,0,0,3,0,0,0,48,0,0,0,168,0,0,0,0,0,0,0,0,81,0,0,0,27,0,0,5,0,0,53,0,0,0,3,0,390,0,3,0,0,2,0,0,0,4,0,0,0,0
"LUX_027_MZB_LO_19","LUX_027_MZB_LO_19-01.10.2014","01.10.2014",2014,10,1,0,0,0,0,0,0,0,3,528,0,0,0,0,0,0,0,0,0,0,0,2,760,0,0,0,0,0,0,0,0,1,0,0,0,0,0,0,16,0,0,336,2,249,4,0,0,4,0,0,2123,0,1,1,0,65,5,0,0,0,0,1,0,0,1,7,0,0,0,0,628,96,0,0,0,0,1,4,2,0,0,0,6,0,0,0,0,1,0,0,11,0,0,0,0,0,0,0,212,0,0,0,0,0,0,0,0,106,0,0,0,19,0,0,1,0,0,46,0,0,0,0,0,491,0,31,0,0,0,0,0,0,0,0,0,0,0
"LUX_027_MZB_LO_19","LUX_027_MZB_LO_19-02.10.2015","02.10.2015",2015,10,2,0,0,0,0,0,0,0,0,155,0,0,0,0,0,0,0,0,5,3,0,0,250,0,0,0,0,0,0,0,0,0,0,0,0,0,0,0,9,0,0,401,3,111,10,0,0,7,0,0,790,0,0,0,0,65,19,0,0,1,0,0,0,0,0,24,1,6,0,0,208,104,0,0,0,0,0,58,3,0,1,0,31,2,0,0,0,502,0,0,13,0,0,0,0,0,0,0,328,0,0,0,0,0,0,1,0,40,0,0,0,6,0,0,13,0,0,63,0,0,0,3,0,3,0,109,2,0,2,0,0,0,2,0,0,0,0
"LUX_027_MZB_LO_19","LUX_027_MZB_LO_19-11.10.2016","11.10.2016",2016,10,11,0,0,0,0,0,4,0,0,143,0,0,0,0,0,0,0,0,0,0,0,0,536,0,0,0,0,0,0,0,0,0,0,0,0,0,0,0,9,0,0,182,1,74,2,0,0,6,0,121,656,0,0,1,0,61,21,0,0,2,0,0,0,0,0,2,0,4,0,1,356,52,0,0,0,0,2,4,9,0,0,0,31,1,0,0,0,1,0,0,0,0,0,0,0,0,0,0,371,0,0,0,0,0,0,0,0,25,0,0,0,4,0,0,7,0,0,34,0,0,1,0,0,240,0,15,0,0,0,0,0,0,11,0,0,0,0
"LUX_027_MZB_LO_19","LUX_027_MZB_LO_19-26.09.2017","26.09.2017",2017,9,26,0,0,0,0,0,0,0,0,123,0,0,0,0,1,0,0,0,7,12,0,2,1088,0,0,0,0,0,0,0,0,0,0,0,0,0,0,0,17,3,0,1189,6,70,52,0,0,2,0,100,270,0,0,0,3,63,67,0,0,1,0,4,0,0,5,38,3,23,0,0,1597,27,0,0,0,0,1,13,9,0,8,0,72,6,0,0,0,7,0,1,20,0,0,0,0,0,0,0,373,0,0,0,0,0,0,0,0,44,0,0,0,18,0,1,0,0,0,23,0,0,1,0,0,8,0,249,0,0,2,0,0,0,9,0,0,0,0
"LUX_027_MZB_LO_2","LUX_027_MZB_LO_2-28.08.2007","28.08.2007",2007,8,28,0,0,0,0,0,12,0,0,121,0,0,0,0,0,0,0,0,0,1,0,1,81,0,0,0,0,0,0,0,0,0,0,0,0,0,0,0,3,6,3,15,0,19,11,0,0,5,0,42,0,0,0,2,0,2,0,0,0,2,0,2,0,0,0,0,6,3,0,0,14,0,0,0,0,0,0,0,17,0,14,4,0,0,0,0,0,0,0,0,3,0,0,0,0,0,0,2,66,0,0,0,0,1,0,0,0,2,0,0,0,10,0,1,0,0,0,5,0,0,0,26,1,210,0,0,0,0,3,0,0,0,0,0,3,0,0
"LUX_027_MZB_LO_2","LUX_027_MZB_LO_2-20.08.2008","20.08.2008",2008,8,20,0,0,0,0,0,0,0,0,180,0,0,0,0,0,0,0,0,0,2,0,1,162,0,0,0,0,0,0,0,0,0,0,0,0,0,0,0,9,0,0,59,3,14,2,0,0,7,0,26,0,0,1,1,2,9,0,0,0,0,0,50,0,0,0,2,3,0,0,0,36,0,0,0,0,0,0,0,20,0,11,80,6,0,0,0,0,0,0,0,4,0,0,0,0,0,0,0,38,0,0,1,0,0,0,0,0,0,0,0,0,45,0,3,0,0,0,44,0,0,0,67,0,484,0,0,0,0,3,0,0,0,3,0,0,0,0
"LUX_027_MZB_LO_2","LUX_027_MZB_LO_2-27.08.2009","27.08.2009",2009,8,27,0,0,0,0,0,0,0,0,102,0,0,0,0,0,0,0,0,0,30,0,0,850,0,0,0,1,0,0,0,0,0,0,0,0,0,0,0,9,9,0,96,0,17,3,0,0,2,0,182,0,0,0,0,2,26,0,0,0,0,0,65,0,0,0,5,2,0,0,0,433,0,0,0,0,0,0,2,48,0,49,44,9,0,0,0,0,0,0,12,3,0,3,0,0,0,1,5,90,0,0,2,0,3,0,0,0,43,0,0,0,70,0,0,0,0,0,13,0,0,0,13,0,107,0,0,0,0,0,0,0,0,0,0,0,0,0
"LUX_027_MZB_LO_2","LUX_027_MZB_LO_2-26.08.2011","26.08.2011",2011,8,26,0,1,0,0,0,0,0,0,123,0,0,0,0,0,0,0,0,0,2,0,5,503,1,0,0,0,0,0,0,0,0,0,0,0,0,0,0,1,12,0,92,0,2,9,0,0,4,0,219,0,0,12,0,0,0,0,0,0,0,0,73,0,0,0,0,16,1,0,0,314,0,0,0,2,0,0,0,45,0,47,10,2,0,0,0,0,0,0,0,9,0,17,0,0,0,0,0,30,0,0,1,0,0,0,0,0,1,0,0,0,56,0,0,0,0,0,1,0,0,1,12,0,56,0,0,0,0,2,0,0,0,4,0,1,0,0
"LUX_027_MZB_LO_2","LUX_027_MZB_LO_2-29.08.2012","29.08.2012",2012,8,29,0,0,0,0,3,0,0,0,383,0,0,0,0,0,0,0,0,0,0,0,2,148,0,0,0,0,0,0,0,0,0,0,0,0,0,0,0,6,3,0,34,0,32,7,0,0,1,0,22,0,0,0,0,0,0,3,0,0,0,0,85,0,0,0,0,2,1,0,0,15,0,0,0,0,1,0,0,30,0,57,12,14,0,0,0,0,0,0,0,2,0,2,0,0,0,0,3,12,0,0,0,0,0,0,0,0,22,0,0,0,26,0,0,0,0,0,19,0,0,5,8,0,110,0,0,0,0,0,0,0,0,0,0,0,0,2
"LUX_027_MZB_LO_2","LUX_027_MZB_LO_2-12.09.2013","12.09.2013",2013,9,12,0,0,0,0,3,0,0,1,30,0,0,0,1,0,0,0,0,0,1,0,6,271,0,1,0,0,0,0,0,0,0,0,0,0,0,0,0,0,9,0,41,0,0,37,0,0,1,0,155,0,0,0,1,0,8,1,0,0,0,0,284,0,0,0,0,25,0,0,0,6,0,0,0,0,0,0,12,145,0,35,13,29,1,0,0,0,0,0,0,2,1,10,0,0,0,0,5,41,0,0,2,0,2,0,0,0,3,0,0,0,47,0,0,0,0,0,6,0,0,9,14,7,45,0,0,0,0,0,0,0,0,1,0,0,0,0
"LUX_027_MZB_LO_2","LUX_027_MZB_LO_2-03.10.2014","03.10.2014",2014,10,3,0,0,0,0,0,0,0,0,56,1,0,0,0,0,0,0,0,0,1,0,7,358,1,0,0,0,0,0,0,0,0,0,0,0,1,0,0,1,3,0,36,0,1,14,0,0,1,0,60,0,0,0,0,0,0,12,0,0,0,0,130,0,0,0,1,2,1,0,0,88,0,0,0,0,0,0,0,111,0,21,0,2,0,0,0,0,7,0,0,8,0,16,0,0,0,0,6,22,0,0,0,0,4,0,0,0,9,0,0,0,32,0,0,0,0,0,11,0,0,4,8,0,1,0,1,0,0,1,0,0,0,0,0,0,0,0
"LUX_027_MZB_LO_2","LUX_027_MZB_LO_2-05.10.2015","05.10.2015",2015,10,5,0,0,0,0,0,0,0,0,71,0,0,0,0,0,0,0,0,0,1,0,9,239,0,0,0,0,0,0,0,0,0,0,0,0,1,0,0,1,12,0,66,0,0,13,0,0,2,0,83,0,0,1,0,0,1,20,0,0,0,1,25,0,0,0,13,6,0,0,0,37,0,0,0,0,0,0,4,177,0,28,5,11,3,0,0,0,0,0,0,25,0,6,0,0,0,0,19,158,0,0,5,0,0,0,0,0,9,0,0,16,41,0,0,0,0,0,4,0,0,24,75,4,29,0,0,0,0,0,0,0,0,0,0,0,0,0
"LUX_027_MZB_LO_2","LUX_027_MZB_LO_2-06.10.2016","06.10.2016",2016,10,6,0,0,0,0,0,0,0,2,30,0,0,0,0,0,0,0,0,0,1,0,0,13,2,0,0,0,0,0,0,0,0,0,0,0,0,0,0,1,4,0,19,0,0,4,0,0,1,0,190,0,0,2,0,0,1,2,0,0,0,0,269,0,0,0,0,6,0,0,0,20,0,0,0,0,0,0,0,193,0,21,0,9,0,0,0,0,3,0,0,2,0,6,0,0,0,0,4,80,0,0,3,0,2,0,0,0,0,0,0,0,25,0,0,0,0,0,4,0,0,21,10,1,20,0,0,0,0,0,0,0,0,0,0,0,0,0
"LUX_027_MZB_LO_2","LUX_027_MZB_LO_2-22.09.2017","22.09.2017",2017,9,22,0,0,0,0,0,0,0,0,80,0,0,0,0,0,0,0,0,0,3,0,8,453,2,0,0,0,0,0,0,0,0,0,0,0,0,0,0,1,17,0,41,0,0,16,0,0,4,0,44,0,0,0,0,0,23,2,0,0,0,0,23,0,0,0,2,7,0,0,0,53,0,0,0,0,0,0,12,270,0,14,46,2,0,0,0,0,0,0,0,13,0,1,0,0,0,0,16,216,0,0,3,0,1,0,0,0,12,0,0,10,29,0,0,0,0,0,0,0,0,30,48,18,14,0,1,1,0,0,0,0,0,1,0,0,0,0
"LUX_027_MZB_LO_20","LUX_027_MZB_LO_20-24.08.2007","24.08.2007",2007,8,24,0,0,0,0,0,3,0,0,387,0,0,0,0,0,0,0,0,0,0,0,0,570,0,0,0,0,0,0,0,0,0,0,1,0,0,0,0,0,0,0,200,0,0,9,0,0,0,0,33,0,0,0,0,0,0,0,0,0,0,0,0,0,0,0,0,0,0,0,0,109,30,0,0,0,0,0,0,0,0,0,0,18,0,0,0,0,0,0,4,8,0,0,0,0,0,0,0,87,0,0,0,0,0,0,0,0,0,0,0,0,0,0,0,0,0,0,5,0,0,0,0,0,153,0,46,0,0,2,0,0,0,8,0,0,0,0
"LUX_027_MZB_LO_20","LUX_027_MZB_LO_20-25.08.2008","25.08.2008",2008,8,25,0,0,0,0,0,9,0,0,90,0,0,0,0,0,0,0,0,0,0,0,0,22,0,0,0,0,0,0,0,0,0,0,0,0,0,0,0,0,0,0,60,3,0,1,0,0,0,0,52,0,0,0,0,0,0,0,0,0,0,0,0,0,0,0,0,1,0,0,0,78,4,0,0,0,0,0,1,0,0,4,0,10,0,0,0,0,0,0,8,0,0,0,0,0,0,0,0,29,0,0,0,0,0,0,0,0,0,0,0,0,2,0,0,1,0,0,18,0,0,0,0,0,17,0,3,0,0,0,0,0,0,0,0,0,0,0
"LUX_027_MZB_LO_20","LUX_027_MZB_LO_20-26.08.2009","26.08.2009",2009,8,26,0,0,0,0,0,3,0,0,274,0,0,0,0,0,0,0,0,0,0,0,0,161,0,0,0,0,0,0,0,0,0,0,1,0,0,0,0,0,0,0,32,5,0,3,0,6,0,0,279,0,0,0,0,0,0,0,0,0,0,0,1,0,0,0,2,0,0,0,1,222,12,0,0,0,0,0,0,2,0,0,0,4,1,0,0,0,0,0,0,1,0,0,0,0,0,0,0,118,0,0,0,0,0,0,0,0,0,0,0,0,17,0,0,0,0,0,51,0,0,0,0,0,28,0,0,0,0,0,1,0,0,1,0,0,0,0
"LUX_027_MZB_LO_20","LUX_027_MZB_LO_20-29.08.2011","29.08.2011",2011,8,29,0,0,0,0,0,52,1,0,659,0,0,0,0,0,0,0,0,0,1,0,1,387,0,0,0,0,0,0,0,0,0,0,0,0,0,0,0,8,0,0,89,2,163,8,0,0,0,0,519,0,0,0,0,0,2,0,0,0,0,0,0,0,0,0,4,0,4,0,0,117,65,0,0,0,0,0,0,6,0,0,0,7,0,0,0,0,0,0,15,11,1,0,0,0,0,0,0,203,0,0,0,0,0,0,0,0,9,0,0,0,8,0,1,1,0,0,26,0,0,1,1,0,329,0,21,0,0,0,0,0,0,26,0,0,0,0
"LUX_027_MZB_LO_20","LUX_027_MZB_LO_20-28.08.2012","28.08.2012",2012,8,28,0,0,0,0,0,3,0,0,1209,0,0,0,0,0,0,0,0,0,0,0,0,505,0,0,0,0,0,0,0,0,0,0,0,0,0,0,0,0,1,0,10,2,14,0,0,0,0,0,533,0,0,0,0,0,2,0,0,0,0,0,0,0,0,0,0,0,0,0,1,21,59,0,0,0,1,0,0,0,0,0,0,33,0,0,0,0,0,0,0,4,1,0,0,0,0,0,0,230,0,0,0,0,0,0,0,0,1,0,0,0,3,0,0,0,0,0,28,0,0,0,0,0,393,0,4,0,0,0,0,0,0,0,0,0,0,0
"LUX_027_MZB_LO_20","LUX_027_MZB_LO_20-19.09.2013","19.09.2013",2013,9,19,0,0,0,0,1,0,0,0,833,0,0,0,0,0,0,0,0,0,0,0,2,144,0,0,0,0,0,0,0,0,0,0,0,0,0,0,0,2,0,0,44,1,78,3,0,0,0,0,558,0,0,0,0,0,6,1,0,0,0,0,0,0,0,0,1,0,2,0,0,55,3,0,0,0,0,0,0,8,0,0,0,9,0,0,0,0,3,0,8,6,0,0,0,0,0,0,0,92,0,0,0,0,0,0,0,0,0,0,0,0,2,0,1,0,0,0,12,0,0,0,0,0,66,0,0,0,0,0,0,0,0,5,0,0,0,0
"LUX_027_MZB_LO_20","LUX_027_MZB_LO_20-01.10.2014","01.10.2014",2014,10,1,0,0,0,0,0,0,0,0,282,0,0,0,0,0,0,0,0,5,0,0,0,378,0,0,0,0,0,0,0,0,0,0,0,0,0,0,0,3,0,0,192,2,129,7,0,0,0,0,1227,0,0,0,0,0,7,0,0,0,0,0,0,0,0,0,3,0,1,0,0,96,48,0,0,0,1,0,0,1,0,0,0,33,0,0,0,0,2,0,0,10,0,0,0,0,0,0,0,192,0,0,0,0,0,0,0,0,7,0,0,0,0,0,0,1,0,0,16,0,0,0,0,0,22,0,0,0,0,0,0,0,0,0,0,0,0,0
"LUX_027_MZB_LO_20","LUX_027_MZB_LO_20-02.10.2015","02.10.2015",2015,10,2,0,0,0,0,0,0,0,0,37,0,0,0,0,0,0,0,0,2,2,0,0,59,0,0,0,0,0,0,0,0,0,0,0,0,0,0,0,5,0,0,121,1,90,2,0,0,0,0,479,0,0,0,0,0,3,0,0,0,0,0,1,0,0,0,0,0,0,0,0,76,3,0,0,0,0,0,0,22,0,0,0,7,0,0,0,0,141,0,0,7,0,0,0,0,0,0,0,170,0,0,0,0,0,0,0,0,0,0,0,0,2,0,0,0,0,0,13,0,0,0,0,0,0,0,3,0,0,0,0,0,0,1,0,0,0,0
"LUX_027_MZB_LO_20","LUX_027_MZB_LO_20-11.10.2016","11.10.2016",2016,10,11,0,0,0,0,0,0,1,0,134,0,0,0,0,0,0,0,0,2,0,0,0,74,0,0,0,0,0,0,0,0,0,0,0,0,0,0,0,3,0,0,100,10,77,11,0,0,1,0,952,0,0,0,0,0,1,0,0,0,0,0,0,0,0,0,1,0,2,0,0,187,8,0,0,0,0,0,0,15,0,0,0,61,0,0,0,0,0,0,0,4,0,5,0,0,0,0,0,142,0,0,0,0,0,0,0,0,1,0,0,0,0,0,0,1,0,0,50,0,0,0,0,0,17,0,0,0,0,0,0,0,0,1,0,0,0,0
"LUX_027_MZB_LO_20","LUX_027_MZB_LO_20-26.09.2017","26.09.2017",2017,9,26,0,0,0,0,0,0,0,0,235,0,0,0,0,0,0,0,0,1,3,0,0,225,0,0,0,0,0,0,0,0,0,0,0,0,0,0,0,8,1,0,410,2,744,8,0,0,1,0,1737,0,0,0,0,0,2,3,0,0,0,0,0,0,0,0,1,0,1,0,0,246,64,0,0,1,0,0,0,6,0,0,0,39,0,0,0,0,56,0,0,5,0,6,0,0,0,0,0,83,0,0,0,0,0,0,0,0,6,0,0,0,0,0,0,4,0,0,12,0,0,0,0,0,2,0,1,0,0,0,0,0,0,1,0,0,0,0
"LUX_027_MZB_LO_3","LUX_027_MZB_LO_3-17.08.2007","17.08.2007",2007,8,17,0,0,0,0,0,0,0,1,753,0,0,0,0,0,0,0,0,4,0,0,1,402,0,0,0,0,0,0,0,0,0,0,0,0,0,0,0,0,0,0,138,0,33,6,0,0,5,0,71,0,0,0,0,0,148,0,0,0,0,0,2,1,0,0,7,17,4,0,0,96,0,1,0,0,0,1,0,3,0,50,2,56,0,0,0,0,0,7,0,16,0,3,0,0,0,0,0,208,0,0,0,0,0,0,0,0,17,0,0,1,7,0,0,0,0,0,56,0,0,1,0,0,476,0,1,0,0,0,0,0,0,0,0,0,0,0
"LUX_027_MZB_LO_3","LUX_027_MZB_LO_3-18.08.2008","18.08.2008",2008,8,18,0,0,0,0,0,0,0,1,617,0,0,0,0,0,0,0,0,4,2,0,0,3052,0,0,0,0,0,0,0,0,0,0,0,0,0,0,0,0,1,0,408,3,13,1,0,0,19,0,25,0,0,0,0,1,114,0,0,0,0,0,0,0,0,0,5,16,26,0,0,212,3,3,0,0,0,5,0,0,0,35,2,57,1,0,0,0,0,0,0,15,0,1,0,0,0,0,0,206,0,0,0,0,0,0,0,0,4,0,0,0,4,0,6,0,0,0,25,0,0,0,0,0,587,0,105,0,0,0,0,0,0,3,0,0,0,0
"LUX_027_MZB_LO_3","LUX_027_MZB_LO_3-18.08.2009","18.08.2009",2009,8,18,0,0,0,0,0,0,0,0,286,0,0,0,0,0,0,0,0,1,0,0,0,1094,0,0,0,0,0,0,0,0,0,0,0,0,0,0,0,1,0,0,316,12,12,1,0,0,1,0,10,0,0,1,3,0,71,0,0,0,0,0,1,0,0,0,12,13,3,0,0,328,55,0,0,0,0,8,3,13,0,51,16,25,1,0,0,0,3,0,0,1,0,1,0,2,0,0,0,144,0,0,0,0,0,0,0,0,2,0,0,0,0,0,35,0,0,0,23,0,0,0,14,0,85,0,20,0,0,0,0,0,0,5,0,0,0,0
"LUX_027_MZB_LO_3","LUX_027_MZB_LO_3-23.08.2011","23.08.2011",2011,8,23,11,0,0,0,6,0,0,10,28,0,0,0,0,0,0,0,0,5,0,0,0,533,0,0,0,0,0,0,0,0,0,0,0,0,0,0,0,0,0,0,287,0,1,13,0,11,2,0,0,0,0,0,2,0,36,23,0,1,0,0,1,0,0,0,19,8,336,0,0,9,0,0,0,0,0,0,3,11,0,13,1,0,11,0,0,0,27,0,0,1,0,0,1,0,0,0,0,58,0,0,0,0,0,0,0,0,87,0,0,0,0,0,1,0,0,0,1,0,0,28,0,4,2,0,1,0,0,0,0,0,0,11,0,0,0,0
"LUX_027_MZB_LO_3","LUX_027_MZB_LO_3-27.08.2012","27.08.2012",2012,8,27,0,0,0,0,1,0,0,1,553,0,0,0,0,0,0,0,0,17,2,0,0,494,0,0,0,0,0,0,0,0,0,0,0,0,1,0,0,0,1,0,102,0,27,7,0,1,5,0,1,0,0,1,5,1,12,0,0,0,0,0,2,0,0,0,10,3,211,0,0,19,0,0,0,0,0,1,0,3,0,13,0,2,6,0,0,0,16,0,0,5,0,0,0,0,0,0,0,138,0,0,0,0,0,0,0,0,200,0,0,0,3,0,1,0,0,0,4,0,0,0,1,4,885,0,1,0,0,0,0,0,0,0,0,0,0,0
"LUX_027_MZB_LO_3","LUX_027_MZB_LO_3-16.09.2013","16.09.2013",2013,9,16,0,0,0,0,1,0,0,2,9,0,0,2,0,0,0,0,0,4,0,0,3,963,0,0,0,0,0,0,0,0,0,0,0,0,0,0,0,0,2,0,347,1,3,18,0,0,5,0,15,0,0,3,2,3,13,11,0,0,0,0,13,1,0,0,21,7,162,0,0,177,0,0,0,0,0,0,4,14,0,1,0,7,47,0,0,0,24,0,6,5,0,0,1,0,0,0,0,279,0,0,0,0,0,0,0,0,58,0,0,0,0,0,0,0,0,0,67,0,3,0,2,16,104,0,0,0,0,1,0,0,0,9,0,0,0,0
"LUX_027_MZB_LO_3","LUX_027_MZB_LO_3-01.10.2014","01.10.2014",2014,10,1,0,0,0,0,0,0,0,1,76,0,0,0,0,0,0,0,0,0,0,0,4,590,0,0,0,0,0,0,0,0,1,0,0,0,0,0,0,0,0,0,533,0,2,109,0,0,1,0,2,0,0,0,1,11,22,26,0,0,0,0,4,0,0,0,5,8,779,0,0,99,0,0,0,0,0,2,2,19,0,0,0,7,130,0,0,0,214,0,0,7,0,1,0,0,0,0,0,280,0,0,0,0,3,0,0,0,145,0,0,0,4,0,0,0,0,0,20,0,0,0,1,15,120,0,0,1,0,0,0,0,0,0,0,0,0,0
"LUX_027_MZB_LO_3","LUX_027_MZB_LO_3-21.09.2015","21.09.2015",2015,9,21,8,0,0,0,0,0,0,4,7,0,0,0,0,0,0,0,0,0,0,0,0,41,0,1,0,0,0,0,0,0,0,0,0,0,0,0,0,0,0,0,48,0,0,22,0,0,2,0,0,0,0,0,3,0,0,0,0,1,0,0,0,0,0,0,0,2,278,0,0,8,1,0,0,0,0,0,1,0,0,0,1,1,1,0,0,0,1,0,0,2,0,0,0,0,0,0,0,342,0,0,0,0,0,0,0,0,3,0,0,0,0,0,1,0,0,0,0,0,0,0,1,6,13,0,2,0,0,3,0,0,0,2,0,0,0,0
"LUX_027_MZB_LO_3","LUX_027_MZB_LO_3-04.10.2016","04.10.2016",2016,10,4,0,0,0,0,0,0,0,0,113,0,0,0,0,0,0,0,0,0,0,0,0,85,0,0,0,0,0,0,0,0,1,0,0,0,1,0,0,0,0,0,214,0,3,48,0,0,0,0,18,0,0,1,0,0,4,3,0,0,0,0,2,0,0,0,3,12,151,0,0,18,0,0,0,0,0,0,0,44,0,1,0,44,0,0,2,0,0,0,0,1,0,0,0,0,0,0,0,33,0,0,0,0,3,0,0,0,8,1,0,2,12,0,0,0,0,0,2,0,0,0,1,1,168,0,0,0,0,0,0,0,0,1,0,0,0,0
"LUX_027_MZB_LO_3","LUX_027_MZB_LO_3-21.09.2017","21.09.2017",2017,9,21,0,0,0,0,0,0,0,0,18,0,0,0,0,0,0,0,0,0,0,0,1,163,0,0,0,0,0,0,0,1,2,0,0,0,0,0,0,0,0,0,376,0,0,54,0,0,1,0,7,0,0,0,0,0,109,4,0,0,0,0,0,0,0,0,6,24,953,0,0,24,2,0,0,0,0,0,1,27,0,3,0,5,3,0,0,0,48,0,0,4,0,0,0,0,0,0,0,250,0,0,0,0,0,0,0,0,122,0,0,0,9,0,0,0,0,0,1,0,1,0,0,0,0,0,0,0,0,1,0,0,0,1,0,0,0,0
"LUX_027_MZB_LO_4","LUX_027_MZB_LO_4-28.08.2007","28.08.2007",2007,8,28,0,0,0,0,0,0,0,38,124,0,0,0,0,0,0,0,0,0,13,0,0,319,1,0,1,1,0,1,0,0,0,0,0,0,1,0,0,4,10,0,136,0,87,11,0,0,0,0,1,0,0,0,1,0,5,0,0,0,0,0,134,0,0,0,2,8,0,0,0,63,0,0,0,0,0,0,0,200,0,79,0,1,0,0,0,0,3,1,0,30,0,74,0,1,0,0,4,87,0,0,0,0,4,2,0,0,19,0,0,43,2,0,0,1,0,0,2,0,0,9,172,0,666,0,0,0,0,1,0,0,0,0,0,0,0,0
"LUX_027_MZB_LO_4","LUX_027_MZB_LO_4-27.08.2008","27.08.2008",2008,8,27,0,0,0,0,0,0,0,7,56,0,0,0,0,0,0,0,0,0,0,0,7,228,0,0,0,0,0,0,0,0,0,0,0,0,7,0,0,0,8,0,219,0,26,26,0,0,0,0,0,0,0,0,0,0,5,0,0,0,0,0,87,0,0,0,0,4,0,0,0,15,0,0,0,0,0,0,0,322,0,32,0,0,0,0,0,0,0,0,0,0,0,36,0,0,1,0,5,27,0,0,0,0,0,0,0,0,0,0,0,3,0,0,0,0,0,0,29,0,0,0,50,0,111,0,0,0,0,0,0,0,0,0,0,0,0,0
"LUX_027_MZB_LO_4","LUX_027_MZB_LO_4-27.08.2009","27.08.2009",2009,8,27,0,0,0,0,0,0,0,42,31,0,0,0,0,0,0,0,0,0,0,0,0,76,0,0,0,0,0,0,0,0,0,0,0,0,3,0,0,0,6,0,62,2,3,4,0,0,0,0,1,0,0,7,0,15,5,0,0,0,0,0,20,0,0,0,2,5,0,0,1,23,0,0,0,0,0,0,0,59,0,3,4,1,0,0,0,0,0,0,0,0,0,35,0,0,0,0,1,41,0,0,0,0,0,8,0,0,22,0,0,5,1,0,0,0,0,0,8,0,0,0,26,0,17,0,17,0,0,0,0,0,0,0,0,0,0,0
"LUX_027_MZB_LO_4","LUX_027_MZB_LO_4-26.08.2011","26.08.2011",2011,8,26,0,0,0,0,0,0,0,23,88,0,0,0,0,0,0,0,0,1,0,0,7,156,0,0,0,0,0,0,0,0,0,0,0,0,3,0,0,0,0,0,128,0,0,8,0,0,0,0,0,0,0,0,2,0,23,0,0,0,0,0,51,0,0,0,4,14,0,0,2,31,0,0,0,0,0,2,0,275,0,20,0,0,3,0,0,0,0,6,0,9,1,36,0,0,0,0,0,66,0,0,1,0,1,19,0,0,71,0,0,25,1,0,0,0,0,0,2,0,0,62,69,1,17,0,0,0,0,0,0,0,0,2,0,0,0,0
"LUX_027_MZB_LO_4","LUX_027_MZB_LO_4-29.08.2012","29.08.2012",2012,8,29,0,0,0,0,0,0,0,13,307,0,0,0,0,0,1,0,0,0,4,0,0,190,1,0,0,0,0,0,0,0,0,0,0,0,0,0,0,0,0,0,168,0,0,6,0,0,0,0,0,0,0,0,0,0,16,0,0,0,0,0,103,0,0,0,28,19,0,0,0,7,0,0,0,0,0,0,0,121,0,24,2,4,0,0,0,0,0,0,0,0,0,145,0,0,0,0,0,21,0,0,0,0,10,0,0,0,51,0,0,23,0,0,0,0,0,0,20,0,0,8,17,1,908,0,0,0,0,0,0,0,0,0,0,0,0,0
"LUX_027_MZB_LO_4","LUX_027_MZB_LO_4-17.09.2013","17.09.2013",2013,9,17,0,0,0,0,2,0,0,13,30,0,0,0,0,0,0,0,0,0,0,0,10,262,0,0,0,0,0,0,0,0,0,0,0,0,1,0,0,32,2,0,122,1,0,7,0,0,1,0,0,0,0,0,0,2,11,0,0,0,0,0,176,1,0,0,26,10,0,0,0,32,0,0,0,0,0,17,1,280,0,52,0,2,0,0,0,0,0,0,0,5,0,48,0,0,0,0,0,36,0,0,1,0,9,11,0,0,0,0,0,0,2,0,1,3,0,0,17,0,0,12,45,1,67,0,0,0,0,0,0,0,0,1,0,0,0,0
"LUX_027_MZB_LO_4","LUX_027_MZB_LO_4-14.10.2014","14.10.2014",2014,10,14,0,0,0,0,0,0,0,39,62,0,0,0,0,0,2,0,0,0,0,0,2,103,2,0,0,0,0,0,0,0,2,0,0,0,1,0,0,0,0,0,45,0,3,12,0,0,0,0,0,0,0,0,0,3,11,0,0,0,0,0,77,0,0,0,9,15,0,0,0,92,0,0,0,0,0,6,0,166,0,87,0,5,0,0,0,0,2,0,0,6,0,63,0,0,0,0,0,51,0,0,1,0,10,1,0,0,69,0,0,43,0,0,1,0,0,0,4,0,0,17,45,2,16,0,0,0,0,0,0,0,0,0,0,0,0,0
"LUX_027_MZB_LO_4","LUX_027_MZB_LO_4-30.09.2015","30.09.2015",2015,9,30,0,0,0,0,2,0,0,11,7,0,0,0,0,0,0,0,0,0,0,0,0,48,0,0,0,0,0,0,0,1,0,0,0,0,1,0,0,0,0,0,43,0,1,13,0,0,0,0,0,0,0,2,0,0,1,0,0,0,0,0,17,1,0,0,12,14,0,0,0,139,0,0,0,0,0,15,2,189,0,112,1,0,1,0,0,0,1,0,0,1,0,76,0,0,0,0,0,105,0,0,1,0,3,34,0,0,61,0,0,50,1,0,2,2,0,0,3,0,0,35,40,0,13,0,1,0,0,0,0,0,0,3,0,0,0,0
"LUX_027_MZB_LO_4","LUX_027_MZB_LO_4-06.10.2016","06.10.2016",2016,10,6,0,0,0,0,0,0,0,4,16,0,0,0,0,0,0,0,0,0,0,0,0,16,2,0,0,0,0,0,0,0,3,0,0,0,4,0,0,0,0,0,7,0,0,9,0,0,0,0,0,0,0,0,0,6,5,0,0,0,0,0,149,0,0,0,4,2,0,0,0,17,0,0,0,0,0,1,0,158,0,27,1,2,0,0,1,0,1,0,0,0,0,30,0,0,0,0,0,34,0,0,0,0,5,30,0,0,3,0,0,14,0,0,0,0,0,0,7,0,1,18,18,0,14,0,0,0,0,0,0,0,0,0,0,0,0,0
"LUX_027_MZB_LO_4","LUX_027_MZB_LO_4-25.09.2017","25.09.2017",2017,9,25,0,0,0,0,0,0,0,6,74,0,0,0,0,0,0,0,0,0,0,0,1,62,1,0,0,0,0,0,0,0,3,0,0,0,0,0,0,0,2,0,42,0,0,21,0,0,0,0,1,0,0,0,1,1,2,1,0,0,0,0,44,0,0,0,4,10,0,0,0,59,0,0,0,0,0,3,1,133,0,75,0,1,0,0,0,0,0,0,0,3,0,197,0,0,0,0,1,110,0,0,1,0,3,51,0,0,23,0,0,58,7,0,0,1,0,0,3,0,0,5,176,0,7,0,1,0,0,0,0,0,0,1,0,0,0,0
"LUX_027_MZB_LO_5","LUX_027_MZB_LO_5-29.08.2007","29.08.2007",2007,8,29,0,0,0,0,0,0,0,4,250,0,0,0,0,0,0,0,0,1,0,0,5,150,0,0,0,0,0,0,0,0,0,0,0,0,0,0,0,0,10,0,102,0,16,6,0,0,6,0,0,0,0,1,1,34,16,2,1,0,0,0,11,0,1,0,5,5,2,0,0,60,0,0,0,0,0,418,0,10,0,43,2,2,0,0,0,0,0,2,1,12,0,1,0,0,0,0,0,69,0,0,0,0,0,0,0,0,1,0,0,0,17,0,0,0,0,0,26,0,0,1,22,0,865,0,1,0,0,1,0,0,0,0,0,0,0,0
"LUX_027_MZB_LO_5","LUX_027_MZB_LO_5-19.08.2008","19.08.2008",2008,8,19,0,0,0,0,0,0,0,3,255,0,0,0,0,5,0,0,0,10,7,0,2,286,0,0,0,0,0,0,0,0,0,0,0,0,0,0,0,0,3,0,209,0,4,7,0,0,7,0,2,0,0,0,0,2,0,1,0,0,0,0,21,0,0,0,1,3,0,0,0,44,0,0,0,0,0,46,0,67,0,118,12,0,2,0,0,0,0,0,0,0,0,203,0,0,0,0,0,90,0,0,0,0,1,0,0,0,0,0,0,0,8,0,0,0,0,0,9,0,0,0,70,0,65,0,0,0,0,1,0,0,0,0,0,0,0,0
"LUX_027_MZB_LO_5","LUX_027_MZB_LO_5-21.08.2009","21.08.2009",2009,8,21,0,0,0,0,0,0,0,5,23,0,0,0,0,1,0,0,0,0,2,0,0,348,0,0,0,0,0,0,0,0,0,0,0,0,0,0,0,0,7,0,173,0,2,19,0,0,40,0,0,0,0,1,0,4,0,0,0,0,0,0,0,0,0,0,1,4,0,0,0,44,0,0,0,0,0,177,4,1,0,115,3,2,30,0,0,0,1,0,2,0,0,0,0,0,0,0,4,201,0,0,2,0,0,0,0,0,21,0,0,0,55,0,0,0,0,0,12,0,0,0,12,2,0,0,1,0,0,3,0,0,0,0,0,0,0,0
"LUX_027_MZB_LO_5","LUX_027_MZB_LO_5-17.08.2011","17.08.2011",2011,8,17,0,0,0,0,0,0,0,0,359,0,0,0,0,9,0,0,0,1,7,0,8,537,0,0,0,0,0,0,0,0,0,0,0,0,0,0,0,8,1,0,684,0,60,15,0,1,16,0,0,0,0,0,4,100,7,2,0,0,0,0,77,0,0,1,6,11,0,1,0,168,0,0,0,0,0,101,4,14,0,120,3,6,6,0,0,0,4,0,0,3,0,12,0,0,0,0,17,213,0,0,3,0,1,0,0,0,45,0,0,0,34,0,0,0,0,0,30,0,11,0,51,1,203,0,5,0,0,5,0,0,0,20,1,0,0,0
"LUX_027_MZB_LO_5","LUX_027_MZB_LO_5-27.08.2012","27.08.2012",2012,8,27,0,0,0,0,0,0,0,1,314,0,0,1,0,68,0,0,0,12,3,0,3,489,0,0,0,0,0,0,0,0,0,0,0,0,0,0,0,1,1,0,187,0,23,8,0,4,2,0,2,0,0,0,0,1,1,0,0,0,0,0,110,0,0,0,1,8,0,0,0,24,0,0,0,0,0,27,0,16,0,106,1,15,3,0,0,0,0,0,0,1,0,46,0,2,0,0,2,153,0,0,0,0,1,0,0,0,16,0,0,0,12,0,0,0,0,0,33,0,0,0,14,0,113,0,0,9,0,0,0,0,0,0,0,0,0,1
"LUX_027_MZB_LO_5","LUX_027_MZB_LO_5-12.09.2013","12.09.2013",2013,9,12,0,0,0,0,0,0,0,1,181,0,0,0,0,5,0,0,0,2,53,0,2,387,0,0,0,0,0,1,0,0,0,0,0,0,0,0,0,0,12,0,80,0,82,57,0,0,10,0,100,0,0,0,0,12,62,0,0,0,0,0,67,0,0,1,3,6,0,0,0,98,0,0,0,0,0,57,18,50,0,35,3,2,2,0,0,0,5,0,0,7,0,10,0,0,0,0,3,346,0,0,4,0,2,0,0,0,8,0,0,0,128,0,0,1,1,0,10,0,0,0,18,0,6,0,0,0,0,0,0,0,0,6,0,0,0,0
"LUX_027_MZB_LO_5","LUX_027_MZB_LO_5-25.09.2014","25.09.2014",2014,9,25,0,0,0,0,0,0,0,5,465,0,0,0,0,35,0,0,0,0,4,0,2,522,0,0,0,0,0,0,0,0,1,0,0,0,0,0,0,2,5,0,114,0,90,4,0,0,9,0,6,0,0,0,1,10,12,6,0,0,0,0,60,0,0,0,5,8,0,0,0,195,0,0,0,0,0,6,5,29,0,30,2,2,8,0,0,0,10,0,0,2,1,6,0,0,0,0,9,61,0,0,10,0,0,0,0,0,23,0,0,0,22,0,0,0,0,0,34,0,3,1,87,0,46,0,1,0,0,1,0,0,0,0,0,0,0,0
"LUX_027_MZB_LO_5","LUX_027_MZB_LO_5-05.10.2015","05.10.2015",2015,10,5,0,0,0,0,0,0,0,0,421,0,0,0,0,463,0,0,0,0,8,0,3,825,0,0,0,0,0,0,0,0,0,0,0,0,0,0,0,5,5,0,61,0,67,23,0,0,16,0,16,0,0,0,5,15,18,4,0,0,0,0,24,0,0,0,0,10,0,0,0,353,0,0,0,0,0,10,34,53,0,10,2,5,13,0,12,0,21,0,0,68,0,6,0,0,0,0,6,487,0,0,7,0,0,0,0,0,1,0,0,0,27,0,0,1,1,1,30,0,0,0,106,1,30,0,4,0,0,11,0,0,0,0,0,0,0,0
"LUX_027_MZB_LO_5","LUX_027_MZB_LO_5-16.10.2016","16.10.2016",2016,10,16,0,0,0,0,0,0,0,3,57,0,0,0,0,819,0,0,0,0,25,0,0,319,0,0,0,1,0,0,0,0,0,0,0,0,0,0,0,1,13,0,71,0,32,41,0,0,25,0,16,0,0,0,0,1,7,7,0,0,0,0,176,0,0,0,0,1,1,0,0,390,0,0,0,0,0,75,9,102,0,12,2,3,29,0,0,0,1,0,0,4,0,17,0,0,0,1,1,46,0,0,4,0,0,0,0,0,27,0,0,0,63,0,0,0,0,0,28,0,0,0,24,0,13,0,0,0,0,5,0,0,0,1,0,0,0,0
"LUX_027_MZB_LO_5","LUX_027_MZB_LO_5-25.09.2017","25.09.2017",2017,9,25,0,0,0,0,0,0,0,0,78,0,0,0,0,935,0,0,0,0,16,0,1,209,0,0,0,0,0,0,0,0,0,0,0,0,0,0,0,1,1,0,124,0,96,13,0,0,15,0,1,0,0,0,0,0,10,6,0,0,0,0,7,0,0,0,0,1,5,0,0,83,0,0,0,0,0,0,3,7,0,6,0,0,139,0,0,0,0,0,0,5,0,0,0,0,0,0,1,61,0,0,2,0,0,0,0,0,15,0,0,0,24,0,0,4,0,0,24,0,0,0,99,0,1,0,0,0,0,3,0,0,0,1,0,0,0,0
"LUX_027_MZB_LO_6","LUX_027_MZB_LO_6-27.08.2007","27.08.2007",2007,8,27,0,0,0,0,0,0,0,0,40,0,0,0,0,0,0,0,0,0,0,0,3,191,0,0,0,0,0,0,0,0,0,0,0,0,0,0,0,0,0,0,4,1,6,6,0,0,21,0,0,0,0,0,0,0,50,0,0,0,0,0,0,0,0,0,0,0,128,0,0,26,0,0,0,0,0,28,3,0,0,21,0,6,0,0,0,0,0,0,7,5,0,0,0,0,0,0,0,282,0,0,0,0,0,0,0,0,18,0,0,0,25,0,3,3,0,0,29,0,0,0,11,0,65,0,0,0,0,0,0,0,0,9,0,0,0,0
"LUX_027_MZB_LO_6","LUX_027_MZB_LO_6-21.08.2008","21.08.2008",2008,8,21,0,0,0,0,0,0,0,0,277,0,0,0,0,0,0,0,0,0,2,0,1,500,0,0,0,0,0,0,0,0,0,0,0,0,0,0,0,0,0,0,67,0,27,6,0,0,1,0,0,0,0,1,0,0,53,0,0,0,0,0,1,0,0,0,1,1,39,0,0,212,0,0,0,0,0,8,2,7,0,32,0,2,0,0,0,0,0,0,0,3,0,0,0,0,0,0,0,97,0,0,0,0,0,0,0,0,15,0,0,0,16,0,2,0,0,0,19,0,0,0,0,0,43,0,1,0,0,0,0,0,0,0,0,0,0,0
"LUX_027_MZB_LO_6","LUX_027_MZB_LO_6-19.08.2009","19.08.2009",2009,8,19,0,0,0,0,0,0,0,0,133,0,0,0,0,0,0,0,0,0,23,0,0,1028,0,0,0,0,0,0,0,0,0,0,0,0,0,0,0,2,0,0,45,0,21,4,0,0,0,0,0,0,0,0,0,0,32,0,0,0,0,0,0,0,0,0,4,1,10,0,0,908,4,0,0,0,0,6,0,5,0,8,0,4,0,0,0,0,2,0,0,2,1,2,0,0,0,0,0,151,0,0,0,0,0,0,0,0,18,0,0,0,13,0,2,0,0,0,37,0,0,0,25,0,24,0,3,0,0,0,0,0,0,2,0,0,0,0
"LUX_027_MZB_LO_6","LUX_027_MZB_LO_6-17.08.2011","17.08.2011",2011,8,17,0,0,0,0,0,0,0,0,89,0,0,0,0,0,0,0,0,0,21,0,2,1120,0,0,0,0,0,0,0,0,0,0,0,0,0,0,0,0,1,0,81,0,7,12,0,0,0,0,2,0,0,0,0,0,13,0,0,0,0,0,5,0,0,0,2,1,5,0,0,39,0,0,0,0,0,2,2,10,0,6,0,1,0,0,0,0,6,0,0,5,0,0,1,0,0,0,0,387,0,0,0,0,0,0,0,0,35,0,0,0,164,0,0,0,0,0,12,0,16,0,3,1,16,0,1,0,0,0,0,0,0,1,0,0,0,0
"LUX_027_MZB_LO_6","LUX_027_MZB_LO_6-28.08.2012","28.08.2012",2012,8,28,0,0,0,0,0,0,0,0,1424,0,0,0,0,0,0,0,0,1,12,0,1,1112,0,0,0,0,0,0,0,0,0,0,0,0,0,0,0,0,0,0,55,1,20,30,0,3,0,0,6,1,0,0,0,0,4,1,0,0,0,0,10,0,0,0,1,4,19,0,0,239,1,0,0,0,0,0,1,43,0,10,0,12,0,0,0,0,0,0,1,8,0,3,0,0,0,0,0,270,0,0,0,0,0,0,0,0,76,0,0,0,47,0,0,1,0,0,53,0,1,0,7,0,67,0,1,0,0,0,0,0,0,0,0,0,0,0
"LUX_027_MZB_LO_6","LUX_027_MZB_LO_6-17.09.2013","17.09.2013",2013,9,17,0,0,0,0,4,0,0,0,259,0,0,0,0,0,0,0,0,0,11,0,2,371,0,0,0,0,0,0,0,0,0,0,0,0,0,0,0,1,1,0,69,0,8,21,0,4,0,0,0,0,0,1,0,0,23,10,0,0,0,0,23,0,0,0,0,4,2,0,0,351,0,0,0,0,0,8,3,48,0,9,1,28,1,0,0,0,0,0,0,3,0,1,0,0,0,0,0,221,0,0,0,0,0,0,0,0,105,0,0,0,105,0,0,0,0,0,36,0,1,0,5,0,135,0,0,0,0,0,0,0,0,0,0,0,0,0
"LUX_027_MZB_LO_6","LUX_027_MZB_LO_6-14.10.2014","14.10.2014",2014,10,14,0,0,0,0,0,0,0,1,90,0,0,0,0,0,0,0,0,0,1,0,2,243,0,0,0,0,0,3,0,0,1,0,0,0,0,0,0,0,0,0,160,0,41,15,0,1,1,0,6,0,0,0,0,1,12,25,0,0,0,0,43,0,0,0,1,2,21,0,0,524,5,0,0,2,0,6,9,48,0,0,0,7,3,0,0,0,0,0,1,1,0,3,0,0,0,0,0,219,0,0,0,0,0,0,5,0,142,0,0,0,52,0,0,0,0,0,34,0,0,0,3,0,11,0,29,0,0,1,0,0,0,0,0,0,0,0
"LUX_027_MZB_LO_6","LUX_027_MZB_LO_6-01.10.2015","01.10.2015",2015,10,1,0,0,0,0,1,0,0,4,59,0,0,0,0,0,0,0,0,0,2,0,0,22,0,0,0,0,0,0,0,0,0,0,0,0,0,0,0,0,0,0,87,0,13,31,0,0,8,0,0,0,0,0,0,0,0,6,0,0,0,0,18,0,0,0,1,1,27,0,0,397,0,0,0,0,0,3,0,10,0,3,1,19,0,0,3,0,0,0,0,1,0,1,0,0,0,0,0,296,0,0,0,0,0,0,0,0,6,0,0,0,6,0,0,0,0,0,10,0,0,0,1,0,2,0,2,0,0,0,0,0,0,3,0,0,0,0
"LUX_027_MZB_LO_6","LUX_027_MZB_LO_6-05.10.2016","05.10.2016",2016,10,5,0,0,0,0,0,0,0,2,128,0,0,0,0,0,0,0,0,0,9,0,3,92,0,0,0,0,0,0,0,0,0,0,0,0,0,0,0,0,0,0,352,0,37,48,0,0,0,0,3,0,0,0,0,0,13,15,0,0,0,0,157,0,0,0,2,8,84,0,0,933,0,0,0,0,0,6,0,106,0,0,0,8,0,0,2,6,0,0,0,9,0,4,0,0,0,0,0,284,0,0,0,0,0,0,7,0,47,0,0,0,88,0,0,0,0,0,32,0,1,1,1,0,40,0,1,0,0,0,0,0,0,2,0,0,0,0
"LUX_027_MZB_LO_6","LUX_027_MZB_LO_6-25.09.2017","25.09.2017",2017,9,25,0,0,0,0,0,0,0,2,82,0,0,0,0,8,0,0,0,0,4,0,4,396,0,0,0,0,0,0,0,0,0,0,0,0,0,0,0,0,4,0,249,1,27,15,0,0,2,0,2,0,0,0,0,0,6,6,0,0,0,0,26,0,0,0,0,1,1,0,0,540,0,0,0,0,0,5,16,18,0,1,0,2,15,0,8,0,3,0,0,13,0,0,0,0,0,0,0,627,0,0,0,0,0,0,0,0,15,0,0,0,79,0,0,0,0,0,13,0,0,0,7,0,24,0,4,0,0,2,0,0,0,2,0,0,0,0
"LUX_027_MZB_LO_7","LUX_027_MZB_LO_7-29.08.2007","29.08.2007",2007,8,29,0,0,0,0,0,0,0,0,85,0,0,0,0,0,0,0,0,0,1,0,2,132,4,0,0,0,0,0,0,0,0,0,0,0,0,0,0,0,14,0,62,0,10,2,0,0,15,0,1,0,0,0,0,0,108,0,0,0,0,0,76,0,0,0,2,3,699,0,0,17,0,0,0,2,0,9,0,29,0,41,4,3,0,0,0,0,0,0,0,3,0,13,0,4,0,0,0,124,0,0,0,0,0,0,0,0,9,0,0,0,0,0,0,0,0,1,3,1,0,0,7,0,127,0,0,1,0,0,0,0,5,0,0,0,0,0
"LUX_027_MZB_LO_7","LUX_027_MZB_LO_7-20.08.2008","20.08.2008",2008,8,20,0,0,0,0,0,0,0,0,190,0,0,0,0,0,0,0,0,1,0,0,0,342,0,0,0,0,0,0,0,0,0,0,0,0,0,0,0,0,2,0,204,0,55,5,0,0,7,0,3,0,0,0,6,0,5,0,0,0,0,0,21,0,0,0,2,1,549,0,0,4,0,0,0,0,0,0,0,20,0,64,3,2,0,0,0,0,0,0,0,1,0,5,0,1,0,0,2,43,0,0,1,0,0,0,0,0,1,0,0,0,1,0,0,0,0,0,5,0,0,0,21,0,231,0,0,0,0,0,0,0,0,0,0,0,0,1
"LUX_027_MZB_LO_7","LUX_027_MZB_LO_7-27.08.2009","27.08.2009",2009,8,27,0,0,0,0,0,0,0,0,5,0,0,0,0,0,0,0,0,0,0,0,0,121,0,0,0,0,0,0,0,0,0,0,0,0,0,0,0,0,6,0,2,0,2,10,0,0,5,0,21,0,0,0,0,0,0,1,0,0,0,0,11,0,0,0,0,0,0,0,1,0,0,0,0,0,0,0,0,5,0,63,8,1,0,0,0,0,0,0,0,2,0,7,0,0,0,0,0,37,0,0,0,0,0,0,0,0,2,0,0,0,1,0,0,0,0,0,1,0,0,0,6,1,0,0,0,0,0,0,0,0,0,0,0,0,0,0
"LUX_027_MZB_LO_7","LUX_027_MZB_LO_7-17.08.2011","17.08.2011",2011,8,17,0,0,0,0,2,0,0,0,91,0,0,0,0,0,0,0,0,0,0,0,0,567,1,0,0,0,0,0,0,0,0,0,0,0,1,0,0,0,10,0,149,0,4,4,0,0,3,0,36,0,0,0,0,0,4,5,0,0,0,0,26,0,0,0,4,43,0,0,1,30,0,0,0,0,0,1,1,30,0,23,11,9,0,0,0,0,0,0,0,5,0,43,0,0,0,0,4,39,0,0,2,0,0,2,0,0,25,0,0,0,41,0,0,0,0,0,12,0,0,7,88,8,59,0,0,0,0,0,0,0,0,2,0,0,0,0
"LUX_027_MZB_LO_7","LUX_027_MZB_LO_7-29.08.2012","29.08.2012",2012,8,29,0,0,0,0,2,0,0,1,59,0,0,0,0,1,0,0,0,0,1,1,1,215,2,0,0,0,0,0,0,0,0,0,0,0,0,0,0,1,3,0,150,0,12,16,0,0,1,0,15,0,0,0,0,0,0,3,0,0,0,0,83,0,0,0,9,21,1,0,0,19,0,0,0,0,0,5,2,79,0,46,3,0,0,0,0,0,0,0,0,2,0,42,0,0,0,0,3,20,0,0,5,0,1,5,0,0,20,0,0,0,7,0,0,0,0,0,19,0,0,2,11,0,59,0,0,0,0,0,0,0,0,0,0,0,0,0
"LUX_027_MZB_LO_7","LUX_027_MZB_LO_7-12.09.2013","12.09.2013",2013,9,12,0,0,0,0,1,0,0,4,30,0,0,0,0,0,0,0,1,0,1,0,4,38,1,0,0,0,0,0,0,0,0,0,0,0,2,0,0,1,30,0,93,0,3,7,0,0,0,0,9,0,0,0,0,0,2,0,0,0,0,0,312,0,0,0,7,14,0,0,0,25,0,0,0,1,0,7,0,328,0,20,7,4,0,0,0,0,0,0,0,3,0,65,0,1,0,0,5,160,0,0,6,0,1,3,0,0,3,0,0,0,23,0,1,0,0,0,2,0,0,9,44,0,4,0,0,0,0,0,0,0,0,1,0,0,0,0
"LUX_027_MZB_LO_7","LUX_027_MZB_LO_7-25.09.2014","25.09.2014",2014,9,25,0,0,0,0,0,0,0,28,75,0,0,0,0,0,0,0,0,0,1,0,0,34,1,0,0,0,0,0,0,0,2,0,0,0,3,0,0,6,3,0,72,0,28,2,0,0,2,0,0,0,0,0,0,0,0,3,0,0,0,0,37,0,0,0,6,25,1,0,0,55,0,0,0,0,0,1,0,48,0,5,0,0,0,0,1,0,0,0,0,13,0,16,0,0,0,0,4,26,0,0,7,0,0,1,0,0,23,0,0,0,26,0,0,0,0,0,16,0,0,31,64,0,9,0,0,1,0,0,0,0,0,0,0,0,0,0
"LUX_027_MZB_LO_7","LUX_027_MZB_LO_7-30.09.2015","30.09.2015",2015,9,30,0,0,0,0,0,0,0,14,15,0,0,0,0,0,0,0,0,0,0,0,4,82,0,0,0,0,0,0,0,0,0,0,0,0,1,0,0,88,1,0,130,0,3,29,0,0,1,0,0,0,0,0,0,0,2,1,0,0,0,0,2,0,0,0,4,10,1,0,0,147,0,0,0,1,0,1,12,17,0,6,0,3,2,0,1,0,2,0,0,4,0,0,0,0,0,0,1,338,0,0,1,0,0,7,0,0,110,0,0,0,7,0,0,0,0,0,3,0,0,68,117,0,1,0,0,0,0,0,0,0,0,0,0,0,0,0
"LUX_027_MZB_LO_7","LUX_027_MZB_LO_7-22.09.2017","22.09.2017",2017,9,22,0,0,0,0,0,0,0,7,38,0,0,0,0,0,0,0,0,0,1,0,1,72,0,0,0,0,0,0,0,0,0,0,0,0,0,0,0,50,0,0,173,0,14,11,0,0,13,0,0,0,0,6,0,0,23,1,0,0,0,0,2,0,0,0,5,9,19,0,0,212,0,0,0,1,0,9,54,34,0,13,2,2,4,0,0,0,0,0,0,3,0,12,0,0,0,0,1,294,0,0,2,0,0,44,0,0,275,0,0,0,36,0,0,0,1,0,1,0,0,118,128,1,34,0,1,0,0,0,0,0,0,1,0,0,0,0
"LUX_027_MZB_LO_8","LUX_027_MZB_LO_8-21.08.2007","21.08.2007",2007,8,21,0,0,0,0,0,0,0,0,279,0,0,0,0,0,0,0,0,0,0,0,4,369,0,0,1,0,0,0,0,0,0,0,0,0,0,0,0,0,12,0,0,0,0,0,0,0,37,0,45,0,1,0,0,0,0,0,0,0,0,0,0,0,0,0,7,0,11,0,0,118,52,0,1,1,0,0,0,0,0,0,0,0,0,0,0,0,0,1,0,1,0,0,0,0,0,0,0,120,0,0,0,0,0,0,0,0,1,0,0,0,0,0,11,0,0,0,57,0,0,0,0,0,261,0,135,0,0,0,0,0,0,1,0,0,0,0
"LUX_027_MZB_LO_8","LUX_027_MZB_LO_8-22.08.2008","22.08.2008",2008,8,22,0,0,0,0,0,0,0,0,218,0,0,0,0,0,0,0,0,0,0,0,3,161,0,0,1,0,0,0,0,0,0,0,0,0,0,0,1,0,0,0,3,0,0,0,0,0,14,0,60,0,0,0,0,0,0,0,0,0,0,0,0,0,0,0,2,0,8,0,0,41,10,0,0,0,0,0,0,0,0,0,0,1,0,0,0,0,0,0,0,2,0,0,0,0,0,0,0,104,0,0,0,0,0,0,0,0,1,0,0,0,0,0,9,2,0,0,10,0,0,0,0,0,48,0,32,0,0,0,0,0,0,0,0,0,0,0
"LUX_027_MZB_LO_8","LUX_027_MZB_LO_8-24.08.2009","24.08.2009",2009,8,24,0,0,0,0,0,0,0,0,641,0,0,0,0,0,0,0,0,0,0,0,6,168,0,0,0,0,0,0,0,0,0,0,0,0,0,0,0,0,0,0,6,3,0,0,0,0,33,0,90,0,0,0,0,0,0,0,0,0,0,0,0,0,0,0,3,6,0,0,3,25,70,0,0,0,0,0,0,0,0,1,0,5,0,0,0,0,0,0,0,1,0,0,0,0,0,0,0,60,0,0,0,0,0,0,0,0,3,0,0,0,0,1,9,1,0,0,17,0,0,0,0,0,348,0,8,0,0,0,0,0,0,3,0,0,0,0
"LUX_027_MZB_LO_8","LUX_027_MZB_LO_8-01.09.2011","01.09.2011",2011,9,1,0,0,0,0,2,0,0,0,143,0,1,0,0,0,0,0,0,0,0,0,15,296,0,0,0,0,0,0,0,0,0,0,0,0,0,0,0,0,4,0,2,1,8,0,0,0,164,0,5,0,0,0,0,0,0,0,0,0,0,1,0,0,0,0,11,1,14,0,3,561,15,0,0,1,1,0,0,0,0,0,0,0,3,0,0,0,0,0,0,0,0,0,0,0,0,0,0,133,0,2,0,0,0,0,0,0,31,0,0,0,0,0,20,0,0,0,15,0,0,1,0,0,44,0,24,4,0,0,0,0,0,0,0,0,0,0
"LUX_027_MZB_LO_8","LUX_027_MZB_LO_8-31.08.2012","31.08.2012",2012,8,31,0,0,0,0,3,0,0,0,189,0,0,0,0,0,0,0,0,0,0,0,3,93,0,0,0,0,0,0,0,0,0,0,0,0,0,0,0,0,51,0,2,0,2,0,0,0,86,0,95,0,0,0,0,0,0,0,0,0,0,0,0,0,0,0,29,1,34,0,1,185,81,0,0,0,0,1,0,0,0,0,1,0,0,0,0,0,0,0,0,6,0,0,1,0,0,0,0,4,0,0,0,0,0,0,0,3,19,0,0,0,2,0,1,0,0,0,11,0,0,0,0,0,19,0,10,0,0,0,0,0,0,0,0,0,0,0
"LUX_027_MZB_LO_8","LUX_027_MZB_LO_8-20.09.2013","20.09.2013",2013,9,20,0,0,0,0,0,0,0,0,429,0,0,0,0,0,0,0,0,0,0,0,32,1426,0,0,0,0,0,1,0,1,0,0,0,0,0,0,0,0,0,0,5,0,2,0,0,0,47,0,20,0,0,0,0,0,0,0,0,0,0,0,0,0,0,1,1,0,2,0,0,30,22,0,0,0,0,0,0,1,0,0,0,0,0,0,0,0,0,0,0,5,0,0,0,0,0,0,0,11,0,0,0,0,0,0,0,0,8,0,0,0,0,0,4,0,3,0,63,0,0,0,0,0,674,0,5,0,0,0,0,0,0,1,0,0,0,0
"LUX_027_MZB_LO_8","LUX_027_MZB_LO_8-02.10.2014","02.10.2014",2014,10,2,0,0,0,0,0,0,0,0,147,0,0,0,0,0,0,0,0,0,0,0,3,18,0,0,0,0,0,0,0,0,2,0,0,0,0,0,0,0,7,0,2,1,0,0,0,0,96,0,353,0,0,0,0,0,0,0,0,0,0,1,0,0,0,0,6,0,5,0,0,90,94,0,0,1,0,1,0,0,0,0,1,0,0,0,0,0,0,0,0,2,0,0,0,0,0,0,0,12,0,0,0,0,0,0,0,0,1,0,0,0,0,0,5,0,0,0,8,0,0,0,0,0,12,0,7,0,0,0,0,0,0,0,0,0,0,0
"LUX_027_MZB_LO_8","LUX_027_MZB_LO_8-07.10.2015","07.10.2015",2015,10,7,0,0,0,0,0,0,0,0,53,0,0,0,0,0,0,0,0,0,0,0,9,12,0,0,0,1,0,0,0,0,0,0,0,0,0,0,0,0,0,0,1,2,0,0,0,0,27,0,576,0,0,0,0,0,0,0,0,0,0,0,1,0,0,0,1,0,6,0,1,98,2,0,0,0,0,0,0,0,0,0,2,1,0,0,0,0,0,0,0,2,0,19,0,0,0,0,0,33,0,0,0,0,0,0,0,0,6,0,0,0,0,0,7,3,0,0,11,0,0,0,0,0,6,0,13,0,0,0,0,0,0,0,0,0,0,0
"LUX_027_MZB_LO_8","LUX_027_MZB_LO_8-12.10.2016","12.10.2016",2016,10,12,0,0,0,0,0,0,0,0,163,0,0,0,0,0,0,0,0,0,0,0,1,14,0,0,0,0,0,1,0,0,0,0,0,0,0,0,0,0,0,0,8,0,0,0,0,0,32,0,1230,0,0,0,1,0,0,0,0,0,0,0,0,0,0,0,0,0,0,0,0,65,2,0,0,0,0,0,0,1,0,4,4,0,0,0,0,0,0,0,0,1,0,0,0,0,0,0,0,15,0,0,0,0,0,0,0,0,1,0,0,0,0,0,0,1,0,0,7,0,0,0,3,0,20,0,7,0,0,0,0,0,0,0,0,0,0,0
"LUX_027_MZB_LO_8","LUX_027_MZB_LO_8-03.10.2017","03.10.2017",2017,10,3,0,0,0,0,0,0,0,0,101,0,0,0,0,0,0,0,0,0,0,0,58,44,0,0,0,0,0,0,0,0,0,0,0,0,0,0,0,0,2,0,2,0,1,0,0,0,33,0,1171,0,0,0,0,0,0,0,0,0,0,0,0,0,0,0,2,0,50,0,0,23,2,0,0,1,0,0,0,2,0,0,1,1,0,0,0,0,0,0,0,2,1,4,0,0,0,0,0,84,0,0,0,0,0,0,0,0,16,0,0,0,0,0,35,2,0,0,2,0,0,0,0,0,5,0,67,5,0,0,0,0,0,0,0,0,0,0
"LUX_027_MZB_LO_9","LUX_027_MZB_LO_9-24.08.2007","24.08.2007",2007,8,24,0,0,0,0,0,0,0,0,51,0,0,0,0,0,0,0,0,0,0,0,0,10,0,0,0,0,0,0,0,0,0,0,0,0,3,0,0,0,0,0,14,0,0,0,0,0,0,0,2259,0,1,0,0,0,1,0,0,0,0,0,6,2,0,0,0,2,0,0,0,0,0,0,0,3,0,0,0,0,0,49,0,1,0,1,0,0,0,0,0,0,0,13,0,56,0,0,0,22,0,0,0,0,1,0,0,0,1,0,0,0,0,0,8,0,2,0,7,0,0,36,4,0,30,0,2,0,0,0,0,0,0,0,0,0,0,0
"LUX_027_MZB_LO_9","LUX_027_MZB_LO_9-25.08.2008","25.08.2008",2008,8,25,0,0,0,0,0,0,0,0,70,0,0,0,0,0,0,0,0,0,0,0,0,27,0,0,0,0,0,0,0,0,0,0,0,0,0,0,0,2,0,0,22,0,0,0,0,0,0,0,118,0,0,0,0,0,0,0,0,0,0,0,2,0,0,0,3,1,0,0,0,0,1,0,0,6,0,0,0,0,0,24,3,10,2,0,0,0,0,1,0,0,0,3,0,0,0,0,0,6,0,0,0,0,1,0,0,0,6,0,0,0,0,0,2,0,0,0,12,0,0,0,4,0,37,0,23,0,0,0,0,0,0,0,0,0,0,1
"LUX_027_MZB_LO_9","LUX_027_MZB_LO_9-26.08.2009","26.08.2009",2009,8,26,0,0,0,0,0,5,0,0,146,0,0,0,0,0,0,0,0,0,0,0,2,87,0,0,1,0,0,0,0,1,0,0,0,0,0,0,0,7,0,0,21,0,0,0,0,0,0,0,2544,0,0,0,0,0,0,0,0,0,0,0,29,0,0,0,6,4,0,0,0,0,0,0,0,0,0,0,0,0,0,99,2,5,0,0,0,0,0,1,0,0,0,93,0,0,0,0,0,45,0,0,0,0,7,0,0,0,2,0,5,0,0,0,7,0,0,0,27,0,0,39,20,0,55,0,14,0,0,0,0,0,0,0,0,0,1,0
"LUX_027_MZB_LO_9","LUX_027_MZB_LO_9-29.08.2011","29.08.2011",2011,8,29,0,0,0,0,0,0,0,0,143,0,0,0,0,0,0,0,0,0,0,0,0,60,0,0,0,0,0,0,0,1,0,0,0,0,3,0,0,2,0,0,4,0,3,0,0,0,0,0,1345,0,0,0,0,0,0,0,0,0,0,0,14,3,0,0,2,6,0,0,2,0,0,0,0,4,0,0,0,0,0,125,7,5,0,0,0,0,0,0,1,0,1,135,0,0,0,0,0,14,0,0,0,0,5,0,0,0,2,0,0,0,0,0,7,3,0,0,16,0,0,18,5,0,206,0,1,0,0,0,0,0,0,2,0,0,0,0
"LUX_027_MZB_LO_9","LUX_027_MZB_LO_9-28.08.2012","28.08.2012",2012,8,28,0,0,0,0,3,0,0,0,97,0,0,0,0,0,0,0,0,0,0,0,1,67,0,0,0,0,0,0,0,1,0,0,0,0,18,0,0,1,0,0,7,0,0,0,0,0,0,0,1768,0,0,0,0,0,4,0,0,0,0,0,9,0,0,0,10,0,0,0,3,1,0,0,0,3,0,0,0,0,0,69,5,3,0,0,0,0,0,0,0,2,0,32,0,0,0,0,0,70,0,0,0,0,6,0,0,0,6,0,0,0,3,0,4,0,2,0,13,0,0,66,13,0,114,0,4,0,0,0,0,0,0,0,0,0,0,0
"LUX_027_MZB_LO_9","LUX_027_MZB_LO_9-19.09.2013","19.09.2013",2013,9,19,0,0,0,0,1,0,0,0,5,0,0,0,0,0,0,0,0,0,0,0,5,129,0,0,0,0,0,0,0,3,0,1,0,0,2,1,0,0,0,0,24,1,0,0,0,0,0,0,1785,0,0,0,0,0,6,0,0,0,0,0,13,1,0,0,3,1,0,0,0,5,0,0,0,2,0,0,0,1,0,16,0,4,0,0,0,0,0,0,0,0,0,37,0,47,0,0,0,25,0,0,0,0,0,0,0,0,0,0,0,0,2,0,5,0,13,0,11,0,0,0,5,0,76,0,2,1,0,0,0,0,0,1,0,0,0,0
"LUX_027_MZB_LO_9","LUX_027_MZB_LO_9-01.10.2014","01.10.2014",2014,10,1,0,0,0,0,0,0,0,0,223,0,0,0,0,0,0,0,0,0,0,0,36,79,0,0,0,0,0,0,0,1,1,0,0,0,1,0,0,1,0,0,30,1,2,0,0,0,0,0,1064,0,0,0,0,0,0,0,0,0,0,0,32,0,0,0,4,1,0,0,0,1,0,0,0,3,0,0,0,0,0,106,0,2,0,0,0,0,0,0,0,3,0,116,0,1,0,0,0,17,0,0,0,0,10,0,0,0,1,0,0,0,0,0,15,28,4,0,19,0,0,20,11,0,8,0,6,1,0,0,0,1,0,0,0,0,0,0
"LUX_027_MZB_LO_9","LUX_027_MZB_LO_9-02.10.2015","02.10.2015",2015,10,2,0,0,0,0,1,0,0,0,60,0,0,0,0,0,0,0,0,0,0,0,0,3,0,0,0,0,0,0,0,0,0,0,0,0,1,0,0,7,0,0,24,1,0,0,0,0,0,0,359,0,0,0,0,0,0,0,0,0,0,0,2,0,0,0,1,0,0,0,0,0,0,0,0,2,0,0,0,0,0,45,1,3,0,0,0,0,0,0,0,0,0,51,0,0,0,0,0,36,0,0,0,0,3,0,0,0,1,0,1,0,3,0,28,5,2,0,30,0,0,2,3,0,4,0,8,1,0,0,0,0,0,0,0,0,0,0
"LUX_027_MZB_LO_9","LUX_027_MZB_LO_9-11.10.2016","11.10.2016",2016,10,11,0,0,0,0,0,0,0,0,183,0,0,0,0,0,0,0,0,0,0,0,0,1,0,0,0,0,0,0,0,0,1,0,0,0,0,0,0,2,0,0,24,0,0,0,0,0,0,0,795,0,0,0,0,0,0,0,0,0,0,0,83,0,0,0,2,0,0,0,0,0,0,0,0,0,0,0,0,0,0,96,0,2,0,0,0,0,0,0,0,0,0,9,0,0,0,0,0,5,0,0,0,0,3,1,0,0,0,0,0,0,1,0,3,0,22,0,7,0,0,0,10,0,48,0,5,0,0,0,0,0,0,0,0,0,0,0
"LUX_027_MZB_LO_9","LUX_027_MZB_LO_9-26.09.2017","26.09.2017",2017,9,26,0,0,0,0,0,0,0,0,53,0,0,0,0,0,0,0,0,0,0,0,1,32,0,0,0,0,0,0,0,0,0,0,0,0,0,0,0,44,0,0,19,0,3,0,0,0,0,0,4440,0,0,0,0,0,2,0,0,0,0,0,20,0,0,0,6,0,0,0,0,0,0,0,0,1,0,0,0,0,0,122,0,10,0,0,0,0,0,0,0,2,0,28,0,0,0,0,0,25,0,0,0,0,4,0,0,0,0,0,0,0,2,0,7,1,7,0,7,0,0,8,23,0,6,0,13,0,0,0,0,0,0,0,0,0,0,0
