"Unique.ID","Samp.ID","Sampling.date","year","month","day","AMETROPUS FRAGILIS","AMPHINEMURA SULCICOLLIS","AMPULLACEANA BALTHICA","ANCYLUS FLUVIATILIS","ANISUS SP.","ANISUS SPIRORBIS","ANODONTA ANATINA","ANODONTA CYGNEA SSP.","APHELOCHEIRUS AESTIVALIS","ASELLUS AQUATICUS","ATHERIX IBIS","ATRICHOPS CRASSIPES","BAETIS SP.","BERAEODES MINUTUS","BITHYNIA SP.","BRACHYCENTRUS MACULATUS","BRACHYCENTRUS SUBNUBILUS","BRACHYPTERA SP.","CAENIS LUCTUOSA","CAENIS MACRURA","CAENIS RIVULORUM","CAENIS ROBUSTA","CALOPTERYX SP.","CALOPTERYX SPLENDENS","CENTROPTILUM LUTEOLUM","CERATOPOGONIDAE GEN. SP.","CHELICOROPHIUM SP.","CHEUMATOPSYCHE LEPIDA","CHIRONOMIDAE GEN. SP.","CHLOROPERLIDAE GEN. SP.","CHRYSOPILUS AURATUS","CLOEON DIPTERUM","CLOEON SIMILE","COENAGRIONIDAE GEN. SP.","CORBICULA FLUMINEA","DENDROCOELUM ROMANODANUBIALE","DICRANOTA SP.","DREISSENA SP.","DRYOPS SP.","DUGESIA SP.","DYTISCIDAE GEN. SP.","ECDYONURUS SP.","ECNOMUS TENELLUS","ELECTROGENA SP.","ELMIDAE GEN. SP.","EMPIDIDAE GEN. SP.","EPEORUS ASSIMILIS","EPHEMERA DANICA","EPHEMERA LINEATA","EPHEMERA VULGATA","EPHEMERELLA MUCRONATA","EPHEMERELLA NOTATA","ERPOBDELLIDAE GEN. SP.","GALBA TRUNCATULA","GAMMARIDAE GEN. SP.","GLOSSIPHONIA COMPLANATA","GLOSSOSOMA CONFORMIS","GOERIDAE GEN. SP.","GOMPHIDAE GEN. SP.","GORDIUS AQUATICUS","GYRAULUS SP.","HABROLEPTOIDES CONFUSA","HABROPHLEBIA FUSCA","HABROPHLEBIA LAUTA","HELOBDELLA STAGNALIS","HEMICLEPSIS MARGINATA","HEPTAGENIA SP.","HETEROPTERA GEN. SP.","HIPPEUTIS COMPLANATUS","HYDRAENA SP.","HYDROPHILIDAE GEN. SP.","HYDROPSYCHE SP.","HYDROPTILIDAE GEN. SP.","HYPANIA INVALIDA","IBISIA MARGINATA","JAERA ISTRI","LEPIDOSTOMA BASALE","LEPIDOSTOMA HIRTUM","LEPTOCERIDAE GEN. SP.","LEUCTRA SP.","LIANCALUS VIRENS","LIMNEPHILIDAE GEN. SP.","LIMNOMYSIS BENEDENI","LIMONIIDAE GEN. SP.","LITHOGLYPHUS NATICOIDES","LYMNAEA STAGNALIS","LYPE REDUCTA","MICRASEMA MINIMUM","MICRASEMA SETIFERUM SSP.","MICRONECTA SP.","NEMATODA GEN. SP.","NEMOURA SP.","ODONTOCERUM ALBICORNE","OLIGOCHAETA GEN. SP.","ORECTOCHILUS VILLOSUS","ORTHETRUM BRUNNEUM","PALINGENIA LONGICAUDA","PARALEPTOPHLEBIA SUBMARGINATA","PEDICIA SP.","PEREGRIANA LABIATA","PERLIDAE GEN. SP.","PERLODIDAE GEN. SP.","PHYSA FONTINALIS","PHYSELLA ACUTA","PISCICOLA GEOMETRA","PISCICOLA RESPIRANS","PLANORBARIUS CORNEUS","PLANORBIS PLANORBIS","PLATYCNEMIS PENNIPES","POLYCENTROPODIDAE GEN. SP.","POMATINUS SUBSTRIATUS","POTAMANTHUS LUTEUS","POTAMOPYRGUS ANTIPODARUM","PROCLOEON BIFIDUM","PROTONEMURA SP.","PSEUDANODONTA COMPLANATA SSP.","PSEUDOCENTROPTILOIDES NANA","PSYCHODIDAE GEN. SP.","PSYCHOMYIA PUSILLA","RADIX SP.","RHITHROGENA SP.","RHYACOPHILA SP.","SCIRTIDAE GEN. SP.","SERICOSTOMATIDAE GEN. SP.","SERRATELLA IGNITA","SIALIS MORIO","SIGARA STRIATA","SIMULIIDAE GEN. SP.","SINANODONTA WOODIANA","SPHAERIIDAE GEN. SP.","STAGNICOLA SP.","STRATIOMYIDAE GEN. SP.","TABANIDAE GEN. SP.","THEODOXUS SP.","TINODES ROSTOCKI","TIPULA SP.","TORLEYA MAJOR","TURBELLARIA GEN. SP.","UNIO SP.","VALVATA CRISTATA","VALVATA MACROSTOMA","VALVATA PISCINALIS SSP.","VIVIPARUS ACEROSUS","ZWICKNIA BIFRONS"
"SVK_065_MZB_LO_1","SVK_065_MZB_LO_1-23.04.2003","23.04.2003",2003,4,23,0,0,0,8,0,0,0,0,4,0,0,0,208,0,0,0,0,0,8,0,0,0,0,0,0,0,0,0,296,0,0,0,0,0,0,0,0,0,0,32,0,8,0,0,40,0,0,4,0,0,0,4,0,0,876,0,0,0,0,0,0,0,0,0,0,0,0,0,0,0,0,24,0,0,0,0,0,0,0,0,0,4,0,0,0,0,0,0,0,0,0,0,0,1084,0,0,0,0,0,0,0,4,0,0,0,0,0,0,0,0,0,0,0,0,0,0,0,0,4,0,0,12,0,0,0,0,0,24,0,20,0,0,0,0,0,0,0,0,0,0,0,0,0,0
"SVK_065_MZB_LO_1","SVK_065_MZB_LO_1-11.04.2005","11.04.2005",2005,4,11,0,0,0,0,0,0,0,0,0,0,0,0,460,0,0,0,0,0,0,0,0,0,0,0,0,0,0,0,520,0,0,0,0,0,0,0,0,0,0,0,0,20,0,0,0,0,0,20,0,0,0,0,0,0,2240,0,0,0,0,0,0,0,0,0,0,0,0,0,0,0,0,10,0,0,0,0,0,0,0,0,0,70,0,0,0,0,0,0,0,0,0,0,0,1840,0,0,0,10,0,0,0,0,0,0,0,0,0,0,0,0,0,0,0,0,0,0,0,0,10,0,0,0,0,0,0,0,0,0,0,0,0,0,0,0,0,0,0,0,0,0,0,0,0,0
"SVK_065_MZB_LO_1","SVK_065_MZB_LO_1-23.04.2007","23.04.2007",2007,4,23,0,0,0,20,0,0,0,0,0,0,2,0,228,0,0,0,0,0,0,0,0,0,0,0,0,0,0,0,108,0,0,0,0,0,0,0,2,0,0,84,0,18,0,0,4,10,0,0,0,0,0,0,0,0,310,0,0,0,0,0,0,0,0,0,0,0,2,0,0,0,0,30,0,0,0,0,0,0,0,0,0,0,0,28,0,0,0,0,0,2,0,0,0,130,4,0,0,0,0,0,0,0,0,0,0,0,0,0,0,0,0,0,0,0,0,0,0,0,4,0,0,6,0,0,0,0,0,48,0,0,0,0,0,0,0,0,0,0,0,0,0,0,0,0
"SVK_065_MZB_LO_1","SVK_065_MZB_LO_1-31.03.2008","31.03.2008",2008,3,31,0,0,0,11,0,0,0,0,0,0,0,0,97,0,0,0,0,0,0,0,0,0,0,0,0,0,0,0,38,0,0,0,0,0,0,0,0,0,0,69,0,11,0,0,17,2,0,19,0,0,0,0,0,0,265,0,0,0,2,0,0,0,0,0,0,0,6,0,0,0,0,6,0,0,0,0,0,0,0,0,0,0,0,13,0,0,0,0,0,0,0,0,0,319,0,0,0,2,0,0,0,2,0,0,0,0,0,0,0,0,0,0,0,0,0,0,0,0,0,0,0,0,0,0,0,0,0,143,0,28,0,0,4,0,0,0,0,0,0,0,0,0,0,0
"SVK_065_MZB_LO_1","SVK_065_MZB_LO_1-30.03.2009","30.03.2009",2009,3,30,0,0,0,90,6,6,0,0,12,0,0,6,162,0,0,0,0,0,0,0,0,0,0,0,0,0,0,0,384,0,0,0,0,0,0,0,0,0,0,24,0,0,0,0,12,0,12,12,0,0,0,0,0,0,1728,0,0,0,6,0,0,6,0,0,0,0,12,0,0,0,0,18,0,0,0,0,0,0,0,0,0,6,0,6,0,0,0,0,0,0,0,0,0,132,0,0,0,0,0,0,0,6,0,0,0,0,0,0,0,0,0,0,0,0,0,0,0,0,0,0,0,0,0,0,0,0,0,120,0,60,0,0,12,0,0,0,0,0,6,0,0,6,0,0
"SVK_065_MZB_LO_1","SVK_065_MZB_LO_1-12.04.2010","12.04.2010",2010,4,12,0,0,0,0,0,0,0,0,0,0,0,0,80,0,0,0,0,0,8,0,0,0,0,0,0,0,0,0,224,0,0,0,0,0,0,0,0,0,0,4,0,18,0,0,4,0,0,44,0,0,0,0,0,0,664,0,0,0,8,0,0,0,0,0,0,0,0,0,0,0,0,6,0,0,0,0,0,0,2,0,0,2,0,12,0,0,0,0,0,0,0,0,0,72,6,0,0,0,0,0,0,2,0,0,0,0,0,0,0,0,0,0,0,0,0,0,0,2,0,0,0,2,0,0,0,0,0,8,0,18,0,0,6,0,0,0,0,0,0,0,0,0,0,0
"SVK_065_MZB_LO_1","SVK_065_MZB_LO_1-21.03.2011","21.03.2011",2011,3,21,0,0,0,0,0,0,0,0,0,0,0,0,34,0,0,0,0,2,0,0,0,0,0,0,0,0,0,0,12,0,0,0,0,0,0,0,8,0,0,6,0,0,0,0,0,0,0,0,0,0,0,0,0,0,368,0,0,0,0,0,0,0,0,0,0,0,0,0,0,0,0,16,0,0,0,0,0,0,0,2,0,0,0,0,0,0,0,0,0,0,0,0,0,40,0,0,0,0,0,0,0,2,0,0,0,0,0,0,0,0,0,0,0,0,0,0,0,0,0,0,4,0,0,0,0,0,0,0,0,0,0,0,0,0,0,0,0,0,0,0,0,0,0,0
"SVK_065_MZB_LO_1","SVK_065_MZB_LO_1-14.05.2012","14.05.2012",2012,5,14,0,0,0,7.5,0,0,0,0,0,0,0,0,202.5,0,0,0,0,0,45,15,0,0,7.5,7.5,0,0,0,0,322.5,0,0,0,0,0,0,0,0,0,0,22.5,0,0,0,0,15,7.5,0,0,0,0,0,0,0,0,1065,0,0,0,7.5,0,0,0,0,0,0,0,15,0,0,0,0,135,7.5,0,0,0,0,0,0,0,0,0,0,15,0,0,0,0,0,0,0,0,0,90,7.5,0,0,0,0,0,0,0,0,0,0,0,0,0,0,0,0,112.5,0,0,0,0,0,0,165,0,0,7.5,0,0,60,0,0,0,0,22.5,0,0,0,0,0,0,0,0,0,0,0,0,0,0
"SVK_065_MZB_LO_1","SVK_065_MZB_LO_1-25.03.2014","25.03.2014",2014,3,25,0,0,0,26.25,0,0,0,0,11.25,0,0,0,0,0,0,0,0,0,0,0,0,0,0,0,0,0,0,0,45,0,0,0,0,0,0,0,3.75,0,0,3.75,0,0,0,0,11.25,15,0,0,0,0,0,0,0,0,1387.5,0,0,0,3.75,0,0,0,0,0,0,0,0,0,0,0,0,22.5,0,0,7.5,0,0,0,0,0,0,0,0,3.75,0,0,0,0,0,0,0,0,0,56.25,11.25,0,0,0,0,0,0,0,0,0,0,0,0,0,0,0,0,0,0,0,0,0,0,0,0,0,0,3.75,0,0,0,0,0,3.75,0,3.75,0,0,0,0,0,0,0,3.75,0,0,0,0,0,0
"SVK_065_MZB_LO_1","SVK_065_MZB_LO_1-24.03.2015","24.03.2015",2015,3,24,0,0,0,0,0,0,0,0,30,0,0,0,840,0,0,0,0,0,0,0,0,0,0,0,0,0,0,0,360,0,0,0,0,0,0,0,60,0,0,150,0,30,0,0,60,0,0,30,0,0,0,0,0,0,2340,0,0,0,0,0,0,0,0,0,0,0,0,0,0,0,0,30,0,0,0,0,0,0,0,0,0,0,0,60,0,0,0,0,0,0,0,0,0,5100,0,0,0,0,0,0,0,30,0,0,0,0,0,0,0,0,0,0,0,0,0,0,0,0,0,0,0,60,0,0,0,0,0,390,0,0,0,0,0,0,0,0,0,0,0,0,0,0,0,0
"SVK_065_MZB_LO_1","SVK_065_MZB_LO_1-05.04.2016","05.04.2016",2016,4,5,0,0,0,0,0,0,0,0,30,0,15,0,105,0,0,0,0,0,195,0,0,0,0,0,0,0,0,0,135,0,0,0,0,0,0,0,15,0,0,60,0,15,0,0,0,30,0,15,0,0,0,0,0,0,5745,0,0,0,30,0,0,0,0,0,0,0,30,0,0,0,0,60,0,0,0,0,0,0,0,0,0,15,0,15,0,0,0,0,0,15,0,0,0,225,15,0,0,0,0,0,0,15,0,0,0,0,0,0,0,0,0,0,0,0,0,0,0,0,15,0,0,0,0,0,0,0,0,0,0,0,0,0,15,0,0,0,0,0,0,0,0,0,0,0
"SVK_065_MZB_LO_1","SVK_065_MZB_LO_1-28.03.2017","28.03.2017",2017,3,28,0,0,0,96,0,0,0,0,12,0,6,0,48,0,0,0,0,6,12,0,0,0,6,6,0,6,0,0,570,0,0,0,0,0,0,0,0,0,0,0,0,0,0,0,24,0,0,18,0,0,0,0,0,0,912,0,0,0,0,0,0,0,0,0,0,0,6,0,0,0,0,12,0,0,0,0,0,0,0,0,0,18,0,48,0,0,0,0,0,0,0,0,0,0,6,0,0,0,0,0,0,0,0,0,0,6,0,0,0,0,0,12,0,0,0,0,0,0,12,0,0,0,0,0,0,0,0,156,0,0,0,0,0,0,0,0,0,6,0,0,0,0,0,0
"SVK_065_MZB_LO_1","SVK_065_MZB_LO_1-26.03.2018","26.03.2018",2018,3,26,0,0,0,390,0,0,0,0,0,0,0,0,210,0,0,0,0,0,0,0,0,0,0,0,0,0,0,0,720,0,0,0,0,0,0,0,0,0,0,450,0,240,0,0,60,0,0,60,30,0,0,0,30,0,1740,0,0,0,0,0,0,0,0,0,0,0,0,0,0,0,0,480,0,0,0,0,30,0,0,0,0,0,0,60,0,0,0,0,0,30,0,0,0,6450,60,0,0,0,0,0,0,510,0,0,0,0,0,0,0,0,0,0,0,0,0,0,0,0,90,0,0,30,0,0,0,0,0,150,0,0,0,30,30,0,0,150,0,0,0,0,0,0,0,0
"SVK_065_MZB_LO_11","SVK_065_MZB_LO_11-14.05.2003","14.05.2003",2003,5,14,0,0,0,0,0,0,0,0,0,0,0,0,0,0,0,0,0,0,0,0,0,0,0,0,0,0,0,0,0,0,0,0,0,0,0,0,0,0,0,0,0,0,0,0,0,0,0,0,0,0,0,0,0,0,0,0,0,0,0,0,0,0,0,0,0,0,0,0,0,0,0,1,0,0,0,0,0,0,0,0,0,0,0,0,9,0,0,0,0,0,0,0,0,11,0,0,0,0,0,0,0,0,0,0,0,0,0,0,0,0,0,0,0,0,0,0,0,0,0,0,0,0,0,0,0,0,0,0,0,0,0,0,0,0,0,0,0,0,0,0,0,0,0,0
"SVK_065_MZB_LO_11","SVK_065_MZB_LO_11-13.04.2005","13.04.2005",2005,4,13,0,0,0,0,0,0,0,0,0,0,0,0,0,0,0,0,0,0,0,1,0,0,0,0,0,0,0,0,75,0,0,1,0,0,0,0,0,0,0,0,0,0,0,0,0,0,0,0,0,0,0,0,0,0,0,0,0,0,0,0,0,0,0,0,0,0,1,0,0,0,0,0,0,0,1,0,0,0,0,0,0,0,0,2,2,0,0,0,0,0,0,0,0,123,0,0,13,0,0,0,0,1,0,0,0,0,0,0,0,0,0,1,0,0,0,0,0,0,0,0,0,0,0,0,0,0,0,0,0,0,0,0,0,0,0,11,0,0,0,0,0,0,0,0
"SVK_065_MZB_LO_11","SVK_065_MZB_LO_11-25.04.2007","25.04.2007",2007,4,25,0,0,0,0,0,0,0,0,0,0,0,0,0,0,0,0,0,0,0,0,0,0,2,2,0,1,9,0,40,0,0,0,0,0,0,0,0,0,0,0,0,0,0,0,1,1,0,0,0,0,0,0,0,0,0,0,0,0,9,0,0,0,0,0,0,0,0,0,0,0,0,5,1,0,0,0,0,0,0,0,0,0,0,11,1,0,0,0,0,6,0,0,0,117,0,0,9,0,0,0,0,0,0,0,0,0,0,0,0,11,0,7,0,0,0,0,0,0,0,0,0,0,0,0,0,0,0,0,0,0,0,0,0,0,0,0,0,0,0,0,0,0,0,0
"SVK_065_MZB_LO_11","SVK_065_MZB_LO_11-03.04.2008","03.04.2008",2008,4,3,0,0,0,0,0,0,0,0,0,0,0,0,0,0,0,0,0,0,0,0,0,0,1,1,0,0,7,0,23,0,0,0,0,0,0,0,0,0,0,0,0,0,0,0,1,0,0,1,0,0,0,0,0,0,0,0,0,0,4,0,0,0,0,1,0,0,0,0,0,0,0,2,0,0,0,0,0,0,0,0,0,0,0,14,3,0,0,0,0,0,0,0,0,25,0,0,0,0,0,0,0,0,0,0,0,0,0,0,0,4,0,0,0,0,0,0,0,0,0,0,0,0,0,0,0,0,0,0,0,0,0,0,0,0,0,0,0,0,0,0,0,0,0,0
"SVK_065_MZB_LO_11","SVK_065_MZB_LO_11-31.03.2009","31.03.2009",2009,3,31,0,0,0,0,0,0,0,0,0,0,0,0,0,0,0,0,0,0,0,0,0,0,0,0,0,0,0,0,0,0,0,0,0,0,0,0,0,0,0,0,0,0,0,0,0,0,0,0,0,0,0,0,0,0,0,0,0,0,0,0,0,0,0,0,0,0,0,0,0,0,0,0,0,0,0,0,0,0,0,0,0,0,0,0,0,0,0,0,0,0,0,0,0,14,0,0,0,0,0,0,0,0,0,0,0,0,0,0,0,0,0,0,0,0,0,0,0,0,0,0,0,0,0,0,0,0,0,0,0,0,0,0,0,0,0,0,0,0,0,0,0,0,0,0
"SVK_065_MZB_LO_11","SVK_065_MZB_LO_11-13.04.2010","13.04.2010",2010,4,13,0,0,0,0,0,0,0,0,0,0,0,0,0,0,0,0,0,0,0,0,0,0,0,0,0,0,1,0,0,0,0,0,0,0,0,0,0,0,0,0,0,0,0,0,0,0,0,0,0,0,0,0,0,0,0,0,0,0,0,0,0,0,0,0,0,0,0,0,0,0,0,0,0,0,0,0,0,0,0,0,0,0,0,50,0,0,0,0,0,90,0,0,0,25,0,0,0,0,0,0,0,0,0,0,0,0,0,0,0,0,0,2,0,0,0,0,0,0,0,0,0,0,0,0,0,0,0,0,0,0,0,0,0,0,0,0,0,0,0,0,0,0,0,0
"SVK_065_MZB_LO_11","SVK_065_MZB_LO_11-23.03.2011","23.03.2011",2011,3,23,2,0,0,0,0,0,0,0,0,0,0,0,0,0,0,0,0,0,0,0,0,0,0,0,0,0,50,0,3,0,0,0,0,1,0,0,0,0,0,0,0,0,0,0,0,0,0,0,0,0,0,0,0,0,5,0,0,0,3,0,0,0,0,0,0,0,1,0,0,0,0,3,0,0,0,0,0,0,0,0,0,0,0,4,5,0,0,0,0,0,0,0,0,8,0,0,0,0,0,0,0,0,0,0,0,0,0,0,0,0,0,0,0,0,0,0,0,0,0,0,0,0,0,0,0,0,0,0,0,3,0,0,0,0,0,0,0,0,0,0,0,0,0,0
"SVK_065_MZB_LO_11","SVK_065_MZB_LO_11-25.04.2012","25.04.2012",2012,4,25,0,0,0,0,0,0,0,0,0,0,0,0,7,0,0,0,0,0,0,0,0,0,0,0,0,0,0,0,2,0,0,0,0,0,0,0,0,0,0,0,0,0,0,0,0,0,0,0,0,0,0,0,0,0,0,0,0,0,0,0,0,0,0,0,0,0,0,0,0,0,0,0,0,0,0,0,0,0,0,0,0,0,0,33,3,0,0,0,0,0,0,0,0,13,0,0,0,0,0,0,0,0,0,0,0,0,0,0,0,1,0,0,0,0,0,0,0,0,0,0,2,1,0,0,0,0,0,0,0,0,0,0,0,0,0,1,0,0,0,0,0,0,0,0
"SVK_065_MZB_LO_11","SVK_065_MZB_LO_11-26.03.2014","26.03.2014",2014,3,26,0,0,0,0,0,0,0,0,0,0,0,0,0,0,0,0,0,0,0,0,0,0,0,0,0,0,5,0,10,0,0,0,0,0,0,0,0,0,0,0,0,0,0,0,0,0,0,0,0,0,0,0,0,0,0,0,0,0,0,0,0,0,0,0,0,0,0,0,0,0,0,0,0,0,0,0,0,0,0,0,0,0,0,2,2,0,0,0,0,7,0,0,0,20,0,0,0,0,4,0,0,0,0,0,0,0,0,0,0,0,0,0,0,0,0,0,0,0,0,0,0,0,0,0,0,0,0,1,0,0,0,0,0,0,0,0,0,0,0,0,0,0,0,0
"SVK_065_MZB_LO_11","SVK_065_MZB_LO_11-25.03.2015","25.03.2015",2015,3,25,3,0,0,0,0,0,0,0,0,3,0,0,0,0,0,0,0,0,0,2,0,0,3,3,0,0,74,0,81,0,0,0,0,0,0,0,0,0,0,0,0,0,0,0,6,0,0,0,0,0,0,0,0,0,3,0,0,0,0,0,0,0,0,0,0,0,1,0,0,0,0,2,0,0,0,0,0,0,0,0,0,0,0,4,0,0,0,0,0,48,0,0,0,27,0,0,0,0,0,0,0,0,0,0,0,0,0,0,2,1,0,0,0,0,0,0,0,0,0,0,0,0,0,0,0,0,0,0,0,0,0,0,0,0,0,1,0,0,0,0,0,0,0,0
"SVK_065_MZB_LO_11","SVK_065_MZB_LO_11-06.04.2016","06.04.2016",2016,4,6,0,0,0,0,0,0,0,0,0,0,0,0,0,0,0,0,0,0,0,0,0,0,1,1,0,0,60,0,117,0,0,0,0,0,0,0,0,0,0,0,0,0,1,0,1,0,0,0,3,0,0,0,0,0,7,0,0,0,4,0,0,0,0,0,0,0,1,0,0,0,0,3,0,0,0,0,0,0,0,0,0,0,0,1,0,0,0,0,0,140,0,1,0,22,0,0,0,0,0,0,0,0,0,0,0,0,0,0,1,1,0,3,0,0,0,0,0,0,0,0,0,0,0,0,0,0,0,10,0,0,0,0,0,0,0,1,0,0,0,0,0,0,0,0
"SVK_065_MZB_LO_11","SVK_065_MZB_LO_11-29.03.2017","29.03.2017",2017,3,29,0,0,0,0,0,0,0,0,0,0,0,0,0,0,0,0,0,0,0,0,0,0,0,0,0,0,2,0,22,0,0,0,0,0,0,0,0,0,0,0,0,0,0,0,0,0,0,0,0,0,0,0,0,0,0,0,0,0,0,0,0,0,0,0,0,0,1,0,0,0,0,1,0,0,0,0,0,0,0,0,0,1,0,9,0,0,0,0,0,1,0,0,0,38,2,0,0,0,0,0,0,0,0,0,0,0,0,0,0,0,0,0,0,0,0,0,0,0,0,0,0,0,0,0,0,0,0,0,0,0,0,0,0,0,0,0,0,0,0,0,0,0,0,0
"SVK_065_MZB_LO_11","SVK_065_MZB_LO_11-27.03.2018","27.03.2018",2018,3,27,4,0,0,0,0,0,0,0,0,0,0,0,1,0,0,0,0,0,0,1,0,0,1,1,0,0,3,0,16,0,0,0,0,0,0,0,0,0,0,0,0,0,0,0,2,0,0,0,0,0,0,0,0,0,0,0,0,0,2,0,0,0,0,0,0,0,0,0,0,0,0,2,0,0,0,0,0,0,0,0,0,0,6,8,0,0,0,0,0,130,0,0,0,57,0,0,0,0,0,0,0,0,0,0,0,0,0,0,0,1,0,2,0,0,0,0,0,0,0,0,0,0,0,0,0,0,0,0,0,0,0,0,0,0,0,0,0,0,0,0,0,0,0,0
"SVK_065_MZB_LO_12","SVK_065_MZB_LO_12-15.05.2003","15.05.2003",2003,5,15,0,0,0,0,0,0,0,0,0,0,0,0,0,0,0,0,0,0,0,0,0,0,0,0,0,0,0,0,69,0,0,0,0,0,0,0,0,0,0,0,0,0,0,0,0,0,0,0,0,0,0,0,1,0,22,0,0,0,1,0,0,0,0,0,0,0,0,0,0,0,0,9,0,0,0,0,0,0,0,0,0,0,0,0,0,0,0,0,0,0,0,0,0,32,2,0,0,0,0,0,0,0,0,0,0,0,0,0,0,0,0,0,0,0,0,0,0,0,0,0,0,4,0,0,0,0,0,0,0,0,0,0,0,0,0,0,0,0,0,0,0,0,0,0
"SVK_065_MZB_LO_12","SVK_065_MZB_LO_12-18.04.2005","18.04.2005",2005,4,18,0,0,0,54,0,0,0,0,0,0,66,0,9,3,0,0,0,0,0,6,0,0,0,0,0,0,0,0,102,0,0,0,0,0,0,0,0,0,0,0,3,0,0,3,60,0,0,3,0,0,0,0,3,0,312,0,0,6,3,9,0,3,0,0,0,0,0,0,0,0,0,48,0,0,0,0,0,0,0,0,0,18,0,0,0,0,0,0,0,0,0,0,0,0,3,0,0,0,0,0,0,0,0,0,0,0,0,0,0,0,0,0,0,0,0,0,0,0,15,0,0,0,0,0,0,0,0,0,0,0,9,0,0,0,0,0,111,0,6,0,0,0,0,0
"SVK_065_MZB_LO_12","SVK_065_MZB_LO_12-09.04.2009","09.04.2009",2009,4,9,0,0,0,0,0,0,0,0,0,0,0,0,337.5,0,0,0,0,0,0,0,0,0,0,0,0,0,0,0,1207.5,0,0,0,0,0,0,0,15,0,0,0,0,71.25,0,0,45,0,48.75,0,0,0,0,0,0,0,123.75,0,3.75,0,0,0,0,116.25,0,0,0,0,0,0,0,0,0,7.5,0,0,0,0,0,0,0,0,0,0,0,18.75,0,0,0,0,0,0,0,0,0,52.5,15,0,0,0,0,0,0,7.5,0,0,0,0,0,0,0,0,0,0,0,0,0,0,0,3.75,0,0,116.25,26.25,0,0,0,0,0,37.5,0,0,0,0,0,0,0,0,56.25,0,0,0,0,0,0,0
"SVK_065_MZB_LO_12","SVK_065_MZB_LO_12-20.04.2010","20.04.2010",2010,4,20,0,0,0,0,0,0,0,0,0,0,0,0,0,0,0,0,0,0,0,0,0,0,0,0,0,0,0,6,1458,0,0,0,0,0,0,0,54,0,0,0,0,12,0,0,42,0,12,12,0,0,0,0,6,0,546,0,0,0,0,0,0,24,0,36,0,0,0,0,0,0,0,66,0,0,0,0,0,0,0,6,0,0,0,6,0,0,0,0,0,0,0,0,0,162,6,0,0,0,0,0,12,0,0,0,0,0,0,0,0,0,0,0,0,0,0,0,0,0,0,0,36,6,0,0,0,0,0,132,0,0,0,0,0,0,0,0,90,0,0,0,0,0,0,0
"SVK_065_MZB_LO_12","SVK_065_MZB_LO_12-09.03.2011","09.03.2011",2011,3,9,0,0,0,0,0,0,0,0,0,0,0,0,30,0,0,0,0,10,0,6.666666667,0,0,0,0,0,0,0,0,260.000000004,0,0,0,0,0,0,0,103.3333333,0,0,6.666666667,0,0,0,0,73.33333334,3.333333333,0,0,0,0,0,0,3.333333333,0,356.66666667,0,0,6.666666667,0,0,0,6.666666667,0,0,0,0,0,0,0,0,0,86.666666663,0,0,3.333333333,0,10,0,0,23.33333333,0,0,0,23.33333333,0,0,0,0,0,0,0,0,0,10,10,0,0,0,0,0,3.333333333,13.33333333,0,0,0,0,0,0,0,0,0,0,0,0,0,0,0,0,0,0,40,33.33333333,0,3.333333333,0,0,0,540,0,0,0,0,3.333333333,0,0,0,3.333333333,0,0,0,0,0,0,0
"SVK_065_MZB_LO_12","SVK_065_MZB_LO_12-09.05.2012","09.05.2012",2012,5,9,0,0,0,0,7.5,7.5,0,0,0,0,0,0,202.5,0,0,0,0,0,0,0,0,0,0,0,0,0,0,0,930,0,0,0,0,0,0,0,37.5,0,0,7.5,0,45,0,0,105,7.5,22.5,0,0,0,45,0,0,0,465,0,0,0,0,0,0,0,0,0,0,0,0,0,0,0,0,45,7.5,0,0,0,7.5,0,0,0,0,0,0,52.5,0,0,0,0,0,0,0,0,0,270,7.5,0,0,0,0,0,0,0,0,0,0,0,0,0,0,0,0,0,0,0,0,0,0,0,37.5,0,90,15,0,0,15,0,0,30,0,0,0,0,0,0,0,0,0,0,0,0,0,0,0,0
"SVK_065_MZB_LO_12","SVK_065_MZB_LO_12-17.04.2013","17.04.2013",2013,4,17,0,0,0,15,0,0,0,0,0,0,0,0,67.5,0,0,0,0,0,0,0,0,0,0,0,0,0,0,60,525,0,0,0,0,0,0,0,82.5,0,0,15,0,45,0,0,262.5,0,0,0,30,0,67.5,0,0,0,637.5,0,0,0,7.5,0,0,0,0,0,0,0,0,0,0,0,0,187.5,0,0,0,0,30,0,0,0,0,7.5,0,52.5,0,0,0,0,0,0,0,0,0,907.5,22.5,0,0,0,0,0,0,0,0,0,0,0,0,0,0,0,0,0,0,0,0,0,0,0,0,0,105,15,0,7.5,0,0,0,30,0,0,0,0,7.5,0,0,0,7.5,0,0,0,0,0,0,0
"SVK_065_MZB_LO_12","SVK_065_MZB_LO_12-09.04.2014","09.04.2014",2014,4,9,0,0,0,40,0,0,0,0,0,0,0,0,430,0,0,0,0,10,20,0,0,0,0,0,0,0,0,480,2860,0,0,0,0,0,0,0,40,0,0,90,0,0,0,0,390,0,30,0,0,0,0,0,0,0,450,0,0,0,0,0,0,10,0,0,0,0,0,0,0,0,0,110,0,0,0,0,0,20,10,0,0,0,0,120,0,0,0,0,0,0,0,0,0,30,30,0,0,0,0,0,0,0,0,0,0,0,0,0,0,30,0,0,0,0,0,0,0,0,90,0,0,50,0,0,0,0,0,210,0,0,0,0,10,0,0,0,0,0,0,0,0,0,0,0
"SVK_065_MZB_LO_12","SVK_065_MZB_LO_12-30.03.2016","30.03.2016",2016,3,30,0,0,0,7.5,0,0,0,0,0,0,0,0,22.5,0,0,0,0,352.5,37.5,30,0,0,0,0,0,0,0,45,495,0,0,0,0,0,0,0,15,0,0,37.5,0,0,0,0,240,0,0,0,15,0,0,0,0,0,142.5,0,0,0,0,0,0,0,0,0,0,0,0,0,0,0,0,37.5,0,0,0,0,0,0,22.5,0,0,0,0,0,0,0,0,0,0,0,0,7.5,0,75,15,0,0,0,0,0,0,0,0,0,0,0,0,0,0,0,0,0,0,0,0,0,0,0,0,0,0,22.5,0,7.5,0,0,0,1275,0,0,0,7.5,0,0,0,0,0,0,0,0,0,0,0,0
"SVK_065_MZB_LO_12","SVK_065_MZB_LO_12-22.03.2017","22.03.2017",2017,3,22,0,0,0,0,0,0,0,0,0,0,0,0,21.6,1.2,0,0,0,34.8,9.6,0,0,0,0,0,0,0,0,13.2,10.8,0,0,0,0,0,0,0,6,0,0,2.4,0,2.4,0,0,24,0,2.4,0,0,0,4.8,0,0,1.2,104.4,0,0,0,0,0,0,0,4.8,0,0,0,0,0,0,3.6,0,22.8,0,0,0,0,1.2,0,1.2,8.4,0,0,0,3.6,0,0,1.2,0,0,0,2.4,6,0,44.4,7.2,0,0,0,0,0,0,2.4,0,0,0,0,0,0,0,0,0,0,0,0,0,0,0,0,1.2,0,6,7.2,0,6,0,0,0,188.4,0,0,0,0,0,0,0,0,0,0,0,0,0,0,0,0
"SVK_065_MZB_LO_12","SVK_065_MZB_LO_12-18.04.2018","18.04.2018",2018,4,18,0,0,0,0,0,0,0,0,0,0,0,0,158,0,0,0,0,56,0,0,0,0,0,0,0,0,0,0,6,0,0,0,0,0,0,0,30,0,0,4,0,6,0,0,20,0,18,0,0,0,0,0,0,0,98,0,0,0,0,0,0,0,0,4,0,0,0,0,0,2,0,14,0,0,0,0,0,0,0,0,0,0,0,0,0,0,0,0,0,2,0,0,0,150,6,0,0,0,0,0,0,0,0,0,0,0,0,0,0,0,0,0,0,0,0,0,0,0,0,0,136,44,0,2,0,0,0,26,0,0,0,0,0,0,0,0,4,0,0,0,0,0,0,0
"SVK_065_MZB_LO_13","SVK_065_MZB_LO_13-15.05.2003","15.05.2003",2003,5,15,0,0,0,0,0,0,0,0,0,0,0,0,0,0,0,0,8,0,1,0,0,0,0,0,0,12,0,0,107,0,0,0,0,0,0,0,0,0,0,1,0,0,0,0,7,0,0,3,0,0,0,0,0,0,4,0,0,0,0,0,0,0,0,0,0,0,0,0,0,0,0,0,2,0,0,0,0,0,0,0,0,3,0,1,0,0,0,39,0,0,0,0,0,11,0,0,0,0,0,0,1,0,0,0,0,0,0,0,0,2,0,0,0,0,0,0,0,0,0,0,0,0,0,0,0,0,0,0,0,0,0,0,3,0,0,0,3,0,0,0,0,0,0,0
"SVK_065_MZB_LO_13","SVK_065_MZB_LO_13-30.03.2004","30.03.2004",2004,3,30,0,0,0,0,0,0,0,0,0,0,0,0,11,0,0,0,0,6,1,0,0,0,0,0,0,0,0,0,0,0,0,0,0,0,0,0,0,0,0,0,0,4,0,0,0,0,0,4,0,0,0,0,1,0,0,0,0,0,0,0,0,0,0,0,0,0,0,0,0,0,0,2,0,0,0,0,0,0,0,4,0,0,0,0,0,0,0,0,0,0,0,7,0,6,1,0,0,0,0,0,0,0,0,0,0,0,0,0,0,0,0,0,0,0,0,0,0,0,0,0,2,0,0,5,0,0,0,0,0,0,0,0,0,0,0,0,0,0,0,0,0,0,0,0
"SVK_065_MZB_LO_13","SVK_065_MZB_LO_13-18.04.2005","18.04.2005",2005,4,18,0,0,0,1,0,0,0,0,0,0,0,0,58,0,0,0,0,0,4,0,0,0,0,0,0,3,0,0,11,1,0,0,0,0,0,0,4,0,0,0,0,52,0,0,25,0,0,7,0,0,0,0,0,0,20,0,0,0,8,0,0,8,0,3,0,0,0,0,0,0,0,45,0,0,0,0,0,1,1,20,0,1,0,0,0,0,0,0,0,0,0,0,0,97,9,0,0,0,25,0,8,3,0,0,0,0,0,0,0,3,0,0,0,0,0,0,0,0,3,0,2,0,0,0,0,0,0,0,0,0,0,0,4,0,0,0,76,0,0,0,0,0,0,0
"SVK_065_MZB_LO_13","SVK_065_MZB_LO_13-09.04.2009","09.04.2009",2009,4,9,0,0,0,0,0,0,0,0,0,0,0,0,262,0,0,0,0,14,104,0,0,0,0,0,0,0,0,0,132,0,0,0,0,0,0,0,10,0,0,0,0,74,0,0,16,0,0,0,0,0,0,0,0,0,6,0,0,0,0,0,0,68,0,52,0,0,0,0,0,0,0,22,0,0,2,0,0,0,0,8,0,0,0,0,0,0,0,0,0,0,0,0,0,0,2,0,0,0,0,0,14,2,0,0,0,0,0,0,0,0,0,0,0,0,0,0,0,0,0,0,110,18,0,10,0,0,0,40,0,0,0,0,2,0,0,0,58,0,0,0,0,0,0,0
"SVK_065_MZB_LO_13","SVK_065_MZB_LO_13-20.04.2010","20.04.2010",2010,4,20,0,0,0,0,0,0,0,0,0,0,0,0,54,0,0,0,0,0,0,0,0,0,0,0,0,23,0,12,27,0,0,0,0,0,0,0,12,0,0,2,0,2,0,0,106,2,0,3,0,0,0,0,0,0,10,0,0,1,0,0,0,1,0,0,0,0,0,0,0,0,0,5,0,0,0,0,11,0,0,1,0,4,0,0,0,0,0,0,0,0,0,0,0,67,4,0,0,0,0,0,11,0,0,0,0,0,0,0,0,0,0,0,0,0,0,0,0,0,0,0,23,4,0,14,0,0,0,2,0,0,0,0,6,0,0,0,18,0,0,0,0,0,0,0
"SVK_065_MZB_LO_13","SVK_065_MZB_LO_13-07.03.2011","07.03.2011",2011,3,7,0,0,0,0,0,0,0,0,0,0,0,0,45.000000003,0,0,0,0,51.428571426,0,0,0,0,0,0,0,0,0,10.71428571,164.999999999,0,0,0,0,0,0,0,64.28571429,0,0,0,0,12.85714286,0,0,4.285714286,6.428571429,8.571428571,0,0,0,0,0,0,0,17.142857144,0,0,0,0,0,0,12.85714286,0,0,0,0,0,0,0,0,0,25.714285713,0,0,0,0,36.42857143,0,0,160.714285743,0,6.428571429,0,0,0,0,0,0,2.142857143,0,0,15.000000003,0,30,6.428571429,0,0,0,0,0,2.142857143,17.142857146,0,0,0,0,0,0,0,0,0,0,0,0,0,0,0,0,0,0,64.28571429,10.714285715,0,4.285714286,0,0,0,27.85714286,0,0,0,0,0,0,0,2.142857143,0,0,0,0,0,0,0,8.571428571
"SVK_065_MZB_LO_13","SVK_065_MZB_LO_13-09.05.2012","09.05.2012",2012,5,9,0,0,0,0,0,0,0,0,0,0,0,0,90,0,0,0,0,0,0,0,0,0,0,0,0,0,0,0,1507.5,0,0,0,0,0,0,0,22.5,0,0,0,0,0,0,0,112.5,15,0,0,0,15,15,0,0,0,22.5,0,0,0,0,0,0,0,0,7.5,0,0,0,0,0,0,0,30,7.5,0,0,0,30,0,7.5,0,0,7.5,0,7.5,0,0,0,0,0,0,0,0,0,172.5,7.5,0,0,0,0,0,30,0,0,0,0,0,0,0,0,0,0,0,0,0,0,0,0,0,7.5,0,105,0,0,16,0,0,0,0,0,0,0,0,0,0,0,0,0,0,0,0,0,0,0,0
"SVK_065_MZB_LO_13","SVK_065_MZB_LO_13-17.04.2013","17.04.2013",2013,4,17,0,0,0,0,0,0,0,0,0,0,0,0,5,0,0,0,0,1,0,0,0,0,0,0,0,0,0,1,9,0,0,0,0,0,0,0,5,0,0,0,0,4,0,0,3,1,0,0,0,0,1,0,0,0,5,0,0,1,0,0,0,0,0,0,0,0,0,0,0,0,0,17,0,0,0,0,2,0,0,0,0,6,0,1,0,0,0,0,0,0,0,0,0,48,3,0,0,0,0,0,18,1,0,0,0,0,0,0,0,0,0,0,0,0,0,0,0,0,0,0,57,2,0,13,0,0,0,4,0,0,0,0,1,0,0,0,0,0,0,0,0,0,0,0
"SVK_065_MZB_LO_13","SVK_065_MZB_LO_13-09.04.2014","09.04.2014",2014,4,9,0,0,0,2,0,0,0,0,0,0,0,0,30,0,0,0,0,0,0,0,0,0,0,0,0,48,0,88,118,0,0,0,0,0,0,0,8,0,0,6,0,18,0,0,100,0,0,8,0,0,0,0,0,0,36,0,0,6,2,0,0,12,0,0,0,0,0,0,0,0,0,28,0,0,0,0,20,8,22,0,0,14,0,26,0,0,0,0,0,2,0,0,0,304,8,0,0,0,0,2,0,0,0,0,0,0,0,0,0,2,0,0,0,0,0,0,0,2,6,0,26,2,0,18,0,0,0,10,0,2,0,0,8,0,0,2,14,0,0,0,0,0,0,0
"SVK_065_MZB_LO_13","SVK_065_MZB_LO_13-30.03.2016","30.03.2016",2016,3,30,0,0,0,0,0,0,0,0,0,0,0,0,9.130434783,0,0,0,0,15.652173908,0,0,0,0,0,0,0,11.73913043,0,23.47826087,40.434782602,0,0,0,0,0,0,0,1.304347826,0,1.304347826,0,0,5.217391304,0,0,70.434782608,3.913043478,0,2.608695652,0,0,22.17391304,0,0,0,27.39130434,0,0,0,0,0,0,3.913043478,0,0,0,0,0,0,0,0,0,26.086956523,0,0,0,0,2.608695652,0,0,26.08695652,0,0,0,2.608695652,0,0,0,0,0,2.608695652,0,5.217391304,1.304347826,58.695652172,1.304347826,0,0,0,0,0,18.26086956,1.304347826,0,0,0,0,0,0,0,0,1.304347826,0,0,0,1.304347826,0,0,0,1.304347826,0,31.30434783,0,0,6.52173913,0,0,0,13.04347826,0,0,0,0,2.608695652,0,0,0,0,0,0,0,0,0,0,0
"SVK_065_MZB_LO_13","SVK_065_MZB_LO_13-22.03.2017","22.03.2017",2017,3,22,0,0,0,0,0,0,0,0,0,0,0,0,50.76923077,0,0,0,0,145.3846154,0,0,0,0,0,0,0,0,0,94.61538462,9.230769231,0,0,0,0,0,0,0,0,0,0,0,0,13.84615385,0,0,50.769230771,0,0,0,0,4.615384615,87.69230769,0,2.307692308,0,23.07692308,0,0,0,2.307692308,0,0,13.84615385,0,0,0,0,0,0,0,2.307692308,0,133.84615385,0,0,0,0,11.53846154,0,9.230769231,71.53846154,0,0,0,2.307692308,0,0,0,0,0,0,0,9.230769231,0,16.153846153,9.230769231,0,0,0,0,0,34.61538461,2.307692308,0,0,0,0,0,0,0,0,0,0,0,0,0,0,0,0,0,0,27.69230769,6.923076923,0,25.38461538,0,0,0,62.307692305,0,0,0,0,2.307692308,0,0,0,0,0,0,0,0,0,0,0
"SVK_065_MZB_LO_13","SVK_065_MZB_LO_13-18.04.2018","18.04.2018",2018,4,18,0,0,0,0,0,0,0,0,0,0,0,0,44,0,0,0,0,3,0,0,0,0,0,0,0,0,0,5,9,1,0,0,0,0,0,0,1,0,0,0,0,0,0,0,46,1,4,0,0,0,0,0,1,0,2,0,0,0,0,0,0,6,0,0,0,0,0,0,0,1,0,8,0,0,0,0,0,0,0,10,0,0,0,1,0,0,0,0,0,0,0,0,0,13,2,0,0,0,0,0,3,0,0,0,0,0,0,0,0,0,0,0,0,0,1,0,0,0,0,0,36,5,3,3,0,0,0,2,0,0,0,0,1,0,0,0,3,0,0,0,0,0,0,0
"SVK_065_MZB_LO_14","SVK_065_MZB_LO_14-09.05.2005","09.05.2005",2005,5,9,0,0,0,0,0,0,0,0,0,0,0,0,0,0,0,0,0,0,0,0,0,0,1,1,0,0,0,0,48,0,0,0,0,0,0,0,0,0,0,0,0,0,0,0,0,0,0,0,0,0,0,0,0,0,9,0,0,0,0,0,0,0,0,0,0,0,0,0,0,0,0,0,0,0,0,0,0,0,0,0,0,0,0,0,1,0,0,0,0,0,0,0,0,36,0,0,0,0,0,0,0,0,0,0,0,0,0,0,0,0,0,0,0,0,0,0,0,0,0,0,0,0,0,0,0,0,0,0,0,0,0,0,0,0,0,0,0,0,0,0,0,0,0,0
"SVK_065_MZB_LO_14","SVK_065_MZB_LO_14-02.05.2006","02.05.2006",2006,5,2,0,0,0,0,0,0,0,0,0,0,0,0,7,0,0,0,3,0,12,7,74,0,0,0,3,0,0,0,28,0,0,0,0,0,0,0,0,0,0,0,0,0,0,0,0,0,0,0,0,0,0,0,0,0,1,0,0,0,0,0,1,0,0,0,1,0,1,0,0,0,0,0,0,0,0,1,0,0,0,0,0,0,0,0,0,0,0,0,0,0,0,0,0,111,0,0,0,0,0,0,0,0,0,0,0,0,0,0,0,0,0,24,0,5,0,0,0,0,0,0,0,0,0,0,0,0,0,0,0,1,0,0,0,0,0,0,0,0,0,0,2,0,0,0
"SVK_065_MZB_LO_14","SVK_065_MZB_LO_14-14.05.2007","14.05.2007",2007,5,14,0,0,0,0,0,0,0,0,0,1,0,0,0,0,0,0,0,0,0,0,0,0,1,1,0,0,0,0,64,0,0,0,0,0,1,0,0,2,0,0,0,0,0,0,0,0,0,0,0,0,0,0,0,0,124,0,0,0,0,0,0,0,0,0,0,0,0,0,0,0,0,0,0,0,0,0,0,0,0,0,0,0,0,0,4,0,0,0,0,0,0,0,0,25,0,0,0,0,0,0,0,0,0,0,0,0,0,0,0,0,0,0,0,0,0,0,0,0,0,0,0,0,0,0,0,0,0,0,0,0,0,0,0,1,0,0,0,0,0,0,0,3,0,0
"SVK_065_MZB_LO_14","SVK_065_MZB_LO_14-13.05.2008","13.05.2008",2008,5,13,0,0,0,0,0,0,0,0,0,0,0,0,0,0,0,0,0,0,0,0,0,0,0,0,0,0,3,0,250,0,0,0,0,0,3,0,0,3,0,0,0,0,0,0,0,0,0,0,0,0,0,0,0,0,189,0,0,0,0,0,0,0,0,0,0,0,0,0,0,0,0,0,0,0,0,0,0,0,0,0,0,0,0,0,4,0,0,0,0,18,0,0,0,19,0,0,0,0,0,0,0,0,0,0,0,0,0,0,0,0,0,0,0,0,0,0,0,0,0,0,0,0,0,0,0,0,0,0,0,0,0,0,0,0,0,0,0,0,0,0,0,0,0,0
"SVK_065_MZB_LO_14","SVK_065_MZB_LO_14-06.04.2010","06.04.2010",2010,4,6,0,0,0,0,0,0,0,0,0,0,0,0,0,0,0,0,0,0,0,0,0,0,0,0,0,0,0,0,50,0,0,0,0,0,0,0,0,0,0,0,0,0,0,0,0,0,0,0,0,0,0,0,0,0,2,0,0,0,0,0,0,0,0,0,0,0,0,0,0,0,0,0,0,0,0,0,0,0,0,0,0,0,1,0,7,0,0,0,0,0,0,0,0,235,0,0,0,0,0,0,0,0,0,0,0,0,0,0,0,0,0,0,0,0,0,0,0,0,0,0,0,0,0,0,0,0,0,0,0,0,0,0,0,0,0,0,0,0,0,0,0,0,0,0
"SVK_065_MZB_LO_14","SVK_065_MZB_LO_14-04.04.2011","04.04.2011",2011,4,4,0,0,0,0,0,0,0,0,0,0,0,0,0,0,1,0,0,0,0,0,0,0,0,0,0,0,3,0,76,0,0,0,0,0,1,0,0,53,0,0,0,0,0,0,0,0,0,0,0,0,0,0,0,0,1,0,0,0,0,0,0,0,0,0,0,0,0,0,0,0,0,0,0,1,0,0,0,0,0,0,0,0,2,0,0,0,0,0,0,1,0,0,0,115,0,0,0,0,0,0,0,0,0,0,0,0,0,0,0,0,0,0,0,0,0,0,0,0,0,0,0,0,0,0,0,0,0,0,0,0,0,0,0,0,0,0,0,0,0,0,0,0,0,0
"SVK_065_MZB_LO_14","SVK_065_MZB_LO_14-02.04.2012","02.04.2012",2012,4,2,0,0,0,0,0,0,0,0,0,0,0,0,0,0,0,0,0,0,0,0,0,0,0,0,0,0,0,0,77,0,0,0,0,0,0,0,0,0,0,0,0,0,0,0,0,1,0,0,0,0,0,0,0,0,4,0,0,0,0,0,0,0,0,0,0,0,0,0,0,0,0,0,0,0,0,0,0,0,0,0,0,0,4,0,0,0,0,0,0,1,0,0,0,0,0,0,0,0,0,0,0,0,0,0,0,0,0,0,0,0,0,0,0,0,0,0,0,0,0,0,0,0,0,0,0,0,0,47,0,0,0,0,0,0,0,0,0,0,0,0,0,0,0,0
"SVK_065_MZB_LO_14","SVK_065_MZB_LO_14-02.04.2013","02.04.2013",2013,4,2,0,0,0,0,0,0,0,0,0,0,0,0,0,0,0,0,0,0,0,0,0,0,0,0,0,0,0,0,2,0,0,0,0,0,0,0,0,0,0,0,0,0,0,0,0,0,0,0,0,0,0,0,0,0,0,0,0,0,0,0,0,0,0,0,0,0,0,0,0,0,0,0,0,0,0,0,0,0,0,0,0,0,0,0,0,0,0,0,0,0,0,0,0,14,0,0,0,0,0,0,0,0,0,0,0,0,0,0,0,0,0,0,0,0,0,0,0,0,0,0,0,0,0,0,0,0,0,0,0,0,0,0,0,0,0,0,0,0,0,0,0,0,0,0
"SVK_065_MZB_LO_14","SVK_065_MZB_LO_14-07.04.2014","07.04.2014",2014,4,7,0,0,0,0,0,0,0,0,0,0,0,0,0,0,0,0,0,0,0,0,0,0,0,0,0,0,0,0,115,0,0,0,0,0,10,0,0,93,0,0,0,0,0,0,0,0,0,0,0,0,0,0,0,0,1,0,0,0,0,0,0,0,0,0,0,0,0,0,0,0,0,0,0,0,0,0,0,0,0,0,0,0,0,0,0,0,0,0,0,4,0,0,0,85,0,0,0,0,0,0,0,0,0,0,0,0,0,0,0,0,0,0,0,0,0,0,0,0,0,0,0,0,0,0,0,0,0,0,0,1,0,0,0,0,0,0,0,0,1,0,0,0,0,0
"SVK_065_MZB_LO_14","SVK_065_MZB_LO_14-04.05.2015","04.05.2015",2015,5,4,0,0,0,0,0,0,0,0,0,0,0,0,0,0,0,0,0,0,0,0,0,0,0,0,0,0,0,0,84,0,0,0,0,0,0,0,0,0,0,0,0,0,0,0,0,0,0,0,0,0,0,0,0,0,76,0,0,0,0,0,0,0,0,0,0,0,0,0,0,0,0,0,0,0,0,0,0,0,0,0,0,0,0,0,0,0,0,0,0,8,0,0,0,22,0,0,0,0,0,0,0,0,0,0,0,0,0,0,0,0,0,0,0,0,0,0,0,0,0,0,0,0,0,0,0,0,0,0,0,0,0,0,0,0,0,0,0,0,0,0,0,0,0,0
"SVK_065_MZB_LO_14","SVK_065_MZB_LO_14-07.03.2016","07.03.2016",2016,3,7,0,0,0,0,0,0,0,0,0,0,0,0,0,0,0,0,0,0,0,0,0,0,0,0,0,0,52.5,0,907.5,0,0,0,0,0,0,0,0,0,0,0,0,0,0,0,0,0,0,0,0,0,0,0,0,0,135,0,0,0,0,0,0,0,0,0,0,0,0,0,0,0,0,0,0,0,0,60,0,0,0,0,0,0,0,0,0,0,0,0,0,0,0,0,0,922.5,0,0,0,0,0,0,0,0,0,0,0,0,0,0,0,0,0,37.5,0,0,0,0,0,0,0,0,0,0,0,0,0,0,0,0,0,0,0,0,0,0,0,0,0,0,0,0,0,0,0,0
"SVK_065_MZB_LO_14","SVK_065_MZB_LO_14-06.03.2017","06.03.2017",2017,3,6,0,0,0,0,0,0,0,0,0,0,0,0,0,0,0,0,0,0,0,0,0,0,0,0,0,0,22.85714286,0,55.714285715,0,0,0,0,2.857142857,0,0,0,0,0,0,0,0,0,0,0,0,0,0,0,0,0,0,0,0,48.57142857,0,0,0,0,0,0,0,0,0,0,0,0,0,0,0,0,0,1.428571429,0,0,1.428571429,0,0,0,0,0,0,12.85714286,1.428571429,0,0,0,0,0,0,0,0,0,467.14285717,0,0,0,0,0,0,0,0,0,0,0,0,0,0,0,0,0,0,0,0,0,0,0,0,0,0,0,0,0,0,0,0,0,4.285714286,0,0,0,0,0,0,0,0,0,0,0,0,0,0,0,0
"SVK_065_MZB_LO_14","SVK_065_MZB_LO_14-03.04.2018","03.04.2018",2018,4,3,0,0,0,0,0,0,0,0,0,0,0,0,0,0,0,0,0,0,0,0,0,0,0,0,0,0,0,0,70,0,0,0,0,0,0,0,0,0,0,0,0,0,0,0,0,0,0,0,0,0,0,0,0,0,60,0,0,0,0,0,0,0,0,0,0,0,0,0,0,0,0,0,0,0,0,0,0,0,0,0,0,0,0,0,0,0,0,0,0,0,0,0,0,4730,0,0,0,0,0,0,0,10,0,0,0,0,0,0,0,0,0,0,0,0,0,0,0,0,0,0,0,0,0,0,0,0,0,0,0,0,0,0,0,0,0,0,0,0,0,0,0,0,0,0
"SVK_065_MZB_LO_2","SVK_065_MZB_LO_2-16.05.2007","16.05.2007",2007,5,16,0,0,0,0,0,0,0,0,0,0,0,0,0,0,0,0,0,0,0,0,0,0,0,0,0,0,0,0,0,0,0,0,0,0,0,0,8,0,0,0,0,0,0,0,15,0,0,0,0,0,0,0,0,0,0,0,0,0,0,0,0,0,0,0,0,0,0,0,0,0,0,8,0,0,0,0,0,0,8,105,0,0,0,0,0,0,0,0,0,0,0,0,0,97,0,0,0,0,0,0,0,0,0,0,0,0,0,0,0,22,0,0,0,0,0,0,0,0,8,0,0,30,0,0,0,0,0,195,0,0,0,0,0,0,0,0,0,0,0,0,0,0,0,0
"SVK_065_MZB_LO_2","SVK_065_MZB_LO_2-14.05.2008","14.05.2008",2008,5,14,0,0,0,0,0,0,0,0,0,0,4,0,1361,0,0,0,0,0,0,0,0,0,0,0,0,0,0,0,672,0,0,0,0,0,0,0,11,0,0,0,0,0,0,0,33.75,0,15,0,0,0,0,0,15,0,0,0,0,0,0,0,0,4,0,0,0,0,0,0,0,0,0,134,0,0,0,0,0,0,0,0,0,8,0,0,0,0,0,0,0,0,0,0,0,46,45,0,0,0,0,0,0,0,0,0,0,0,0,0,0,0,0,0,0,0,0,0,0,0,11,0,0,57,0,0,112,0,0,0,0,0,0,0,0,0,0,0,0,0,0,0,0,0,0,0
"SVK_065_MZB_LO_2","SVK_065_MZB_LO_2-13.05.2009","13.05.2009",2009,5,13,0,0,0,6,0,0,0,0,0,0,0,0,201,0,0,0,0,0,9,0,0,0,0,0,0,0,0,0,465,0,0,0,0,0,0,0,6,0,0,0,0,12,0,0,18,0,0,0,0,0,0,0,12,0,0,0,0,0,0,0,0,3,0,0,12,0,0,0,0,0,0,18,0,0,0,0,0,0,0,0,0,0,0,0,0,0,0,0,0,0,0,0,0,936,3,0,0,0,0,0,0,0,0,0,0,0,0,0,0,3,0,0,0,0,0,0,0,0,6,0,3,6,0,0,0,0,0,21,0,0,0,0,0,0,0,0,6,0,0,0,0,0,0,0
"SVK_065_MZB_LO_2","SVK_065_MZB_LO_2-11.05.2011","11.05.2011",2011,5,11,0,0,0,6,0,0,0,0,0,0,6,0,252,0,0,0,0,0,0,0,0,0,0,0,0,0,0,0,714,6,0,0,0,0,0,0,78,0,0,0,0,132,0,0,24,0,0,0,0,0,0,12,6,0,0,0,0,0,0,0,0,18,0,0,0,0,0,0,0,0,0,84,0,0,0,0,0,0,0,0,0,0,0,78,0,0,0,0,0,0,0,0,0,36,6,0,0,0,0,0,12,0,0,0,0,0,0,0,0,12,0,0,0,0,0,0,0,0,12,0,1080,78,0,0,0,0,0,42,0,0,0,0,0,0,0,0,0,0,0,0,0,0,0,0
"SVK_065_MZB_LO_2","SVK_065_MZB_LO_2-18.04.2012","18.04.2012",2012,4,18,0,0,0,0,0,0,0,0,0,0,22.5,0,570,0,0,0,0,0,0,0,0,0,0,0,0,0,0,0,1875,7.5,0,0,0,0,0,0,15,0,0,0,0,30,0,0,127.5,0,0,0,0,0,0,22.5,7.5,0,0,0,0,0,0,0,0,0,0,0,0,0,0,0,0,0,0,37.5,0,0,0,0,0,0,0,7.5,0,7.5,0,7.5,0,0,0,0,0,0,0,7.5,0,195,45,0,0,0,0,0,22.5,7.5,0,0,0,0,0,0,0,7.5,0,0,0,0,0,0,0,7.5,22.5,0,82.5,135,0,0,0,0,0,52.5,0,7.5,0,0,0,0,0,15,0,0,0,0,0,0,0,0
"SVK_065_MZB_LO_2","SVK_065_MZB_LO_2-15.05.2013","15.05.2013",2013,5,15,0,0,0,135,0,0,0,0,0,0,90,0,870,0,0,0,0,0,0,0,0,0,15,15,0,15,0,0,2355,0,0,0,0,0,0,0,45,0,0,0,0,15,0,0,630,45,0,0,0,0,105,0,30,0,0,0,0,0,0,0,0,0,0,0,0,0,0,0,0,0,0,75,0,0,0,0,0,0,60,0,0,30,0,60,0,0,0,0,0,0,0,0,0,660,0,0,0,0,0,0,0,0,0,0,0,0,0,0,0,105,0,0,0,0,0,0,0,0,330,0,90,30,0,0,135,0,0,75,0,15,0,0,15,0,0,0,0,0,0,0,0,0,0,0
"SVK_065_MZB_LO_2","SVK_065_MZB_LO_2-13.05.2015","13.05.2015",2015,5,13,0,0,0,15,0,0,0,0,0,0,15,0,990,0,0,0,0,0,0,0,0,0,0,0,0,210,0,0,2910,0,15,0,0,0,0,0,60,0,0,0,0,45,0,0,1065,120,0,0,0,0,90,0,105,0,0,0,0,0,0,0,0,0,0,0,0,0,0,0,0,0,0,150,0,0,0,0,0,0,0,60,0,0,0,0,0,0,0,0,0,0,0,0,0,330,0,0,0,0,0,0,0,0,0,0,0,0,0,0,0,45,0,0,0,0,0,0,0,0,45,0,60,255,0,0,0,0,0,630,0,0,0,0,0,0,0,30,0,0,0,0,0,0,0,0
"SVK_065_MZB_LO_2","SVK_065_MZB_LO_2-13.04.2016","13.04.2016",2016,4,13,0,30,0,0,0,0,0,0,0,0,90,0,240,0,0,0,0,0,0,60,0,0,0,0,0,330,0,0,9390,0,0,0,0,0,0,0,0,0,0,0,0,150,0,0,1590,60,0,0,0,0,0,0,270,0,0,30,0,0,0,0,0,0,0,0,0,0,0,0,0,0,0,420,0,0,0,0,0,0,30,30,0,0,0,0,0,0,0,0,0,0,0,30,0,570,0,0,0,0,0,0,120,0,0,0,0,0,0,0,0,150,0,0,0,0,0,0,0,0,0,0,360,120,0,0,0,120,0,300,0,0,0,0,0,0,0,120,0,0,0,0,0,0,0,0
"SVK_065_MZB_LO_3","SVK_065_MZB_LO_3-10.05.2005","10.05.2005",2005,5,10,0,0,0,0,0,0,0,0,6,0,0,0,0,0,0,0,1,0,0,0,0,0,0,0,0,0,2,0,7,0,0,0,0,0,0,0,0,0,0,0,0,0,0,0,0,0,0,0,0,0,0,0,0,0,106,0,0,0,0,0,0,0,0,0,0,0,0,0,0,0,0,0,0,0,0,0,0,0,0,0,0,0,7,0,0,0,0,0,0,0,0,0,0,4,0,0,0,0,0,0,0,0,0,0,0,0,0,0,0,0,0,0,0,0,0,0,0,0,0,0,0,0,0,0,0,0,0,0,0,0,0,0,0,0,0,3,0,0,0,2,0,0,0,0
"SVK_065_MZB_LO_3","SVK_065_MZB_LO_3-15.05.2007","15.05.2007",2007,5,15,0,0,5,13,0,0,1,0,0,3,0,0,0,0,1,0,0,0,1,0,0,0,0,0,0,0,8,0,20,0,0,0,0,0,14,0,0,5,0,0,0,0,0,0,0,0,0,0,0,0,0,0,0,0,92,0,0,0,0,0,4,0,0,0,0,0,0,0,0,0,0,0,0,0,0,10,0,0,0,0,0,0,0,0,1,0,0,0,0,0,0,0,0,4,0,0,0,0,0,0,0,0,0,0,0,0,0,0,0,0,0,1,7,0,0,0,0,0,0,0,0,0,0,0,0,0,0,0,0,10,0,0,0,0,0,0,0,0,0,0,0,1,1,0
"SVK_065_MZB_LO_3","SVK_065_MZB_LO_3-14.05.2008","14.05.2008",2008,5,14,0,0,0,0,2,2,0,0,0,0,0,0,0,0,9,0,0,0,0,0,0,0,0,0,0,0,0,0,13,0,0,0,0,2,2,0,0,0,0,0,0,0,0,0,0,0,0,0,0,0,0,0,0,0,48,0,0,0,1,0,7,0,0,0,0,0,0,0,0,0,0,0,0,0,0,0,0,0,0,0,0,0,0,0,0,0,0,0,0,0,0,0,0,7,0,0,0,0,0,0,0,0,0,0,0,0,1,3,0,0,0,0,0,0,0,0,0,0,0,1,0,0,0,0,0,0,0,0,0,1,1,0,0,2,0,0,0,0,0,6,0,6,0,0
"SVK_065_MZB_LO_3","SVK_065_MZB_LO_3-07.04.2010","07.04.2010",2010,4,7,0,0,1,0,8,8,0,0,0,0,0,0,0,0,23,0,0,0,0,0,0,0,0,0,0,0,1,0,18,0,0,0,0,0,0,0,0,0,0,0,0,0,0,0,0,0,0,0,0,0,0,0,0,0,22,0,0,0,0,0,29,0,0,0,0,0,2,0,0,0,0,0,0,0,0,0,0,0,0,0,0,0,0,0,0,0,0,0,0,0,0,0,0,96,0,0,0,0,0,0,0,0,0,0,0,0,0,1,0,0,0,0,1,0,0,0,0,0,0,0,0,0,0,0,0,0,0,0,0,1,4,0,0,2,0,0,0,0,0,0,0,15,0,0
"SVK_065_MZB_LO_3","SVK_065_MZB_LO_3-07.04.2011","07.04.2011",2011,4,7,0,0,1,6,0,0,0,0,0,0,0,0,0,0,1,0,0,0,0,0,0,0,0,0,0,0,92,0,220,2,0,0,0,0,15,0,0,2,0,0,0,0,0,0,0,1,0,0,0,0,0,0,0,0,17,0,0,0,0,0,1,0,0,0,0,0,2,0,0,0,0,1,0,26,0,7,0,0,0,0,0,0,1,0,4,0,0,0,0,0,0,0,0,62,0,1,0,0,0,0,0,0,0,0,0,0,0,0,0,0,0,1,5,0,0,0,0,0,0,1,0,0,0,0,0,0,0,99,0,4,0,0,0,8,0,0,0,0,1,0,0,0,0,0
"SVK_065_MZB_LO_3","SVK_065_MZB_LO_3-03.04.2012","03.04.2012",2012,4,3,0,0,0,0,0,0,0,0,0,0,0,0,0,0,0,0,0,0,0,0,0,0,0,0,0,0,6,0,52,0,0,0,0,0,0,0,0,0,0,0,0,0,0,0,0,0,0,0,0,0,0,0,0,0,29,0,0,0,0,0,0,0,0,0,0,0,0,0,0,0,0,0,0,0,0,0,0,0,0,0,0,0,5,0,0,0,0,0,0,0,0,0,0,2,0,0,0,0,0,0,0,0,0,0,0,0,0,1,0,0,0,0,0,0,0,0,0,0,0,0,0,0,0,0,0,0,0,0,0,0,0,0,0,1,0,0,0,0,0,0,0,1,0,0
"SVK_065_MZB_LO_3","SVK_065_MZB_LO_3-03.04.2013","03.04.2013",2013,4,3,0,0,0,0,1,1,0,0,0,0,0,0,0,0,3,0,0,0,0,0,0,0,0,0,0,0,0,0,1,0,0,0,0,0,1,0,0,0,0,0,0,0,0,0,0,0,0,0,0,0,0,0,0,0,0,0,0,0,0,0,7,0,0,0,0,0,0,0,0,0,0,0,0,0,0,0,0,0,0,0,0,0,0,0,0,0,0,0,0,0,0,0,0,0,0,0,0,0,0,0,0,0,0,0,0,0,0,0,0,0,0,0,0,0,0,0,0,0,0,0,0,0,0,0,0,0,0,0,0,0,0,0,0,0,0,0,0,0,0,0,0,7,0,0
"SVK_065_MZB_LO_3","SVK_065_MZB_LO_3-08.04.2014","08.04.2014",2014,4,8,0,0,0,0,0,0,0,0,0,0,0,0,0,0,1,0,0,0,0,0,0,0,0,0,0,0,0,0,8,0,0,0,0,0,0,0,0,0,0,0,0,0,0,0,0,0,0,0,0,0,0,0,0,0,30,0,0,0,0,0,0,0,0,0,0,0,0,0,0,0,0,0,0,0,0,0,0,0,0,0,0,0,0,0,0,0,0,0,0,0,0,0,0,38,0,0,0,0,0,0,0,0,0,0,0,0,0,0,0,0,0,0,0,0,0,0,0,0,0,0,0,0,0,0,0,0,0,0,0,0,0,0,0,1,0,0,0,0,0,0,0,2,0,0
"SVK_065_MZB_LO_3","SVK_065_MZB_LO_3-08.03.2016","08.03.2016",2016,3,8,0,0,0,33.75,0,0,0,0,0,0,0,0,11.25,0,0,0,0,0,0,0,0,0,0,0,0,0,18.75,0,187.5,0,0,0,0,0,146.25,0,0,3.75,0,0,0,0,0,0,0,0,0,0,0,0,0,0,0,0,296.25,0,0,0,0,0,3.75,0,0,0,0,0,0,0,0,0,0,0,0,0,0,146.25,0,0,0,0,0,0,3.75,0,0,0,0,0,0,0,0,0,0,363.75,0,0,0,0,0,0,0,0,0,0,0,0,0,0,0,0,0,0,18.75,0,0,0,0,0,0,3.75,0,0,0,0,0,0,0,0,0,22.5,0,0,0,7.5,0,3.75,0,0,0,0,0,0,0,0
"SVK_065_MZB_LO_3","SVK_065_MZB_LO_3-27.03.2017","27.03.2017",2017,3,27,0,0,0,36.42857143,0,0,0,0,0,0,0,0,15,0,0,0,0,0,0,0,0,0,0,0,0,0,27.85714286,0,533.571428535,0,0,0,0,0,100.7142857,2.142857143,0,4.285714286,0,0,0,0,0,0,0,0,0,0,0,0,0,0,0,0,62.142857141,0,0,0,0,0,0,0,0,0,0,0,0,0,0,0,0,0,0,0,0,15,0,0,0,0,0,0,6.428571429,0,0,2.142857143,0,0,0,0,0,0,0,94.285714289,0,0,0,0,0,0,0,0,0,2.142857143,0,0,0,0,0,0,0,0,8.571428571,0,0,0,0,0,0,0,0,0,0,0,0,0,0,15,0,0,0,0,0,10.71428571,0,0,0,0,0,0,0,2.142857143,0,0
"SVK_065_MZB_LO_3","SVK_065_MZB_LO_3-15.05.2018","15.05.2018",2018,5,15,0,0,0,0,0,0,0,0,0,0,0,0,6,0,0,0,0,0,0,0,0,0,0,0,0,0,9,0,264,0,0,0,0,0,12,0,0,3,0,0,0,0,0,0,0,0,0,0,0,0,0,0,0,0,225,0,0,0,0,0,0,0,0,0,0,0,3,0,0,0,0,0,0,15,0,21,0,0,0,0,0,3,21,0,0,0,0,0,0,0,0,0,0,60,0,0,0,0,0,0,0,0,0,0,0,0,0,0,0,0,0,0,0,0,0,0,0,0,0,0,0,0,0,0,0,0,0,6,0,0,0,0,0,0,0,0,0,0,0,0,0,0,0,0
"SVK_065_MZB_LO_4","SVK_065_MZB_LO_4-14.05.2008","14.05.2008",2008,5,14,0,0,0,2,0,0,0,0,0,0,0,0,33,0,0,0,0,0,0,0,0,0,0,0,0,3,0,0,156,0,0,0,0,0,0,0,0,0,0,5,0,182,0,0,0,0,0,3,0,0,30,15,1,0,77,0,0,0,0,0,0,0,0,0,1,0,0,0,0,0,0,22,0,0,0,0,0,1,0,0,0,1,0,0,0,0,0,0,0,0,0,0,0,9,0,0,0,0,0,0,0,1,0,0,0,0,0,0,0,1,0,0,0,0,0,0,0,0,0,0,0,7,0,1,75,0,0,0,0,0,0,0,0,0,0,1,0,0,0,0,0,0,0,0
"SVK_065_MZB_LO_4","SVK_065_MZB_LO_4-17.03.2009","17.03.2009",2009,3,17,0,0,0,0,0,0,0,0,0,0,6,0,480,0,0,0,0,0,0,0,0,0,0,0,0,0,0,0,1350,0,0,0,0,0,0,0,24,0,0,0,0,54,0,0,12,0,0,6,0,0,24,12,0,0,30,0,0,0,0,0,0,0,0,0,0,0,0,0,0,0,0,42,0,0,0,0,0,0,0,0,0,0,0,6,0,0,0,0,0,0,0,0,0,1326,0,0,0,0,0,0,30,0,0,0,0,0,0,0,0,0,0,0,0,0,0,0,0,0,0,0,36,18,0,0,222,0,0,0,0,0,0,0,0,0,0,18,0,0,0,0,0,0,0,0
"SVK_065_MZB_LO_4","SVK_065_MZB_LO_4-07.04.2010","07.04.2010",2010,4,7,0,0,0,20,0,0,0,0,0,0,0,0,197.5,0,0,0,0,0,0,0,0,0,0,0,0,0,0,0,477.5,0,0,0,0,0,0,0,15,0,0,10,0,90,0,0,7.5,5,5,0,0,0,17.5,0,5,0,67.5,0,0,0,0,0,0,55,0,0,0,0,10,0,0,0,0,15,0,0,0,0,0,0,0,15,0,2.5,0,7.5,0,0,0,0,0,0,0,0,0,30,0,0,0,0,0,0,0,2.5,0,0,0,0,0,0,0,17.5,0,0,0,0,0,0,0,0,2.5,0,95,17.5,0,0,0,0,0,10,0,5,2.5,0,0,0,0,20,0,0,0,0,0,0,0,0
"SVK_065_MZB_LO_4","SVK_065_MZB_LO_4-07.03.2011","07.03.2011",2011,3,7,0,0,0,0,0,0,0,0,0,0,0,0,390,0,0,0,0,0,0,0,0,0,0,0,0,0,0,0,6030,0,0,0,0,0,0,0,0,0,0,0,0,90,0,0,0,0,0,0,0,0,120,0,0,0,90,0,0,0,0,0,0,0,0,0,0,0,0,0,0,0,0,90,0,0,0,0,0,0,0,60,0,0,0,0,0,0,0,0,0,0,0,0,0,600,0,0,0,0,0,0,0,0,0,0,0,0,0,0,0,0,0,0,0,0,0,0,0,0,0,0,210,60,0,0,0,0,0,120,0,0,0,0,0,0,0,0,0,0,0,0,0,0,0,0
"SVK_065_MZB_LO_4","SVK_065_MZB_LO_4-04.04.2012","04.04.2012",2012,4,4,0,0,0,16.95652174,0,0,0,0,0,0,0,0,63.913043482,0,0,0,0,0,0,0,0,0,0,0,0,0,0,0,157.826086958,0,0,0,0,0,0,0,1.304347826,0,0,0,0,7.826086957,0,0,3.913043478,0,0,0,0,0,0,0,10.434782608,0,36.52173913,0,0,3.913043478,0,0,0,5.217391304,0,0,0,0,6.52173913,0,0,0,0,1.304347826,0,0,0,0,0,0,0,2.608695652,0,2.608695652,0,0,0,0,0,0,0,0,0,5.217391304,0,48.260869572,0,0,0,0,0,0,0,0,0,0,0,0,0,0,0,0,0,0,0,0,0,0,0,0,0,0,3.913043478,0,0,0,0,0,0,9.130434782,0,0,0,0,0,0,0,6.52173913,0,0,0,0,0,0,0,0
"SVK_065_MZB_LO_4","SVK_065_MZB_LO_4-09.04.2013","09.04.2013",2013,4,9,0,0,0,525,0,0,0,0,0,0,0,0,450,0,0,45,0,0,0,0,0,0,0,0,0,0,0,0,5130,0,0,0,0,0,0,0,0,0,0,165,0,15,0,0,15,0,0,0,0,0,135,0,0,0,540,0,0,0,0,0,0,0,0,0,0,0,30,0,0,0,0,360,0,0,0,0,0,0,0,0,0,0,0,0,0,0,0,0,0,0,0,0,0,135,0,0,0,0,0,0,0,0,0,0,0,0,0,0,0,45,0,0,0,0,0,0,0,0,0,0,0,45,0,0,0,0,0,15,0,270,0,0,0,0,0,0,0,0,0,0,0,0,0,0
"SVK_065_MZB_LO_4","SVK_065_MZB_LO_4-02.04.2014","02.04.2014",2014,4,2,0,0,70,480,0,0,0,0,0,0,0,0,380,0,0,50,0,0,0,0,0,0,0,0,0,60,0,40,6630,10,0,0,0,0,0,0,0,0,0,170,0,60,0,0,30,0,0,20,0,0,60,0,30,0,110,0,0,0,0,0,0,0,0,0,0,0,10,0,0,0,0,340,0,0,0,0,0,0,30,10,0,0,0,30,0,0,0,0,0,0,0,0,0,280,10,0,0,0,0,0,0,0,0,0,0,0,0,0,0,30,0,0,0,0,0,0,0,0,0,0,0,30,0,0,0,0,0,80,0,530,0,0,0,0,0,0,0,0,0,0,0,0,0,0
"SVK_065_MZB_LO_4","SVK_065_MZB_LO_4-03.03.2015","03.03.2015",2015,3,3,0,0,0,0,0,0,0,0,0,0,0,0,5790,0,0,570,0,0,0,0,0,0,0,0,0,0,0,0,2280,0,0,0,0,0,0,0,0,0,0,150,0,180,0,0,0,0,0,0,0,0,120,0,0,0,150,0,0,0,0,0,0,60,0,0,0,0,60,0,0,0,0,390,0,0,0,0,0,0,0,390,0,0,0,0,0,0,0,0,0,0,0,120,0,0,0,0,0,0,0,0,0,30,0,0,0,0,0,0,0,0,0,0,0,0,0,0,0,0,0,0,0,120,0,0,0,0,0,300,0,0,0,0,0,0,0,0,0,0,0,0,0,0,0,0
"SVK_065_MZB_LO_4","SVK_065_MZB_LO_4-05.04.2016","05.04.2016",2016,4,5,0,0,0,80,0,0,0,0,0,0,0,0,210,0,0,0,0,0,0,0,0,0,0,0,0,5,0,0,610,0,0,0,0,0,0,0,0,0,0,110,0,75,0,0,40,0,0,0,0,0,25,10,0,0,285,0,0,0,0,0,0,15,0,0,0,0,20,0,0,0,0,0,0,0,0,0,0,0,0,0,0,0,0,5,0,0,0,0,0,0,0,5,0,35,10,0,0,0,0,0,0,0,0,0,0,0,0,0,0,0,0,0,0,0,0,0,0,0,0,0,0,0,0,0,0,0,0,25,0,35,0,0,0,0,0,10,0,0,0,0,0,0,0,0
"SVK_065_MZB_LO_4","SVK_065_MZB_LO_4-11.04.2017","11.04.2017",2017,4,11,0,0,0,90,0,0,0,0,0,0,0,0,1065,0,0,75,0,0,0,0,0,0,0,0,0,0,0,15,2265,0,0,0,0,0,0,0,0,0,0,15,0,120,0,0,45,15,0,0,0,0,90,0,30,0,630,0,0,0,0,0,0,0,0,0,0,0,0,0,0,0,0,165,0,0,0,0,60,0,30,90,0,15,0,15,0,0,0,0,0,0,30,30,0,315,0,0,0,0,0,0,0,0,0,0,0,0,0,0,0,60,0,0,0,0,0,0,0,0,0,0,0,15,0,15,0,0,0,135,0,180,0,0,0,0,0,0,0,0,0,0,0,0,0,0
"SVK_065_MZB_LO_4","SVK_065_MZB_LO_4-05.04.2018","05.04.2018",2018,4,5,0,0,0,0,0,0,0,0,0,0,0,0,2805,0,0,15,0,0,0,0,0,0,0,0,0,0,0,0,2280,0,0,0,0,0,0,0,0,0,0,195,0,60,0,0,0,0,0,0,0,0,60,0,0,0,480,0,0,0,0,0,0,0,0,0,0,0,0,0,0,0,0,45,0,0,0,0,0,0,0,0,0,0,0,0,0,0,0,0,0,0,0,0,0,30,0,0,0,0,0,0,0,0,0,0,0,0,0,0,0,15,0,0,0,0,0,0,0,0,0,0,60,75,0,0,0,0,0,1815,0,0,0,0,0,0,0,0,0,0,0,0,0,0,0,0
"SVK_065_MZB_LO_5","SVK_065_MZB_LO_5-09.05.2005","09.05.2005",2005,5,9,0,0,0,0,0,0,0,0,118,0,0,0,10,0,0,0,1,0,0,6,0,0,2,2,0,0,0,0,32,0,0,0,0,0,0,0,0,0,0,0,0,0,0,0,0,0,0,2,0,0,0,0,0,0,3,0,0,0,0,0,0,0,0,0,0,0,0,0,0,0,0,0,0,0,0,0,0,0,0,0,0,1,0,0,0,0,0,0,0,0,0,0,0,70,0,0,0,0,0,0,0,0,0,0,0,0,0,0,1,0,0,57,0,0,0,0,0,0,0,0,0,0,0,0,0,0,0,1,0,0,0,0,0,0,0,0,0,0,0,0,0,0,0,0
"SVK_065_MZB_LO_5","SVK_065_MZB_LO_5-02.05.2006","02.05.2006",2006,5,2,0,0,0,0,0,0,0,0,0,0,0,0,80,0,0,0,0,0,0,0,0,0,0,0,0,0,0,0,10,0,0,0,0,0,0,0,0,0,0,0,0,0,0,0,0,0,0,0,0,0,0,0,0,0,0,0,0,0,0,0,0,0,0,0,0,0,0,0,0,0,0,0,0,0,0,0,0,0,10,0,0,0,0,0,0,0,0,0,0,4730,0,0,0,380,0,0,0,0,0,0,0,0,0,0,0,0,0,0,0,0,0,180,0,0,0,0,0,0,0,0,0,0,0,0,0,0,0,0,0,0,0,0,0,0,0,0,0,0,0,0,0,0,0,0
"SVK_065_MZB_LO_5","SVK_065_MZB_LO_5-14.05.2007","14.05.2007",2007,5,14,0,0,0,0,0,0,0,0,0,0,0,0,630,0,0,0,0,0,0,126,0,0,0,0,0,0,0,0,486,0,0,0,0,0,0,0,0,0,0,0,0,0,0,0,0,0,0,24,0,0,0,0,6,0,42,0,0,0,6,0,0,0,0,0,0,0,24,0,0,0,0,6,0,0,0,0,0,0,0,0,0,0,0,6,0,0,0,0,0,6,0,0,0,564,0,0,0,0,0,6,0,0,0,0,0,0,0,0,6,0,0,1278,0,0,0,0,0,0,12,0,0,0,0,0,0,0,0,0,0,0,0,0,0,0,0,0,0,0,6,0,0,0,0,0
"SVK_065_MZB_LO_5","SVK_065_MZB_LO_5-13.05.2008","13.05.2008",2008,5,13,0,0,0,0,0,0,0,0,0,0,0,0,216,0,0,0,0,0,42,0,0,0,12,12,0,0,0,0,1026,0,0,0,0,0,0,0,0,0,0,0,0,0,0,0,12,0,0,12,0,0,0,0,0,0,24,0,0,0,0,0,0,0,0,0,0,0,96,0,0,0,0,156,0,0,0,0,0,0,0,0,0,0,0,0,0,0,0,0,0,378,0,0,0,108,0,0,0,0,0,0,0,0,0,0,0,0,0,0,0,0,0,786,0,0,0,0,0,0,18,0,0,0,0,0,0,0,0,60,0,0,0,0,0,0,0,0,0,0,0,0,0,0,0,0
"SVK_065_MZB_LO_5","SVK_065_MZB_LO_5-06.04.2010","06.04.2010",2010,4,6,0,0,0,0,0,0,0,0,0,1,0,0,13,0,0,0,0,0,0,0,0,0,0,0,0,0,0,8,362,0,0,0,0,0,0,0,0,0,0,1,0,0,0,0,5,1,0,0,0,0,0,0,1,0,5,0,0,0,0,0,0,0,0,0,0,0,8,0,0,0,0,6,0,0,0,0,0,0,0,0,0,0,0,1,0,0,0,0,0,1,0,0,0,119,1,0,0,0,0,0,0,0,0,0,0,0,0,0,0,0,0,12,0,0,0,0,0,0,2,0,0,0,0,0,0,0,0,0,0,0,0,0,0,0,0,0,0,0,0,0,0,0,0,0
"SVK_065_MZB_LO_5","SVK_065_MZB_LO_5-04.04.2011","04.04.2011",2011,4,4,0,0,0,0,0,0,0,0,0,0,0,0,0,0,0,0,0,0,0,0,0,0,0,0,0,0,0,0,255,0,0,0,0,0,0,0,0,0,0,0,0,0,0,0,0,0,0,0,0,0,0,0,0,0,0,0,0,0,0,0,0,0,0,0,0,0,90,0,0,0,0,0,0,0,0,0,0,0,0,0,0,0,0,0,0,0,0,0,0,0,0,0,0,4800,0,0,0,0,0,0,0,0,0,0,0,0,0,0,0,0,0,0,0,0,0,0,0,0,0,0,0,0,0,0,0,0,0,0,0,0,0,0,0,0,0,0,0,0,0,0,0,0,0,0
"SVK_065_MZB_LO_5","SVK_065_MZB_LO_5-02.04.2012","02.04.2012",2012,4,2,0,0,0,0,0,0,0,0,0,0,0,0,0,0,0,0,0,0,0,0,0,0,0,0,0,0,0,0,915,0,0,0,0,0,0,0,0,0,0,0,0,0,0,0,0,0,0,0,0,0,0,0,0,0,0,0,0,0,0,0,0,0,0,0,0,0,45,0,0,0,0,0,0,0,0,0,0,0,0,0,0,0,0,0,0,0,0,0,0,0,0,0,0,12.5,0,0,0,0,0,0,0,0,0,0,0,0,0,0,0,0,0,20,0,0,0,0,0,0,0,0,0,0,0,0,0,0,0,0,0,0,0,0,0,0,0,0,0,0,0,0,0,0,0,0
"SVK_065_MZB_LO_5","SVK_065_MZB_LO_5-13.05.2013","13.05.2013",2013,5,13,0,0,0,0,0,0,0,0,0,0,0,0,0,0,0,0,0,0,0,0,0,0,0,0,0,0,0,4,28,0,0,0,0,1,0,0,0,0,0,0,0,0,0,0,0,0,0,0,2,2,0,0,0,0,0,0,0,0,1,0,0,0,0,0,0,0,0,1,0,0,0,1,0,0,0,0,0,0,1,0,0,0,0,0,0,0,0,0,0,1,0,0,0,2,1,0,0,0,0,0,0,0,0,0,0,0,0,0,0,0,0,17,0,0,0,0,0,0,0,0,0,0,0,0,0,0,0,0,0,0,0,0,0,0,0,1,0,0,0,0,0,0,0,0
"SVK_065_MZB_LO_5","SVK_065_MZB_LO_5-07.04.2014","07.04.2014",2014,4,7,0,0,0,0,0,0,0,0,0,3.75,0,0,0,0,0,0,0,0,0,0,0,0,0,0,0,0,0,11.25,1110,0,0,0,0,0,11.25,0,0,3.75,0,0,0,0,0,0,3.75,0,0,0,0,0,0,0,26.25,0,33.75,0,0,0,0,0,0,0,0,0,0,0,101.25,0,0,0,0,56.25,11.25,0,0,0,0,0,3.75,0,0,0,0,0,0,0,0,0,0,18.75,0,0,0,86.25,0,0,0,0,0,0,0,0,0,0,0,0,0,0,0,0,0,228.75,0,0,0,0,0,0,26.25,0,0,0,0,0,0,0,0,11.25,0,15,0,0,0,0,3.75,0,0,3.75,0,0,0,0,0,0
"SVK_065_MZB_LO_5","SVK_065_MZB_LO_5-07.04.2015","07.04.2015",2015,4,7,0,0,0,0,0,0,0,0,22.5,0,0,0,37.5,0,0,0,0,0,0,0,0,0,0,0,0,0,0,0,1575,0,0,0,0,0,15,0,0,0,0,0,0,0,0,0,0,0,0,0,0,0,0,0,82.5,0,0,0,0,0,0,0,0,0,0,0,0,0,352.5,0,0,0,0,15,0,0,0,0,0,0,0,0,0,0,0,0,0,0,0,0,0,15,0,0,0,457.5,0,0,0,0,0,0,0,0,0,0,0,0,0,0,0,0,0,97.5,0,0,0,0,0,0,0,0,0,0,0,0,0,0,0,15,0,0,0,0,0,0,0,0,0,0,0,0,0,0,0,0
"SVK_065_MZB_LO_5","SVK_065_MZB_LO_5-07.03.2016","07.03.2016",2016,3,7,0,0,0,0,0,0,0,0,9,0,0,0,6,0,0,0,0,0,6,6,0,0,0,0,0,3,0,123,114,0,0,0,0,0,15,0,0,0,0,0,0,0,3,0,9,0,0,0,0,6,0,0,6,0,6,0,0,0,0,0,0,0,0,0,0,0,39,0,0,0,0,201,0,0,0,9,0,0,12,0,3,0,0,0,0,0,0,0,0,9,0,0,0,63,3,0,0,0,0,0,0,0,0,0,0,0,0,0,0,0,0,114,0,0,0,0,0,0,0,0,0,0,0,0,0,0,0,45,0,0,0,0,0,0,0,3,0,0,0,0,0,0,0,0
"SVK_065_MZB_LO_5","SVK_065_MZB_LO_5-06.03.2017","06.03.2017",2017,3,6,0,0,0,0,0,0,0,0,30,0,0,0,210,0,0,0,0,0,0,0,0,0,0,0,0,0,0,420,2790,0,0,0,0,0,150,0,30,0,0,0,0,0,30,0,0,0,0,0,0,0,0,0,60,0,120,0,0,0,0,0,0,0,0,0,0,0,360,0,0,0,0,480,0,0,0,30,0,0,90,0,0,0,0,0,0,0,0,0,0,0,0,0,0,4410,0,0,0,0,0,0,0,0,0,0,0,0,0,0,0,0,0,1710,0,0,0,0,0,0,0,0,0,0,0,0,0,30,0,180,0,0,0,0,0,0,0,0,0,0,0,0,0,0,0,0
"SVK_065_MZB_LO_5","SVK_065_MZB_LO_5-14.05.2018","14.05.2018",2018,5,14,0,0,0,0,0,0,0,0,0,0,0,0,380,0,0,0,10,0,0,0,0,0,0,0,0,0,0,60,1550,0,0,0,0,0,20,0,0,0,0,0,0,0,0,0,0,0,0,0,0,0,120,0,0,0,10,0,0,0,0,0,0,0,0,0,0,0,20,0,0,0,0,100,0,0,0,0,0,0,10,0,0,0,0,0,0,0,0,0,0,10,0,0,0,650,0,0,0,0,0,0,0,0,0,0,0,0,0,0,0,0,0,150,0,0,0,10,0,0,0,0,0,0,0,0,80,0,0,40,0,50,0,0,0,0,0,0,0,0,0,0,0,0,0,0
"SVK_065_MZB_LO_6","SVK_065_MZB_LO_6-09.05.2005","09.05.2005",2005,5,9,0,0,0,0,0,0,0,0,0,26,0,0,244,0,0,0,0,0,0,0,0,0,21,21,0,0,0,0,166,0,0,0,0,0,0,0,0,0,0,0,0,0,0,0,0,0,0,0,0,0,0,0,9,0,0,0,0,0,21,0,4,0,0,0,9,0,4,0,0,0,0,0,0,0,0,0,0,0,39,0,0,201,0,0,0,0,0,0,0,0,0,0,0,1020,0,0,0,0,0,0,0,0,0,0,0,0,0,0,4,0,0,47,0,0,0,0,0,0,0,0,0,0,0,0,0,0,0,13,0,9,0,0,0,0,0,0,0,0,0,0,0,0,0,0
"SVK_065_MZB_LO_6","SVK_065_MZB_LO_6-02.05.2006","02.05.2006",2006,5,2,0,0,0,0,0,0,0,0,0,0,0,0,0,0,0,0,0,0,0,0,0,0,13,13,0,0,0,0,50,0,0,0,0,0,0,0,0,0,0,0,0,0,0,0,0,0,0,0,0,0,0,0,0,0,0,0,0,0,0,0,0,0,0,0,0,0,0,0,0,0,0,0,0,0,0,0,0,0,0,0,0,8,0,0,0,0,0,0,0,0,0,0,0,552,0,0,0,0,0,0,0,0,0,0,0,0,0,0,2,0,0,0,0,0,0,0,0,0,0,0,0,0,0,0,0,0,0,21,0,0,0,0,0,0,0,0,0,0,0,0,0,0,0,0
"SVK_065_MZB_LO_6","SVK_065_MZB_LO_6-14.05.2007","14.05.2007",2007,5,14,0,0,0,0,0,0,0,0,0,5,0,0,100,0,0,0,0,0,15,0,0,0,5,5,0,15,0,0,285,0,0,0,0,0,0,0,10,0,0,5,0,0,0,0,5,5,0,0,0,0,0,0,5,0,175,0,0,0,5,0,0,0,0,0,0,0,0,0,0,0,0,0,0,0,0,0,0,0,5,0,0,0,0,15,0,0,0,0,0,0,0,0,0,4275,5,0,0,0,0,0,0,0,0,0,0,0,0,0,5,0,0,45,0,0,0,0,0,0,5,0,0,0,0,0,0,0,0,60,0,100,0,0,0,0,5,0,0,0,0,0,0,0,0,0
"SVK_065_MZB_LO_6","SVK_065_MZB_LO_6-13.05.2008","13.05.2008",2008,5,13,0,0,0,0,0,0,0,0,0,0,0,0,12,0,0,0,0,0,0,0,0,0,30,30,0,24,0,0,366,0,0,0,0,0,0,0,0,0,0,0,0,0,0,0,0,0,0,0,0,0,0,0,12,0,414,0,0,0,0,0,0,0,0,0,0,6,0,0,0,0,0,0,6,0,0,0,0,0,0,0,0,0,0,0,0,0,0,0,0,0,0,0,0,600,0,0,0,0,0,0,0,0,0,0,0,0,0,0,18,0,0,18,0,0,0,0,0,0,0,0,0,0,0,0,0,0,0,0,0,54,0,0,0,0,0,0,0,0,0,0,0,0,0,0
"SVK_065_MZB_LO_6","SVK_065_MZB_LO_6-06.04.2010","06.04.2010",2010,4,6,0,0,0,0,0,0,0,0,0,12,0,0,51,0,0,0,0,0,0,0,0,0,9,9,0,0,0,0,375,0,0,0,0,0,0,0,0,0,0,0,0,0,0,0,0,0,0,0,0,0,0,0,0,0,120,0,0,0,3,0,0,0,0,0,0,0,0,0,0,0,0,0,0,0,0,0,0,0,0,0,0,12,0,0,0,0,0,0,0,0,0,0,0,450,3,0,0,0,0,0,0,0,0,0,0,0,0,0,3,0,0,24,0,0,0,0,0,0,0,0,0,0,0,0,0,0,0,12,0,21,0,0,0,0,0,0,0,0,0,0,0,0,0,0
"SVK_065_MZB_LO_6","SVK_065_MZB_LO_6-04.04.2011","04.04.2011",2011,4,4,0,0,0,0,0,0,0,0,4.285714286,17.14285714,0,0,158.57142861,0,0,0,0,0,0,0,0,0,4.285714286,4.285714286,0,0,0,0,205.714285714,0,0,0,0,0,0,0,0,0,0,0,0,0,0,0,0,0,0,0,0,0,0,0,4.285714286,0,304.2857143,0,0,0,0,0,0,0,0,0,4.285714286,0,30,0,0,0,0,95,0,0,0,0,0,0,4.285714286,0,0,55.428571432,0,0,0,0,0,0,0,0,0,12.85714286,0,394.28571429,0,0,0,0,0,0,0,0,0,0,0,0,0,0,0,0,0,0,0,0,0,0,0,0,0,0,0,4.285714286,0,0,0,0,0,81.428571424,0,0,0,0,0,0,0,0,0,0,0,0,0,0,0,0
"SVK_065_MZB_LO_6","SVK_065_MZB_LO_6-02.04.2012","02.04.2012",2012,4,2,0,0,0,0,0,0,0,0,3.75,0,0,0,56.25,0,0,0,0,0,0,0,0,0,0,0,0,0,0,0,915,0,0,0,0,0,0,0,0,0,0,0,0,0,0,0,0,0,0,0,0,0,0,0,0,0,60,0,0,0,0,0,0,0,0,0,0,0,7.5,0,0,0,0,11.25,0,0,0,0,0,0,0,0,0,0,0,0,0,0,0,0,0,0,0,0,0,82.5,41.25,0,0,0,0,0,0,0,0,0,0,0,0,0,0,0,0,15,0,0,0,0,0,0,15,0,0,0,0,0,0,0,0,108.75,0,0,0,0,0,0,0,0,0,0,0,0,0,0,0,0
"SVK_065_MZB_LO_6","SVK_065_MZB_LO_6-07.04.2015","07.04.2015",2015,4,7,0,0,0,0,0,0,0,0,0,0,0,0,240,0,0,0,0,0,0,0,0,0,0,0,0,0,0,0,360,0,0,0,0,0,0,0,0,0,0,0,0,0,0,0,0,0,0,0,0,0,0,0,0,0,930,0,0,0,0,0,0,0,0,0,0,0,0,0,0,0,0,60,0,0,0,0,0,0,0,0,0,30,0,30,0,0,0,0,0,0,0,0,0,2520,30,0,0,0,0,0,0,0,0,0,0,0,0,0,0,0,0,120,0,0,0,0,0,0,0,0,0,0,0,0,0,0,0,0,0,30,0,0,0,0,0,0,0,0,0,0,0,0,0,0
"SVK_065_MZB_LO_6","SVK_065_MZB_LO_6-04.04.2016","04.04.2016",2016,4,4,0,0,0,10,0,0,10,0,110,0,0,0,80,0,0,0,0,0,20,0,0,0,0,0,0,10,0,0,60,0,0,0,0,0,0,0,0,0,0,0,0,0,0,0,0,0,0,0,80,0,0,0,0,0,3240,0,0,0,60,0,0,0,0,0,0,0,0,0,0,0,0,0,0,0,0,0,0,0,0,0,0,0,0,10,0,0,0,0,0,0,0,0,0,160,0,0,0,0,0,0,0,0,0,0,0,0,0,0,0,0,0,80,0,0,0,0,0,0,0,0,0,0,0,0,0,0,0,0,0,10,0,0,0,0,0,0,0,0,40,0,0,0,0,0
"SVK_065_MZB_LO_7","SVK_065_MZB_LO_7-09.05.2005","09.05.2005",2005,5,9,0,0,0,0,0,0,0,0,0,0,0,0,0,0,0,0,0,0,10,16,0,0,6,6,0,0,0,0,30,0,0,0,0,0,0,0,0,0,0,0,0,0,0,0,5,0,0,29,0,0,0,0,0,0,0,0,0,0,10,0,0,1,0,0,0,0,0,0,0,0,0,24,0,0,0,0,0,0,4,0,0,4,0,0,6,0,0,0,0,0,0,0,0,23,2,0,0,0,0,1,0,0,0,0,0,0,0,0,36,1,0,29,0,0,0,0,0,0,0,0,0,0,0,0,0,0,0,0,0,5,0,0,0,3,0,0,0,0,0,0,0,0,0,0
"SVK_065_MZB_LO_7","SVK_065_MZB_LO_7-02.05.2006","02.05.2006",2006,5,2,0,0,0,0,0,0,0,0,0,0,0,12,2,0,0,0,0,0,33,0,0,0,3,3,0,0,0,0,81,0,0,0,0,0,0,0,0,0,0,0,0,0,0,0,5,0,0,45,0,0,0,0,0,0,0,0,0,0,7,0,0,0,0,0,0,0,2,0,0,0,0,7,3,0,0,0,0,0,7,0,2,0,0,2,3,0,0,0,0,0,0,0,0,57,0,0,0,0,0,0,0,0,0,0,0,0,0,0,17,2,0,88,0,0,0,0,0,0,0,0,0,0,0,0,0,0,0,3,0,3,0,0,8,2,0,0,0,0,0,0,0,0,0,0
"SVK_065_MZB_LO_7","SVK_065_MZB_LO_7-14.05.2007","14.05.2007",2007,5,14,0,0,0,0,0,0,0,0,3,0,0,0,60,0,0,0,0,0,99,0,0,0,3,3,0,3,0,0,201,0,0,0,42,0,0,0,0,0,0,0,0,0,0,0,0,6,0,15,0,0,0,0,0,0,0,0,0,0,6,0,0,0,0,0,0,0,3,0,0,0,0,3,0,0,0,0,0,0,0,0,0,0,0,0,6,0,0,0,0,18,3,0,0,36,0,0,0,0,0,0,0,0,0,3,0,0,0,0,117,0,0,642,0,0,0,0,0,0,3,0,0,0,0,0,3,0,0,3,0,21,0,0,0,30,0,0,0,0,0,0,0,0,0,0
"SVK_065_MZB_LO_7","SVK_065_MZB_LO_7-13.05.2008","13.05.2008",2008,5,13,0,0,0,0,0,0,12,0,0,0,0,0,0,0,0,0,0,0,0,0,0,0,6,6,0,0,0,0,780,0,0,0,0,0,0,0,0,0,0,0,0,0,0,0,0,0,0,0,0,0,0,0,0,0,0,0,0,0,18,0,0,0,0,0,0,0,0,0,0,0,0,0,0,0,0,0,0,0,0,0,0,0,0,0,48,0,0,0,0,0,0,0,0,138,0,0,0,0,0,0,0,0,0,0,0,0,0,0,6,0,0,0,0,0,0,0,0,0,0,0,0,0,0,0,0,0,0,0,6,18,0,0,0,0,0,0,0,0,18,0,0,0,0,0
"SVK_065_MZB_LO_7","SVK_065_MZB_LO_7-06.04.2010","06.04.2010",2010,4,6,0,0,0,0,0,0,0,0,12,0,0,36,0,0,0,0,0,0,318,0,0,0,9,9,0,9,0,3,438,0,0,0,0,12,0,0,0,0,0,0,0,0,0,0,6,6,0,0,87,0,0,0,0,0,3,0,0,0,6,0,0,0,0,0,0,0,0,0,0,0,0,36,0,0,0,0,0,0,3,0,0,9,0,0,0,0,3,0,0,6,6,0,0,9,3,3,0,0,0,0,0,0,0,0,0,0,0,0,81,9,0,99,0,0,0,0,0,0,0,0,0,0,0,0,0,6,0,27,0,15,0,0,18,0,0,3,0,0,0,0,0,0,0,0
"SVK_065_MZB_LO_7","SVK_065_MZB_LO_7-04.04.2011","04.04.2011",2011,4,4,0,0,0,0,0,0,0,0,0,0,0,0,81.428571431,0,0,0,0,0,0,0,0,0,0,0,0,0,0,0,64.285714293,0,0,0,0,0,0,0,0,0,0,0,0,0,0,0,0,0,0,0,0,0,0,0,0,0,4.285714286,0,0,0,0,0,0,0,0,0,0,0,55.71428572,0,0,0,0,30.000000002,0,0,0,0,0,0,4.285714286,0,0,4.285714286,0,4.285714286,0,0,0,0,0,0,0,0,0,30.000000003,0,0,0,0,0,0,0,0,0,0,0,0,0,0,0,8.571428571,0,0,0,0,0,0,0,0,0,0,0,0,0,0,0,0,0,2211.428570716,0,0,0,0,0,0,0,0,0,0,0,0,0,0,0,0
"SVK_065_MZB_LO_7","SVK_065_MZB_LO_7-02.04.2012","02.04.2012",2012,4,2,0,0,0,0,0,0,0,0,18.75,0,0,0,0,0,0,0,0,0,0,0,0,0,0,0,0,0,0,3.75,1158.75,0,0,0,0,0,0,0,0,0,0,0,0,0,0,0,7.5,0,0,0,30,0,0,0,0,0,0,0,0,0,0,0,0,0,0,0,0,0,7.5,0,0,0,0,18.75,0,0,0,0,0,0,0,0,0,0,0,0,0,0,0,0,0,0,0,0,0,15,0,0,0,0,0,0,0,0,0,0,0,0,0,0,0,0,0,63.75,0,0,0,0,0,0,7.5,0,0,0,0,0,0,0,0,0,0,0,0,0,0,3.75,0,0,0,0,0,0,0,0,0,0
"SVK_065_MZB_LO_7","SVK_065_MZB_LO_7-13.05.2013","13.05.2013",2013,5,13,0,0,0,0,0,0,0,0,3,0,0,0,0,0,0,0,0,0,0,16,0,0,3,3,0,0,0,1,20,0,0,0,0,0,0,0,0,0,0,0,0,0,0,0,1,0,0,0,13,0,0,0,0,0,0,0,0,0,4,0,0,0,0,0,0,0,0,0,0,0,0,3,0,0,0,0,0,0,1,0,0,2,0,0,0,0,0,0,0,0,0,0,0,16,0,0,0,0,0,0,0,0,0,0,0,0,0,0,11,1,0,3,0,0,0,0,0,0,0,0,0,0,0,0,0,0,0,12,0,0,0,0,0,0,0,0,0,0,0,0,0,0,0,0
"SVK_065_MZB_LO_7","SVK_065_MZB_LO_7-07.04.2014","07.04.2014",2014,4,7,0,0,0,0,0,0,0,0,0,0,0,0,0,0,0,0,0,0,0,0,0,0,3.157894737,3.157894737,0,58.42105263,0,0,885.789473715,0,0,4.736842105,0,0,3.157894737,0,0,0,0,0,0,0,0,0,0,0,0,0,26.84210526,0,0,0,0,0,0,0,0,0,6.315789474,0,0,0,0,0,0,0,0,0,0,0,0,1.578947368,1.578947368,0,0,0,0,0,3.157894736,0,0,0,0,0,0,0,0,0,0,1.578947368,0,0,0,18.947368421,0,0,0,0,0,0,0,0,0,0,0,0,0,0,1.578947368,0,0,37.89473684,0,0,0,0,0,0,0,0,0,0,0,0,0,0,0,3.157894736,0,11.05263158,0,0,0,0,0,0,0,0,1.578947368,0,0,0,0,0
"SVK_065_MZB_LO_7","SVK_065_MZB_LO_7-04.05.2015","04.05.2015",2015,5,4,0,0,0,0,0,0,0,0,0,0,0,0,0,0,0,0,0,0,0,0,0,0,0,0,0,0,0,0,58,0,0,0,0,0,0,0,0,0,0,0,1,0,0,0,1,0,0,0,16,0,0,0,0,0,0,0,0,0,0,0,0,0,0,0,0,0,5,0,0,0,0,0,0,0,0,0,0,0,0,0,0,3,0,2,0,0,0,0,0,0,0,0,0,18,0,0,0,0,0,0,0,0,0,2,0,0,0,0,4,1,0,52,0,0,0,0,0,0,0,0,0,0,0,0,0,0,0,0,0,6,3,0,0,0,0,0,0,0,2,0,0,0,0,0
"SVK_065_MZB_LO_7","SVK_065_MZB_LO_7-04.04.2016","04.04.2016",2016,4,4,0,0,0,0,0,0,0,0,6,2,0,0,4,0,0,0,0,0,0,16,0,0,10,10,0,6,0,8,216,0,0,0,0,0,0,0,0,0,0,0,0,0,0,0,6,0,0,0,76,26,0,0,0,0,2,0,0,0,4,0,0,0,0,0,0,0,16,0,0,0,16,14,0,0,0,2,0,0,18,0,0,18,0,0,4,0,0,0,0,6,0,0,0,66,0,0,0,0,0,0,0,0,2,0,0,0,0,0,90,2,0,112,0,0,0,0,0,0,0,0,0,0,0,0,0,0,0,66,0,8,0,0,10,6,0,0,0,0,2,0,0,0,0,0
"SVK_065_MZB_LO_7","SVK_065_MZB_LO_7-27.03.2017","27.03.2017",2017,3,27,0,0,0,0,0,0,4.285714286,0,34.28571429,4.285714286,0,8.571428571,8.571428571,0,0,0,0,0,0,0,0,0,8.571428571,8.571428571,0,30,0,0,707.142857116,0,0,4.285714286,0,4.285714286,85.71428571,0,0,0,0,0,0,0,0,0,4.285714286,4.285714286,0,0,34.28571429,0,0,0,0,0,0,0,0,0,0,0,0,0,0,0,0,0,34.285714281,0,0,0,0,17.142857146,4.285714286,0,4.285714286,0,0,0,8.571428571,0,0,12.857142857,0,0,0,0,0,0,0,4.285714286,21.42857143,0,0,222.85714283,8.571428571,0,0,0,0,0,0,0,0,0,0,0,0,0,12.85714286,8.571428572,0,424.2857143,0,0,0,0,0,0,0,0,0,0,0,0,0,0,0,107.14285714,0,0,0,0,4.285714286,8.571428571,0,0,0,0,4.285714286,0,0,0,0,0
"SVK_065_MZB_LO_7","SVK_065_MZB_LO_7-14.05.2018","14.05.2018",2018,5,14,0,0,0,0,0,0,0,0,10,0,0,0,20,0,0,0,30,0,0,210,160,0,30,30,0,0,0,0,1020,0,0,0,0,0,70,0,0,0,0,0,0,0,0,0,0,0,0,0,230,80,0,90,0,0,0,0,0,0,0,0,0,0,0,0,0,0,0,0,0,0,0,30,0,0,0,0,0,0,0,0,0,10,0,0,10,0,0,0,0,0,0,0,0,1180,0,0,0,0,0,0,0,0,0,10,0,0,0,0,20,0,0,50,0,0,0,0,0,0,0,0,0,0,0,0,0,0,0,40,10,100,0,0,0,0,0,0,0,0,0,0,0,0,0,0
"SVK_065_MZB_LO_8","SVK_065_MZB_LO_8-02.05.2003","02.05.2003",2003,5,2,0,0,0,2,0,0,0,0,0,0,4,0,6,0,0,0,0,0,18,0,0,0,0,0,0,4,52,0,464,0,0,0,0,0,0,0,0,0,0,0,0,0,0,0,0,0,0,0,0,0,0,0,0,0,334,0,0,0,0,0,0,0,0,0,0,0,0,0,0,0,0,4,0,0,0,0,0,0,0,0,0,0,0,0,0,0,0,0,0,0,0,0,0,216,0,0,0,0,0,0,0,0,0,0,2,0,0,0,0,0,0,0,0,0,0,0,0,0,0,0,0,0,0,0,0,0,0,22,0,0,0,0,0,0,0,0,0,0,0,0,0,0,0,0
"SVK_065_MZB_LO_8","SVK_065_MZB_LO_8-20.05.2004","20.05.2004",2004,5,20,0,0,0,0,0,0,0,0,0,0,0,0,0,0,0,0,0,0,1,0,0,0,0,0,0,0,0,0,0,0,0,0,0,0,0,0,0,0,0,0,0,0,0,0,0,0,0,0,0,0,0,0,0,0,78,0,0,0,0,0,0,0,0,0,0,0,0,0,0,0,0,0,0,0,0,0,0,0,0,0,0,0,0,0,0,0,0,0,0,32,0,0,0,1,0,0,0,0,0,0,0,0,0,0,0,0,0,0,0,0,0,0,0,0,0,0,0,0,0,0,0,0,0,0,0,0,0,0,0,0,0,0,0,0,0,0,0,0,0,0,0,0,0,0
"SVK_065_MZB_LO_8","SVK_065_MZB_LO_8-17.05.2005","17.05.2005",2005,5,17,0,0,0,0,0,0,0,0,0,0,0,0,0,0,0,0,0,0,5,0,0,32,0,0,0,0,4,0,4,0,0,0,0,0,0,0,0,0,0,0,0,0,0,0,0,0,0,0,0,0,0,0,0,0,13,0,0,0,0,0,0,0,0,0,0,0,0,0,0,0,0,0,0,0,0,0,0,0,0,0,0,0,0,0,0,0,0,0,0,12,0,0,0,3,0,0,0,0,0,0,0,0,0,0,0,0,0,0,0,0,0,1,0,0,0,0,0,0,0,0,0,0,0,0,0,0,0,0,0,0,0,0,0,0,0,0,0,0,0,0,0,0,0,0
"SVK_065_MZB_LO_8","SVK_065_MZB_LO_8-18.05.2006","18.05.2006",2006,5,18,0,0,0,0,0,0,0,0,0,1,0,0,4,0,0,0,0,0,33,18,0,0,0,0,0,0,171,0,23,0,0,0,0,0,0,0,0,0,0,0,1,0,0,0,0,0,0,0,0,0,0,0,0,0,168,0,0,0,1,0,0,0,0,0,0,0,8,0,0,0,0,29,0,0,0,0,0,0,0,0,0,1,0,1,0,0,0,0,0,3,0,0,0,13,0,0,0,0,0,1,0,0,0,0,0,0,0,0,0,0,0,2,0,0,0,0,0,0,0,0,0,0,0,0,0,0,0,117,0,0,0,0,0,0,0,0,0,0,0,0,0,0,0,0
"SVK_065_MZB_LO_8","SVK_065_MZB_LO_8-29.05.2007","29.05.2007",2007,5,29,0,0,0,0,0,0,0,0,1,0,0,0,0,0,0,0,0,0,1,0,0,0,0,0,0,0,0,0,24,0,0,0,0,0,0,0,0,0,0,0,0,0,0,0,0,0,0,0,0,0,0,0,1,0,530,0,0,0,0,0,0,0,0,0,0,0,4,0,0,0,0,0,0,0,0,0,0,0,0,0,0,0,0,0,3,0,0,0,0,1,0,0,0,111,0,0,0,0,0,0,0,0,0,0,0,0,0,0,0,0,0,13,0,0,0,0,0,0,0,0,0,0,0,0,0,0,0,0,0,0,0,0,0,0,0,0,0,0,0,0,0,0,0,0
"SVK_065_MZB_LO_8","SVK_065_MZB_LO_8-21.04.2008","21.04.2008",2008,4,21,0,0,0,0,0,0,0,0,0,0,0,0,24,0,0,0,0,0,0,0,0,0,0,0,0,0,9,0,81,0,0,0,0,0,0,0,0,0,0,0,0,0,0,0,0,0,0,0,0,0,0,0,0,0,33,0,0,0,3,0,0,0,0,0,0,0,3,0,0,0,0,3,0,0,0,0,0,0,0,0,0,0,0,0,0,0,0,0,0,126,0,0,0,168,0,0,0,0,0,0,0,0,0,0,0,0,0,0,0,0,0,117,0,0,0,0,0,0,0,0,0,0,0,0,0,0,0,6,0,0,0,0,0,0,0,0,0,0,0,0,0,0,0,0
"SVK_065_MZB_LO_8","SVK_065_MZB_LO_8-10.03.2011","10.03.2011",2011,3,10,0,0,0,0,0,0,0,0,0,0,0,0,0,0,0,0,0,0,0,0,0,0,0,0,0,0,1386,0,618,0,0,0,0,0,0,0,0,0,0,0,0,0,0,0,0,0,0,0,0,0,0,0,0,0,60,0,0,0,0,0,0,0,0,0,0,0,0,0,0,0,0,0,0,0,0,18,0,0,0,0,0,0,0,0,0,0,0,0,0,0,0,0,0,60,0,0,0,0,0,0,0,0,0,0,0,0,0,0,0,0,0,42,0,0,0,0,0,0,0,0,0,0,0,0,0,0,0,12,0,0,0,0,0,0,0,0,0,0,0,0,0,0,0,0
"SVK_065_MZB_LO_8","SVK_065_MZB_LO_8-17.04.2012","17.04.2012",2012,4,17,0,0,0,0,0,0,0,0,0,0,0,0,7,0,0,0,0,0,0,0,0,0,0,0,0,0,1,0,47,0,0,0,0,0,0,0,0,0,0,0,0,0,0,0,0,0,0,0,0,0,0,0,0,0,9,0,0,0,0,0,0,0,0,0,0,0,0,0,0,0,0,0,0,0,0,0,0,0,0,0,0,0,0,0,2,0,0,0,0,2,0,0,0,0,0,0,0,0,0,0,0,0,0,1,0,0,0,2,0,0,0,4,0,0,0,0,0,0,0,0,0,0,0,0,0,0,0,3,0,0,1,0,0,0,0,0,0,0,0,0,0,1,0,0
"SVK_065_MZB_LO_8","SVK_065_MZB_LO_8-18.03.2014","18.03.2014",2014,3,18,0,0,0,0,0,0,0,0,0,0,0,0,0,0,0,0,0,0,0,0,0,0,0,0,0,0,18.75,0,45,0,0,0,0,0,3.75,0,0,60,0,0,0,0,0,0,0,0,0,0,0,0,0,0,0,0,3.75,0,0,0,0,0,0,0,0,0,0,0,0,0,0,0,0,0,0,0,0,0,0,0,0,0,0,0,0,0,3.75,0,0,0,0,1665,0,0,0,41.25,0,0,0,0,0,0,0,0,0,0,0,0,0,0,0,0,0,0,3.75,0,0,0,0,0,0,0,0,0,0,0,0,0,0,0,0,0,0,0,0,0,0,0,0,0,0,0,0,0,0,0
"SVK_065_MZB_LO_8","SVK_065_MZB_LO_8-28.04.2015","28.04.2015",2015,4,28,0,0,0,0,0,0,0,0,0,0,0,0,10,0,0,0,0,0,34,0,0,0,0,0,0,0,46,0,124,0,0,0,0,0,0,0,0,130,0,0,0,0,0,0,0,0,0,0,0,0,0,0,0,0,20,0,0,0,2,0,0,0,0,0,0,0,10,0,0,0,0,0,2,0,0,0,0,0,0,0,0,0,2,0,0,0,0,0,0,220,0,0,0,60,0,0,0,0,0,0,0,0,0,0,0,0,0,0,0,0,0,44,0,0,0,0,0,0,0,0,0,0,0,0,0,0,0,0,0,0,0,0,0,0,0,0,0,2,0,0,0,0,0,0
"SVK_065_MZB_LO_8","SVK_065_MZB_LO_8-28.04.2016","28.04.2016",2016,4,28,0,0,0,0,0,0,0,0,0,0,0,0,0,0,0,0,0,0,337.5,172.5,0,0,7.5,7.5,0,0,225,0,1185,0,0,0,0,0,0,0,0,22.5,0,0,0,0,0,0,0,0,0,0,0,0,0,0,0,0,247.5,0,0,0,0,0,0,0,0,0,0,0,0,0,0,0,0,7.5,0,0,0,0,0,0,0,0,0,0,0,0,0,0,0,0,0,1875,0,0,0,120,0,0,0,0,0,0,0,0,0,0,0,0,0,0,0,0,0,120,0,0,0,0,0,0,0,0,0,0,0,0,0,0,0,165,0,0,0,0,0,0,0,0,0,0,0,0,0,0,0,0
"SVK_065_MZB_LO_8","SVK_065_MZB_LO_8-04.04.2017","04.04.2017",2017,4,4,0,0,0,0,0,0,0,0,0,0,0,0,0,0,0,0,0,0,0,12.85714286,0,0,0,0,0,0,66.42857143,0,133.928571428,0,0,0,0,0,3.214285714,0,0,7.5,0,0,0,0,0,0,0,0,0,0,0,0,0,0,0,0,32.14285715,0,0,0,0,0,0,0,0,0,0,0,0,0,0,0,0,2.142857142,0,0,0,2.142857143,0,0,0,0,0,0,5.357142857,0,0,0,0,0,0,111.4285714,2.142857143,0,0,44.999999993,0,0,0,0,0,0,0,0,0,0,0,0,0,0,0,0,0,8.571428571,0,0,0,0,0,0,0,0,0,0,0,0,0,0,0,11.78571429,0,1.071428571,0,0,0,1.071428571,0,0,0,0,0,0,0,0,0,0
"SVK_065_MZB_LO_8","SVK_065_MZB_LO_8-20.03.2018","20.03.2018",2018,3,20,0,0,0,0,0,0,0,0,0,0,0,0,0,0,0,0,0,0,15,0,0,0,0,0,0,0,150,0,52.5,0,0,0,0,0,307.5,0,0,15,0,0,0,0,0,0,0,0,0,0,0,0,0,0,0,0,7.5,0,0,0,0,0,0,0,0,0,0,0,0,0,0,0,0,0,0,0,0,0,0,0,0,0,0,0,0,0,712.5,0,0,0,0,0,0,0,0,697.5,0,0,0,0,0,0,0,0,0,0,0,0,0,0,0,0,0,0,75,0,0,0,0,0,0,0,0,0,0,0,0,0,0,30,0,30,0,0,0,142.5,0,0,0,0,7.5,0,0,22.5,0,0
"SVK_065_MZB_LO_9","SVK_065_MZB_LO_9-13.05.2003","13.05.2003",2003,5,13,0,0,0,4,0,0,0,0,0,4,0,0,143,0,0,0,0,0,138,0,0,0,0,0,0,0,0,0,669,0,0,0,0,0,0,0,0,0,0,0,0,0,0,0,0,0,0,0,0,0,0,0,13,0,0,0,0,0,0,0,0,0,0,0,9,0,4,0,0,0,0,17,30,0,0,0,0,0,22,0,0,4,0,0,0,0,0,0,0,69,17,0,0,1057,0,0,0,0,0,0,0,4,0,0,4,4,0,0,4,0,0,0,0,0,0,0,4,0,43,0,0,0,0,0,9,0,0,4,0,13,0,0,4,0,0,0,0,0,0,0,0,0,0,0
"SVK_065_MZB_LO_9","SVK_065_MZB_LO_9-13.04.2005","13.04.2005",2005,4,13,0,0,0,41,0,0,0,0,0,0,11,0,259,0,0,0,0,0,0,15,0,0,0,0,0,0,0,0,321,0,0,0,0,0,0,0,0,0,0,0,0,4,0,0,0,0,0,0,0,0,0,0,60,0,968,0,0,0,0,0,0,0,0,0,0,0,0,0,0,0,0,27,0,0,0,0,0,0,0,0,0,116,0,0,0,0,0,0,0,0,0,15,0,814,11,0,0,0,0,0,0,94,0,0,0,0,0,11,0,0,0,0,0,0,0,0,0,0,4,0,0,0,0,0,0,0,0,0,0,127,0,0,0,0,0,0,0,0,0,0,0,38,0,0
"SVK_065_MZB_LO_9","SVK_065_MZB_LO_9-24.04.2007","24.04.2007",2007,4,24,0,0,0,4,0,0,0,0,0,0,4,0,232,0,0,0,0,0,22,0,0,0,19,19,0,4,0,0,997,0,0,0,0,0,0,0,60,0,0,35,0,116,0,0,8,4,0,0,0,0,0,0,0,0,326,0,0,0,4,0,0,0,0,4,0,0,0,0,0,0,0,8,0,0,0,0,0,0,8,0,0,8,0,4,0,0,0,0,0,0,0,0,0,87,8,0,0,0,0,0,0,0,0,0,8,0,0,0,0,8,0,0,0,0,0,0,0,0,15,0,22,0,0,0,0,0,0,37,0,19,4,0,4,0,0,19,0,0,0,0,0,0,0,0
"SVK_065_MZB_LO_9","SVK_065_MZB_LO_9-03.04.2008","03.04.2008",2008,4,3,0,0,0,8,0,0,0,0,0,0,0,0,87,0,0,0,0,0,202,0,0,0,0,0,0,0,0,0,474,0,0,0,0,0,0,0,26,0,0,0,0,72,0,0,8,0,0,0,0,0,0,0,4,0,120,0,0,0,8,0,0,0,0,0,0,0,0,0,0,0,0,4,0,0,0,0,0,0,12,0,0,19,0,15,0,0,0,0,0,0,0,0,0,244,4,0,0,0,0,0,0,35,0,0,0,0,0,0,0,0,0,0,0,0,0,0,0,0,4,0,0,0,0,0,0,0,0,150,0,0,0,0,26,0,0,8,0,0,0,0,0,0,0,0
"SVK_065_MZB_LO_9","SVK_065_MZB_LO_9-31.03.2009","31.03.2009",2009,3,31,0,0,0,25.5,0,0,0,0,0,22.5,0,0,96,0,0,0,0,0,0,0,0,0,6,6,0,0,0,0,51,0,0,0,0,0,0,0,12,0,0,0,0,0,0,0,0,0,0,0,0,0,0,0,9,0,40.5,0,0,0,0,0,0,0,0,0,0,0,0,0,0,0,0,0,0,0,0,0,0,0,0,0,0,1.5,0,18,0,0,0,0,0,0,0,0,0,240,15,0,0,0,0,0,0,9,0,0,0,0,0,0,0,0,0,0,0,0,0,0,0,0,12,0,7.5,0,0,0,0,0,0,3,0,7.5,0,0,0,0,0,3,0,0,0,0,0,0,0,0
"SVK_065_MZB_LO_9","SVK_065_MZB_LO_9-13.04.2010","13.04.2010",2010,4,13,0,0,0,0,0,0,0,0,0,0,1,2,69,0,0,0,0,0,10,0,0,0,0,0,0,0,0,0,56,0,0,0,0,0,0,0,4,0,0,0,0,0,0,0,2,0,0,4,0,0,0,0,0,0,106,0,0,0,1,0,0,0,0,0,0,0,0,0,0,0,0,4,0,0,0,0,0,0,3,0,0,21,0,2,0,0,0,0,0,0,0,5,0,7,3,0,0,0,0,0,0,7,0,0,1,0,0,0,5,0,0,0,0,0,0,0,0,0,0,0,17,1,0,0,0,0,0,3,0,0,0,0,1,0,0,0,0,0,1,0,0,0,0,0
"SVK_065_MZB_LO_9","SVK_065_MZB_LO_9-22.03.2011","22.03.2011",2011,3,22,0,0,0,0,0,0,0,0,0,0,0,0,46,0,0,0,0,0,0,0,0,0,0,0,0,0,0,0,3,0,0,0,0,0,0,0,11,0,0,0,0,2,0,0,0,0,0,0,0,0,0,0,1,0,38,0,0,0,0,0,0,2,0,0,0,0,0,0,0,0,0,11,0,0,0,0,0,0,0,0,0,3,0,8,0,0,0,0,0,0,0,0,0,8,0,0,0,0,0,0,0,1,0,0,0,0,0,0,0,0,0,0,0,0,0,0,0,0,0,0,21,1,0,0,0,0,0,5,0,0,0,0,0,0,0,0,0,0,0,0,0,0,0,0
"SVK_065_MZB_LO_9","SVK_065_MZB_LO_9-16.05.2012","16.05.2012",2012,5,16,0,0,0,7.5,0,0,0,0,0,82.5,0,0,255,0,0,0,0,0,105,37.5,0,0,0,0,0,0,0,0,517.5,0,0,0,0,0,0,0,0,0,0,0,0,0,0,0,0,0,0,0,0,0,0,0,52.5,0,15,0,0,0,0,0,0,0,0,0,7.5,0,0,0,0,0,0,7.5,0,0,0,0,0,0,22.5,0,0,0,0,0,0,0,0,0,0,0,0,0,0,937.5,0,0,0,0,0,0,0,0,0,0,7.5,0,0,0,0,0,0,0,0,0,0,0,0,0,0,0,0,0,0,0,52.5,0,0,112.5,0,0,0,0,0,0,0,15,0,0,7.5,0,0,0,0,0
"SVK_065_MZB_LO_9","SVK_065_MZB_LO_9-26.03.2014","26.03.2014",2014,3,26,0,0,0,20,0,0,0,0,0,90,40,0,330,0,0,0,0,0,180,0,0,0,0,0,0,0,0,0,1290,0,0,0,0,0,0,0,230,0,0,10,0,20,0,0,20,10,0,0,0,0,0,0,10,0,650,0,0,20,10,0,20,0,0,0,0,0,0,0,10,0,0,180,0,0,0,0,0,0,70,0,0,270,0,20,0,0,0,0,0,0,0,10,0,570,0,0,0,0,0,0,0,90,0,0,0,0,0,0,40,10,0,0,1860,0,0,0,0,10,20,0,0,0,0,0,0,0,10,140,0,10,10,0,20,0,0,10,0,0,0,0,0,0,0,0
"SVK_065_MZB_LO_9","SVK_065_MZB_LO_9-24.03.2015","24.03.2015",2015,3,24,0,0,0,0,0,0,0,0,0,15,0,15,615,0,0,0,0,0,0,0,0,0,0,0,0,0,0,0,225,0,0,0,0,0,0,0,15,0,0,7.5,0,22.5,0,0,7.5,7.5,0,0,0,0,0,0,7.5,0,180,0,0,0,15,0,0,22.5,0,0,0,0,0,0,0,0,0,22.5,0,0,0,0,0,0,112.5,0,0,91.5,0,15,0,0,0,0,0,0,0,0,0,322.5,0,0,0,0,0,0,0,67.5,0,0,0,0,0,0,0,0,0,0,1215,0,0,0,0,0,0,0,52.5,0,0,0,0,0,0,225,0,7.5,0,0,22.5,0,0,15,0,0,0,0,0,0,0,0
"SVK_065_MZB_LO_9","SVK_065_MZB_LO_9-06.04.2016","06.04.2016",2016,4,6,0,0,0,0,0,0,0,3.75,0,0,0,0,63.75,0,7.5,0,0,0,56.25,0,0,0,0,0,0,0,0,0,210,0,0,7.5,0,0,0,0,67.5,0,0,3.75,0,3.75,0,0,11.25,0,0,3.75,0,0,0,0,7.5,0,37.5,3.75,0,3.75,37.5,0,0,18.75,0,0,0,0,3.75,0,0,0,0,7.5,0,0,0,0,0,11.25,108.75,0,0,41.25,0,0,0,0,0,0,0,0,7.5,3.75,0,1312.5,0,0,0,0,0,0,0,30,3.75,0,3.75,0,0,0,0,0,0,0,41.25,0,0,0,0,0,0,0,3.75,0,0,0,0,0,0,75,0,11.25,0,0,26.25,0,0,3.75,0,0,0,0,0,0,0,0
"SVK_065_MZB_LO_9","SVK_065_MZB_LO_9-29.03.2017","29.03.2017",2017,3,29,0,0,0,8.571428571,0,0,0,0,0,12.85714286,0,8.571428571,72.857142861,0,0,0,0,0,0,17.14285714,0,0,0,0,0,0,0,0,334.285714324,0,0,8.571428571,0,0,0,0,42.85714286,0,0,0,0,154.28571424,0,0,21.428571428,0,0,8.571428571,0,0,0,0,0,0,222.8571429,0,0,4.285714286,12.857142857,0,0,21.42857143,0,0,0,0,0,0,0,0,0,51.428571431,0,0,0,0,0,4.285714286,25.714285713,4.285714286,0,25.714285711,0,8.571428571,0,0,0,0,0,0,51.42857143,4.285714286,0,600,8.571428571,0,0,0,0,0,0,42.857142862,0,0,0,0,0,0,8.571428571,0,0,0,21.42857143,0,0,0,0,0,0,0,68.57142857,0,0,0,0,0,0,55.714285712,0,0,0,0,8.571428571,0,0,0,0,0,0,0,0,0,0,0
"SVK_065_MZB_LO_9","SVK_065_MZB_LO_9-27.03.2018","27.03.2018",2018,3,27,0,0,0,0,0,0,0,0,0,40,0,50,50,0,0,0,0,20,0,90,0,0,10,10,0,0,0,0,300,0,0,0,0,0,0,0,90,0,0,0,0,10,0,0,0,0,0,0,0,0,0,0,40,0,170,0,0,0,10,0,0,20,0,0,0,0,10,0,0,0,0,60,0,0,0,0,0,0,10,0,0,110,0,0,0,0,0,0,0,0,0,10,0,2110,0,0,0,0,0,0,0,30,0,0,0,0,0,0,80,0,0,0,0,0,0,0,0,10,10,0,0,0,0,0,0,0,0,950,0,0,0,0,20,0,0,40,0,0,10,0,0,0,0,0
