Site ID;Sample ID;Sampling date;Taxon name;Taxon ID;Abundance;Definition of abundance class;Abundance class;Site_ID_Ellen
1O;1O_01.04.1993;01.04.1993;Aeshnidae Gen. sp.;8438;1;;;115000001
1O;1O_01.04.1993;01.04.1993;Atyaephyra desmaresti;9272;1;;;115000001
1O;1O_01.04.1993;01.04.1993;Caenis sp.;4528;167;;;115000001
1O;1O_01.04.1993;01.04.1993;Ceratopogonidae Gen. sp.;4585;14;;;115000001
1O;1O_01.04.1993;01.04.1993;Chironomini Gen. sp.;4644;19;;;115000001
1O;1O_01.04.1993;01.04.1993;Coenagrionidae Gen. sp.;4723;10;;;115000001
1O;1O_01.04.1993;01.04.1993;Haliplus sp.;17901;2;;;115000001
1O;1O_01.04.1993;01.04.1993;Helodidae/Scirtidae Gen. sp.;;8;;;115000001
1O;1O_01.04.1993;01.04.1993;Hydracarina Gen. sp.;;24;;;115000001
1O;1O_01.04.1993;01.04.1993;Limoniidae Gen. sp.;8483;5;;;115000001
1O;1O_01.04.1993;01.04.1993;Lumbriculidae Gen. sp.;7490;4;;;115000001
1O;1O_01.04.1993;01.04.1993;Micronecta sp.;6002;43;;;115000001
1O;1O_01.04.1993;01.04.1993;Mystacides sp.;6065;8;;;115000001
1O;1O_01.04.1993;01.04.1993;Naididae Gen. sp.;6068;4;;;115000001
1O;1O_01.04.1993;01.04.1993;Nemoura sp.;6108;15;;;115000001
1O;1O_01.04.1993;01.04.1993;Orthocladiinae Gen. sp.;6208;30;;;115000001
1O;1O_01.04.1993;01.04.1993;Oulimnius sp.;18626;46;;;115000001
1O;1O_01.04.1993;01.04.1993;Peltodytes rotundatus;18642;3;;;115000001
1O;1O_01.04.1993;01.04.1993;Physella acuta;6396;6;;;115000001
1O;1O_01.04.1993;01.04.1993;Simuliidae Gen. sp.;6842;410;;;115000001
1O;1O_01.04.1993;01.04.1993;Taeniopterygidae Gen. sp.;6964;37;;;115000001
1O;1O_01.04.1993;01.04.1993;Tanypodinae Gen. sp.;6972;57;;;115000001
1O;1O_01.04.1993;01.04.1993;Tanytarsini Gen. sp.;6977;107;;;115000001
1O;1O_01.04.1993;01.04.1993;Tubificidae Gen. sp.;7117;22;;;115000001
1O;1O_01.04.1993;01.04.1993;Tyrrhenoleuctra sp.;13077;15;;;115000001
1O;1O_01.04.1994;01.04.1994;Atyaephyra desmaresti;9272;26;;;115000001
1O;1O_01.04.1994;01.04.1994;Baetidae Gen. sp.;4380;55;;;115000001
1O;1O_01.04.1994;01.04.1994;Caenis sp.;4528;129;;;115000001
1O;1O_01.04.1994;01.04.1994;Capniidae Gen. sp.;8440;8;;;115000001
1O;1O_01.04.1994;01.04.1994;Ceratopogonidae Gen. sp.;4585;7;;;115000001
1O;1O_01.04.1994;01.04.1994;Chironomini Gen. sp.;4644;7;;;115000001
1O;1O_01.04.1994;01.04.1994;Choroterpes picteti;4677;102;;;115000001
1O;1O_01.04.1994;01.04.1994;Coenagrionidae Gen. sp.;4723;50;;;115000001
1O;1O_01.04.1994;01.04.1994;Ecdyonurus sp.;5053;2;;;115000001
1O;1O_01.04.1994;01.04.1994;Ephemerella sp.;5137;22;;;115000001
1O;1O_01.04.1994;01.04.1994;Hydracarina Gen. sp.;;19;;;115000001
1O;1O_01.04.1994;01.04.1994;Hydroptilidae Gen. sp.;7455;1;;;115000001
1O;1O_01.04.1994;01.04.1994;Limoniidae Gen. sp.;8483;1;;;115000001
1O;1O_01.04.1994;01.04.1994;Lumbricidae Gen. sp.;5900;4;;;115000001
1O;1O_01.04.1994;01.04.1994;Lumbriculidae Gen. sp.;7490;7;;;115000001
1O;1O_01.04.1994;01.04.1994;Micronecta sp.;6002;32;;;115000001
1O;1O_01.04.1994;01.04.1994;Naididae Gen. sp.;6068;1;;;115000001
1O;1O_01.04.1994;01.04.1994;Nemoura sp.;6108;8;;;115000001
1O;1O_01.04.1994;01.04.1994;Orthocladiinae Gen. sp.;6208;16;;;115000001
1O;1O_01.04.1994;01.04.1994;Oulimnius sp.;18626;114;;;115000001
1O;1O_01.04.1994;01.04.1994;Peltodytes rotundatus;18642;1;;;115000001
1O;1O_01.04.1994;01.04.1994;Isogenus sp.;9048;34;;;115000001
1O;1O_01.04.1994;01.04.1994;Physella acuta;6396;1;;;115000001
1O;1O_01.04.1994;01.04.1994;Simuliidae Gen. sp.;6842;27;;;115000001
1O;1O_01.04.1994;01.04.1994;Tanypodinae Gen. sp.;6972;27;;;115000001
1O;1O_01.04.1994;01.04.1994;Tanytarsini Gen. sp.;6977;14;;;115000001
1O;1O_01.04.1994;01.04.1994;Tubificidae Gen. sp.;7117;64;;;115000001
1O;1O_01.04.1994;01.04.1994;Tyrrhenoleuctra sp.;13077;4;;;115000001
1O;1O_01.04.1995;01.04.1995;Ancylus fluviatilis;4310;3;;;115000001
1O;1O_01.04.1995;01.04.1995;Atyaephyra desmaresti;9272;2;;;115000001
1O;1O_01.04.1995;01.04.1995;Baetidae Gen. sp.;4380;35;;;115000001
1O;1O_01.04.1995;01.04.1995;Caenis sp.;4528;28;;;115000001
1O;1O_01.04.1995;01.04.1995;Ceratopogonidae Gen. sp.;4585;1;;;115000001
1O;1O_01.04.1995;01.04.1995;Chironomini Gen. sp.;4644;17;;;115000001
1O;1O_01.04.1995;01.04.1995;Choroterpes picteti;4677;1;;;115000001
1O;1O_01.04.1995;01.04.1995;Dytiscidae Gen. sp.;17756;12;;;115000001
1O;1O_01.04.1995;01.04.1995;Erpobdella sp.;5160;1;;;115000001
1O;1O_01.04.1995;01.04.1995;Hydrophilidae Gen. sp.;18186;5;;;115000001
1O;1O_01.04.1995;01.04.1995;Hydracarina Gen. sp.;;1;;;115000001
1O;1O_01.04.1995;01.04.1995;Hydrometra stagnorum;5546;1;;;115000001
1O;1O_01.04.1995;01.04.1995;Hydroptilidae Gen. sp.;7455;1;;;115000001
1O;1O_01.04.1995;01.04.1995;Limoniidae Gen. sp.;8483;4;;;115000001
1O;1O_01.04.1995;01.04.1995;Noterus sp.;18491;1;;;115000001
1O;1O_01.04.1995;01.04.1995;Ochthebius sp.;18600;2;;;115000001
1O;1O_01.04.1995;01.04.1995;Orthocladiinae Gen. sp.;6208;152;;;115000001
1O;1O_01.04.1995;01.04.1995;Oulimnius sp.;18626;32;;;115000001
1O;1O_01.04.1995;01.04.1995;Isogenus sp.;9048;5;;;115000001
1O;1O_01.04.1995;01.04.1995;Simuliidae Gen. sp.;6842;404;;;115000001
1O;1O_01.04.1995;01.04.1995;Taeniopterygidae Gen. sp.;6964;5;;;115000001
1O;1O_01.04.1995;01.04.1995;Tanypodinae Gen. sp.;6972;2;;;115000001
1O;1O_01.04.1995;01.04.1995;Tubificidae Gen. sp.;7117;1;;;115000001
1O;1O_01.04.1995;01.04.1995;Tyrrhenoleuctra sp.;13077;6;;;115000001
1O;1O_01.04.1996;01.04.1996;Baetidae Gen. sp.;4380;30;;;115000001
1O;1O_01.04.1996;01.04.1996;Caenis sp.;4528;41;;;115000001
1O;1O_01.04.1996;01.04.1996;Ceratopogonidae Gen. sp.;4585;7;;;115000001
1O;1O_01.04.1996;01.04.1996;Choroterpes picteti;4677;271;;;115000001
1O;1O_01.04.1996;01.04.1996;Coenagrionidae Gen. sp.;4723;1;;;115000001
1O;1O_01.04.1996;01.04.1996;Dytiscidae Gen. sp.;17756;6;;;115000001
1O;1O_01.04.1996;01.04.1996;Ecdyonurus sp.;5053;31;;;115000001
1O;1O_01.04.1996;01.04.1996;Ephemerella sp.;5137;14;;;115000001
1O;1O_01.04.1996;01.04.1996;Haliplus sp.;17901;1;;;115000001
1O;1O_01.04.1996;01.04.1996;Hydrophilidae Gen. sp.;18186;1;;;115000001
1O;1O_01.04.1996;01.04.1996;Hydracarina Gen. sp.;;21;;;115000001
1O;1O_01.04.1996;01.04.1996;Lumbriculidae Gen. sp.;7490;8;;;115000001
1O;1O_01.04.1996;01.04.1996;Micronecta sp.;6002;20;;;115000001
1O;1O_01.04.1996;01.04.1996;Nemoura sp.;6108;36;;;115000001
1O;1O_01.04.1996;01.04.1996;Oulimnius sp.;18626;24;;;115000001
1O;1O_01.04.1996;01.04.1996;Isogenus sp.;9048;14;;;115000001
1O;1O_01.04.1996;01.04.1996;Isoperla sp.;5673;1;;;115000001
1O;1O_01.04.1996;01.04.1996;Simuliidae Gen. sp.;6842;1;;;115000001
1O;1O_01.04.1996;01.04.1996;Tanypodinae Gen. sp.;6972;22;;;115000001
1O;1O_01.04.1996;01.04.1996;Tubificidae Gen. sp.;7117;12;;;115000001
1O;1O_01.04.1996;01.04.1996;Tyrrhenoleuctra sp.;13077;172;;;115000001
1O;1O_01.04.1997;01.04.1997;Ancylus fluviatilis;4310;1;;;115000001
1O;1O_01.04.1997;01.04.1997;Athripsodes sp.;4371;2;;;115000001
1O;1O_01.04.1997;01.04.1997;Atyaephyra desmaresti;9272;21;;;115000001
1O;1O_01.04.1997;01.04.1997;Baetidae Gen. sp.;4380;219;;;115000001
1O;1O_01.04.1997;01.04.1997;Caenis sp.;4528;108;;;115000001
1O;1O_01.04.1997;01.04.1997;Capniidae Gen. sp.;8440;17;;;115000001
1O;1O_01.04.1997;01.04.1997;Ceratopogonidae Gen. sp.;4585;3;;;115000001
1O;1O_01.04.1997;01.04.1997;Chironomini Gen. sp.;4644;3;;;115000001
1O;1O_01.04.1997;01.04.1997;Coenagrionidae Gen. sp.;4723;11;;;115000001
1O;1O_01.04.1997;01.04.1997;Dytiscidae Gen. sp.;17756;10;;;115000001
1O;1O_01.04.1997;01.04.1997;Ephemerella sp.;5137;18;;;115000001
1O;1O_01.04.1997;01.04.1997;Erpobdella sp.;5160;1;;;115000001
1O;1O_01.04.1997;01.04.1997;Gerris sp.;5303;1;;;115000001
1O;1O_01.04.1997;01.04.1997;Hydracarina Gen. sp.;;18;;;115000001
1O;1O_01.04.1997;01.04.1997;Hydraena sp.;18130;4;;;115000001
1O;1O_01.04.1997;01.04.1997;Hydrometra stagnorum;5546;3;;;115000001
1O;1O_01.04.1997;01.04.1997;Naucoridae Gen. sp.;8649;1;;;115000001
1O;1O_01.04.1997;01.04.1997;Nemoura sp.;6108;4;;;115000001
1O;1O_01.04.1997;01.04.1997;Orthocladiinae Gen. sp.;6208;1;;;115000001
1O;1O_01.04.1997;01.04.1997;Oulimnius sp.;18626;79;;;115000001
1O;1O_01.04.1997;01.04.1997;Parasigara transversa;11202;2;;;115000001
1O;1O_01.04.1997;01.04.1997;Isoperla sp.;5673;17;;;115000001
1O;1O_01.04.1997;01.04.1997;Physella acuta;6396;1;;;115000001
1O;1O_01.04.1997;01.04.1997;Procambarus clarkii;10709;1;;;115000001
1O;1O_01.04.1997;01.04.1997;Simuliidae Gen. sp.;6842;186;;;115000001
1O;1O_01.04.1997;01.04.1997;Siphlonurus sp.;6864;7;;;115000001
1O;1O_01.04.1997;01.04.1997;Taeniopterygidae Gen. sp.;6964;36;;;115000001
1O;1O_01.04.1997;01.04.1997;Tanypodinae Gen. sp.;6972;5;;;115000001
1O;1O_01.04.1997;01.04.1997;Tyrrhenoleuctra sp.;13077;51;;;115000001
1O;1O_01.04.1998;01.04.1998;Ancylus fluviatilis;4310;3;;;115000001
1O;1O_01.04.1998;01.04.1998;Atyaephyra desmaresti;9272;7;;;115000001
1O;1O_01.04.1998;01.04.1998;Baetidae Gen. sp.;4380;6;;;115000001
1O;1O_01.04.1998;01.04.1998;Caenis sp.;4528;45;;;115000001
1O;1O_01.04.1998;01.04.1998;Ceratopogonidae Gen. sp.;4585;12;;;115000001
1O;1O_01.04.1998;01.04.1998;Chironomini Gen. sp.;4644;26;;;115000001
1O;1O_01.04.1998;01.04.1998;Ecdyonurus sp.;5053;2;;;115000001
1O;1O_01.04.1998;01.04.1998;Ephemerella sp.;5137;4;;;115000001
1O;1O_01.04.1998;01.04.1998;Hydracarina Gen. sp.;;10;;;115000001
1O;1O_01.04.1998;01.04.1998;Limoniidae Gen. sp.;8483;5;;;115000001
1O;1O_01.04.1998;01.04.1998;Lumbriculidae Gen. sp.;7490;1;;;115000001
1O;1O_01.04.1998;01.04.1998;Naididae Gen. sp.;6068;6;;;115000001
1O;1O_01.04.1998;01.04.1998;Orthocladiinae Gen. sp.;6208;60;;;115000001
1O;1O_01.04.1998;01.04.1998;Oulimnius sp.;18626;23;;;115000001
1O;1O_01.04.1998;01.04.1998;Isoperla sp.;5673;1;;;115000001
1O;1O_01.04.1998;01.04.1998;Simuliidae Gen. sp.;6842;12;;;115000001
1O;1O_01.04.1998;01.04.1998;Tabanidae Gen. sp.;8485;1;;;115000001
1O;1O_01.04.1998;01.04.1998;Tanypodinae Gen. sp.;6972;7;;;115000001
1O;1O_01.04.1998;01.04.1998;Tanytarsini Gen. sp.;6977;42;;;115000001
1O;1O_01.04.1998;01.04.1998;Thraulus bellus;13055;1;;;115000001
1O;1O_01.04.1998;01.04.1998;Tubificidae Gen. sp.;7117;18;;;115000001
1O;1O_01.04.1999;01.04.1999;Athripsodes sp.;4371;1;;;115000001
1O;1O_01.04.1999;01.04.1999;Atyaephyra desmaresti;9272;2;;;115000001
1O;1O_01.04.1999;01.04.1999;Baetidae Gen. sp.;4380;13;;;115000001
1O;1O_01.04.1999;01.04.1999;Caenis sp.;4528;99;;;115000001
1O;1O_01.04.1999;01.04.1999;Capniidae Gen. sp.;8440;34;;;115000001
1O;1O_01.04.1999;01.04.1999;Ceratopogonidae Gen. sp.;4585;9;;;115000001
1O;1O_01.04.1999;01.04.1999;Chironomini Gen. sp.;4644;123;;;115000001
1O;1O_01.04.1999;01.04.1999;Choroterpes picteti;4677;2;;;115000001
1O;1O_01.04.1999;01.04.1999;Dryops sp.;17749;1;;;115000001
1O;1O_01.04.1999;01.04.1999;Dytiscidae Gen. sp.;17756;1;;;115000001
1O;1O_01.04.1999;01.04.1999;Haliplus sp.;17901;1;;;115000001
1O;1O_01.04.1999;01.04.1999;Hydrophilidae Gen. sp.;18186;1;;;115000001
1O;1O_01.04.1999;01.04.1999;Hydracarina Gen. sp.;;43;;;115000001
1O;1O_01.04.1999;01.04.1999;Libellulidae Gen. sp.;8411;2;;;115000001
1O;1O_01.04.1999;01.04.1999;Lumbriculidae Gen. sp.;7490;1;;;115000001
1O;1O_01.04.1999;01.04.1999;Micronecta sp.;6002;93;;;115000001
1O;1O_01.04.1999;01.04.1999;Nemoura sp.;6108;16;;;115000001
1O;1O_01.04.1999;01.04.1999;Orthocladiinae Gen. sp.;6208;2;;;115000001
1O;1O_01.04.1999;01.04.1999;Oulimnius sp.;18626;6;;;115000001
1O;1O_01.04.1999;01.04.1999;Isogenus sp.;9048;13;;;115000001
1O;1O_01.04.1999;01.04.1999;Physella acuta;6396;3;;;115000001
1O;1O_01.04.1999;01.04.1999;Procambarus clarkii;10709;1;;;115000001
1O;1O_01.04.1999;01.04.1999;Simuliidae Gen. sp.;6842;315;;;115000001
1O;1O_01.04.1999;01.04.1999;Tabanidae Gen. sp.;8485;1;;;115000001
1O;1O_01.04.1999;01.04.1999;Taeniopterygidae Gen. sp.;6964;23;;;115000001
1O;1O_01.04.1999;01.04.1999;Tanypodinae Gen. sp.;6972;32;;;115000001
1O;1O_01.04.1999;01.04.1999;Tanytarsini Gen. sp.;6977;60;;;115000001
1O;1O_01.04.1999;01.04.1999;Thraulus bellus;13055;1;;;115000001
1O;1O_01.04.1999;01.04.1999;Tyrrhenoleuctra sp.;13077;22;;;115000001
1O;1O_01.04.2000;01.04.2000;Baetidae Gen. sp.;4380;145;;;115000001
1O;1O_01.04.2000;01.04.2000;Caenis sp.;4528;225;;;115000001
1O;1O_01.04.2000;01.04.2000;Ceratopogonidae Gen. sp.;4585;8;;;115000001
1O;1O_01.04.2000;01.04.2000;Chironomini Gen. sp.;4644;163;;;115000001
1O;1O_01.04.2000;01.04.2000;Choroterpes picteti;4677;15;;;115000001
1O;1O_01.04.2000;01.04.2000;Coenagrionidae Gen. sp.;4723;8;;;115000001
1O;1O_01.04.2000;01.04.2000;Hydracarina Gen. sp.;;17;;;115000001
1O;1O_01.04.2000;01.04.2000;Hydropsyche sp.;5605;1;;;115000001
1O;1O_01.04.2000;01.04.2000;Libellulidae Gen. sp.;8411;1;;;115000001
1O;1O_01.04.2000;01.04.2000;Micronecta sp.;6002;39;;;115000001
1O;1O_01.04.2000;01.04.2000;Nepa cinerea;6118;3;;;115000001
1O;1O_01.04.2000;01.04.2000;Orthocladiinae Gen. sp.;6208;50;;;115000001
1O;1O_01.04.2000;01.04.2000;Oulimnius sp.;18626;1;;;115000001
1O;1O_01.04.2000;01.04.2000;Isogenus sp.;9048;2;;;115000001
1O;1O_01.04.2000;01.04.2000;Physella acuta;6396;31;;;115000001
1O;1O_01.04.2000;01.04.2000;Procambarus clarkii;10709;2;;;115000001
1O;1O_01.04.2000;01.04.2000;Simuliidae Gen. sp.;6842;2;;;115000001
1O;1O_01.04.2000;01.04.2000;Taeniopterygidae Gen. sp.;6964;1;;;115000001
1O;1O_01.04.2000;01.04.2000;Tanypodinae Gen. sp.;6972;19;;;115000001
1O;1O_01.04.2000;01.04.2000;Tanytarsini Gen. sp.;6977;81;;;115000001
1O;1O_01.04.2000;01.04.2000;Tubificidae Gen. sp.;7117;18;;;115000001
1O;1O_01.04.2000;01.04.2000;Tyrrhenoleuctra sp.;13077;13;;;115000001
1O;1O_01.04.2001;01.04.2001;Atyaephyra desmaresti;9272;4;;;115000001
1O;1O_01.04.2001;01.04.2001;Baetidae Gen. sp.;4380;90;;;115000001
1O;1O_01.04.2001;01.04.2001;Caenis sp.;4528;207;;;115000001
1O;1O_01.04.2001;01.04.2001;Ceratopogonidae Gen. sp.;4585;10;;;115000001
1O;1O_01.04.2001;01.04.2001;Chironomini Gen. sp.;4644;4;;;115000001
1O;1O_01.04.2001;01.04.2001;Choroterpes picteti;4677;13;;;115000001
1O;1O_01.04.2001;01.04.2001;Coenagrionidae Gen. sp.;4723;2;;;115000001
1O;1O_01.04.2001;01.04.2001;Dytiscidae Gen. sp.;17756;8;;;115000001
1O;1O_01.04.2001;01.04.2001;Ecdyonurus sp.;5053;9;;;115000001
1O;1O_01.04.2001;01.04.2001;Ephemerella sp.;5137;5;;;115000001
1O;1O_01.04.2001;01.04.2001;Haliplus sp.;17901;1;;;115000001
1O;1O_01.04.2001;01.04.2001;Hemimelaena flaviventris;13627;2;;;115000001
1O;1O_01.04.2001;01.04.2001;Hydracarina Gen. sp.;;10;;;115000001
1O;1O_01.04.2001;01.04.2001;Hydroptilidae Gen. sp.;7455;10;;;115000001
1O;1O_01.04.2001;01.04.2001;Limoniidae Gen. sp.;8483;7;;;115000001
1O;1O_01.04.2001;01.04.2001;Lumbriculidae Gen. sp.;7490;2;;;115000001
1O;1O_01.04.2001;01.04.2001;Micronecta sp.;6002;7;;;115000001
1O;1O_01.04.2001;01.04.2001;Naucoridae Gen. sp.;8649;1;;;115000001
1O;1O_01.04.2001;01.04.2001;Nemoura sp.;6108;10;;;115000001
1O;1O_01.04.2001;01.04.2001;Orthocladiinae Gen. sp.;6208;112;;;115000001
1O;1O_01.04.2001;01.04.2001;Isogenus sp.;9048;7;;;115000001
1O;1O_01.04.2001;01.04.2001;Isoperla sp.;5673;40;;;115000001
1O;1O_01.04.2001;01.04.2001;Physella acuta;6396;1;;;115000001
1O;1O_01.04.2001;01.04.2001;Polycentropus sp.;6472;1;;;115000001
1O;1O_01.04.2001;01.04.2001;Procambarus clarkii;10709;2;;;115000001
1O;1O_01.04.2001;01.04.2001;Siphlonurus sp.;6864;5;;;115000001
1O;1O_01.04.2001;01.04.2001;Tanypodinae Gen. sp.;6972;4;;;115000001
1O;1O_01.04.2001;01.04.2001;Tanytarsini Gen. sp.;6977;17;;;115000001
1O;1O_01.04.2001;01.04.2001;Thraulus bellus;13055;8;;;115000001
1O;1O_01.04.2001;01.04.2001;Tyrrhenoleuctra sp.;13077;12;;;115000001
1O;1O_01.04.2002;01.04.2002;Ancylus fluviatilis;4310;1;;;115000001
1O;1O_01.04.2002;01.04.2002;Athripsodes sp.;4371;1;;;115000001
1O;1O_01.04.2002;01.04.2002;Baetidae Gen. sp.;4380;131;;;115000001
1O;1O_01.04.2002;01.04.2002;Ceratopogonidae Gen. sp.;4585;14;;;115000001
1O;1O_01.04.2002;01.04.2002;Chironomini Gen. sp.;4644;48;;;115000001
1O;1O_01.04.2002;01.04.2002;Choroterpes picteti;4677;19;;;115000001
1O;1O_01.04.2002;01.04.2002;Dytiscidae Gen. sp.;17756;6;;;115000001
1O;1O_01.04.2002;01.04.2002;Ecnomus sp.;5063;2;;;115000001
1O;1O_01.04.2002;01.04.2002;Ephemerella sp.;5137;10;;;115000001
1O;1O_01.04.2002;01.04.2002;Hydracarina Gen. sp.;;207;;;115000001
1O;1O_01.04.2002;01.04.2002;Hydrometra stagnorum;5546;1;;;115000001
1O;1O_01.04.2002;01.04.2002;Hydroptilidae Gen. sp.;7455;1;;;115000001
1O;1O_01.04.2002;01.04.2002;Micronecta sp.;6002;211;;;115000001
1O;1O_01.04.2002;01.04.2002;Nemoura sp.;6108;9;;;115000001
1O;1O_01.04.2002;01.04.2002;Orthocladiinae Gen. sp.;6208;34;;;115000001
1O;1O_01.04.2002;01.04.2002;Oulimnius sp.;18626;2;;;115000001
1O;1O_01.04.2002;01.04.2002;Isogenus sp.;9048;15;;;115000001
1O;1O_01.04.2002;01.04.2002;Isoperla sp.;5673;16;;;115000001
1O;1O_01.04.2002;01.04.2002;Taeniopterygidae Gen. sp.;6964;2;;;115000001
1O;1O_01.04.2002;01.04.2002;Tanypodinae Gen. sp.;6972;53;;;115000001
1O;1O_01.04.2002;01.04.2002;Tanytarsini Gen. sp.;6977;48;;;115000001
1O;1O_01.04.2002;01.04.2002;Tyrrhenoleuctra sp.;13077;45;;;115000001
1O;1O_01.04.2003;01.04.2003;Aeshnidae Gen. sp.;8438;1;;;115000001
1O;1O_01.04.2003;01.04.2003;Ancylus fluviatilis;4310;5;;;115000001
1O;1O_01.04.2003;01.04.2003;Atyaephyra desmaresti;9272;11;;;115000001
1O;1O_01.04.2003;01.04.2003;Baetidae Gen. sp.;4380;509;;;115000001
1O;1O_01.04.2003;01.04.2003;Caenis sp.;4528;354;;;115000001
1O;1O_01.04.2003;01.04.2003;Ceratopogonidae Gen. sp.;4585;2;;;115000001
1O;1O_01.04.2003;01.04.2003;Chironomini Gen. sp.;4644;58;;;115000001
1O;1O_01.04.2003;01.04.2003;Choroterpes picteti;4677;82;;;115000001
1O;1O_01.04.2003;01.04.2003;Dytiscidae Gen. sp.;17756;11;;;115000001
1O;1O_01.04.2003;01.04.2003;Ecdyonurus sp.;5053;27;;;115000001
1O;1O_01.04.2003;01.04.2003;Ephemerella sp.;5137;48;;;115000001
1O;1O_01.04.2003;01.04.2003;Habrophlebia sp.;5371;6;;;115000001
1O;1O_01.04.2003;01.04.2003;Hemimelaena flaviventris;13627;15;;;115000001
1O;1O_01.04.2003;01.04.2003;Hydracarina Gen. sp.;;116;;;115000001
1O;1O_01.04.2003;01.04.2003;Hydropsyche sp.;5605;5;;;115000001
1O;1O_01.04.2003;01.04.2003;Hydroptilidae Gen. sp.;7455;11;;;115000001
1O;1O_01.04.2003;01.04.2003;Limoniidae Gen. sp.;8483;2;;;115000001
1O;1O_01.04.2003;01.04.2003;Lumbricidae Gen. sp.;5900;1;;;115000001
1O;1O_01.04.2003;01.04.2003;Micronecta sp.;6002;1;;;115000001
1O;1O_01.04.2003;01.04.2003;Nemoura sp.;6108;3;;;115000001
1O;1O_01.04.2003;01.04.2003;Orthocladiinae Gen. sp.;6208;118;;;115000001
1O;1O_01.04.2003;01.04.2003;Oulimnius sp.;18626;19;;;115000001
1O;1O_01.04.2003;01.04.2003;Isogenus sp.;9048;14;;;115000001
1O;1O_01.04.2003;01.04.2003;Isoperla sp.;5673;69;;;115000001
1O;1O_01.04.2003;01.04.2003;Procambarus clarkii;10709;3;;;115000001
1O;1O_01.04.2003;01.04.2003;Simuliidae Gen. sp.;6842;48;;;115000001
1O;1O_01.04.2003;01.04.2003;Tabanidae Gen. sp.;8485;6;;;115000001
1O;1O_01.04.2003;01.04.2003;Tanypodinae Gen. sp.;6972;81;;;115000001
1O;1O_01.04.2003;01.04.2003;Tanytarsini Gen. sp.;6977;120;;;115000001
1O;1O_01.04.2003;01.04.2003;Thraulus bellus;13055;6;;;115000001
1O;1O_01.04.2003;01.04.2003;Tyrrhenoleuctra sp.;13077;68;;;115000001
1O;1O_01.04.2004;01.04.2004;Ancylus fluviatilis;4310;4;;;115000001
1O;1O_01.04.2004;01.04.2004;Athripsodes sp.;4371;1;;;115000001
1O;1O_01.04.2004;01.04.2004;Atyaephyra desmaresti;9272;4;;;115000001
1O;1O_01.04.2004;01.04.2004;Baetidae Gen. sp.;4380;44;;;115000001
1O;1O_01.04.2004;01.04.2004;Caenis sp.;4528;152;;;115000001
1O;1O_01.04.2004;01.04.2004;Ceratopogonidae Gen. sp.;4585;13;;;115000001
1O;1O_01.04.2004;01.04.2004;Chironomini Gen. sp.;4644;12;;;115000001
1O;1O_01.04.2004;01.04.2004;Choroterpes picteti;4677;34;;;115000001
1O;1O_01.04.2004;01.04.2004;Dytiscidae Gen. sp.;17756;1;;;115000001
1O;1O_01.04.2004;01.04.2004;Ecdyonurus sp.;5053;45;;;115000001
1O;1O_01.04.2004;01.04.2004;Ephemerella sp.;5137;26;;;115000001
1O;1O_01.04.2004;01.04.2004;Hemimelaena flaviventris;13627;2;;;115000001
1O;1O_01.04.2004;01.04.2004;Hydracarina Gen. sp.;;2;;;115000001
1O;1O_01.04.2004;01.04.2004;Hydropsyche sp.;5605;1;;;115000001
1O;1O_01.04.2004;01.04.2004;Hydroptilidae Gen. sp.;7455;3;;;115000001
1O;1O_01.04.2004;01.04.2004;Limoniidae Gen. sp.;8483;1;;;115000001
1O;1O_01.04.2004;01.04.2004;Lumbricidae Gen. sp.;5900;2;;;115000001
1O;1O_01.04.2004;01.04.2004;Nemoura sp.;6108;1;;;115000001
1O;1O_01.04.2004;01.04.2004;Orthocladiinae Gen. sp.;6208;28;;;115000001
1O;1O_01.04.2004;01.04.2004;Oulimnius sp.;18626;1;;;115000001
1O;1O_01.04.2004;01.04.2004;Isoperla sp.;5673;20;;;115000001
1O;1O_01.04.2004;01.04.2004;Procambarus clarkii;10709;2;;;115000001
1O;1O_01.04.2004;01.04.2004;Simuliidae Gen. sp.;6842;22;;;115000001
1O;1O_01.04.2004;01.04.2004;Tanypodinae Gen. sp.;6972;1;;;115000001
1O;1O_01.04.2004;01.04.2004;Tanytarsini Gen. sp.;6977;11;;;115000001
1O;1O_01.04.2004;01.04.2004;Thraulus bellus;13055;1;;;115000001
1O;1O_01.04.2004;01.04.2004;Tubificidae Gen. sp.;7117;8;;;115000001
1O;1O_01.04.2004;01.04.2004;Tyrrhenoleuctra sp.;13077;10;;;115000001
1O;1O_01.04.2005;01.04.2005;Atyaephyra desmaresti;9272;8;;;115000001
1O;1O_01.04.2005;01.04.2005;Baetidae Gen. sp.;4380;47;;;115000001
1O;1O_01.04.2005;01.04.2005;Caenis sp.;4528;5;;;115000001
1O;1O_01.04.2005;01.04.2005;Choroterpes picteti;4677;3;;;115000001
1O;1O_01.04.2005;01.04.2005;Dytiscidae Gen. sp.;17756;6;;;115000001
1O;1O_01.04.2005;01.04.2005;Ecdyonurus sp.;5053;1;;;115000001
1O;1O_01.04.2005;01.04.2005;Ephemerella sp.;5137;1;;;115000001
1O;1O_01.04.2005;01.04.2005;Guadalgenus franzi;13625;4;;;115000001
1O;1O_01.04.2005;01.04.2005;Hemimelaena flaviventris;13627;1;;;115000001
1O;1O_01.04.2005;01.04.2005;Hydracarina Gen. sp.;;6;;;115000001
1O;1O_01.04.2005;01.04.2005;Hydraena sp.;18130;1;;;115000001
1O;1O_01.04.2005;01.04.2005;Limoniidae Gen. sp.;8483;5;;;115000001
1O;1O_01.04.2005;01.04.2005;Lumbricidae Gen. sp.;5900;1;;;115000001
1O;1O_01.04.2005;01.04.2005;Nemoura sp.;6108;7;;;115000001
1O;1O_01.04.2005;01.04.2005;Orthocladiinae Gen. sp.;6208;2;;;115000001
1O;1O_01.04.2005;01.04.2005;Oulimnius sp.;18626;5;;;115000001
1O;1O_01.04.2005;01.04.2005;Isoperla sp.;5673;9;;;115000001
1O;1O_01.04.2005;01.04.2005;Physella acuta;6396;2;;;115000001
1O;1O_01.04.2005;01.04.2005;Procambarus clarkii;10709;3;;;115000001
1O;1O_01.04.2005;01.04.2005;Simuliidae Gen. sp.;6842;54;;;115000001
1O;1O_01.04.2005;01.04.2005;Tanypodinae Gen. sp.;6972;2;;;115000001
1O;1O_01.04.2005;01.04.2005;Tubificidae Gen. sp.;7117;1;;;115000001
1O;1O_01.04.2005;01.04.2005;Tyrrhenoleuctra sp.;13077;49;;;115000001
1O;1O_01.04.2006;01.04.2006;Ancylus fluviatilis;4310;3;;;115000001
1O;1O_01.04.2006;01.04.2006;Baetidae Gen. sp.;4380;58;;;115000001
1O;1O_01.04.2006;01.04.2006;Caenis sp.;4528;65;;;115000001
1O;1O_01.04.2006;01.04.2006;Ceratopogonidae Gen. sp.;4585;13;;;115000001
1O;1O_01.04.2006;01.04.2006;Chironomini Gen. sp.;4644;35;;;115000001
1O;1O_01.04.2006;01.04.2006;Dytiscidae Gen. sp.;17756;15;;;115000001
1O;1O_01.04.2006;01.04.2006;Ecdyonurus sp.;5053;2;;;115000001
1O;1O_01.04.2006;01.04.2006;Ephemerella sp.;5137;5;;;115000001
1O;1O_01.04.2006;01.04.2006;Guadalgenus franzi;13625;10;;;115000001
1O;1O_01.04.2006;01.04.2006;Haliplus sp.;17901;5;;;115000001
1O;1O_01.04.2006;01.04.2006;Hemimelaena flaviventris;13627;1;;;115000001
1O;1O_01.04.2006;01.04.2006;Hydracarina Gen. sp.;;24;;;115000001
1O;1O_01.04.2006;01.04.2006;Hydropsyche sp.;5605;2;;;115000001
1O;1O_01.04.2006;01.04.2006;Limoniidae Gen. sp.;8483;12;;;115000001
1O;1O_01.04.2006;01.04.2006;Lumbricidae Gen. sp.;5900;7;;;115000001
1O;1O_01.04.2006;01.04.2006;Lymnaea sp.;5919;3;;;115000001
1O;1O_01.04.2006;01.04.2006;Micronecta sp.;6002;11;;;115000001
1O;1O_01.04.2006;01.04.2006;Naididae Gen. sp.;6068;11;;;115000001
1O;1O_01.04.2006;01.04.2006;Nemoura sp.;6108;25;;;115000001
1O;1O_01.04.2006;01.04.2006;Orthocladiinae Gen. sp.;6208;49;;;115000001
1O;1O_01.04.2006;01.04.2006;Isoperla sp.;5673;32;;;115000001
1O;1O_01.04.2006;01.04.2006;Physella acuta;6396;3;;;115000001
1O;1O_01.04.2006;01.04.2006;Simuliidae Gen. sp.;6842;62;;;115000001
1O;1O_01.04.2006;01.04.2006;Siphlonurus sp.;6864;1;;;115000001
1O;1O_01.04.2006;01.04.2006;Tanypodinae Gen. sp.;6972;9;;;115000001
1O;1O_01.04.2006;01.04.2006;Tanytarsini Gen. sp.;6977;12;;;115000001
1O;1O_01.04.2006;01.04.2006;Tubificidae Gen. sp.;7117;106;;;115000001
1O;1O_01.04.2006;01.04.2006;Tyrrhenoleuctra sp.;13077;23;;;115000001
1O;1O_01.04.2007;01.04.2007;Athripsodes sp.;4371;1;;;115000001
1O;1O_01.04.2007;01.04.2007;Atyaephyra desmaresti;9272;41;;;115000001
1O;1O_01.04.2007;01.04.2007;Baetidae Gen. sp.;4380;124;;;115000001
1O;1O_01.04.2007;01.04.2007;Caenis sp.;4528;162;;;115000001
1O;1O_01.04.2007;01.04.2007;Ceratopogonidae Gen. sp.;4585;1;;;115000001
1O;1O_01.04.2007;01.04.2007;Chironomini Gen. sp.;4644;30;;;115000001
1O;1O_01.04.2007;01.04.2007;Choroterpes picteti;4677;60;;;115000001
1O;1O_01.04.2007;01.04.2007;Dytiscidae Gen. sp.;17756;1;;;115000001
1O;1O_01.04.2007;01.04.2007;Ecdyonurus sp.;5053;7;;;115000001
1O;1O_01.04.2007;01.04.2007;Ephemerella sp.;5137;5;;;115000001
1O;1O_01.04.2007;01.04.2007;Guadalgenus franzi;13625;6;;;115000001
1O;1O_01.04.2007;01.04.2007;Hemimelaena flaviventris;13627;3;;;115000001
1O;1O_01.04.2007;01.04.2007;Hydracarina Gen. sp.;;66;;;115000001
1O;1O_01.04.2007;01.04.2007;Hydropsyche sp.;5605;5;;;115000001
1O;1O_01.04.2007;01.04.2007;Hydroptilidae Gen. sp.;7455;2;;;115000001
1O;1O_01.04.2007;01.04.2007;Micronecta sp.;6002;27;;;115000001
1O;1O_01.04.2007;01.04.2007;Naucoridae Gen. sp.;8649;2;;;115000001
1O;1O_01.04.2007;01.04.2007;Nemoura sp.;6108;5;;;115000001
1O;1O_01.04.2007;01.04.2007;Oulimnius sp.;18626;17;;;115000001
1O;1O_01.04.2007;01.04.2007;Peltodytes rotundatus;18642;1;;;115000001
1O;1O_01.04.2007;01.04.2007;Isoperla sp.;5673;32;;;115000001
1O;1O_01.04.2007;01.04.2007;Physella acuta;6396;5;;;115000001
1O;1O_01.04.2007;01.04.2007;Procambarus clarkii;10709;1;;;115000001
1O;1O_01.04.2007;01.04.2007;Rhagionidae Gen. sp.;9321;1;;;115000001
1O;1O_01.04.2007;01.04.2007;Tanypodinae Gen. sp.;6972;3;;;115000001
1O;1O_01.04.2007;01.04.2007;Tanytarsini Gen. sp.;6977;3;;;115000001
1O;1O_01.04.2007;01.04.2007;Tubificidae Gen. sp.;7117;39;;;115000001
1O;1O_01.04.2007;01.04.2007;Tyrrhenoleuctra sp.;13077;5;;;115000001
1O;1O_01.04.2008;01.04.2008;Atyaephyra desmaresti;9272;8;;;115000001
1O;1O_01.04.2008;01.04.2008;Baetidae Gen. sp.;4380;47;;;115000001
1O;1O_01.04.2008;01.04.2008;Caenis sp.;4528;5;;;115000001
1O;1O_01.04.2008;01.04.2008;Choroterpes picteti;4677;3;;;115000001
1O;1O_01.04.2008;01.04.2008;Dytiscidae Gen. sp.;17756;6;;;115000001
1O;1O_01.04.2008;01.04.2008;Ecdyonurus sp.;5053;1;;;115000001
1O;1O_01.04.2008;01.04.2008;Ephemerella sp.;5137;1;;;115000001
1O;1O_01.04.2008;01.04.2008;Guadalgenus franzi;13625;4;;;115000001
1O;1O_01.04.2008;01.04.2008;Hemimelaena flaviventris;13627;1;;;115000001
1O;1O_01.04.2008;01.04.2008;Hydracarina Gen. sp.;;6;;;115000001
1O;1O_01.04.2008;01.04.2008;Hydraena sp.;18130;1;;;115000001
1O;1O_01.04.2008;01.04.2008;Limoniidae Gen. sp.;8483;5;;;115000001
1O;1O_01.04.2008;01.04.2008;Lumbricidae Gen. sp.;5900;1;;;115000001
1O;1O_01.04.2008;01.04.2008;Nemoura sp.;6108;7;;;115000001
1O;1O_01.04.2008;01.04.2008;Orthocladiinae Gen. sp.;6208;2;;;115000001
1O;1O_01.04.2008;01.04.2008;Oulimnius sp.;18626;5;;;115000001
1O;1O_01.04.2008;01.04.2008;Isoperla sp.;5673;9;;;115000001
1O;1O_01.04.2008;01.04.2008;Physella acuta;6396;2;;;115000001
1O;1O_01.04.2008;01.04.2008;Procambarus clarkii;10709;3;;;115000001
1O;1O_01.04.2008;01.04.2008;Simuliidae Gen. sp.;6842;54;;;115000001
1O;1O_01.04.2008;01.04.2008;Tanypodinae Gen. sp.;6972;2;;;115000001
1O;1O_01.04.2008;01.04.2008;Tubificidae Gen. sp.;7117;1;;;115000001
1O;1O_01.04.2008;01.04.2008;Tyrrhenoleuctra sp.;13077;49;;;115000001
1O;1O_01.04.2009;01.04.2009;Atyaephyra desmaresti;9272;6;;;115000001
1O;1O_01.04.2009;01.04.2009;Baetidae Gen. sp.;4380;46;;;115000001
1O;1O_01.04.2009;01.04.2009;Caenis sp.;4528;17;;;115000001
1O;1O_01.04.2009;01.04.2009;Chironomini Gen. sp.;4644;3;;;115000001
1O;1O_01.04.2009;01.04.2009;Coenagrionidae Gen. sp.;4723;3;;;115000001
1O;1O_01.04.2009;01.04.2009;Dytiscidae Gen. sp.;17756;5;;;115000001
1O;1O_01.04.2009;01.04.2009;Gyrinus sp.;17874;1;;;115000001
1O;1O_01.04.2009;01.04.2009;Helodidae/Scirtidae Gen. sp.;;17;;;115000001
1O;1O_01.04.2009;01.04.2009;Hydrophilidae Gen. sp.;18186;19;;;115000001
1O;1O_01.04.2009;01.04.2009;Hydracarina Gen. sp.;;15;;;115000001
1O;1O_01.04.2009;01.04.2009;Hydraena sp.;18130;2;;;115000001
1O;1O_01.04.2009;01.04.2009;Limoniidae Gen. sp.;8483;1;;;115000001
1O;1O_01.04.2009;01.04.2009;Micronecta sp.;6002;20;;;115000001
1O;1O_01.04.2009;01.04.2009;Nemoura sp.;6108;22;;;115000001
1O;1O_01.04.2009;01.04.2009;Notonecta sp.;6139;2;;;115000001
1O;1O_01.04.2009;01.04.2009;Orthocladiinae Gen. sp.;6208;6;;;115000001
1O;1O_01.04.2009;01.04.2009;Peltodytes rotundatus;18642;1;;;115000001
1O;1O_01.04.2009;01.04.2009;Physella acuta;6396;2;;;115000001
1O;1O_01.04.2009;01.04.2009;Simuliidae Gen. sp.;6842;1;;;115000001
1O;1O_01.04.2009;01.04.2009;Tanypodinae Gen. sp.;6972;5;;;115000001
1O;1O_01.04.2009;01.04.2009;Tanytarsini Gen. sp.;6977;7;;;115000001
1O;1O_01.04.2009;01.04.2009;Tubificidae Gen. sp.;7117;44;;;115000001
1O;1O_01.04.2010;01.04.2010;Atyaephyra desmaresti;9272;8;;;115000001
1O;1O_01.04.2010;01.04.2010;Baetidae Gen. sp.;4380;438;;;115000001
1O;1O_01.04.2010;01.04.2010;Caenis sp.;4528;3;;;115000001
1O;1O_01.04.2010;01.04.2010;Capniidae Gen. sp.;8440;6;;;115000001
1O;1O_01.04.2010;01.04.2010;Coenagrionidae Gen. sp.;4723;3;;;115000001
1O;1O_01.04.2010;01.04.2010;Dytiscidae Gen. sp.;17756;8;;;115000001
1O;1O_01.04.2010;01.04.2010;Hydracarina Gen. sp.;;19;;;115000001
1O;1O_01.04.2010;01.04.2010;Hydrometra stagnorum;5546;2;;;115000001
1O;1O_01.04.2010;01.04.2010;Libellulidae Gen. sp.;8411;1;;;115000001
1O;1O_01.04.2010;01.04.2010;Lumbriculidae Gen. sp.;7490;3;;;115000001
1O;1O_01.04.2010;01.04.2010;Notonecta sp.;6139;1;;;115000001
1O;1O_01.04.2010;01.04.2010;Orthocladiinae Gen. sp.;6208;35;;;115000001
1O;1O_01.04.2010;01.04.2010;Physella acuta;6396;1;;;115000001
1O;1O_01.04.2010;01.04.2010;Simuliidae Gen. sp.;6842;8;;;115000001
1O;1O_01.04.2010;01.04.2010;Tanypodinae Gen. sp.;6972;2;;;115000001
1O;1O_01.04.2011;01.04.2011;Ancylus fluviatilis;4310;3;;;115000001
1O;1O_01.04.2011;01.04.2011;Athripsodes sp.;4371;1;;;115000001
1O;1O_01.04.2011;01.04.2011;Baetidae Gen. sp.;4380;7;;;115000001
1O;1O_01.04.2011;01.04.2011;Caenis sp.;4528;53;;;115000001
1O;1O_01.04.2011;01.04.2011;Capniidae Gen. sp.;8440;29;;;115000001
1O;1O_01.04.2011;01.04.2011;Ceratopogonidae Gen. sp.;4585;2;;;115000001
1O;1O_01.04.2011;01.04.2011;Chironomini Gen. sp.;4644;1;;;115000001
1O;1O_01.04.2011;01.04.2011;Choroterpes picteti;4677;1;;;115000001
1O;1O_01.04.2011;01.04.2011;Dytiscidae Gen. sp.;17756;3;;;115000001
1O;1O_01.04.2011;01.04.2011;Ecdyonurus sp.;5053;3;;;115000001
1O;1O_01.04.2011;01.04.2011;Ephemerella sp.;5137;50;;;115000001
1O;1O_01.04.2011;01.04.2011;Hydracarina Gen. sp.;;22;;;115000001
1O;1O_01.04.2011;01.04.2011;Hydroptilidae Gen. sp.;7455;1;;;115000001
1O;1O_01.04.2011;01.04.2011;Limoniidae Gen. sp.;8483;55;;;115000001
1O;1O_01.04.2011;01.04.2011;Lumbricidae Gen. sp.;5900;3;;;115000001
1O;1O_01.04.2011;01.04.2011;Lumbriculidae Gen. sp.;7490;2;;;115000001
1O;1O_01.04.2011;01.04.2011;Lymnaea sp.;5919;1;;;115000001
1O;1O_01.04.2011;01.04.2011;Micronecta sp.;6002;1;;;115000001
1O;1O_01.04.2011;01.04.2011;Nemoura sp.;6108;82;;;115000001
1O;1O_01.04.2011;01.04.2011;Orthocladiinae Gen. sp.;6208;7;;;115000001
1O;1O_01.04.2011;01.04.2011;Parasigara transversa;11202;1;;;115000001
1O;1O_01.04.2011;01.04.2011;Isoperla sp.;5673;39;;;115000001
1O;1O_01.04.2011;01.04.2011;Procambarus clarkii;10709;2;;;115000001
1O;1O_01.04.2011;01.04.2011;Simuliidae Gen. sp.;6842;35;;;115000001
1O;1O_01.04.2011;01.04.2011;Tabanidae Gen. sp.;8485;1;;;115000001
1O;1O_01.04.2011;01.04.2011;Taeniopterygidae Gen. sp.;6964;2;;;115000001
1O;1O_01.04.2011;01.04.2011;Tanytarsini Gen. sp.;6977;3;;;115000001
1O;1O_01.04.2011;01.04.2011;Tipulidae Gen. sp.;8487;1;;;115000001
1O;1O_01.04.2011;01.04.2011;Tubificidae Gen. sp.;7117;16;;;115000001
1O;1O_01.04.2012;01.04.2012;Baetidae Gen. sp.;4380;7;;;115000001
1O;1O_01.04.2012;01.04.2012;Caenis sp.;4528;19;;;115000001
1O;1O_01.04.2012;01.04.2012;Capniidae Gen. sp.;8440;8;;;115000001
1O;1O_01.04.2012;01.04.2012;Ceratopogonidae Gen. sp.;4585;8;;;115000001
1O;1O_01.04.2012;01.04.2012;Chironomini Gen. sp.;4644;7;;;115000001
1O;1O_01.04.2012;01.04.2012;Choroterpes picteti;4677;18;;;115000001
1O;1O_01.04.2012;01.04.2012;Dytiscidae Gen. sp.;17756;1;;;115000001
1O;1O_01.04.2012;01.04.2012;Ecdyonurus sp.;5053;14;;;115000001
1O;1O_01.04.2012;01.04.2012;Ephemerella sp.;5137;8;;;115000001
1O;1O_01.04.2012;01.04.2012;Hydracarina Gen. sp.;;5;;;115000001
1O;1O_01.04.2012;01.04.2012;Hydraena sp.;18130;3;;;115000001
1O;1O_01.04.2012;01.04.2012;Hydropsyche sp.;5605;2;;;115000001
1O;1O_01.04.2012;01.04.2012;Limoniidae Gen. sp.;8483;5;;;115000001
1O;1O_01.04.2012;01.04.2012;Lumbricidae Gen. sp.;5900;1;;;115000001
1O;1O_01.04.2012;01.04.2012;Lumbriculidae Gen. sp.;7490;3;;;115000001
1O;1O_01.04.2012;01.04.2012;Nemoura sp.;6108;14;;;115000001
1O;1O_01.04.2012;01.04.2012;Orthocladiinae Gen. sp.;6208;8;;;115000001
1O;1O_01.04.2012;01.04.2012;Procambarus clarkii;10709;2;;;115000001
1O;1O_01.04.2012;01.04.2012;Tanypodinae Gen. sp.;6972;2;;;115000001
1O;1O_01.04.2013;01.04.2013;Aeshnidae Gen. sp.;8438;1;;;115000001
1O;1O_01.04.2013;01.04.2013;Baetidae Gen. sp.;4380;9;;;115000001
1O;1O_01.04.2013;01.04.2013;Caenis sp.;4528;12;;;115000001
1O;1O_01.04.2013;01.04.2013;Chironomini Gen. sp.;4644;17;;;115000001
1O;1O_01.04.2013;01.04.2013;Corduliidae Gen. sp.;4742;1;;;115000001
1O;1O_01.04.2013;01.04.2013;Hydracarina Gen. sp.;;29;;;115000001
1O;1O_01.04.2013;01.04.2013;Micronecta sp.;6002;2;;;115000001
1O;1O_01.04.2013;01.04.2013;Tanypodinae Gen. sp.;6972;18;;;115000001
1O;1O_01.04.2013;01.04.2013;Tanytarsini Gen. sp.;6977;3;;;115000001
1O;1O_01.04.2013;01.04.2013;Tubificidae Gen. sp.;7117;1;;;115000001
1O;1O_01.04.2014;01.04.2014;Baetidae Gen. sp.;4380;106;;;115000001
1O;1O_01.04.2014;01.04.2014;Caenis sp.;4528;1;;;115000001
1O;1O_01.04.2014;01.04.2014;Capniidae Gen. sp.;8440;8;;;115000001
1O;1O_01.04.2014;01.04.2014;Ceratopogonidae Gen. sp.;4585;1;;;115000001
1O;1O_01.04.2014;01.04.2014;Chironomini Gen. sp.;4644;3;;;115000001
1O;1O_01.04.2014;01.04.2014;Choroterpes picteti;4677;5;;;115000001
1O;1O_01.04.2014;01.04.2014;Dytiscidae Gen. sp.;17756;2;;;115000001
1O;1O_01.04.2014;01.04.2014;Ecdyonurus sp.;5053;10;;;115000001
1O;1O_01.04.2014;01.04.2014;Ephemerella sp.;5137;134;;;115000001
1O;1O_01.04.2014;01.04.2014;Hydroptilidae Gen. sp.;7455;4;;;115000001
1O;1O_01.04.2014;01.04.2014;Limoniidae Gen. sp.;8483;33;;;115000001
1O;1O_01.04.2014;01.04.2014;Nemoura sp.;6108;17;;;115000001
1O;1O_01.04.2014;01.04.2014;Orthocladiinae Gen. sp.;6208;34;;;115000001
1O;1O_01.04.2014;01.04.2014;Oulimnius sp.;18626;10;;;115000001
1O;1O_01.04.2014;01.04.2014;Isoperla sp.;5673;35;;;115000001
1O;1O_01.04.2014;01.04.2014;Simuliidae Gen. sp.;6842;5;;;115000001
1O;1O_01.04.2014;01.04.2014;Tanypodinae Gen. sp.;6972;5;;;115000001
1O;1O_01.04.2015;01.04.2015;Baetidae Gen. sp.;4380;83;;;115000001
1O;1O_01.04.2015;01.04.2015;Caenis sp.;4528;2;;;115000001
1O;1O_01.04.2015;01.04.2015;Ceratopogonidae Gen. sp.;4585;9;;;115000001
1O;1O_01.04.2015;01.04.2015;Choroterpes picteti;4677;18;;;115000001
1O;1O_01.04.2015;01.04.2015;Dytiscidae Gen. sp.;17756;2;;;115000001
1O;1O_01.04.2015;01.04.2015;Ecdyonurus sp.;5053;10;;;115000001
1O;1O_01.04.2015;01.04.2015;Ephemerella sp.;5137;3;;;115000001
1O;1O_01.04.2015;01.04.2015;Hydraena sp.;18130;18;;;115000001
1O;1O_01.04.2015;01.04.2015;Hydrometra stagnorum;5546;2;;;115000001
1O;1O_01.04.2015;01.04.2015;Hydropsyche sp.;5605;3;;;115000001
1O;1O_01.04.2015;01.04.2015;Limoniidae Gen. sp.;8483;81;;;115000001
1O;1O_01.04.2015;01.04.2015;Lumbricidae Gen. sp.;5900;1;;;115000001
1O;1O_01.04.2015;01.04.2015;Orthocladiinae Gen. sp.;6208;15;;;115000001
1O;1O_01.04.2015;01.04.2015;Oulimnius sp.;18626;4;;;115000001
1O;1O_01.04.2015;01.04.2015;Isoperla sp.;5673;14;;;115000001
1O;1O_01.04.2015;01.04.2015;Physella acuta;6396;1;;;115000001
1O;1O_01.04.2015;01.04.2015;Simuliidae Gen. sp.;6842;31;;;115000001
1O;1O_01.04.2015;01.04.2015;Tanypodinae Gen. sp.;6972;3;;;115000001
1O;1O_01.04.2015;01.04.2015;Tanytarsini Gen. sp.;6977;6;;;115000001
1O;1O_01.04.2015;01.04.2015;Tubificidae Gen. sp.;7117;10;;;115000001
1O;1O_01.04.2016;01.04.2016;Baetidae Gen. sp.;4380;136;;;115000001
1O;1O_01.04.2016;01.04.2016;Caenis sp.;4528;1;;;115000001
1O;1O_01.04.2016;01.04.2016;Coenagrionidae Gen. sp.;4723;2;;;115000001
1O;1O_01.04.2016;01.04.2016;Dixa sp.;4989;2;;;115000001
1O;1O_01.04.2016;01.04.2016;Dytiscidae Gen. sp.;17756;1;;;115000001
1O;1O_01.04.2016;01.04.2016;Hydropsyche sp.;5605;1;;;115000001
1O;1O_01.04.2016;01.04.2016;Notonecta sp.;6139;1;;;115000001
1O;1O_01.04.2016;01.04.2016;Ochthebius sp.;18600;9;;;115000001
1O;1O_01.04.2016;01.04.2016;Paraleptophlebia sp.;6308;2;;;115000001
1O;1O_01.04.2016;01.04.2016;Parasigara transversa;11202;2;;;115000001
1O;1O_01.04.2016;01.04.2016;Simuliidae Gen. sp.;6842;90;;;115000001
1O;1O_01.04.2016;01.04.2016;Tanypodinae Gen. sp.;6972;8;;;115000001
1O;1O_01.04.2017;01.04.2017;Baetidae Gen. sp.;4380;136;;;115000001
1O;1O_01.04.2017;01.04.2017;Caenis sp.;4528;1;;;115000001
1O;1O_01.04.2017;01.04.2017;Coenagrionidae Gen. sp.;4723;2;;;115000001
1O;1O_01.04.2017;01.04.2017;Dixa sp.;4989;2;;;115000001
1O;1O_01.04.2017;01.04.2017;Dytiscidae Gen. sp.;17756;1;;;115000001
1O;1O_01.04.2017;01.04.2017;Hydropsyche sp.;5605;1;;;115000001
1O;1O_01.04.2017;01.04.2017;Notonecta sp.;6139;1;;;115000001
1O;1O_01.04.2017;01.04.2017;Orthocladiinae Gen. sp.;6208;9;;;115000001
1O;1O_01.04.2017;01.04.2017;Paraleptophlebia sp.;6308;2;;;115000001
1O;1O_01.04.2017;01.04.2017;Parasigara transversa;11202;2;;;115000001
1O;1O_01.04.2017;01.04.2017;Simuliidae Gen. sp.;6842;90;;;115000001
1O;1O_01.04.2017;01.04.2017;Tanypodinae Gen. sp.;6972;8;;;115000001
1O;1O_01.04.2018;01.04.2018;Ancylus fluviatilis;4310;6;;;115000001
1O;1O_01.04.2018;01.04.2018;Atyaephyra desmaresti;9272;1;;;115000001
1O;1O_01.04.2018;01.04.2018;Baetidae Gen. sp.;4380;5;;;115000001
1O;1O_01.04.2018;01.04.2018;Caenis sp.;4528;10;;;115000001
1O;1O_01.04.2018;01.04.2018;Capniidae Gen. sp.;8440;9;;;115000001
1O;1O_01.04.2018;01.04.2018;Ceratopogonidae Gen. sp.;4585;1;;;115000001
1O;1O_01.04.2018;01.04.2018;Corduliidae Gen. sp.;4742;2;;;115000001
1O;1O_01.04.2018;01.04.2018;Dytiscidae Gen. sp.;17756;5;;;115000001
1O;1O_01.04.2018;01.04.2018;Ephemerella sp.;5137;4;;;115000001
1O;1O_01.04.2018;01.04.2018;Hydracarina Gen. sp.;;4;;;115000001
1O;1O_01.04.2018;01.04.2018;Limoniidae Gen. sp.;8483;2;;;115000001
1O;1O_01.04.2018;01.04.2018;Lumbriculidae Gen. sp.;7490;7;;;115000001
1O;1O_01.04.2018;01.04.2018;Micronecta sp.;6002;3;;;115000001
1O;1O_01.04.2018;01.04.2018;Naididae Gen. sp.;6068;2;;;115000001
1O;1O_01.04.2018;01.04.2018;Nemoura sp.;6108;10;;;115000001
1O;1O_01.04.2018;01.04.2018;Notonecta sp.;6139;1;;;115000001
1O;1O_01.04.2018;01.04.2018;Oulimnius sp.;18626;10;;;115000001
1O;1O_01.04.2018;01.04.2018;Paraleptophlebia sp.;6308;1;;;115000001
1O;1O_01.04.2018;01.04.2018;Isoperla sp.;5673;6;;;115000001
1O;1O_01.04.2018;01.04.2018;Rhagionidae Gen. sp.;9321;2;;;115000001
1O;1O_01.04.2018;01.04.2018;Simuliidae Gen. sp.;6842;36;;;115000001
1O;1O_01.04.2019;01.04.2019;Ancylus fluviatilis;4310;1;;;115000001
1O;1O_01.04.2019;01.04.2019;Baetidae Gen. sp.;4380;40;;;115000001
1O;1O_01.04.2019;01.04.2019;Caenis sp.;4528;10;;;115000001
1O;1O_01.04.2019;01.04.2019;Ceratopogonidae Gen. sp.;4585;2;;;115000001
1O;1O_01.04.2019;01.04.2019;Chloroperlidae Gen. sp.;4674;4;;;115000001
1O;1O_01.04.2019;01.04.2019;Corduliidae Gen. sp.;4742;1;;;115000001
1O;1O_01.04.2019;01.04.2019;Dytiscidae Gen. sp.;17756;3;;;115000001
1O;1O_01.04.2019;01.04.2019;Ecdyonurus sp.;5053;1;;;115000001
1O;1O_01.04.2019;01.04.2019;Ephemerella sp.;5137;1;;;115000001
1O;1O_01.04.2019;01.04.2019;Hydrophilidae Gen. sp.;18186;3;;;115000001
1O;1O_01.04.2019;01.04.2019;Limoniidae Gen. sp.;8483;2;;;115000001
1O;1O_01.04.2019;01.04.2019;Notonecta sp.;6139;1;;;115000001
1O;1O_01.04.2019;01.04.2019;Orthocladiinae Gen. sp.;6208;10;;;115000001
1O;1O_01.04.2019;01.04.2019;Oulimnius sp.;18626;2;;;115000001
1O;1O_01.04.2019;01.04.2019;Isoperla sp.;5673;6;;;115000001
1O;1O_01.04.2019;01.04.2019;Physella acuta;6396;10;;;115000001
1O;1O_01.04.2019;01.04.2019;Simuliidae Gen. sp.;6842;183;;;115000001
1O;1O_01.04.2019;01.04.2019;Tipulidae Gen. sp.;8487;1;;;115000001
2O;2O_01.04.1993;01.04.1993;Atyaephyra desmaresti;9272;17;;;115000002
2O;2O_01.04.1993;01.04.1993;Caenis sp.;4528;86;;;115000002
2O;2O_01.04.1993;01.04.1993;Chironomini Gen. sp.;4644;6;;;115000002
2O;2O_01.04.1993;01.04.1993;Coenagrionidae Gen. sp.;4723;12;;;115000002
2O;2O_01.04.1993;01.04.1993;Dytiscidae Gen. sp.;17756;2;;;115000002
2O;2O_01.04.1993;01.04.1993;Glossiphonia sp.;5310;1;;;115000002
2O;2O_01.04.1993;01.04.1993;Hydracarina Gen. sp.;;28;;;115000002
2O;2O_01.04.1993;01.04.1993;Lumbricidae Gen. sp.;5900;5;;;115000002
2O;2O_01.04.1993;01.04.1993;Nemoura sp.;6108;108;;;115000002
2O;2O_01.04.1993;01.04.1993;Orthocladiinae Gen. sp.;6208;211;;;115000002
2O;2O_01.04.1993;01.04.1993;Oulimnius sp.;18626;21;;;115000002
2O;2O_01.04.1993;01.04.1993;Physella acuta;6396;1;;;115000002
2O;2O_01.04.1993;01.04.1993;Rhagionidae Gen. sp.;9321;1;;;115000002
2O;2O_01.04.1993;01.04.1993;Simuliidae Gen. sp.;6842;407;;;115000002
2O;2O_01.04.1993;01.04.1993;Taeniopterygidae Gen. sp.;6964;15;;;115000002
2O;2O_01.04.1993;01.04.1993;Tanypodinae Gen. sp.;6972;3;;;115000002
2O;2O_01.04.1993;01.04.1993;Tanytarsini Gen. sp.;6977;1;;;115000002
2O;2O_01.04.1993;01.04.1993;Tyrrhenoleuctra sp.;13077;10;;;115000002
2O;2O_01.04.1994;01.04.1994;Ancylus fluviatilis;4310;7;;;115000002
2O;2O_01.04.1994;01.04.1994;Atyaephyra desmaresti;9272;24;;;115000002
2O;2O_01.04.1994;01.04.1994;Baetidae Gen. sp.;4380;119;;;115000002
2O;2O_01.04.1994;01.04.1994;Bithynia sp.;4461;2;;;115000002
2O;2O_01.04.1994;01.04.1994;Caenis sp.;4528;181;;;115000002
2O;2O_01.04.1994;01.04.1994;Capniidae Gen. sp.;8440;87;;;115000002
2O;2O_01.04.1994;01.04.1994;Ceratopogonidae Gen. sp.;4585;19;;;115000002
2O;2O_01.04.1994;01.04.1994;Chironomini Gen. sp.;4644;5;;;115000002
2O;2O_01.04.1994;01.04.1994;Choroterpes picteti;4677;78;;;115000002
2O;2O_01.04.1994;01.04.1994;Coenagrionidae Gen. sp.;4723;1;;;115000002
2O;2O_01.04.1994;01.04.1994;Dryops sp.;17749;1;;;115000002
2O;2O_01.04.1994;01.04.1994;Dytiscidae Gen. sp.;17756;1;;;115000002
2O;2O_01.04.1994;01.04.1994;Ecdyonurus sp.;5053;1;;;115000002
2O;2O_01.04.1994;01.04.1994;Glossiphonia sp.;5310;2;;;115000002
2O;2O_01.04.1994;01.04.1994;Hemimelaena flaviventris;13627;6;;;115000002
2O;2O_01.04.1994;01.04.1994;Hydracarina Gen. sp.;;48;;;115000002
2O;2O_01.04.1994;01.04.1994;Limoniidae Gen. sp.;8483;4;;;115000002
2O;2O_01.04.1994;01.04.1994;Nemoura sp.;6108;12;;;115000002
2O;2O_01.04.1994;01.04.1994;Orthocladiinae Gen. sp.;6208;13;;;115000002
2O;2O_01.04.1994;01.04.1994;Oulimnius sp.;18626;99;;;115000002
2O;2O_01.04.1994;01.04.1994;Isogenus sp.;9048;20;;;115000002
2O;2O_01.04.1994;01.04.1994;Physella acuta;6396;2;;;115000002
2O;2O_01.04.1994;01.04.1994;Simuliidae Gen. sp.;6842;1;;;115000002
2O;2O_01.04.1994;01.04.1994;Tanypodinae Gen. sp.;6972;1;;;115000002
2O;2O_01.04.1994;01.04.1994;Tanytarsini Gen. sp.;6977;3;;;115000002
2O;2O_01.04.1994;01.04.1994;Tubificidae Gen. sp.;7117;2;;;115000002
2O;2O_01.04.1995;01.04.1995;Caenis sp.;4528;89;;;115000002
2O;2O_01.04.1995;01.04.1995;Chironomini Gen. sp.;4644;3;;;115000002
2O;2O_01.04.1995;01.04.1995;Dytiscidae Gen. sp.;17756;9;;;115000002
2O;2O_01.04.1995;01.04.1995;Hydracarina Gen. sp.;;16;;;115000002
2O;2O_01.04.1995;01.04.1995;Limoniidae Gen. sp.;8483;1;;;115000002
2O;2O_01.04.1995;01.04.1995;Lumbricidae Gen. sp.;5900;1;;;115000002
2O;2O_01.04.1995;01.04.1995;Naididae Gen. sp.;6068;1;;;115000002
2O;2O_01.04.1995;01.04.1995;Nemoura sp.;6108;17;;;115000002
2O;2O_01.04.1995;01.04.1995;Orthocladiinae Gen. sp.;6208;201;;;115000002
2O;2O_01.04.1995;01.04.1995;Oulimnius sp.;18626;88;;;115000002
2O;2O_01.04.1995;01.04.1995;Peltodytes rotundatus;18642;1;;;115000002
2O;2O_01.04.1995;01.04.1995;Isogenus sp.;9048;3;;;115000002
2O;2O_01.04.1995;01.04.1995;Procambarus clarkii;10709;24;;;115000002
2O;2O_01.04.1995;01.04.1995;Rhagionidae Gen. sp.;9321;1;;;115000002
2O;2O_01.04.1995;01.04.1995;Sciomyzidae Gen. sp.;9600;2;;;115000002
2O;2O_01.04.1995;01.04.1995;Simuliidae Gen. sp.;6842;117;;;115000002
2O;2O_01.04.1995;01.04.1995;Taeniopterygidae Gen. sp.;6964;17;;;115000002
2O;2O_01.04.1995;01.04.1995;Tanypodinae Gen. sp.;6972;6;;;115000002
2O;2O_01.04.1995;01.04.1995;Tyrrhenoleuctra sp.;13077;7;;;115000002
2O;2O_01.04.1996;01.04.1996;Ancylus fluviatilis;4310;4;;;115000002
2O;2O_01.04.1996;01.04.1996;Atyaephyra desmaresti;9272;4;;;115000002
2O;2O_01.04.1996;01.04.1996;Baetidae Gen. sp.;4380;1;;;115000002
2O;2O_01.04.1996;01.04.1996;Caenis sp.;4528;70;;;115000002
2O;2O_01.04.1996;01.04.1996;Ceratopogonidae Gen. sp.;4585;1;;;115000002
2O;2O_01.04.1996;01.04.1996;Choroterpes picteti;4677;38;;;115000002
2O;2O_01.04.1996;01.04.1996;Dytiscidae Gen. sp.;17756;5;;;115000002
2O;2O_01.04.1996;01.04.1996;Ecdyonurus sp.;5053;1;;;115000002
2O;2O_01.04.1996;01.04.1996;Hydracarina Gen. sp.;;16;;;115000002
2O;2O_01.04.1996;01.04.1996;Lumbriculidae Gen. sp.;7490;7;;;115000002
2O;2O_01.04.1996;01.04.1996;Naididae Gen. sp.;6068;100;;;115000002
2O;2O_01.04.1996;01.04.1996;Nemoura sp.;6108;7;;;115000002
2O;2O_01.04.1996;01.04.1996;Oulimnius sp.;18626;8;;;115000002
2O;2O_01.04.1996;01.04.1996;Isogenus sp.;9048;4;;;115000002
2O;2O_01.04.1996;01.04.1996;Simuliidae Gen. sp.;6842;132;;;115000002
2O;2O_01.04.1996;01.04.1996;Tabanidae Gen. sp.;8485;4;;;115000002
2O;2O_01.04.1996;01.04.1996;Taeniopterygidae Gen. sp.;6964;2;;;115000002
2O;2O_01.04.1996;01.04.1996;Tanytarsini Gen. sp.;6977;6;;;115000002
2O;2O_01.04.1996;01.04.1996;Tubificidae Gen. sp.;7117;5;;;115000002
2O;2O_01.04.1996;01.04.1996;Tyrrhenoleuctra sp.;13077;410;;;115000002
2O;2O_01.04.1997;01.04.1997;Ancylus fluviatilis;4310;24;;;115000002
2O;2O_01.04.1997;01.04.1997;Atyaephyra desmaresti;9272;15;;;115000002
2O;2O_01.04.1997;01.04.1997;Baetidae Gen. sp.;4380;41;;;115000002
2O;2O_01.04.1997;01.04.1997;Caenis sp.;4528;24;;;115000002
2O;2O_01.04.1997;01.04.1997;Capniidae Gen. sp.;8440;7;;;115000002
2O;2O_01.04.1997;01.04.1997;Ceratopogonidae Gen. sp.;4585;13;;;115000002
2O;2O_01.04.1997;01.04.1997;Chironomini Gen. sp.;4644;7;;;115000002
2O;2O_01.04.1997;01.04.1997;Coenagrionidae Gen. sp.;4723;1;;;115000002
2O;2O_01.04.1997;01.04.1997;Ephemerella sp.;5137;6;;;115000002
2O;2O_01.04.1997;01.04.1997;Gerris sp.;5303;2;;;115000002
2O;2O_01.04.1997;01.04.1997;Glossiphonia sp.;5310;1;;;115000002
2O;2O_01.04.1997;01.04.1997;Hydracarina Gen. sp.;;3;;;115000002
2O;2O_01.04.1997;01.04.1997;Lumbriculidae Gen. sp.;7490;6;;;115000002
2O;2O_01.04.1997;01.04.1997;Nemoura sp.;6108;38;;;115000002
2O;2O_01.04.1997;01.04.1997;Orthocladiinae Gen. sp.;6208;1;;;115000002
2O;2O_01.04.1997;01.04.1997;Oulimnius sp.;18626;66;;;115000002
2O;2O_01.04.1997;01.04.1997;Isogenus sp.;9048;13;;;115000002
2O;2O_01.04.1997;01.04.1997;Isoperla sp.;5673;17;;;115000002
2O;2O_01.04.1997;01.04.1997;Physella acuta;6396;2;;;115000002
2O;2O_01.04.1997;01.04.1997;Simuliidae Gen. sp.;6842;981;;;115000002
2O;2O_01.04.1997;01.04.1997;Taeniopterygidae Gen. sp.;6964;33;;;115000002
2O;2O_01.04.1997;01.04.1997;Tanytarsini Gen. sp.;6977;3;;;115000002
2O;2O_01.04.1997;01.04.1997;Tubificidae Gen. sp.;7117;7;;;115000002
2O;2O_01.04.1997;01.04.1997;Tyrrhenoleuctra sp.;13077;27;;;115000002
2O;2O_01.04.1998;01.04.1998;Ancylus fluviatilis;4310;6;;;115000002
2O;2O_01.04.1998;01.04.1998;Atyaephyra desmaresti;9272;6;;;115000002
2O;2O_01.04.1998;01.04.1998;Baetidae Gen. sp.;4380;596;;;115000002
2O;2O_01.04.1998;01.04.1998;Caenis sp.;4528;183;;;115000002
2O;2O_01.04.1998;01.04.1998;Ceratopogonidae Gen. sp.;4585;6;;;115000002
2O;2O_01.04.1998;01.04.1998;Chironomini Gen. sp.;4644;35;;;115000002
2O;2O_01.04.1998;01.04.1998;Coenagrionidae Gen. sp.;4723;2;;;115000002
2O;2O_01.04.1998;01.04.1998;Ecdyonurus sp.;5053;29;;;115000002
2O;2O_01.04.1998;01.04.1998;Ephemerella sp.;5137;19;;;115000002
2O;2O_01.04.1998;01.04.1998;Erpobdella sp.;5160;8;;;115000002
2O;2O_01.04.1998;01.04.1998;Hemimelaena flaviventris;13627;8;;;115000002
2O;2O_01.04.1998;01.04.1998;Hydracarina Gen. sp.;;36;;;115000002
2O;2O_01.04.1998;01.04.1998;Hydropsyche sp.;5605;150;;;115000002
2O;2O_01.04.1998;01.04.1998;Hydroptilidae Gen. sp.;7455;6;;;115000002
2O;2O_01.04.1998;01.04.1998;Limoniidae Gen. sp.;8483;1;;;115000002
2O;2O_01.04.1998;01.04.1998;Naididae Gen. sp.;6068;40;;;115000002
2O;2O_01.04.1998;01.04.1998;Nemoura sp.;6108;1;;;115000002
2O;2O_01.04.1998;01.04.1998;Orthocladiinae Gen. sp.;6208;17;;;115000002
2O;2O_01.04.1998;01.04.1998;Oulimnius sp.;18626;17;;;115000002
2O;2O_01.04.1998;01.04.1998;Isoperla sp.;5673;7;;;115000002
2O;2O_01.04.1998;01.04.1998;Simuliidae Gen. sp.;6842;1;;;115000002
2O;2O_01.04.1998;01.04.1998;Tanypodinae Gen. sp.;6972;24;;;115000002
2O;2O_01.04.1998;01.04.1998;Tanytarsini Gen. sp.;6977;14;;;115000002
2O;2O_01.04.1998;01.04.1998;Tyrrhenoleuctra sp.;13077;62;;;115000002
2O;2O_01.04.1999;01.04.1999;Ancylus fluviatilis;4310;1;;;115000002
2O;2O_01.04.1999;01.04.1999;Baetidae Gen. sp.;4380;2;;;115000002
2O;2O_01.04.1999;01.04.1999;Caenis sp.;4528;52;;;115000002
2O;2O_01.04.1999;01.04.1999;Chironomini Gen. sp.;4644;6;;;115000002
2O;2O_01.04.1999;01.04.1999;Dytiscidae Gen. sp.;17756;1;;;115000002
2O;2O_01.04.1999;01.04.1999;Hydracarina Gen. sp.;;66;;;115000002
2O;2O_01.04.1999;01.04.1999;Limoniidae Gen. sp.;8483;3;;;115000002
2O;2O_01.04.1999;01.04.1999;Lumbricidae Gen. sp.;5900;1;;;115000002
2O;2O_01.04.1999;01.04.1999;Micronecta sp.;6002;134;;;115000002
2O;2O_01.04.1999;01.04.1999;Orthocladiinae Gen. sp.;6208;8;;;115000002
2O;2O_01.04.1999;01.04.1999;Oulimnius sp.;18626;4;;;115000002
2O;2O_01.04.1999;01.04.1999;Isogenus sp.;9048;9;;;115000002
2O;2O_01.04.1999;01.04.1999;Procambarus clarkii;10709;1;;;115000002
2O;2O_01.04.1999;01.04.1999;Simuliidae Gen. sp.;6842;1055;;;115000002
2O;2O_01.04.1999;01.04.1999;Taeniopterygidae Gen. sp.;6964;15;;;115000002
2O;2O_01.04.1999;01.04.1999;Tanypodinae Gen. sp.;6972;6;;;115000002
2O;2O_01.04.1999;01.04.1999;Tanytarsini Gen. sp.;6977;738;;;115000002
2O;2O_01.04.1999;01.04.1999;Tubificidae Gen. sp.;7117;1;;;115000002
2O;2O_01.04.1999;01.04.1999;Tyrrhenoleuctra sp.;13077;166;;;115000002
2O;2O_01.04.2000;01.04.2000;Ancylus fluviatilis;4310;7;;;115000002
2O;2O_01.04.2000;01.04.2000;Atyaephyra desmaresti;9272;5;;;115000002
2O;2O_01.04.2000;01.04.2000;Baetidae Gen. sp.;4380;9;;;115000002
2O;2O_01.04.2000;01.04.2000;Caenis sp.;4528;40;;;115000002
2O;2O_01.04.2000;01.04.2000;Capniidae Gen. sp.;8440;2;;;115000002
2O;2O_01.04.2000;01.04.2000;Ceratopogonidae Gen. sp.;4585;1;;;115000002
2O;2O_01.04.2000;01.04.2000;Chironomini Gen. sp.;4644;6;;;115000002
2O;2O_01.04.2000;01.04.2000;Choroterpes picteti;4677;1;;;115000002
2O;2O_01.04.2000;01.04.2000;Dytiscidae Gen. sp.;17756;3;;;115000002
2O;2O_01.04.2000;01.04.2000;Erpobdella sp.;5160;1;;;115000002
2O;2O_01.04.2000;01.04.2000;Hydracarina Gen. sp.;;2;;;115000002
2O;2O_01.04.2000;01.04.2000;Hydropsyche sp.;5605;1;;;115000002
2O;2O_01.04.2000;01.04.2000;Nemoura sp.;6108;2;;;115000002
2O;2O_01.04.2000;01.04.2000;Orthocladiinae Gen. sp.;6208;35;;;115000002
2O;2O_01.04.2000;01.04.2000;Isogenus sp.;9048;13;;;115000002
2O;2O_01.04.2000;01.04.2000;Simuliidae Gen. sp.;6842;389;;;115000002
2O;2O_01.04.2000;01.04.2000;Taeniopterygidae Gen. sp.;6964;5;;;115000002
2O;2O_01.04.2000;01.04.2000;Tanypodinae Gen. sp.;6972;6;;;115000002
2O;2O_01.04.2000;01.04.2000;Tanytarsini Gen. sp.;6977;4;;;115000002
2O;2O_01.04.2000;01.04.2000;Tubificidae Gen. sp.;7117;2;;;115000002
2O;2O_01.04.2000;01.04.2000;Tyrrhenoleuctra sp.;13077;156;;;115000002
2O;2O_01.04.2001;01.04.2001;Ancylus fluviatilis;4310;5;;;115000002
2O;2O_01.04.2001;01.04.2001;Athripsodes sp.;4371;2;;;115000002
2O;2O_01.04.2001;01.04.2001;Atyaephyra desmaresti;9272;8;;;115000002
2O;2O_01.04.2001;01.04.2001;Baetidae Gen. sp.;4380;39;;;115000002
2O;2O_01.04.2001;01.04.2001;Caenis sp.;4528;25;;;115000002
2O;2O_01.04.2001;01.04.2001;Choroterpes picteti;4677;1;;;115000002
2O;2O_01.04.2001;01.04.2001;Coenagrionidae Gen. sp.;4723;1;;;115000002
2O;2O_01.04.2001;01.04.2001;Dytiscidae Gen. sp.;17756;11;;;115000002
2O;2O_01.04.2001;01.04.2001;Ephemerella sp.;5137;10;;;115000002
2O;2O_01.04.2001;01.04.2001;Erpobdella sp.;5160;1;;;115000002
2O;2O_01.04.2001;01.04.2001;Gerris sp.;5303;1;;;115000002
2O;2O_01.04.2001;01.04.2001;Hemimelaena flaviventris;13627;5;;;115000002
2O;2O_01.04.2001;01.04.2001;Hydracarina Gen. sp.;;1;;;115000002
2O;2O_01.04.2001;01.04.2001;Lumbricidae Gen. sp.;5900;3;;;115000002
2O;2O_01.04.2001;01.04.2001;Lumbriculidae Gen. sp.;7490;2;;;115000002
2O;2O_01.04.2001;01.04.2001;Micronecta sp.;6002;5;;;115000002
2O;2O_01.04.2001;01.04.2001;Nemoura sp.;6108;17;;;115000002
2O;2O_01.04.2001;01.04.2001;Orthocladiinae Gen. sp.;6208;849;;;115000002
2O;2O_01.04.2001;01.04.2001;Oulimnius sp.;18626;3;;;115000002
2O;2O_01.04.2001;01.04.2001;Isogenus sp.;9048;6;;;115000002
2O;2O_01.04.2001;01.04.2001;Isoperla sp.;5673;21;;;115000002
2O;2O_01.04.2001;01.04.2001;Physella acuta;6396;2;;;115000002
2O;2O_01.04.2001;01.04.2001;Procambarus clarkii;10709;1;;;115000002
2O;2O_01.04.2001;01.04.2001;Simuliidae Gen. sp.;6842;1;;;115000002
2O;2O_01.04.2001;01.04.2001;Siphlonurus sp.;6864;5;;;115000002
2O;2O_01.04.2001;01.04.2001;Tanypodinae Gen. sp.;6972;27;;;115000002
2O;2O_01.04.2001;01.04.2001;Thraulus bellus;13055;1;;;115000002
2O;2O_01.04.2001;01.04.2001;Tyrrhenoleuctra sp.;13077;72;;;115000002
2O;2O_01.04.2002;01.04.2002;Ancylus fluviatilis;4310;20;;;115000002
2O;2O_01.04.2002;01.04.2002;Atyaephyra desmaresti;9272;4;;;115000002
2O;2O_01.04.2002;01.04.2002;Baetidae Gen. sp.;4380;137;;;115000002
2O;2O_01.04.2002;01.04.2002;Chironomini Gen. sp.;4644;2;;;115000002
2O;2O_01.04.2002;01.04.2002;Coenagrionidae Gen. sp.;4723;1;;;115000002
2O;2O_01.04.2002;01.04.2002;Dytiscidae Gen. sp.;17756;37;;;115000002
2O;2O_01.04.2002;01.04.2002;Ephemerella sp.;5137;3;;;115000002
2O;2O_01.04.2002;01.04.2002;Haliplus sp.;17901;1;;;115000002
2O;2O_01.04.2002;01.04.2002;Hydracarina Gen. sp.;;44;;;115000002
2O;2O_01.04.2002;01.04.2002;Hydroptilidae Gen. sp.;7455;1;;;115000002
2O;2O_01.04.2002;01.04.2002;Lumbricidae Gen. sp.;5900;1;;;115000002
2O;2O_01.04.2002;01.04.2002;Lumbriculidae Gen. sp.;7490;1;;;115000002
2O;2O_01.04.2002;01.04.2002;Naididae Gen. sp.;6068;15;;;115000002
2O;2O_01.04.2002;01.04.2002;Nemoura sp.;6108;107;;;115000002
2O;2O_01.04.2002;01.04.2002;Orthocladiinae Gen. sp.;6208;6;;;115000002
2O;2O_01.04.2002;01.04.2002;Isogenus sp.;9048;93;;;115000002
2O;2O_01.04.2002;01.04.2002;Isoperla sp.;5673;93;;;115000002
2O;2O_01.04.2002;01.04.2002;Physella acuta;6396;5;;;115000002
2O;2O_01.04.2002;01.04.2002;Procambarus clarkii;10709;4;;;115000002
2O;2O_01.04.2002;01.04.2002;Simuliidae Gen. sp.;6842;9;;;115000002
2O;2O_01.04.2002;01.04.2002;Taeniopterygidae Gen. sp.;6964;29;;;115000002
2O;2O_01.04.2002;01.04.2002;Tanypodinae Gen. sp.;6972;13;;;115000002
2O;2O_01.04.2002;01.04.2002;Tanytarsini Gen. sp.;6977;1;;;115000002
2O;2O_01.04.2002;01.04.2002;Tyrrhenoleuctra sp.;13077;122;;;115000002
2O;2O_01.04.2003;01.04.2003;Ancylus fluviatilis;4310;43;;;115000002
2O;2O_01.04.2003;01.04.2003;Baetidae Gen. sp.;4380;822;;;115000002
2O;2O_01.04.2003;01.04.2003;Bithynia sp.;4461;2;;;115000002
2O;2O_01.04.2003;01.04.2003;Caenis sp.;4528;134;;;115000002
2O;2O_01.04.2003;01.04.2003;Chironomini Gen. sp.;4644;38;;;115000002
2O;2O_01.04.2003;01.04.2003;Choroterpes picteti;4677;23;;;115000002
2O;2O_01.04.2003;01.04.2003;Dytiscidae Gen. sp.;17756;54;;;115000002
2O;2O_01.04.2003;01.04.2003;Ecdyonurus sp.;5053;46;;;115000002
2O;2O_01.04.2003;01.04.2003;Ephemerella sp.;5137;37;;;115000002
2O;2O_01.04.2003;01.04.2003;Glossiphonia sp.;5310;3;;;115000002
2O;2O_01.04.2003;01.04.2003;Habrophlebia sp.;5371;2;;;115000002
2O;2O_01.04.2003;01.04.2003;Hemimelaena flaviventris;13627;14;;;115000002
2O;2O_01.04.2003;01.04.2003;Hydrophilidae Gen. sp.;18186;1;;;115000002
2O;2O_01.04.2003;01.04.2003;Hydracarina Gen. sp.;;36;;;115000002
2O;2O_01.04.2003;01.04.2003;Hydropsyche sp.;5605;5;;;115000002
2O;2O_01.04.2003;01.04.2003;Hydroptilidae Gen. sp.;7455;11;;;115000002
2O;2O_01.04.2003;01.04.2003;Limoniidae Gen. sp.;8483;28;;;115000002
2O;2O_01.04.2003;01.04.2003;Lumbricidae Gen. sp.;5900;3;;;115000002
2O;2O_01.04.2003;01.04.2003;Lymnaea sp.;5919;2;;;115000002
2O;2O_01.04.2003;01.04.2003;Micronecta sp.;6002;31;;;115000002
2O;2O_01.04.2003;01.04.2003;Naididae Gen. sp.;6068;527;;;115000002
2O;2O_01.04.2003;01.04.2003;Nemoura sp.;6108;18;;;115000002
2O;2O_01.04.2003;01.04.2003;Orthocladiinae Gen. sp.;6208;110;;;115000002
2O;2O_01.04.2003;01.04.2003;Isogenus sp.;9048;69;;;115000002
2O;2O_01.04.2003;01.04.2003;Physella acuta;6396;2;;;115000002
2O;2O_01.04.2003;01.04.2003;Simuliidae Gen. sp.;6842;15;;;115000002
2O;2O_01.04.2003;01.04.2003;Tanypodinae Gen. sp.;6972;44;;;115000002
2O;2O_01.04.2003;01.04.2003;Tanytarsini Gen. sp.;6977;1;;;115000002
2O;2O_01.04.2003;01.04.2003;Thraulus bellus;13055;1;;;115000002
2O;2O_01.04.2003;01.04.2003;Tubificidae Gen. sp.;7117;8;;;115000002
2O;2O_01.04.2003;01.04.2003;Tyrrhenoleuctra sp.;13077;157;;;115000002
2O;2O_01.04.2004;01.04.2004;Ancylus fluviatilis;4310;22;;;115000002
2O;2O_01.04.2004;01.04.2004;Atyaephyra desmaresti;9272;2;;;115000002
2O;2O_01.04.2004;01.04.2004;Baetidae Gen. sp.;4380;67;;;115000002
2O;2O_01.04.2004;01.04.2004;Caenis sp.;4528;37;;;115000002
2O;2O_01.04.2004;01.04.2004;Ceratopogonidae Gen. sp.;4585;5;;;115000002
2O;2O_01.04.2004;01.04.2004;Chironomini Gen. sp.;4644;14;;;115000002
2O;2O_01.04.2004;01.04.2004;Choroterpes picteti;4677;69;;;115000002
2O;2O_01.04.2004;01.04.2004;Dytiscidae Gen. sp.;17756;5;;;115000002
2O;2O_01.04.2004;01.04.2004;Ecdyonurus sp.;5053;31;;;115000002
2O;2O_01.04.2004;01.04.2004;Ephemerella sp.;5137;16;;;115000002
2O;2O_01.04.2004;01.04.2004;Hemimelaena flaviventris;13627;1;;;115000002
2O;2O_01.04.2004;01.04.2004;Hydracarina Gen. sp.;;2;;;115000002
2O;2O_01.04.2004;01.04.2004;Hydroptilidae Gen. sp.;7455;16;;;115000002
2O;2O_01.04.2004;01.04.2004;Limoniidae Gen. sp.;8483;2;;;115000002
2O;2O_01.04.2004;01.04.2004;Lumbricidae Gen. sp.;5900;3;;;115000002
2O;2O_01.04.2004;01.04.2004;Naididae Gen. sp.;6068;39;;;115000002
2O;2O_01.04.2004;01.04.2004;Nemoura sp.;6108;58;;;115000002
2O;2O_01.04.2004;01.04.2004;Orthocladiinae Gen. sp.;6208;9;;;115000002
2O;2O_01.04.2004;01.04.2004;Oulimnius sp.;18626;2;;;115000002
2O;2O_01.04.2004;01.04.2004;Isogenus sp.;9048;6;;;115000002
2O;2O_01.04.2004;01.04.2004;Isoperla sp.;5673;32;;;115000002
2O;2O_01.04.2004;01.04.2004;Simuliidae Gen. sp.;6842;5;;;115000002
2O;2O_01.04.2004;01.04.2004;Tanypodinae Gen. sp.;6972;9;;;115000002
2O;2O_01.04.2004;01.04.2004;Tanytarsini Gen. sp.;6977;50;;;115000002
2O;2O_01.04.2004;01.04.2004;Tubificidae Gen. sp.;7117;1;;;115000002
2O;2O_01.04.2004;01.04.2004;Tyrrhenoleuctra sp.;13077;78;;;115000002
2O;2O_01.04.2005;01.04.2005;Ancylus fluviatilis;4310;4;;;115000002
2O;2O_01.04.2005;01.04.2005;Baetidae Gen. sp.;4380;88;;;115000002
2O;2O_01.04.2005;01.04.2005;Caenis sp.;4528;6;;;115000002
2O;2O_01.04.2005;01.04.2005;Ceratopogonidae Gen. sp.;4585;1;;;115000002
2O;2O_01.04.2005;01.04.2005;Choroterpes picteti;4677;1;;;115000002
2O;2O_01.04.2005;01.04.2005;Coenagrionidae Gen. sp.;4723;1;;;115000002
2O;2O_01.04.2005;01.04.2005;Dytiscidae Gen. sp.;17756;12;;;115000002
2O;2O_01.04.2005;01.04.2005;Ecdyonurus sp.;5053;2;;;115000002
2O;2O_01.04.2005;01.04.2005;Guadalgenus franzi;13625;6;;;115000002
2O;2O_01.04.2005;01.04.2005;Hemimelaena flaviventris;13627;5;;;115000002
2O;2O_01.04.2005;01.04.2005;Hydracarina Gen. sp.;;3;;;115000002
2O;2O_01.04.2005;01.04.2005;Limoniidae Gen. sp.;8483;12;;;115000002
2O;2O_01.04.2005;01.04.2005;Lymnaea sp.;5919;1;;;115000002
2O;2O_01.04.2005;01.04.2005;Nemoura sp.;6108;31;;;115000002
2O;2O_01.04.2005;01.04.2005;Noterus sp.;18491;5;;;115000002
2O;2O_01.04.2005;01.04.2005;Orthocladiinae Gen. sp.;6208;12;;;115000002
2O;2O_01.04.2005;01.04.2005;Oulimnius sp.;18626;2;;;115000002
2O;2O_01.04.2005;01.04.2005;Isoperla sp.;5673;5;;;115000002
2O;2O_01.04.2005;01.04.2005;Procambarus clarkii;10709;2;;;115000002
2O;2O_01.04.2005;01.04.2005;Simuliidae Gen. sp.;6842;69;;;115000002
2O;2O_01.04.2005;01.04.2005;Tubificidae Gen. sp.;7117;2;;;115000002
2O;2O_01.04.2005;01.04.2005;Tyrrhenoleuctra sp.;13077;184;;;115000002
2O;2O_01.04.2006;01.04.2006;Ancylus fluviatilis;4310;45;;;115000002
2O;2O_01.04.2006;01.04.2006;Baetidae Gen. sp.;4380;6;;;115000002
2O;2O_01.04.2006;01.04.2006;Caenis sp.;4528;4;;;115000002
2O;2O_01.04.2006;01.04.2006;Ceratopogonidae Gen. sp.;4585;17;;;115000002
2O;2O_01.04.2006;01.04.2006;Choroterpes picteti;4677;10;;;115000002
2O;2O_01.04.2006;01.04.2006;Dytiscidae Gen. sp.;17756;4;;;115000002
2O;2O_01.04.2006;01.04.2006;Ecdyonurus sp.;5053;3;;;115000002
2O;2O_01.04.2006;01.04.2006;Ephemerella sp.;5137;1;;;115000002
2O;2O_01.04.2006;01.04.2006;Glossiphonia sp.;5310;1;;;115000002
2O;2O_01.04.2006;01.04.2006;Guadalgenus franzi;13625;1;;;115000002
2O;2O_01.04.2006;01.04.2006;Hemimelaena flaviventris;13627;18;;;115000002
2O;2O_01.04.2006;01.04.2006;Hydracarina Gen. sp.;;5;;;115000002
2O;2O_01.04.2006;01.04.2006;Hydropsyche sp.;5605;1;;;115000002
2O;2O_01.04.2006;01.04.2006;Hydroptilidae Gen. sp.;7455;8;;;115000002
2O;2O_01.04.2006;01.04.2006;Lumbricidae Gen. sp.;5900;3;;;115000002
2O;2O_01.04.2006;01.04.2006;Lymnaea sp.;5919;2;;;115000002
2O;2O_01.04.2006;01.04.2006;Micronecta sp.;6002;2;;;115000002
2O;2O_01.04.2006;01.04.2006;Naididae Gen. sp.;6068;75;;;115000002
2O;2O_01.04.2006;01.04.2006;Nemoura sp.;6108;111;;;115000002
2O;2O_01.04.2006;01.04.2006;Orthocladiinae Gen. sp.;6208;47;;;115000002
2O;2O_01.04.2006;01.04.2006;Isoperla sp.;5673;6;;;115000002
2O;2O_01.04.2006;01.04.2006;Physella acuta;6396;3;;;115000002
2O;2O_01.04.2006;01.04.2006;Rhagionidae Gen. sp.;9321;1;;;115000002
2O;2O_01.04.2006;01.04.2006;Simuliidae Gen. sp.;6842;98;;;115000002
2O;2O_01.04.2006;01.04.2006;Taeniopterygidae Gen. sp.;6964;2;;;115000002
2O;2O_01.04.2006;01.04.2006;Tanypodinae Gen. sp.;6972;6;;;115000002
2O;2O_01.04.2006;01.04.2006;Tanytarsini Gen. sp.;6977;4;;;115000002
2O;2O_01.04.2006;01.04.2006;Tubificidae Gen. sp.;7117;9;;;115000002
2O;2O_01.04.2006;01.04.2006;Tyrrhenoleuctra sp.;13077;219;;;115000002
2O;2O_01.04.2007;01.04.2007;Athripsodes sp.;4371;1;;;115000002
2O;2O_01.04.2007;01.04.2007;Baetidae Gen. sp.;4380;114;;;115000002
2O;2O_01.04.2007;01.04.2007;Bithynia sp.;4461;1;;;115000002
2O;2O_01.04.2007;01.04.2007;Caenis sp.;4528;133;;;115000002
2O;2O_01.04.2007;01.04.2007;Ceratopogonidae Gen. sp.;4585;32;;;115000002
2O;2O_01.04.2007;01.04.2007;Chironomini Gen. sp.;4644;1;;;115000002
2O;2O_01.04.2007;01.04.2007;Choroterpes picteti;4677;13;;;115000002
2O;2O_01.04.2007;01.04.2007;Dytiscidae Gen. sp.;17756;8;;;115000002
2O;2O_01.04.2007;01.04.2007;Ephemerella sp.;5137;3;;;115000002
2O;2O_01.04.2007;01.04.2007;Glossiphonia sp.;5310;19;;;115000002
2O;2O_01.04.2007;01.04.2007;Guadalgenus franzi;13625;5;;;115000002
2O;2O_01.04.2007;01.04.2007;Hemimelaena flaviventris;13627;5;;;115000002
2O;2O_01.04.2007;01.04.2007;Hydracarina Gen. sp.;;37;;;115000002
2O;2O_01.04.2007;01.04.2007;Hydropsyche sp.;5605;3;;;115000002
2O;2O_01.04.2007;01.04.2007;Hydroptilidae Gen. sp.;7455;3;;;115000002
2O;2O_01.04.2007;01.04.2007;Limoniidae Gen. sp.;8483;17;;;115000002
2O;2O_01.04.2007;01.04.2007;Lumbricidae Gen. sp.;5900;2;;;115000002
2O;2O_01.04.2007;01.04.2007;Naididae Gen. sp.;6068;34;;;115000002
2O;2O_01.04.2007;01.04.2007;Nemoura sp.;6108;50;;;115000002
2O;2O_01.04.2007;01.04.2007;Orthocladiinae Gen. sp.;6208;31;;;115000002
2O;2O_01.04.2007;01.04.2007;Oulimnius sp.;18626;11;;;115000002
2O;2O_01.04.2007;01.04.2007;Isoperla sp.;5673;70;;;115000002
2O;2O_01.04.2007;01.04.2007;Tabanidae Gen. sp.;8485;1;;;115000002
2O;2O_01.04.2007;01.04.2007;Tanypodinae Gen. sp.;6972;31;;;115000002
2O;2O_01.04.2007;01.04.2007;Tubificidae Gen. sp.;7117;102;;;115000002
2O;2O_01.04.2007;01.04.2007;Tyrrhenoleuctra sp.;13077;30;;;115000002
2O;2O_01.04.2008;01.04.2008;Ancylus fluviatilis;4310;4;;;115000002
2O;2O_01.04.2008;01.04.2008;Baetidae Gen. sp.;4380;88;;;115000002
2O;2O_01.04.2008;01.04.2008;Caenis sp.;4528;6;;;115000002
2O;2O_01.04.2008;01.04.2008;Ceratopogonidae Gen. sp.;4585;1;;;115000002
2O;2O_01.04.2008;01.04.2008;Choroterpes picteti;4677;1;;;115000002
2O;2O_01.04.2008;01.04.2008;Coenagrionidae Gen. sp.;4723;1;;;115000002
2O;2O_01.04.2008;01.04.2008;Dytiscidae Gen. sp.;17756;12;;;115000002
2O;2O_01.04.2008;01.04.2008;Ecdyonurus sp.;5053;2;;;115000002
2O;2O_01.04.2008;01.04.2008;Guadalgenus franzi;13625;6;;;115000002
2O;2O_01.04.2008;01.04.2008;Hemimelaena flaviventris;13627;5;;;115000002
2O;2O_01.04.2008;01.04.2008;Hydracarina Gen. sp.;;3;;;115000002
2O;2O_01.04.2008;01.04.2008;Limoniidae Gen. sp.;8483;12;;;115000002
2O;2O_01.04.2008;01.04.2008;Lymnaea sp.;5919;1;;;115000002
2O;2O_01.04.2008;01.04.2008;Nemoura sp.;6108;31;;;115000002
2O;2O_01.04.2008;01.04.2008;Noterus sp.;18491;5;;;115000002
2O;2O_01.04.2008;01.04.2008;Orthocladiinae Gen. sp.;6208;12;;;115000002
2O;2O_01.04.2008;01.04.2008;Oulimnius sp.;18626;2;;;115000002
2O;2O_01.04.2008;01.04.2008;Isoperla sp.;5673;5;;;115000002
2O;2O_01.04.2008;01.04.2008;Procambarus clarkii;10709;2;;;115000002
2O;2O_01.04.2008;01.04.2008;Simuliidae Gen. sp.;6842;69;;;115000002
2O;2O_01.04.2008;01.04.2008;Tubificidae Gen. sp.;7117;2;;;115000002
2O;2O_01.04.2008;01.04.2008;Tyrrhenoleuctra sp.;13077;184;;;115000002
2O;2O_01.04.2009;01.04.2009;Baetidae Gen. sp.;4380;8;;;115000002
2O;2O_01.04.2009;01.04.2009;Caenis sp.;4528;6;;;115000002
2O;2O_01.04.2009;01.04.2009;Capniidae Gen. sp.;8440;20;;;115000002
2O;2O_01.04.2009;01.04.2009;Ceratopogonidae Gen. sp.;4585;3;;;115000002
2O;2O_01.04.2009;01.04.2009;Chironomini Gen. sp.;4644;3;;;115000002
2O;2O_01.04.2009;01.04.2009;Dytiscidae Gen. sp.;17756;3;;;115000002
2O;2O_01.04.2009;01.04.2009;Ecdyonurus sp.;5053;1;;;115000002
2O;2O_01.04.2009;01.04.2009;Haliplus sp.;17901;2;;;115000002
2O;2O_01.04.2009;01.04.2009;Helophorus sp.;17967;1;;;115000002
2O;2O_01.04.2009;01.04.2009;Hydracarina Gen. sp.;;1;;;115000002
2O;2O_01.04.2009;01.04.2009;Hydroptilidae Gen. sp.;7455;1;;;115000002
2O;2O_01.04.2009;01.04.2009;Libellulidae Gen. sp.;8411;1;;;115000002
2O;2O_01.04.2009;01.04.2009;Limoniidae Gen. sp.;8483;1;;;115000002
2O;2O_01.04.2009;01.04.2009;Lumbricidae Gen. sp.;5900;4;;;115000002
2O;2O_01.04.2009;01.04.2009;Lumbriculidae Gen. sp.;7490;2;;;115000002
2O;2O_01.04.2009;01.04.2009;Micronecta sp.;6002;3;;;115000002
2O;2O_01.04.2009;01.04.2009;Nemoura sp.;6108;16;;;115000002
2O;2O_01.04.2009;01.04.2009;Orthocladiinae Gen. sp.;6208;3;;;115000002
2O;2O_01.04.2009;01.04.2009;Oulimnius sp.;18626;3;;;115000002
2O;2O_01.04.2009;01.04.2009;Isoperla sp.;5673;16;;;115000002
2O;2O_01.04.2009;01.04.2009;Procambarus clarkii;10709;2;;;115000002
2O;2O_01.04.2009;01.04.2009;Simuliidae Gen. sp.;6842;16;;;115000002
2O;2O_01.04.2009;01.04.2009;Tanypodinae Gen. sp.;6972;5;;;115000002
2O;2O_01.04.2009;01.04.2009;Tanytarsini Gen. sp.;6977;2;;;115000002
2O;2O_01.04.2009;01.04.2009;Tubificidae Gen. sp.;7117;2;;;115000002
2O;2O_01.04.2010;01.04.2010;Aeshnidae Gen. sp.;8438;1;;;115000002
2O;2O_01.04.2010;01.04.2010;Ancylus fluviatilis;4310;1;;;115000002
2O;2O_01.04.2010;01.04.2010;Baetidae Gen. sp.;4380;88;;;115000002
2O;2O_01.04.2010;01.04.2010;Caenis sp.;4528;31;;;115000002
2O;2O_01.04.2010;01.04.2010;Capniidae Gen. sp.;8440;1;;;115000002
2O;2O_01.04.2010;01.04.2010;Ceratopogonidae Gen. sp.;4585;1;;;115000002
2O;2O_01.04.2010;01.04.2010;Chironomini Gen. sp.;4644;9;;;115000002
2O;2O_01.04.2010;01.04.2010;Dytiscidae Gen. sp.;17756;4;;;115000002
2O;2O_01.04.2010;01.04.2010;Ephemerella sp.;5137;1;;;115000002
2O;2O_01.04.2010;01.04.2010;Haliplus sp.;17901;1;;;115000002
2O;2O_01.04.2010;01.04.2010;Hydrometra stagnorum;5546;1;;;115000002
2O;2O_01.04.2010;01.04.2010;Nemoura sp.;6108;15;;;115000002
2O;2O_01.04.2010;01.04.2010;Orthocladiinae Gen. sp.;6208;13;;;115000002
2O;2O_01.04.2010;01.04.2010;Isoperla sp.;5673;10;;;115000002
2O;2O_01.04.2010;01.04.2010;Procambarus clarkii;10709;1;;;115000002
2O;2O_01.04.2010;01.04.2010;Simuliidae Gen. sp.;6842;8;;;115000002
2O;2O_01.04.2010;01.04.2010;Tanypodinae Gen. sp.;6972;4;;;115000002
2O;2O_01.04.2011;01.04.2011;Ancylus fluviatilis;4310;8;;;115000002
2O;2O_01.04.2011;01.04.2011;Capniidae Gen. sp.;8440;26;;;115000002
2O;2O_01.04.2011;01.04.2011;Ceratopogonidae Gen. sp.;4585;2;;;115000002
2O;2O_01.04.2011;01.04.2011;Chironomini Gen. sp.;4644;1;;;115000002
2O;2O_01.04.2011;01.04.2011;Ecdyonurus sp.;5053;3;;;115000002
2O;2O_01.04.2011;01.04.2011;Ephemerella sp.;5137;53;;;115000002
2O;2O_01.04.2011;01.04.2011;Erpobdella sp.;5160;1;;;115000002
2O;2O_01.04.2011;01.04.2011;Libellulidae Gen. sp.;8411;1;;;115000002
2O;2O_01.04.2011;01.04.2011;Limoniidae Gen. sp.;8483;139;;;115000002
2O;2O_01.04.2011;01.04.2011;Lumbricidae Gen. sp.;5900;5;;;115000002
2O;2O_01.04.2011;01.04.2011;Lumbriculidae Gen. sp.;7490;2;;;115000002
2O;2O_01.04.2011;01.04.2011;Naididae Gen. sp.;6068;8;;;115000002
2O;2O_01.04.2011;01.04.2011;Orthocladiinae Gen. sp.;6208;2;;;115000002
2O;2O_01.04.2011;01.04.2011;Oulimnius sp.;18626;3;;;115000002
2O;2O_01.04.2011;01.04.2011;Simuliidae Gen. sp.;6842;7;;;115000002
2O;2O_01.04.2012;01.04.2012;Ancylus fluviatilis;4310;2;;;115000002
2O;2O_01.04.2012;01.04.2012;Baetidae Gen. sp.;4380;1;;;115000002
2O;2O_01.04.2012;01.04.2012;Caenis sp.;4528;5;;;115000002
2O;2O_01.04.2012;01.04.2012;Capniidae Gen. sp.;8440;10;;;115000002
2O;2O_01.04.2012;01.04.2012;Ceratopogonidae Gen. sp.;4585;2;;;115000002
2O;2O_01.04.2012;01.04.2012;Chironomini Gen. sp.;4644;2;;;115000002
2O;2O_01.04.2012;01.04.2012;Choroterpes picteti;4677;29;;;115000002
2O;2O_01.04.2012;01.04.2012;Dytiscidae Gen. sp.;17756;1;;;115000002
2O;2O_01.04.2012;01.04.2012;Ecdyonurus sp.;5053;13;;;115000002
2O;2O_01.04.2012;01.04.2012;Ephemerella sp.;5137;2;;;115000002
2O;2O_01.04.2012;01.04.2012;Erpobdella sp.;5160;1;;;115000002
2O;2O_01.04.2012;01.04.2012;Haliplus sp.;17901;3;;;115000002
2O;2O_01.04.2012;01.04.2012;Helodidae/Scirtidae Gen. sp.;;1;;;115000002
2O;2O_01.04.2012;01.04.2012;Helophorus sp.;17967;1;;;115000002
2O;2O_01.04.2012;01.04.2012;Hydracarina Gen. sp.;;11;;;115000002
2O;2O_01.04.2012;01.04.2012;Hydrometra stagnorum;5546;2;;;115000002
2O;2O_01.04.2012;01.04.2012;Hydropsyche sp.;5605;1;;;115000002
2O;2O_01.04.2012;01.04.2012;Hydroptilidae Gen. sp.;7455;1;;;115000002
2O;2O_01.04.2012;01.04.2012;Limoniidae Gen. sp.;8483;5;;;115000002
2O;2O_01.04.2012;01.04.2012;Nemoura sp.;6108;24;;;115000002
2O;2O_01.04.2012;01.04.2012;Orthocladiinae Gen. sp.;6208;11;;;115000002
2O;2O_01.04.2012;01.04.2012;Oulimnius sp.;18626;6;;;115000002
2O;2O_01.04.2012;01.04.2012;Procambarus clarkii;10709;2;;;115000002
2O;2O_01.04.2012;01.04.2012;Tanytarsini Gen. sp.;6977;1;;;115000002
2O;2O_01.04.2012;01.04.2012;Tubificidae Gen. sp.;7117;2;;;115000002
2O;2O_01.04.2013;01.04.2013;Baetidae Gen. sp.;4380;1;;;115000002
2O;2O_01.04.2013;01.04.2013;Caenis sp.;4528;112;;;115000002
2O;2O_01.04.2013;01.04.2013;Chironomini Gen. sp.;4644;11;;;115000002
2O;2O_01.04.2013;01.04.2013;Choroterpes picteti;4677;2;;;115000002
2O;2O_01.04.2013;01.04.2013;Hydracarina Gen. sp.;;16;;;115000002
2O;2O_01.04.2013;01.04.2013;Polycentropus sp.;6472;2;;;115000002
2O;2O_01.04.2013;01.04.2013;Procambarus clarkii;10709;1;;;115000002
2O;2O_01.04.2013;01.04.2013;Tanypodinae Gen. sp.;6972;1;;;115000002
2O;2O_01.04.2013;01.04.2013;Thraulus bellus;13055;4;;;115000002
2O;2O_01.04.2013;01.04.2013;Tubificidae Gen. sp.;7117;2;;;115000002
2O;2O_01.04.2013;01.04.2013;Unionidae Gen. sp.;8452;1;;;115000002
2O;2O_01.04.2014;01.04.2014;Baetidae Gen. sp.;4380;50;;;115000002
2O;2O_01.04.2014;01.04.2014;Caenis sp.;4528;4;;;115000002
2O;2O_01.04.2014;01.04.2014;Capniidae Gen. sp.;8440;56;;;115000002
2O;2O_01.04.2014;01.04.2014;Ceratopogonidae Gen. sp.;4585;2;;;115000002
2O;2O_01.04.2014;01.04.2014;Chironomini Gen. sp.;4644;2;;;115000002
2O;2O_01.04.2014;01.04.2014;Choroterpes picteti;4677;6;;;115000002
2O;2O_01.04.2014;01.04.2014;Dytiscidae Gen. sp.;17756;5;;;115000002
2O;2O_01.04.2014;01.04.2014;Ecdyonurus sp.;5053;6;;;115000002
2O;2O_01.04.2014;01.04.2014;Ephemerella sp.;5137;16;;;115000002
2O;2O_01.04.2014;01.04.2014;Hydracarina Gen. sp.;;1;;;115000002
2O;2O_01.04.2014;01.04.2014;Limoniidae Gen. sp.;8483;17;;;115000002
2O;2O_01.04.2014;01.04.2014;Lumbricidae Gen. sp.;5900;4;;;115000002
2O;2O_01.04.2014;01.04.2014;Nemoura sp.;6108;14;;;115000002
2O;2O_01.04.2014;01.04.2014;Orthocladiinae Gen. sp.;6208;7;;;115000002
2O;2O_01.04.2014;01.04.2014;Isoperla sp.;5673;16;;;115000002
2O;2O_01.04.2014;01.04.2014;Simuliidae Gen. sp.;6842;7;;;115000002
2O;2O_01.04.2014;01.04.2014;Tanypodinae Gen. sp.;6972;1;;;115000002
2O;2O_01.04.2014;01.04.2014;Tubificidae Gen. sp.;7117;6;;;115000002
2O;2O_01.04.2015;01.04.2015;Caenis sp.;4528;1;;;115000002
2O;2O_01.04.2015;01.04.2015;Ceratopogonidae Gen. sp.;4585;5;;;115000002
2O;2O_01.04.2015;01.04.2015;Choroterpes picteti;4677;4;;;115000002
2O;2O_01.04.2015;01.04.2015;Dytiscidae Gen. sp.;17756;1;;;115000002
2O;2O_01.04.2015;01.04.2015;Ecdyonurus sp.;5053;10;;;115000002
2O;2O_01.04.2015;01.04.2015;Erpobdella sp.;5160;2;;;115000002
2O;2O_01.04.2015;01.04.2015;Hydrophilidae Gen. sp.;18186;1;;;115000002
2O;2O_01.04.2015;01.04.2015;Hydropsyche sp.;5605;5;;;115000002
2O;2O_01.04.2015;01.04.2015;Limoniidae Gen. sp.;8483;4;;;115000002
2O;2O_01.04.2015;01.04.2015;Lumbricidae Gen. sp.;5900;3;;;115000002
2O;2O_01.04.2015;01.04.2015;Orthocladiinae Gen. sp.;6208;2;;;115000002
2O;2O_01.04.2015;01.04.2015;Isoperla sp.;5673;12;;;115000002
2O;2O_01.04.2015;01.04.2015;Simuliidae Gen. sp.;6842;2669;;;115000002
2O;2O_01.04.2016;01.04.2016;Ancylus fluviatilis;4310;7;;;115000002
2O;2O_01.04.2016;01.04.2016;Baetidae Gen. sp.;4380;42;;;115000002
2O;2O_01.04.2016;01.04.2016;Caenis sp.;4528;4;;;115000002
2O;2O_01.04.2016;01.04.2016;Ceratopogonidae Gen. sp.;4585;3;;;115000002
2O;2O_01.04.2016;01.04.2016;Coenagrionidae Gen. sp.;4723;3;;;115000002
2O;2O_01.04.2016;01.04.2016;Dytiscidae Gen. sp.;17756;11;;;115000002
2O;2O_01.04.2016;01.04.2016;Ecdyonurus sp.;5053;2;;;115000002
2O;2O_01.04.2016;01.04.2016;Hydropsyche sp.;5605;8;;;115000002
2O;2O_01.04.2016;01.04.2016;Hydroptilidae Gen. sp.;7455;1;;;115000002
2O;2O_01.04.2016;01.04.2016;Limoniidae Gen. sp.;8483;15;;;115000002
2O;2O_01.04.2016;01.04.2016;Lumbricidae Gen. sp.;5900;1;;;115000002
2O;2O_01.04.2016;01.04.2016;Ochthebius sp.;18600;8;;;115000002
2O;2O_01.04.2016;01.04.2016;Paraleptophlebia sp.;6308;10;;;115000002
2O;2O_01.04.2016;01.04.2016;Physella acuta;6396;4;;;115000002
2O;2O_01.04.2016;01.04.2016;Simuliidae Gen. sp.;6842;559;;;115000002
2O;2O_01.04.2016;01.04.2016;Tanypodinae Gen. sp.;6972;5;;;115000002
2O;2O_01.04.2016;01.04.2016;Tipulidae Gen. sp.;8487;1;;;115000002
2O;2O_01.04.2017;01.04.2017;Ancylus fluviatilis;4310;7;;;115000002
2O;2O_01.04.2017;01.04.2017;Baetidae Gen. sp.;4380;42;;;115000002
2O;2O_01.04.2017;01.04.2017;Caenis sp.;4528;4;;;115000002
2O;2O_01.04.2017;01.04.2017;Ceratopogonidae Gen. sp.;4585;3;;;115000002
2O;2O_01.04.2017;01.04.2017;Coenagrionidae Gen. sp.;4723;3;;;115000002
2O;2O_01.04.2017;01.04.2017;Dytiscidae Gen. sp.;17756;11;;;115000002
2O;2O_01.04.2017;01.04.2017;Ecdyonurus sp.;5053;2;;;115000002
2O;2O_01.04.2017;01.04.2017;Hydropsyche sp.;5605;8;;;115000002
2O;2O_01.04.2017;01.04.2017;Hydroptilidae Gen. sp.;7455;1;;;115000002
2O;2O_01.04.2017;01.04.2017;Limoniidae Gen. sp.;8483;15;;;115000002
2O;2O_01.04.2017;01.04.2017;Lumbricidae Gen. sp.;5900;1;;;115000002
2O;2O_01.04.2017;01.04.2017;Orthocladiinae Gen. sp.;6208;8;;;115000002
2O;2O_01.04.2017;01.04.2017;Paraleptophlebia sp.;6308;10;;;115000002
2O;2O_01.04.2017;01.04.2017;Physella acuta;6396;4;;;115000002
2O;2O_01.04.2017;01.04.2017;Simuliidae Gen. sp.;6842;559;;;115000002
2O;2O_01.04.2017;01.04.2017;Tanypodinae Gen. sp.;6972;5;;;115000002
2O;2O_01.04.2017;01.04.2017;Tipulidae Gen. sp.;8487;1;;;115000002
2O;2O_01.04.2018;01.04.2018;Ancylus fluviatilis;4310;11;;;115000002
2O;2O_01.04.2018;01.04.2018;Caenis sp.;4528;4;;;115000002
2O;2O_01.04.2018;01.04.2018;Capniidae Gen. sp.;8440;107;;;115000002
2O;2O_01.04.2018;01.04.2018;Ceratopogonidae Gen. sp.;4585;2;;;115000002
2O;2O_01.04.2018;01.04.2018;Chloroperlidae Gen. sp.;4674;8;;;115000002
2O;2O_01.04.2018;01.04.2018;Ephemerella sp.;5137;26;;;115000002
2O;2O_01.04.2018;01.04.2018;Limoniidae Gen. sp.;8483;2;;;115000002
2O;2O_01.04.2018;01.04.2018;Lumbricidae Gen. sp.;5900;4;;;115000002
2O;2O_01.04.2018;01.04.2018;Naididae Gen. sp.;6068;20;;;115000002
2O;2O_01.04.2018;01.04.2018;Nemoura sp.;6108;201;;;115000002
2O;2O_01.04.2018;01.04.2018;Orthocladiinae Gen. sp.;6208;34;;;115000002
2O;2O_01.04.2018;01.04.2018;Oulimnius sp.;18626;30;;;115000002
2O;2O_01.04.2018;01.04.2018;Isoperla sp.;5673;55;;;115000002
2O;2O_01.04.2018;01.04.2018;Procambarus clarkii;10709;1;;;115000002
2O;2O_01.04.2018;01.04.2018;Rhagionidae Gen. sp.;9321;2;;;115000002
2O;2O_01.04.2018;01.04.2018;Simuliidae Gen. sp.;6842;57;;;115000002
2O;2O_01.04.2019;01.04.2019;Ancylus fluviatilis;4310;1;;;115000002
2O;2O_01.04.2019;01.04.2019;Baetidae Gen. sp.;4380;120;;;115000002
2O;2O_01.04.2019;01.04.2019;Caenis sp.;4528;34;;;115000002
2O;2O_01.04.2019;01.04.2019;Ceratopogonidae Gen. sp.;4585;6;;;115000002
2O;2O_01.04.2019;01.04.2019;Chloroperlidae Gen. sp.;4674;4;;;115000002
2O;2O_01.04.2019;01.04.2019;Chimarra marginata;4641;8;;;115000002
2O;2O_01.04.2019;01.04.2019;Dytiscidae Gen. sp.;17756;1;;;115000002
2O;2O_01.04.2019;01.04.2019;Ecdyonurus sp.;5053;18;;;115000002
2O;2O_01.04.2019;01.04.2019;Hydrophilidae Gen. sp.;18186;1;;;115000002
2O;2O_01.04.2019;01.04.2019;Limoniidae Gen. sp.;8483;3;;;115000002
2O;2O_01.04.2019;01.04.2019;Orthocladiinae Gen. sp.;6208;10;;;115000002
2O;2O_01.04.2019;01.04.2019;Isoperla sp.;5673;13;;;115000002
2O;2O_01.04.2019;01.04.2019;Simuliidae Gen. sp.;6842;8;;;115000002
2O;2O_01.04.2019;01.04.2019;Tanypodinae Gen. sp.;6972;1;;;115000002
2O;2O_01.04.2019;01.04.2019;Tanytarsini Gen. sp.;6977;2;;;115000002
