"site_id","sgn_id","sample_id","year","month","day","AGAPETUS FUSCIPES","AMPHINEMURA SP.","ANCYLUS FLUVIATILIS","ANTHOMYIIDAE GEN. SP.","ANTOCHA SP.","APATANIA SP.","ATHERIX SP.","ATRICHOPS CRASSIPES","BAETIS SP.","BEZZIA SP.","BLEPHARICERA SP.","BRACHYCENTRUS MONTANUS","BYTHINELLA SP.","BYTHIOSPEUM SP.","CAENIS MACRURA","CAPNIA SP.","CAPNIONEURA SP.","CHAOBORIDAE GEN. SP.","CHIRONOMIDAE GEN. SP.","CHLOROPERLA BREVIATA","CLINOCERINAE GEN. SP.","CORDULEGASTER BIDENTATA","CORDULEGASTER BOLTONII","CRUNOECIA IRRORATA SSP.","CULEX SP.","CURCULIONIDAE GEN. SP.","CYPHON SP.","DASYHELEA SP.","DERONECTES SP.","DICRANOTA SP.","DINOCRAS CEPHALOTES","DIXA SP.","DOLICHOPODIDAE GEN. SP.","DUPOPHILUS BREVIS","ECDYONURUS SP.","ECHINOGAMMARUS SP.","ELMIS SP.","ELODES SP.","EPEORUS SP.","EPHEMERA DANICA","ERNODES ARTICULARIS","ERPOBDELLA SP.","ESOLUS SP.","FORCIPOMYIA SP.","GLOSSIPHONIA PALUDOSA","GLOSSOSOMA PRIVATUM","GYRAULUS SP.","HABROLEPTOIDES SP.","HABROPHLEBIA SP.","HALIPLUS SP.","HELOPHORUS SP.","HEMERODROMIINAE GEN. SP.","HEXATOMA SP.","HIRUDO MEDICINALIS","HYDRA SP.","HYDRACHNIDIA GEN. SP.","HYDRAENA SP.","HYDROCHUS SP.","HYDROCYPHON SP.","HYDROMETRA STAGNORUM","HYDROPSYCHE SP.","HYDROPTILA SP.","ILYBIUS SP.","ISOPERLA SP.","LACCOBIUS SP.","LEPIDOSTOMA BASALE","LEPIDOSTOMA HIRTUM","LEUCTRA SP.","LIMNEBIUS SP.","LIMNEPHILIDAE GEN. SP.","LIMNIUS SP.","LIPONEURA SP.","LYMNAEA SP.","MARTHAMEA SP.","MESOVELIA VITTIGERA","MICRASEMA CENERENTOLA","MICRASEMA LONGULUM","MICRASEMA MINIMUM","MICRASEMA MOESTUM","MICRASEMA SERVATUM","MICROVELIA SP.","NEBRIOPORUS SP.","NEMATODA GEN. SP.","NEMOURA SP.","NIPHARGUS SP.","NOTONECTA SP.","ODONTOCERUM ALBICORNE","OLIGOCHAETA GEN. SP.","OREODYTES SP.","OULIMNIUS SP.","PARALEPTOPHLEBIA SP.","PERLA SP.","PERLODES SP.","PHILOPOTAMUS MONTANUS SSP.","PISIDIUM SP.","PLACOBDELLA COSTATA","PLANIPENNIA GEN. SP.","PLANORBARIUS SP.","PLATAMBUS SP.","PLEA MINUTISSIMA MINUTISSIMA","PLECTROCNEMIA CONSPERSA SSP.","PLECTROCNEMIA LAETABILIS","POLYCELIS SP.","POLYCENTROPUS CORNIGER","POLYCENTROPUS FLAVOMACULATUS SSP.","POMATINUS SUBSTRIATUS","PROASELLUS SP.","PROTONEMURA SP.","PSYCHODIDAE GEN. SP.","PSYCHOMYIA CTENOPHORA","PSYCHOMYIA PUSILLA","RADIX SP.","RHAGIONIDAE GEN. SP.","RHITHROGENA SP.","RHYACOPHILA SP.","RIOLUS SP.","SCARODYTES SP.","SCATOPHAGIDAE GEN. SP.","SCIRTES SP.","SCLEROPROCTA SP.","SERICOSTOMA SP.","SERRATELLA IGNITA","SILO NIGRICORNIS","SIMULIUM SP.","SIPHONOPERLA SP.","STRATIOMYIDAE GEN. SP.","SYNAGAPETUS SP.","TABANIDAE GEN. SP.","THAUMALEA SP.","THREMMA SP.","TINODES ASSIMILIS","TIPULIDAE GEN. SP.","VALVATA SP.","VELIA SP.","WORMALDIA LUSITANICA","XANTHOPERLA APICALIS"
103000711,"ESP_036_MZB_LO_1","103000711_13.08.2012",2012,"8",13,0,0,117,0,9,0,1,2,208,0,0,0,0,0,0,0,0,0,1803,0,1,0,0,0,0,0,0,0,29,1,0,1,2,0,63,0,10,0,0,0,0,0,53,56,0,0,0,4,0,0,0,12,11,0,0,192,9,0,0,0,0,0,0,0,0,0,0,754,0,29,17,0,0,0,0,0,0,0,0,0,0,0,0,0,0,0,5,273,0,0,5,0,0,0,0,0,0,0,0,0,0,0,0,0,0,0,0,1,10,0,0,0,0,0,20,0,0,0,0,0,9,401,0,93,0,0,0,0,7,0,0,1,0,0,0,0
103000711,"ESP_036_MZB_LO_1","103000711_23.09.2013",2013,"9",23,0,0,8,1,0,0,11,0,108,0,0,0,0,0,4,0,0,0,2872,0,0,0,0,0,0,0,0,0,12,3,0,0,1,1,27,0,14,0,26,0,0,0,37,0,0,1,0,9,0,0,0,6,6,0,0,190,2,0,0,0,6,0,0,0,0,0,0,667,0,89,12,0,0,0,0,0,3,0,0,0,0,0,1,24,0,0,279,3519,0,0,0,3,0,0,0,0,0,0,0,0,0,0,0,0,0,0,0,7,9,0,0,0,0,10,9,0,0,0,0,0,12,8,0,6,0,0,0,1,0,0,0,3,0,0,0,0
103000711,"ESP_036_MZB_LO_1","103000711_25.09.2014",2014,"9",25,0,0,6,0,0,0,3,0,253,1,0,0,0,0,0,0,9,0,936,0,0,0,0,0,0,1,0,0,8,1,0,0,4,0,22,0,35,0,83,0,0,0,23,0,0,4,0,3,0,0,0,0,10,0,0,92,3,0,0,0,5,0,0,0,0,0,0,478,0,13,7,0,0,3,0,0,8,0,0,0,0,0,1,35,0,0,29,102,0,0,0,8,0,0,0,0,0,0,4,0,0,0,0,0,0,0,0,0,0,0,0,0,0,50,6,0,0,0,0,0,9,2,0,1,5,0,0,0,4,0,0,0,0,0,0,0
103000711,"ESP_036_MZB_LO_1","103000711_11.08.2015",2015,"8",11,0,0,5,0,1,0,5,0,69,0,0,0,0,0,0,0,0,0,337,0,2,0,0,0,0,0,0,0,1,2,0,2,2,0,14,0,10,0,26,0,0,0,52,4,0,2,0,1,0,0,0,6,8,0,0,170,1,0,0,0,0,0,0,1,0,0,0,124,0,10,1,0,0,0,0,0,0,0,0,0,0,0,0,5,0,0,7,75,30,0,0,9,0,0,0,0,0,0,0,0,0,0,0,0,0,0,0,6,1,0,0,0,0,12,0,0,0,0,0,0,1,42,0,16,3,0,0,0,0,0,0,0,0,0,0,0
103000711,"ESP_036_MZB_LO_1","103000711_04.08.2016",2016,"8",4,0,0,21,0,0,0,4,0,234,0,0,0,0,0,1,0,0,0,390,0,0,0,0,0,0,0,0,0,16,2,0,10,0,0,23,0,16,0,25,0,0,0,52,0,1,4,0,18,0,0,0,3,4,0,0,56,12,0,0,0,11,0,0,0,0,0,0,290,0,18,7,0,0,3,0,2,3,0,0,0,0,0,0,0,0,0,10,31,0,0,0,6,0,1,0,0,0,0,0,0,0,0,0,0,0,0,0,23,4,0,0,0,0,2,13,0,0,0,0,0,19,206,2,13,10,0,0,0,5,0,0,3,0,0,0,0
103000711,"ESP_036_MZB_LO_1","103000711_18.08.2017",2017,"8",18,0,0,2,0,0,0,25,0,90,2,0,0,0,0,0,0,0,0,61,0,0,0,0,0,0,0,0,0,0,0,0,1,3,1,11,0,1,0,0,0,0,1,23,0,0,1,0,5,5,0,0,0,1,0,0,119,10,0,0,0,3,0,0,0,0,0,0,187,0,7,2,0,0,1,0,0,9,0,0,0,0,0,0,0,0,0,1,18,0,0,0,0,0,0,0,0,0,0,0,0,1,0,0,0,0,0,0,0,0,0,0,0,0,7,6,0,0,0,0,0,4,37,0,0,0,0,0,0,0,0,0,0,0,0,0,0
103000711,"ESP_036_MZB_LO_1","103000711_28.08.2018",2018,"8",28,0,0,1,0,0,0,4,0,142,0,0,0,2,0,16,0,0,0,2129,0,0,0,0,0,0,0,0,0,26,4,2,0,0,2,11,0,8,0,8,0,0,0,107,2,0,1,0,0,0,0,0,4,2,0,0,64,11,0,0,0,3,0,0,0,0,0,16,472,0,9,13,0,0,0,0,5,0,0,0,0,0,0,0,20,0,0,0,123,0,0,3,0,0,0,0,0,0,0,0,0,0,0,0,0,0,0,0,4,0,0,0,0,2,0,14,0,0,0,0,0,18,98,2,36,0,0,0,0,0,0,0,0,0,0,0,0
103000711,"ESP_036_MZB_LO_1","103000711_20.08.2019",2019,"8",20,0,0,0,0,1,0,2,0,116,1,0,0,0,0,0,0,0,0,265,0,0,0,0,0,0,0,0,0,3,0,0,1,1,0,5,0,11,2,12,0,0,0,30,2,0,0,0,2,0,0,0,4,3,0,0,51,3,0,0,0,3,0,0,2,0,0,0,358,0,12,4,0,0,0,0,2,0,0,0,0,0,0,0,7,0,0,2,82,0,0,0,9,0,0,0,0,0,0,0,0,0,0,0,0,0,0,0,0,2,0,2,0,0,45,5,0,0,0,0,0,5,35,2,4,0,0,0,0,0,0,0,0,0,0,0,0
103000712,"ESP_036_MZB_LO_2","103000712_13.08.2012",2012,"8",13,0,0,85,0,1,0,3,0,425,0,0,0,0,0,7,0,0,0,1145,0,0,0,0,0,0,1,0,0,7,5,2,40,1,0,226,0,49,0,0,0,0,4,75,3,0,24,0,2,0,0,0,37,20,0,0,116,40,0,0,0,36,0,0,0,0,0,0,321,0,87,12,0,0,0,0,0,0,0,0,0,0,0,2,0,0,0,36,10,0,0,1,66,0,0,1,0,0,0,0,0,0,0,34,0,1,0,0,162,17,0,0,0,0,0,27,0,0,0,0,0,60,137,0,34,18,0,0,0,9,0,0,3,0,0,0,0
103000712,"ESP_036_MZB_LO_2","103000712_25.09.2013",2013,"9",25,0,20,25,0,0,0,5,0,215,0,0,0,2,0,0,0,0,0,567,2,11,0,0,0,0,0,0,0,3,11,0,36,0,0,58,0,28,2,96,0,0,1,11,0,0,5,0,11,0,0,0,12,17,0,0,75,48,0,0,0,89,0,0,15,2,0,0,222,0,68,14,0,0,3,0,4,40,0,0,0,0,0,9,136,0,0,11,29,0,0,0,30,0,1,0,0,0,0,0,0,0,0,13,0,1,0,0,63,23,0,0,0,0,41,25,0,0,0,0,0,32,23,0,13,25,0,0,0,17,0,0,1,0,0,0,0
103000712,"ESP_036_MZB_LO_2","103000712_24.09.2014",2014,"9",24,0,0,1,0,0,0,4,0,49,0,0,0,0,0,0,0,0,0,258,7,0,0,0,0,0,0,0,0,1,1,4,0,1,0,30,0,19,0,18,0,0,0,21,0,0,0,0,3,0,0,0,8,10,0,0,22,21,0,0,0,37,0,0,0,0,0,0,368,0,33,7,0,0,0,0,0,0,0,0,0,0,0,8,123,0,0,72,4,0,0,0,36,0,0,0,0,0,0,0,0,0,0,3,0,2,0,0,55,20,0,0,0,0,79,11,0,0,0,0,0,35,3,0,4,0,0,0,0,0,0,0,1,0,0,0,0
103000712,"ESP_036_MZB_LO_2","103000712_11.08.2015",2015,"8",11,0,0,1,0,0,0,0,0,131,0,0,0,8,0,0,0,0,0,764,0,44,0,0,0,0,0,0,0,1,0,0,11,0,0,34,0,24,0,80,0,0,0,60,0,0,1,0,0,0,0,0,0,2,0,0,69,16,0,0,0,225,0,0,6,0,0,0,163,0,41,0,0,0,0,0,0,44,0,0,0,0,0,0,201,0,0,5,41,0,0,0,1,0,0,0,0,0,0,0,0,0,0,8,0,1,0,0,48,5,0,0,0,0,32,16,0,0,0,0,0,0,5,0,9,0,0,0,0,12,0,0,0,0,0,0,0
103000712,"ESP_036_MZB_LO_2","103000712_04.08.2016",2016,"8",4,0,0,0,0,0,0,2,0,305,0,0,0,0,0,0,0,0,0,362,0,1,0,0,0,0,0,0,0,4,0,0,0,0,0,52,0,29,0,0,0,0,1,27,0,0,47,0,8,0,0,0,3,6,0,0,21,18,0,0,0,0,0,0,0,0,0,0,227,0,56,8,0,0,0,1,0,16,0,0,0,0,0,0,0,0,0,2,4,0,0,0,15,0,0,0,0,0,0,0,0,0,0,8,0,2,0,0,89,0,0,0,0,0,17,2,0,0,0,0,0,10,85,0,4,5,0,0,0,0,0,0,1,0,0,0,0
103000712,"ESP_036_MZB_LO_2","103000712_18.08.2017",2017,"8",18,0,0,6,0,0,0,3,0,51,0,0,0,0,0,0,0,0,0,144,0,1,0,0,0,0,0,0,0,1,2,0,2,0,0,24,0,7,1,17,0,0,0,32,1,0,8,0,13,0,0,0,2,2,0,0,27,23,0,0,0,12,0,0,0,0,0,0,94,0,13,10,0,0,0,0,1,1,3,1,0,0,0,0,0,0,0,0,20,0,0,0,18,0,1,0,0,0,0,0,0,0,0,4,0,0,0,0,39,3,0,0,0,0,16,4,0,0,0,0,0,12,19,0,6,0,0,0,0,0,0,0,0,0,0,0,0
103000712,"ESP_036_MZB_LO_2","103000712_29.08.2018",2018,"8",29,0,0,3,0,4,0,5,0,652,0,0,0,0,0,0,0,0,0,191,0,10,0,0,0,0,0,0,0,1,0,0,5,0,0,37,0,34,1,24,0,0,0,32,0,0,6,0,9,0,0,0,2,6,0,0,56,48,0,0,0,24,0,0,0,0,0,0,112,0,213,6,0,0,10,0,0,66,0,0,0,0,0,1,16,0,0,2,12,0,0,0,0,6,0,0,0,0,0,0,0,0,0,18,0,0,0,0,127,11,0,0,0,0,1,11,0,0,0,0,0,9,51,0,147,0,0,0,0,10,0,0,0,0,0,0,0
103000712,"ESP_036_MZB_LO_2","103000712_16.08.2019",2019,"8",16,0,0,4,0,0,0,0,0,162,0,0,0,0,0,0,0,0,0,92,7,4,0,0,0,0,0,0,0,0,4,0,9,0,0,12,0,7,0,56,0,0,0,29,1,0,40,0,8,0,0,0,0,2,0,0,47,40,0,0,0,17,0,0,0,0,0,0,65,0,92,17,0,0,0,0,0,0,0,0,0,0,0,1,1,0,0,7,0,0,0,0,14,0,0,0,0,0,0,0,0,0,0,6,0,0,0,0,25,0,0,0,0,0,8,2,0,0,0,0,0,15,53,0,8,8,0,0,0,0,0,0,6,0,0,0,0
103000713,"ESP_036_MZB_LO_3","103000713_14.08.2012",2012,"8",14,0,0,6,0,4,0,1,0,983,0,0,0,8,0,0,0,0,1,1387,0,0,0,0,0,0,0,0,0,90,0,4,0,12,0,145,0,61,0,0,0,0,0,120,1,0,1,0,3,3,0,0,24,1,0,0,174,19,0,0,0,7,0,0,0,0,0,0,676,0,0,18,1,0,0,0,0,0,0,0,0,0,0,0,0,0,0,0,88,0,7,0,7,0,0,0,0,0,0,0,0,0,0,1,0,11,0,0,8,5,0,0,0,0,0,3,0,0,0,0,0,5,54,1,5,0,0,0,0,2,1,0,1,0,0,0,0
103000713,"ESP_036_MZB_LO_3","103000713_20.09.2013",2013,"9",20,0,9,170,0,4,0,4,0,1062,0,0,0,8,0,4,0,0,0,670,0,15,0,0,0,0,0,0,0,46,4,11,0,9,0,82,0,145,0,125,0,0,0,117,0,0,0,0,6,0,0,0,0,0,0,0,122,30,0,0,0,43,0,0,0,0,0,0,1034,0,0,10,0,0,3,0,21,13,0,0,2,0,0,0,0,0,0,0,104,0,0,0,0,0,4,0,0,0,0,0,0,0,0,1,0,28,0,0,189,0,0,0,0,0,242,11,0,0,0,0,0,14,24,5,7,0,4,0,0,0,15,0,5,0,0,0,0
103000713,"ESP_036_MZB_LO_3","103000713_29.09.2014",2014,"9",29,0,57,201,0,1,0,7,0,941,0,0,0,5,0,0,0,0,0,82,0,0,0,0,0,0,0,0,0,6,0,5,0,10,0,30,0,76,0,210,0,0,0,40,0,0,0,4,21,0,0,0,0,0,0,0,45,25,0,0,0,78,0,0,0,0,0,0,228,0,0,2,0,0,0,0,1,6,0,0,2,0,0,0,0,0,0,0,10,0,0,0,0,0,1,0,0,0,0,0,0,0,0,1,0,30,0,0,93,0,40,17,0,0,214,17,0,0,0,0,0,22,6,1,4,0,0,0,0,0,9,0,0,0,0,0,0
103000713,"ESP_036_MZB_LO_3","103000713_05.08.2015",2015,"8",5,0,0,5,0,0,0,2,0,776,0,0,0,4,0,0,0,0,0,238,0,0,0,0,0,0,0,0,0,1,0,0,0,9,0,5,0,31,0,16,0,0,0,120,0,0,8,0,1,0,0,0,0,0,0,0,121,5,0,0,0,9,0,0,0,0,0,0,383,0,0,11,0,0,0,0,0,0,0,0,0,0,0,0,0,0,0,0,15,5,0,0,0,0,0,0,0,0,0,0,0,0,0,0,0,4,0,0,10,0,0,0,0,0,27,2,0,0,0,0,0,1,8,0,1,0,0,0,0,0,0,0,0,0,0,0,0
103000713,"ESP_036_MZB_LO_3","103000713_01.08.2016",2016,"8",1,0,0,114,0,9,0,0,0,524,0,0,0,12,0,2,0,0,0,1154,0,6,0,0,0,0,0,0,0,38,0,0,2,14,0,34,0,120,0,0,0,0,0,264,0,0,8,0,20,0,0,0,0,0,0,0,242,8,0,0,0,0,0,0,0,0,0,0,314,0,8,0,0,0,0,0,0,0,0,0,0,0,0,0,0,0,0,0,60,0,0,0,4,0,0,0,0,0,0,0,0,0,0,0,0,36,0,0,0,0,0,0,0,0,10,2,0,0,0,0,0,8,58,20,0,0,0,0,0,0,0,0,2,0,0,0,0
103000713,"ESP_036_MZB_LO_3","103000713_15.08.2017",2017,"8",15,0,0,88,0,47,0,2,0,789,0,0,0,6,1,0,0,0,0,188,0,0,0,0,0,0,0,0,0,8,1,2,0,4,0,23,0,177,0,11,0,0,0,150,0,0,0,0,7,0,0,0,1,0,0,0,67,33,0,0,0,0,0,0,0,0,0,0,272,0,0,18,0,0,0,0,10,0,0,0,10,0,0,0,0,0,0,0,46,0,0,0,1,0,0,0,0,0,0,0,0,0,0,1,0,21,0,0,3,0,0,0,0,0,28,8,0,0,0,0,0,7,78,1,3,0,0,0,0,0,1,0,0,0,0,0,0
103000713,"ESP_036_MZB_LO_3","103000713_22.08.2018",2018,"8",22,1,0,7,0,32,0,2,0,1064,0,0,0,26,0,0,0,0,0,869,0,9,0,0,0,0,0,0,0,19,0,0,0,0,0,32,0,257,0,73,0,0,0,453,0,0,0,0,18,0,0,0,0,0,0,0,332,29,0,0,0,0,0,0,0,0,0,2,650,0,0,8,0,0,0,0,0,32,0,0,12,0,0,0,1,0,0,0,163,0,0,0,0,0,0,0,0,0,0,0,0,0,0,4,0,7,0,0,243,0,0,0,0,1,1,30,11,0,0,0,0,1,71,21,5,0,0,0,0,0,0,0,0,0,0,0,0
103000713,"ESP_036_MZB_LO_3","103000713_14.08.2019",2019,"8",14,0,0,39,0,10,0,7,0,661,0,0,0,8,0,0,0,0,0,70,0,1,0,0,0,0,0,0,0,9,4,0,0,0,0,53,0,76,0,0,0,0,0,134,0,0,0,0,0,0,0,0,0,0,0,0,208,22,0,0,0,0,0,0,0,0,0,0,258,0,0,58,0,0,0,0,0,0,0,0,0,0,0,0,0,0,0,0,4,0,0,0,0,0,0,0,0,0,0,0,0,0,0,0,0,3,0,0,2,0,0,0,0,5,0,14,0,0,0,0,0,1,24,19,8,0,0,0,0,0,0,0,0,0,0,0,0
103000714,"ESP_036_MZB_LO_4","103000714_07.08.2012",2012,"8",7,0,0,0,0,0,0,10,0,57,3,0,0,6,0,4,0,0,0,129,0,0,0,0,0,0,0,0,0,1,7,0,2,2,0,48,0,5,0,5,1,0,2,0,1,0,16,2,47,20,0,0,5,1,0,0,15,18,0,0,0,29,0,0,0,0,0,0,209,0,0,9,0,0,0,0,0,0,0,0,0,0,0,0,0,2,0,2,13,0,0,0,18,0,3,0,0,1,0,0,0,0,0,1,0,3,0,2,6,1,0,0,0,0,71,1,0,0,0,0,38,3,1,2,5,0,0,0,0,1,0,0,2,0,0,0,0
103000714,"ESP_036_MZB_LO_4","103000714_26.09.2013",2013,"9",26,0,5,2,0,0,0,18,0,54,3,0,0,15,0,0,0,0,0,270,0,21,0,0,0,0,0,0,1,0,5,1,2,1,1,8,0,5,0,18,1,0,0,4,0,0,12,1,133,5,0,0,0,9,0,0,26,14,0,1,0,16,0,0,1,0,0,0,547,0,3,12,0,0,0,0,0,1,0,0,1,0,0,1,28,0,0,87,30,0,0,0,17,0,3,0,0,0,0,0,0,0,0,5,0,4,0,4,11,4,0,0,0,0,113,0,1,0,0,0,70,27,0,1,6,3,1,0,0,1,0,0,2,0,0,0,0
103000714,"ESP_036_MZB_LO_4","103000714_25.08.2014",2014,"8",25,0,0,1,0,0,0,5,0,55,0,0,0,4,0,0,0,0,0,900,0,2,3,0,0,0,0,0,0,0,0,0,17,0,0,2,0,2,0,10,0,0,0,1,1,0,3,0,36,28,0,0,0,1,0,0,1,6,0,0,0,10,0,0,0,0,0,0,473,0,3,7,0,0,0,0,0,0,0,0,0,0,0,1,2,2,0,6,15,0,0,0,9,0,1,9,0,1,0,0,0,0,0,0,0,0,0,0,22,0,0,0,0,0,63,2,0,0,0,0,7,9,0,8,14,0,1,0,0,0,0,0,2,0,0,0,0
103000714,"ESP_036_MZB_LO_4","103000714_27.08.2015",2015,"8",27,0,0,1,0,0,0,14,0,147,8,0,0,18,0,0,0,0,0,473,0,25,0,1,0,0,0,0,0,4,2,3,8,0,3,4,1,6,0,79,1,0,0,20,0,0,3,0,48,0,0,0,0,0,0,0,80,15,0,0,0,28,0,0,0,0,0,0,107,0,0,1,0,0,0,0,0,0,0,0,0,0,0,0,24,0,0,13,46,0,0,0,4,0,2,0,0,0,0,0,0,0,0,0,0,0,0,0,30,0,0,0,0,0,153,13,0,0,0,0,37,0,0,0,79,0,0,0,0,0,0,0,1,0,0,0,0
103000714,"ESP_036_MZB_LO_4","103000714_29.07.2016",2016,"7",29,0,0,3,0,0,0,5,0,54,0,0,0,6,0,2,0,0,0,75,0,3,0,0,0,0,0,0,0,1,0,0,10,0,0,9,0,2,0,0,0,0,0,0,0,0,7,0,22,0,0,0,2,4,0,0,13,5,0,0,0,28,0,0,0,0,0,0,88,0,1,4,0,0,0,0,0,0,0,0,0,0,0,0,0,0,0,5,7,0,0,0,8,0,1,0,0,0,0,0,0,0,0,2,0,6,0,0,17,0,0,0,0,0,13,3,0,0,0,1,27,4,4,2,10,0,0,0,0,0,0,0,0,0,0,0,0
103000714,"ESP_036_MZB_LO_4","103000714_14.08.2017",2017,"8",14,0,0,5,0,0,0,7,0,64,10,0,0,37,0,0,0,0,0,277,0,4,2,0,0,0,0,0,0,0,0,0,0,0,7,0,0,11,0,6,8,0,0,7,0,0,1,0,0,0,0,0,0,15,0,0,4,16,0,0,0,12,0,0,0,0,0,2,258,0,10,14,0,0,7,0,0,0,0,0,0,0,0,0,0,0,0,0,75,0,0,23,0,0,2,24,0,0,0,0,0,0,0,0,0,0,0,4,21,2,0,0,0,0,45,2,0,0,0,0,0,25,0,12,4,0,0,0,0,0,0,0,1,22,0,0,0
103000714,"ESP_036_MZB_LO_4","103000714_30.08.2018",2018,"8",30,0,0,0,0,0,0,2,0,35,0,0,0,1,0,0,0,0,0,40,0,0,0,0,0,0,0,0,0,0,1,0,1,0,2,3,0,1,0,0,0,0,0,7,0,0,1,0,14,0,0,0,0,6,0,0,1,6,0,0,1,5,0,0,0,0,0,3,70,0,0,5,0,0,0,0,0,0,0,0,0,0,0,0,0,0,0,0,4,0,0,0,32,0,0,0,0,0,0,0,0,0,1,3,0,0,0,0,7,0,0,0,0,0,26,1,0,0,0,0,0,2,1,1,4,0,0,0,0,0,0,0,1,0,0,0,0
103000714,"ESP_036_MZB_LO_4","103000714_13.08.2019",2019,"8",13,0,0,0,0,0,0,1,0,124,4,0,0,40,0,0,0,0,0,150,0,4,0,0,0,0,0,0,0,0,5,0,4,0,0,0,4,6,0,12,1,2,0,4,4,0,5,0,8,0,0,0,0,0,0,0,8,9,0,0,0,9,0,0,0,0,0,0,191,0,0,9,0,0,0,0,0,4,0,0,0,0,0,0,0,0,0,6,2,0,0,0,10,0,0,6,0,0,0,0,0,0,0,1,0,5,0,0,6,0,0,0,0,0,90,0,0,0,0,0,5,7,0,16,12,1,0,0,0,0,0,0,1,0,0,0,0
103000715,"ESP_036_MZB_LO_5","103000715_09.08.2012",2012,"8",9,0,0,12,1,0,0,7,0,105,0,0,0,1,0,0,0,0,0,1418,0,0,0,0,0,0,0,0,0,8,1,0,3,1,0,107,0,17,0,0,1,0,0,14,2,0,2,0,51,21,0,0,18,5,0,0,81,5,0,0,2,6,0,0,0,0,0,0,431,0,0,21,0,0,0,0,0,0,0,0,0,0,0,2,0,0,0,26,62,0,0,0,4,0,4,0,0,1,0,0,0,0,0,2,0,4,0,0,17,5,0,0,0,0,34,1,0,0,0,0,0,33,35,3,3,0,0,0,0,0,0,0,1,0,0,0,0
103000715,"ESP_036_MZB_LO_5","103000715_23.09.2013",2013,"9",23,0,45,46,0,0,0,24,0,48,3,0,0,0,0,0,0,0,0,1063,0,3,0,0,0,0,0,0,0,1,6,0,2,1,0,40,0,26,0,26,0,0,1,18,0,0,37,0,207,0,0,0,1,15,0,0,93,35,0,0,0,49,0,0,0,0,0,0,630,0,0,6,0,0,0,0,0,4,4,5,0,0,0,2,7,0,0,93,49,0,0,0,17,0,0,0,0,0,0,0,0,0,0,0,1,6,0,0,3,0,0,0,0,0,264,3,0,0,0,0,1,1176,0,4,4,1,0,0,0,0,0,0,2,0,0,0,0
103000715,"ESP_036_MZB_LO_5","103000715_23.09.2014",2014,"9",23,0,10,12,0,0,0,9,0,16,4,0,0,4,0,0,0,21,0,331,0,2,0,0,0,0,0,0,0,1,0,0,4,0,0,30,0,26,0,21,4,0,0,33,0,0,13,0,30,3,0,0,0,5,0,0,28,11,0,0,1,62,0,0,0,1,0,0,609,0,1,9,0,0,0,0,0,1,4,0,0,0,0,5,4,0,0,174,31,0,0,0,11,0,0,0,0,0,0,0,0,0,0,2,0,0,0,0,7,0,0,0,0,0,135,6,0,0,0,0,0,249,0,3,2,0,0,0,0,0,0,0,1,0,0,0,0
103000715,"ESP_036_MZB_LO_5","103000715_10.08.2015",2015,"8",10,0,0,3,0,6,0,4,0,35,2,0,0,0,0,0,0,0,0,518,0,2,0,0,0,0,0,0,0,1,0,0,0,1,0,4,4,11,0,6,0,0,0,11,2,0,10,0,88,65,0,0,6,3,0,0,66,6,0,0,0,4,0,0,0,0,0,0,99,0,0,12,0,0,0,0,0,2,0,0,0,0,0,0,0,0,0,8,4,0,0,0,16,0,0,0,0,1,0,0,0,0,0,0,0,0,0,0,5,2,0,0,0,0,95,4,0,0,0,0,0,14,6,19,2,0,0,0,0,4,0,0,0,0,0,0,0
103000715,"ESP_036_MZB_LO_5","103000715_03.08.2016",2016,"8",3,0,0,96,0,0,0,7,0,156,0,1,0,0,0,1,0,0,0,93,0,4,0,0,0,0,0,0,0,8,0,0,4,0,0,45,0,1,0,0,0,0,1,40,0,0,50,0,50,14,0,0,0,7,0,0,53,19,0,0,0,4,0,0,0,0,0,0,157,0,0,0,0,0,0,0,0,0,0,0,0,0,0,0,6,0,0,6,2,0,0,0,4,0,0,0,0,0,0,0,0,0,0,2,0,3,0,0,15,0,0,0,0,0,8,1,0,0,0,0,1,84,9,12,3,0,0,0,0,4,0,0,0,0,0,0,0
103000715,"ESP_036_MZB_LO_5","103000715_17.08.2017",2017,"8",17,0,0,34,0,2,0,3,0,63,2,0,0,3,0,0,0,0,0,154,0,0,0,0,0,0,0,0,0,1,0,0,0,1,0,16,0,24,1,5,0,0,0,43,2,0,9,0,44,34,0,0,6,1,0,0,22,49,0,1,0,13,0,0,0,0,0,0,177,0,2,3,0,0,0,0,1,0,0,0,0,0,0,0,0,0,0,17,8,1,0,0,25,0,0,0,0,0,0,0,0,0,0,0,0,1,0,0,7,0,0,0,0,0,87,5,0,0,0,0,1,25,2,10,0,0,0,0,0,0,0,0,0,0,0,0,0
103000715,"ESP_036_MZB_LO_5","103000715_28.08.2018",2018,"8",28,0,0,4,0,1,0,18,0,60,0,1,0,1,0,0,0,0,0,150,0,0,0,0,0,0,0,0,0,0,0,0,6,0,0,17,0,26,2,66,0,0,0,27,0,0,6,0,58,0,0,0,4,1,0,0,20,44,0,0,0,169,0,0,0,0,140,4,106,0,0,6,0,0,0,0,9,0,0,0,0,0,0,0,11,0,0,0,31,0,0,0,23,0,0,0,0,0,0,0,0,0,0,8,0,0,0,0,7,0,0,0,0,1,14,2,0,0,0,0,0,3,0,6,17,0,0,0,0,6,0,0,2,0,0,0,0
103000715,"ESP_036_MZB_LO_5","103000715_16.08.2019",2019,"8",16,0,0,0,0,0,0,5,0,37,0,0,0,0,0,0,0,0,0,101,0,8,0,0,0,0,0,0,0,0,0,1,1,0,0,9,4,13,0,17,0,0,0,10,0,0,8,0,9,0,0,0,4,1,0,0,32,13,0,0,0,129,0,0,0,0,0,0,116,0,0,0,1,0,0,0,0,0,0,0,0,0,0,0,0,0,0,3,25,0,0,0,11,0,1,0,0,0,0,0,0,0,0,1,0,0,0,0,4,0,0,0,0,0,132,1,0,0,0,0,1,8,2,0,4,0,0,0,0,20,0,0,0,0,0,0,0
103000716,"ESP_036_MZB_LO_6","103000716_10.08.2012",2012,"8",10,0,0,24,20,0,0,0,0,7932,2,0,0,0,0,0,0,0,0,12709,0,0,0,0,0,0,0,0,0,118,29,2,4,0,0,71,0,69,0,1,0,0,0,30,0,0,0,0,0,0,0,0,178,0,1,0,28,7,0,0,0,0,0,0,0,0,0,0,199,0,1,0,0,0,0,0,0,0,0,0,0,0,0,1,0,0,0,0,2489,1,0,0,0,0,0,0,0,0,0,0,0,0,0,0,0,0,0,0,112,333,0,0,1,0,1,236,0,0,0,0,0,0,98,0,472,0,0,0,0,10,0,0,0,0,0,0,0
103000716,"ESP_036_MZB_LO_6","103000716_18.09.2013",2013,"9",18,0,165,322,2,1,0,7,0,11600,1,0,0,0,0,2,0,0,0,22656,0,119,0,0,0,0,0,0,0,293,248,5,0,0,0,259,1,131,0,40,0,0,11,104,0,0,0,0,26,0,10,0,8,3,1,0,85,25,0,0,0,41,1,0,0,0,0,0,2231,0,0,0,0,8,0,0,0,5,0,0,0,0,0,0,0,0,0,0,1284,0,0,0,0,0,0,1,2,0,0,0,0,0,0,0,0,590,0,0,531,2,0,0,71,0,109,255,0,0,0,0,0,360,53,0,31,1,2,0,0,0,0,0,2,0,0,0,0
103000716,"ESP_036_MZB_LO_6","103000716_17.09.2014",2014,"9",17,0,97,121,0,0,0,1,0,1998,0,0,0,8,0,0,0,0,0,550,0,0,0,0,0,0,0,0,0,22,17,1,0,0,0,58,0,48,0,28,0,0,0,21,1,0,0,0,5,0,0,0,4,4,0,0,8,7,0,0,0,0,0,0,0,0,1,0,499,0,0,0,0,0,0,0,0,0,0,0,0,0,0,0,0,0,0,0,59,0,0,0,2,0,0,0,0,0,0,0,0,0,0,0,0,177,2,0,259,0,0,0,12,0,145,19,0,0,0,0,0,69,18,2,5,0,2,0,0,0,0,0,1,0,0,0,0
103000716,"ESP_036_MZB_LO_6","103000716_05.08.2015",2015,"8",5,0,0,2,0,2,0,0,0,1117,0,0,0,0,0,0,0,0,0,304,0,0,0,0,0,0,0,0,0,0,5,5,4,0,1,121,0,40,0,21,0,0,0,11,0,0,0,0,0,0,0,0,13,0,0,0,20,4,1,0,0,0,0,0,0,0,0,4,168,0,4,1,0,0,0,0,0,0,0,0,0,0,9,0,0,0,0,0,14,0,0,0,0,0,0,0,0,0,0,0,0,0,0,0,0,50,0,0,0,1,0,0,0,0,11,21,0,0,0,0,0,1,88,5,43,0,0,0,0,0,0,0,1,0,0,0,0
103000716,"ESP_036_MZB_LO_6","103000716_01.08.2016",2016,"8",1,0,0,12,0,0,0,0,0,900,12,0,0,0,0,0,0,0,0,302,0,4,0,0,0,0,0,0,0,14,8,4,4,8,0,278,0,34,0,20,0,0,0,68,0,0,0,0,0,0,0,0,8,2,0,0,12,5,0,0,0,0,0,0,0,0,0,0,502,0,6,0,0,0,0,0,4,0,0,0,0,0,0,0,0,0,0,0,13,0,0,0,0,0,0,0,0,0,0,0,0,0,16,0,0,152,0,0,54,0,0,0,0,0,20,16,0,0,0,0,0,0,46,0,0,0,0,0,0,0,0,0,0,0,0,0,0
103000716,"ESP_036_MZB_LO_6","103000716_15.08.2017",2017,"8",15,0,0,12,0,22,0,1,0,800,0,0,0,2,0,0,0,0,0,471,0,0,0,0,0,0,0,0,0,10,1,2,1,4,2,63,0,164,0,4,0,0,0,143,2,0,1,0,0,0,0,0,1,0,0,0,39,22,0,0,0,0,0,0,0,0,0,0,612,0,3,5,0,0,0,0,7,6,0,0,0,0,0,0,0,0,0,0,12,0,0,0,4,0,0,0,0,0,0,0,0,0,0,0,0,107,0,0,35,0,0,0,0,0,28,4,0,0,0,0,0,5,26,3,2,0,0,0,0,0,0,0,0,0,0,0,0
103000716,"ESP_036_MZB_LO_6","103000716_22.08.2018",2018,"8",22,0,0,1,0,6,0,0,0,1865,0,0,0,2,0,0,0,0,0,126,0,1,1,0,0,0,0,0,0,5,0,1,0,0,0,16,0,24,0,0,0,0,0,135,0,0,0,0,0,0,0,0,13,9,0,0,40,46,0,0,0,0,0,0,0,0,0,0,284,0,0,2,0,0,0,0,0,0,0,0,0,0,0,0,0,0,0,0,16,0,0,0,0,0,2,2,0,0,0,0,0,0,0,0,0,4,0,0,14,0,0,0,0,11,0,21,0,0,0,0,0,3,14,19,0,0,0,0,0,0,0,0,0,0,0,0,0
103000716,"ESP_036_MZB_LO_6","103000716_14.08.2019",2019,"8",14,0,0,8,0,0,0,0,0,1058,0,0,0,0,0,0,0,0,0,185,0,0,0,0,0,0,0,0,0,5,3,4,0,4,0,41,0,53,0,0,0,0,0,92,0,0,0,0,0,0,0,0,0,4,0,0,52,45,0,0,0,4,0,0,0,0,0,0,403,0,6,50,0,0,0,0,0,0,0,0,0,0,0,0,8,0,0,0,12,0,0,0,0,0,0,0,0,0,0,0,0,0,0,0,0,68,0,0,0,0,0,0,0,11,0,7,0,0,0,0,0,5,22,0,0,0,0,0,0,0,0,0,0,0,0,0,0
103000717,"ESP_036_MZB_LO_7","103000717_14.08.2012",2012,"8",14,0,0,1,0,0,0,0,0,16,0,0,0,5,0,0,0,0,0,422,0,0,0,0,0,2,0,0,0,41,4,0,2,0,0,31,0,20,0,0,0,0,0,26,3,0,0,0,0,0,0,1,21,3,0,0,45,3,0,0,0,0,0,0,0,0,0,0,166,0,0,0,0,0,0,0,0,40,0,0,0,1,0,0,0,0,0,0,0,0,0,0,3,0,0,0,0,0,0,0,0,0,0,0,0,0,0,0,24,0,0,0,0,0,0,0,0,0,0,0,0,1,0,0,1,0,0,0,0,1,0,0,7,0,0,0,0
103000717,"ESP_036_MZB_LO_7","103000717_20.09.2013",2013,"9",20,0,0,64,0,0,0,0,0,801,0,0,0,0,0,0,0,0,0,21074,1,264,0,0,0,0,0,0,0,94,15,10,14,1,0,113,0,534,0,43,0,0,0,21,0,0,0,0,0,0,0,0,43,4,0,0,134,44,0,0,0,37,0,0,1,0,0,0,609,0,6,0,0,0,14,0,610,23,0,0,183,0,0,32,2,0,0,0,400,0,0,0,3,12,0,0,0,0,0,0,0,0,0,6,0,6,1,0,951,0,16,0,0,0,9,25,13,0,0,0,0,168,4,64,22,9,0,0,0,0,0,0,4,0,0,0,0
103000717,"ESP_036_MZB_LO_7","103000717_17.09.2014",2014,"9",17,0,0,108,0,0,0,0,0,236,0,0,0,0,0,0,0,0,0,1645,5,8,0,0,0,0,0,0,0,57,13,0,0,0,0,100,0,81,0,20,0,0,0,24,0,0,0,0,0,0,0,0,11,14,0,0,65,29,0,0,0,3,0,0,0,0,0,0,974,0,5,0,0,0,0,0,641,13,0,0,127,0,0,0,0,0,0,0,8,0,0,0,2,2,0,0,0,0,0,0,0,0,0,12,0,9,0,0,133,0,0,0,0,0,76,1,0,0,0,0,0,50,3,1,0,0,0,0,0,0,0,0,6,0,0,0,0
103000717,"ESP_036_MZB_LO_7","103000717_05.08.2015",2015,"8",5,0,0,2,0,0,0,0,0,282,16,0,1,0,0,0,0,0,0,12341,0,178,0,0,0,0,0,0,0,65,8,0,33,0,0,7,0,78,0,16,0,0,0,18,0,0,0,0,0,0,0,0,25,9,0,0,162,34,0,0,0,1,0,0,4,0,0,0,175,0,0,2,0,0,0,0,144,0,0,0,19,0,0,0,0,0,0,0,17,0,0,0,0,0,0,0,0,0,0,0,0,0,0,15,0,0,0,0,621,1,0,0,0,0,1,23,0,0,0,0,0,0,4,0,52,0,0,0,0,0,0,0,1,0,0,0,0
103000717,"ESP_036_MZB_LO_7","103000717_01.08.2016",2016,"8",1,0,0,16,0,0,0,0,0,400,0,0,0,0,0,0,0,0,0,3227,0,107,0,0,0,0,0,0,0,16,41,0,0,0,0,24,0,40,0,0,0,0,0,19,0,0,0,0,0,0,0,0,9,2,0,0,63,26,0,0,0,0,0,0,0,0,0,0,111,0,0,1,0,0,0,0,0,0,0,0,61,1,0,0,0,0,0,0,32,0,0,0,2,13,0,0,0,0,0,0,0,0,0,0,0,1,0,0,164,3,0,0,0,0,0,8,0,0,0,0,0,20,11,0,0,0,0,0,0,0,0,0,0,0,0,0,0
103000717,"ESP_036_MZB_LO_7","103000717_15.08.2017",2017,"8",15,0,0,28,0,0,0,0,0,707,1,0,0,0,0,0,0,0,0,2686,0,4,0,0,0,0,0,0,0,43,27,0,0,0,0,85,0,56,0,0,0,0,0,18,0,0,0,0,0,0,0,0,2,2,0,0,43,38,0,0,0,0,0,0,0,0,0,0,453,0,16,6,0,0,0,0,5,160,0,0,2,1,0,0,0,0,0,0,0,0,0,0,0,5,0,0,0,0,0,0,0,0,0,45,0,2,0,0,529,2,0,0,0,0,8,15,0,0,0,0,0,13,10,4,15,2,0,0,0,0,0,0,1,0,1,0,0
103000717,"ESP_036_MZB_LO_7","103000717_22.08.2018",2018,"8",22,0,0,0,0,0,0,0,0,69,0,0,1,0,0,0,0,0,0,2543,0,147,0,0,0,0,0,0,0,2,0,4,1,0,0,2,0,84,0,0,0,0,0,44,0,0,0,1,0,0,0,0,0,12,0,0,128,22,0,0,0,4,0,0,0,0,0,0,176,0,0,1,0,0,0,0,238,0,0,0,26,0,0,0,0,0,0,0,16,0,0,0,0,0,0,0,0,0,0,0,0,0,0,1,0,0,0,0,434,0,0,0,0,0,0,9,0,0,0,0,0,0,0,0,7,0,0,0,0,0,0,0,0,0,0,0,0
103000717,"ESP_036_MZB_LO_7","103000717_14.08.2019",2019,"8",14,0,16,1,0,4,0,4,0,541,0,0,0,0,0,0,0,0,0,208,0,0,0,0,0,0,0,0,0,16,16,0,1,1,0,20,0,18,0,0,0,0,0,44,0,0,0,0,0,0,0,0,8,1,0,0,52,1,0,0,0,0,0,0,0,0,0,0,554,0,0,0,0,0,0,0,0,20,0,0,0,0,0,0,0,0,0,0,0,0,0,0,0,0,0,0,0,0,0,0,0,0,0,0,0,0,0,0,15,0,0,0,0,0,77,17,0,0,0,0,0,0,2,0,8,0,0,0,0,0,0,0,1,0,1,0,0
103000718,"ESP_036_MZB_LO_8","103000718_07.08.2012",2012,"8",7,0,0,6,0,100,0,13,0,1508,0,0,0,0,0,20,0,0,0,1997,0,0,0,0,0,0,0,2,0,61,2,44,0,1,0,354,25,425,0,0,0,0,0,651,3,0,1,0,137,60,0,0,19,0,0,0,560,41,1,0,0,62,0,0,0,0,0,300,1778,0,30,14,0,0,0,0,0,49,0,0,0,0,0,2,0,0,0,0,3,0,0,32,0,0,0,0,0,0,0,0,0,0,0,0,0,5,0,0,14,13,0,0,21,0,102,23,0,0,0,0,0,55,135,35,45,0,5,0,0,0,26,0,1,0,0,0,0
103000718,"ESP_036_MZB_LO_8","103000718_19.09.2013",2013,"9",19,0,0,23,0,32,0,0,0,446,0,0,0,0,0,5,0,0,0,455,0,11,0,0,0,0,0,3,0,13,1,1,0,0,0,46,25,127,1,18,0,0,0,155,1,0,0,0,57,0,6,0,0,0,0,0,133,39,0,0,0,36,1,0,0,0,147,348,400,0,0,2,0,0,5,0,7,24,7,0,0,0,0,2,0,0,0,0,82,0,0,1,0,0,1,0,0,0,0,0,0,0,0,1,1,17,0,0,9,1,14,0,21,0,458,19,0,1,0,0,0,38,12,20,14,0,3,0,0,0,7,0,1,0,0,0,0
103000718,"ESP_036_MZB_LO_8","103000718_19.09.2014",2014,"9",19,0,0,3,0,7,0,5,0,442,0,0,0,4,0,0,0,0,0,297,0,2,0,0,0,0,0,0,0,4,0,58,0,2,0,78,58,111,0,55,0,0,0,145,0,0,0,0,88,0,5,0,0,0,0,0,165,36,0,0,0,15,1,0,0,0,37,96,463,0,0,0,0,0,0,0,0,9,44,34,0,0,0,0,0,0,0,0,36,0,0,0,0,0,0,0,0,0,0,0,0,0,0,1,0,12,1,0,2,0,0,0,28,0,158,2,0,0,0,0,0,57,46,1,0,0,0,0,0,0,12,0,0,0,0,0,0
103000718,"ESP_036_MZB_LO_8","103000718_05.08.2015",2015,"8",5,0,0,18,0,6,0,20,0,518,0,0,0,0,0,0,0,0,0,508,0,8,0,0,0,0,0,0,0,8,2,13,0,0,2,56,10,72,0,26,0,0,0,207,0,0,0,0,47,24,0,0,0,0,0,0,64,7,0,0,0,11,0,0,0,0,6,77,102,0,5,1,0,0,0,0,0,17,0,28,0,0,0,0,0,0,0,0,4,0,0,0,0,0,0,0,0,0,0,0,0,0,0,1,0,2,0,0,2,17,0,0,4,0,146,4,0,0,0,0,0,10,20,0,0,0,0,0,0,9,0,0,0,0,0,0,0
103000718,"ESP_036_MZB_LO_8","103000718_01.08.2016",2016,"8",1,0,0,9,0,36,0,6,0,489,0,0,0,0,0,8,0,0,0,105,0,4,0,0,0,0,0,0,0,2,0,8,0,0,34,40,13,123,2,0,0,0,0,464,3,0,0,0,137,0,0,0,0,1,0,0,138,11,0,0,0,4,0,0,0,0,0,12,255,0,6,3,0,0,0,0,0,0,0,0,0,0,0,4,0,0,0,0,8,0,0,0,26,0,0,0,0,0,0,0,0,0,0,4,0,3,0,8,0,0,0,0,0,0,26,10,0,0,0,0,0,20,22,10,20,0,1,0,0,0,0,0,0,0,0,0,0
103000718,"ESP_036_MZB_LO_8","103000718_15.08.2017",2017,"8",15,0,0,8,0,8,0,2,0,254,0,0,0,0,0,5,0,0,0,79,0,1,0,0,0,0,0,3,0,0,0,7,0,3,2,39,32,112,0,0,0,0,0,195,0,0,0,0,46,0,0,0,2,0,0,0,44,13,0,0,0,4,2,0,0,0,0,1,299,0,0,7,0,2,0,0,0,0,0,17,0,0,0,0,0,0,0,0,2,0,0,0,10,0,0,0,0,0,2,0,0,0,0,0,0,2,0,0,3,0,0,1,0,0,9,5,0,0,0,0,0,4,13,8,8,0,1,0,0,0,2,0,0,0,0,0,0
103000718,"ESP_036_MZB_LO_8","103000718_27.08.2018",2018,"8",27,0,0,0,0,30,0,0,0,891,0,0,0,0,0,2,0,0,0,278,0,17,0,0,0,0,0,0,0,1,0,6,0,0,3,49,7,71,0,69,0,0,1,213,1,0,8,0,41,0,0,0,0,0,0,0,260,16,0,0,0,14,0,0,0,0,0,19,490,0,0,0,1,0,0,0,83,0,16,0,0,0,0,0,0,0,0,0,0,0,0,0,0,0,0,0,0,0,0,0,0,0,0,0,0,0,0,0,8,0,0,0,0,0,0,10,0,0,0,0,0,1,24,9,73,0,0,0,0,0,0,0,1,0,0,0,0
103000718,"ESP_036_MZB_LO_8","103000718_15.08.2019",2019,"8",15,0,0,0,0,4,0,3,0,294,0,0,0,0,0,2,0,0,0,69,0,2,0,0,0,0,0,4,0,0,0,3,0,2,0,48,6,54,0,16,0,0,0,148,2,0,0,0,40,0,0,0,4,2,0,0,130,6,0,0,0,4,0,0,0,0,0,20,358,0,0,2,0,0,0,0,2,6,0,2,0,0,0,0,0,0,0,0,1,0,0,0,18,0,0,1,0,0,0,0,0,0,0,0,0,0,0,0,0,0,0,0,0,0,28,5,0,0,0,0,0,17,30,4,6,0,0,0,0,2,6,0,0,0,0,0,0
103000719,"ESP_036_MZB_LO_9","103000719_06.08.2012",2012,"8",6,0,0,3,0,0,0,0,0,306,8,0,0,425,0,0,0,0,0,3427,0,0,0,0,1,0,0,0,0,0,9,0,4,0,0,202,0,5,61,0,0,0,28,4,0,0,4,0,0,0,0,0,33,0,0,0,57,4,0,0,0,0,0,0,85,0,0,0,399,0,9,29,0,2,0,0,0,1,0,0,0,0,0,48,0,0,0,0,282,0,0,0,0,0,0,11,0,0,0,0,0,14,0,0,0,0,0,0,858,4,0,0,0,0,98,9,0,0,0,0,12,13,2,0,39,360,0,5,0,0,0,0,0,0,0,0,0
103000719,"ESP_036_MZB_LO_9","103000719_22.09.2013",2013,"9",22,0,0,88,0,0,0,0,0,1172,4,0,1,425,0,0,0,0,0,3050,16,22,0,0,0,0,0,0,0,0,4,0,10,0,0,271,0,1,0,35,0,0,4,5,0,0,0,0,26,0,0,0,1,12,0,20,108,11,0,0,0,0,0,0,115,0,0,0,252,0,175,51,0,0,0,0,0,0,0,2,30,0,0,8,172,0,0,0,242,0,0,0,6,1,1,5,0,0,0,0,0,4,0,0,0,0,0,0,680,0,0,0,0,0,162,26,0,0,0,0,0,11,3,16,143,411,0,0,0,0,0,0,1,0,0,0,0
103000719,"ESP_036_MZB_LO_9","103000719_21.08.2014",2014,"8",21,0,0,0,0,0,0,0,0,274,10,0,0,205,0,0,0,0,0,469,0,27,0,0,1,0,0,0,0,0,3,0,0,0,0,171,0,8,0,1,0,0,1,1,0,0,0,0,1,0,0,0,1,4,0,0,56,20,0,1,0,0,0,0,11,0,0,0,311,1,42,20,0,0,0,0,0,0,0,0,78,0,0,8,20,0,0,0,3,0,0,0,3,0,8,2,0,0,0,0,0,2,3,2,0,0,0,0,306,9,0,0,0,0,197,12,0,0,0,0,0,23,0,16,16,401,0,0,0,0,0,0,0,0,0,0,0
103000719,"ESP_036_MZB_LO_9","103000719_06.08.2015",2015,"8",6,0,0,8,0,2,0,0,0,460,0,0,0,51,0,0,0,0,0,1146,0,16,0,0,0,0,0,0,0,0,12,0,0,0,0,65,0,1,0,9,0,0,1,2,0,0,0,0,0,0,0,0,0,4,0,0,58,1,0,0,0,0,0,1,13,0,0,0,373,0,17,3,0,0,0,2,0,0,0,0,8,0,0,8,64,0,0,0,9,0,0,0,1,0,0,0,0,0,0,0,0,3,0,25,0,0,0,0,245,1,0,0,0,0,58,8,0,0,0,0,1,0,15,0,132,59,0,0,0,0,0,0,1,0,0,0,0
103000719,"ESP_036_MZB_LO_9","103000719_29.07.2016",2016,"7",29,0,0,1,0,0,0,0,0,467,1,0,0,54,0,0,0,0,0,1045,0,0,0,0,0,0,0,0,0,0,28,0,1,0,0,66,0,4,0,0,0,0,1,2,0,0,0,8,0,0,0,0,17,2,0,0,34,0,0,0,0,0,0,0,16,0,0,0,248,0,43,105,0,0,0,0,0,0,0,0,0,0,0,0,0,0,0,0,12,0,0,0,0,0,0,0,0,0,0,0,0,0,0,74,0,0,0,0,141,0,0,0,0,0,64,11,0,0,1,0,0,0,82,0,25,176,0,0,0,0,0,0,3,32,0,0,0
103000719,"ESP_036_MZB_LO_9","103000719_14.08.2017",2017,"8",14,0,0,5,0,0,0,0,0,173,0,0,0,45,0,0,0,0,0,2122,0,5,0,0,0,0,0,0,0,0,0,0,1,0,0,86,0,8,0,5,0,0,0,4,0,0,0,0,0,0,0,0,0,0,0,0,36,9,0,0,0,0,0,0,33,4,0,0,472,0,54,32,0,0,0,0,0,0,0,0,10,0,0,4,0,0,0,0,1,0,0,0,4,0,0,4,0,0,0,0,0,0,1,67,0,0,0,0,138,1,0,0,0,0,101,7,0,0,0,0,0,1,48,0,9,97,0,0,0,0,0,0,0,0,0,0,0
103000719,"ESP_036_MZB_LO_9","103000719_30.08.2018",2018,"8",30,0,0,9,0,0,0,1,0,313,0,0,0,8,0,0,0,0,0,320,0,0,0,0,0,0,0,0,0,0,3,0,2,0,3,183,0,1,0,0,5,0,0,11,0,0,0,5,4,0,0,0,6,1,0,0,13,8,0,0,0,0,0,0,14,0,0,0,81,0,34,16,0,0,0,0,0,0,0,0,28,0,0,0,0,0,0,0,28,0,0,0,1,0,0,0,0,0,0,0,0,0,0,73,0,0,0,0,66,0,0,0,0,0,13,9,0,0,0,0,0,0,7,2,14,182,0,0,0,0,0,0,0,0,0,0,0
103000719,"ESP_036_MZB_LO_9","103000719_13.08.2019",2019,"8",13,0,0,16,0,0,0,0,0,368,0,0,0,34,144,0,0,0,0,2308,0,32,0,0,0,0,0,0,0,0,6,0,0,0,0,88,0,0,0,0,0,0,0,6,0,0,0,0,0,0,0,0,0,0,0,8,64,6,0,0,0,0,0,0,4,0,0,0,350,0,146,70,0,0,0,0,0,0,0,0,56,0,0,0,8,0,0,0,98,0,0,0,0,0,0,4,0,2,0,0,0,0,0,24,0,0,0,0,332,2,0,0,0,0,26,6,0,0,0,0,0,2,6,0,62,130,0,0,0,0,4,0,0,0,0,0,0
103000720,"ESP_036_MZB_LO_10","103000720_06.08.2012",2012,"8",6,0,0,0,0,1,0,2,0,89,0,0,1,2,0,1,0,0,0,862,0,2,0,0,0,0,0,0,0,5,0,2,5,1,0,13,0,4,0,0,0,0,0,28,0,0,25,0,13,0,0,0,18,4,0,0,19,15,0,0,0,4,0,0,1,0,0,0,79,0,48,7,0,0,0,0,0,0,0,0,0,0,0,1,0,0,0,52,15,0,0,0,9,0,13,0,0,0,0,0,0,0,0,0,0,0,0,0,85,29,0,0,0,0,5,6,0,0,0,0,0,17,7,0,4,6,0,0,0,0,0,0,1,0,0,0,0
103000720,"ESP_036_MZB_LO_10","103000720_22.09.2013",2013,"9",22,0,184,2,0,0,0,8,0,93,1,0,16,1,0,1,2,0,0,1662,0,1,0,0,0,0,0,0,0,3,3,0,9,0,0,23,0,1,2,59,0,0,2,17,0,0,6,0,28,0,0,0,13,8,0,0,52,10,0,0,0,3,0,0,1,0,0,0,448,0,335,10,0,0,0,0,0,9,0,0,0,0,0,5,314,0,0,31,52,0,0,0,25,4,1,0,0,0,0,0,0,0,0,4,0,1,0,0,111,147,0,0,0,0,91,5,0,0,0,0,0,75,4,0,3,19,0,0,0,0,2,1,7,0,0,0,0
103000720,"ESP_036_MZB_LO_10","103000720_21.08.2014",2014,"8",21,0,0,0,0,0,0,3,0,45,0,0,1,1,0,0,0,0,0,928,0,13,0,0,0,0,0,0,0,3,0,0,1,1,0,4,0,0,9,9,0,0,1,50,0,0,3,0,15,0,0,0,0,7,0,0,20,31,0,0,0,1,0,0,0,0,0,0,179,0,106,24,0,0,0,0,0,0,0,0,0,0,0,16,96,0,0,25,10,0,0,0,11,0,1,0,0,0,0,0,0,0,0,0,0,1,0,0,21,25,0,0,0,0,57,2,0,0,0,0,0,12,6,0,1,5,0,0,0,0,0,0,0,0,0,0,0
103000720,"ESP_036_MZB_LO_10","103000720_06.08.2015",2015,"8",6,0,0,0,0,0,0,7,0,328,2,0,41,0,0,0,0,0,0,2145,0,16,0,0,0,0,0,0,0,2,4,0,0,2,0,1,0,0,0,80,0,0,6,99,0,0,20,0,8,0,0,0,0,2,0,0,50,106,0,0,0,193,0,0,0,0,0,0,171,0,60,5,0,0,0,0,0,0,0,0,0,0,0,0,208,0,0,23,17,0,0,0,45,0,0,0,0,0,0,0,0,0,0,3,0,1,0,0,51,50,0,0,0,0,81,1,0,0,0,0,0,6,6,0,354,17,0,0,0,2,0,0,1,0,0,0,0
103000720,"ESP_036_MZB_LO_10","103000720_29.07.2016",2016,"7",29,0,0,1,0,0,0,2,0,85,0,0,13,4,0,0,0,0,0,551,0,5,0,0,0,0,0,0,0,4,2,0,13,0,0,3,0,0,0,22,0,0,5,16,5,0,14,0,4,0,0,0,4,5,0,0,61,43,0,0,0,9,0,0,0,1,0,0,109,0,56,8,1,0,0,0,0,0,0,0,0,0,0,0,0,0,0,16,20,0,0,0,14,0,0,0,0,0,0,0,0,0,0,0,0,0,0,0,151,4,0,0,0,0,27,6,0,0,0,0,0,70,12,0,13,5,0,0,0,4,0,0,6,0,0,0,0
103000720,"ESP_036_MZB_LO_10","103000720_14.08.2017",2017,"8",14,0,0,12,0,0,0,2,0,54,1,0,17,0,0,0,0,0,0,118,0,9,0,0,0,0,0,0,0,2,3,0,2,2,0,25,0,0,0,42,0,0,4,13,2,0,24,0,3,3,0,0,4,5,0,0,19,47,0,0,0,45,0,0,0,0,0,0,148,0,120,23,0,0,14,0,0,2,0,0,0,1,0,0,22,0,0,5,14,0,0,0,0,0,7,0,0,0,0,0,0,0,0,1,0,0,0,2,9,0,0,0,0,0,54,5,0,0,0,0,0,22,0,0,1,0,0,0,0,0,0,0,0,0,0,0,0
103000720,"ESP_036_MZB_LO_10","103000720_07.09.2018",2018,"9",7,0,0,0,0,0,0,3,0,29,0,0,3,0,0,0,0,0,0,74,0,0,0,0,0,0,0,0,0,0,6,0,2,0,0,7,0,0,0,3,0,0,1,15,0,0,1,0,5,0,0,0,0,4,0,0,7,22,0,0,0,9,0,0,0,0,0,0,17,0,83,1,0,0,0,0,0,0,0,0,0,0,0,4,11,0,0,0,26,0,0,0,3,0,0,0,0,0,0,0,0,0,0,0,0,0,0,0,5,1,0,0,0,0,0,6,0,0,0,0,0,13,0,0,1,12,0,0,0,1,0,0,1,0,0,0,0
103000720,"ESP_036_MZB_LO_10","103000720_12.08.2019",2019,"8",12,0,0,8,0,0,0,1,0,50,0,0,8,0,0,0,0,0,0,213,0,0,0,0,0,0,0,0,0,4,5,0,8,0,0,10,0,0,0,13,0,0,4,16,7,0,25,0,5,0,0,0,7,3,0,0,44,23,0,0,0,37,0,0,1,0,0,0,181,0,434,11,0,0,0,0,0,0,0,0,0,0,0,4,0,0,0,3,29,0,0,0,4,0,5,0,0,0,0,0,0,0,0,1,0,0,0,0,140,4,0,0,0,0,36,1,0,0,0,0,0,6,5,0,8,15,0,0,0,0,0,0,2,0,0,0,0
103000721,"ESP_036_MZB_LO_11","103000721_08.08.2012",2012,"8",8,0,0,0,0,0,0,7,0,448,0,0,0,0,0,0,0,0,0,1227,0,0,0,0,0,0,0,0,0,57,6,14,6,0,0,133,0,8,0,13,0,0,0,57,21,0,36,0,42,29,0,0,8,1,0,0,89,35,0,0,0,120,0,0,0,0,1,0,601,0,89,15,0,0,0,0,0,4,0,0,0,0,0,0,0,0,0,11,7,6,0,0,38,0,5,0,0,0,0,0,0,0,0,2,0,2,0,0,114,0,0,0,0,0,229,28,0,0,0,0,0,66,93,2,21,0,0,0,0,2,0,0,0,0,0,0,2
103000721,"ESP_036_MZB_LO_11","103000721_24.09.2013",2013,"9",24,0,19,5,0,0,0,28,0,22,0,0,0,1,0,0,0,0,0,412,0,4,0,0,0,0,0,0,0,5,6,2,6,0,0,166,0,2,1,155,0,0,2,19,0,0,2,0,32,0,0,0,4,6,0,3,36,27,0,0,0,11,0,0,0,0,0,3,312,0,167,9,0,0,0,0,1,7,0,0,0,0,0,0,47,0,0,6,24,0,0,0,49,2,0,0,0,0,0,0,0,0,0,8,0,10,0,0,60,0,0,0,0,0,294,18,0,0,0,0,0,102,4,0,1,46,0,0,0,5,1,0,4,0,0,0,0
103000721,"ESP_036_MZB_LO_11","103000721_22.09.2014",2014,"9",22,0,9,4,0,0,0,25,0,63,0,0,0,0,0,3,0,0,0,252,0,0,0,0,0,0,0,0,0,4,1,0,3,0,0,30,0,12,0,300,0,0,0,19,0,0,2,0,53,0,0,0,0,14,0,0,46,45,0,0,0,9,0,0,0,0,0,0,198,0,46,29,0,0,2,0,30,5,8,0,0,0,0,0,9,0,0,24,9,0,0,0,40,8,0,0,0,0,0,0,0,0,0,2,0,2,0,0,27,0,0,0,0,0,837,7,0,0,0,0,0,130,0,2,1,42,0,0,0,0,0,0,5,0,0,0,0
103000721,"ESP_036_MZB_LO_11","103000721_10.08.2015",2015,"8",10,0,0,7,0,0,0,2,0,210,0,0,0,0,0,0,0,0,0,300,0,11,0,0,0,0,1,0,0,38,0,0,3,0,0,46,0,6,0,25,0,0,0,53,7,0,1,0,12,0,0,0,0,0,0,0,76,12,0,0,0,12,0,0,3,0,0,0,124,0,28,1,0,0,0,0,6,0,0,0,0,0,0,0,18,0,0,37,4,0,0,0,10,0,1,0,0,0,0,0,0,0,0,0,0,1,0,0,12,0,0,0,0,0,55,13,0,0,0,0,0,7,14,0,17,9,0,0,0,5,0,0,0,0,0,0,0
103000721,"ESP_036_MZB_LO_11","103000721_03.08.2016",2016,"8",3,0,0,13,0,3,0,10,0,788,0,0,0,0,0,1,0,0,0,257,0,8,0,0,0,0,0,0,0,9,4,0,1,0,0,35,0,24,0,17,0,0,0,90,12,0,43,0,47,6,0,0,2,2,0,0,73,32,0,0,0,27,0,0,0,0,0,0,195,0,137,5,0,0,0,0,8,0,0,0,0,0,0,0,0,0,0,14,1,0,0,0,17,0,0,0,0,1,0,0,0,0,0,7,0,1,0,0,46,0,0,0,0,0,171,34,0,0,0,0,0,31,44,1,35,13,1,0,0,1,0,0,1,0,0,0,0
103000721,"ESP_036_MZB_LO_11","103000721_17.08.2017",2017,"8",17,0,0,10,0,2,0,4,0,32,0,0,0,0,1,2,0,0,0,239,0,5,0,0,0,0,1,0,0,7,1,4,7,0,0,40,0,11,0,72,0,0,0,14,0,0,5,0,39,0,0,0,15,12,0,0,33,24,0,0,0,8,0,0,1,0,0,0,203,0,6,7,0,0,0,0,7,0,0,0,0,0,0,2,0,0,0,16,10,0,0,0,17,0,6,0,0,0,0,0,0,0,0,8,0,0,0,0,13,0,0,0,0,0,51,6,0,0,0,0,0,60,13,0,3,10,0,0,0,0,0,0,1,0,0,0,0
103000721,"ESP_036_MZB_LO_11","103000721_27.08.2018",2018,"8",27,0,0,0,0,0,0,6,0,404,0,0,0,0,0,0,0,0,0,992,0,23,0,0,0,0,0,0,0,14,6,2,3,0,0,43,0,10,0,174,0,0,0,26,0,0,1,0,11,0,0,0,0,0,0,0,60,39,0,0,0,111,0,0,0,0,0,0,324,0,4,22,0,0,12,0,27,0,0,0,0,0,0,0,90,0,0,1,17,0,0,0,0,0,1,0,4,0,0,0,0,0,0,19,0,0,0,0,101,1,0,0,0,0,30,29,0,0,0,0,0,16,24,1,81,2,0,0,0,11,0,0,1,0,0,0,0
103000721,"ESP_036_MZB_LO_11","103000721_15.08.2019",2019,"8",15,0,0,2,0,0,0,6,0,303,0,0,0,0,0,0,0,0,0,167,0,0,0,0,0,0,0,0,0,8,2,0,0,0,0,39,0,10,0,164,0,0,2,60,0,0,8,0,30,0,0,0,6,8,0,4,92,8,0,0,0,17,0,0,9,0,0,0,206,0,29,7,0,0,0,0,18,0,0,0,0,0,0,0,12,0,0,16,2,0,0,0,14,0,10,0,0,0,0,0,0,0,0,2,0,0,0,0,16,0,0,0,0,0,315,40,0,0,0,0,0,32,25,0,13,22,0,0,0,0,0,0,0,0,0,0,0
103000722,"ESP_036_MZB_LO_12","103000722_09.08.2012",2012,"8",9,0,0,0,0,0,0,1,0,114,0,0,0,2,0,0,0,0,0,101,57,0,0,0,0,0,0,0,0,2,0,0,3,0,0,105,0,5,2,0,0,0,0,158,0,0,0,0,42,0,0,0,7,0,0,0,160,1,0,0,0,0,0,0,13,0,0,0,16,0,0,0,0,0,0,0,0,0,0,2,0,0,0,1,0,0,0,0,2,0,0,0,0,0,0,0,0,1,0,0,0,0,7,0,0,0,0,0,63,1,0,0,0,0,81,6,0,0,0,0,0,0,1,0,1,22,0,0,0,0,0,0,3,0,0,0,0
103000722,"ESP_036_MZB_LO_12","103000722_25.09.2013",2013,"9",25,0,0,5,0,0,0,0,0,788,0,0,0,8,0,0,0,0,0,3678,0,122,0,0,0,0,0,0,0,0,0,0,0,1,0,30,0,30,4,0,0,0,0,45,0,0,0,0,41,0,0,0,11,0,0,0,105,0,0,0,0,0,0,0,34,0,0,0,81,0,5,0,0,0,0,0,0,0,0,0,36,0,0,0,3,0,0,0,9,0,0,0,0,0,1,0,0,0,0,0,0,0,3,4,1,0,0,0,592,2,0,0,0,0,82,19,0,0,0,0,0,6,0,0,26,87,0,0,0,0,0,0,0,0,0,0,0
103000722,"ESP_036_MZB_LO_12","103000722_23.09.2014",2014,"9",23,0,0,10,0,0,0,19,0,376,0,0,0,0,0,0,0,0,0,161,0,16,0,0,0,0,0,0,0,1,19,0,0,0,0,68,0,40,0,1,0,0,0,77,0,0,0,0,50,0,0,0,0,0,0,0,169,1,0,0,0,9,0,0,21,1,0,0,83,0,13,1,0,0,0,0,0,0,0,0,18,0,0,0,12,0,0,0,0,0,0,0,3,0,0,0,0,0,0,0,0,0,2,2,0,0,0,0,75,0,0,0,0,0,142,1,0,0,0,0,6,0,0,0,13,118,0,0,0,0,4,0,0,0,0,0,0
103000722,"ESP_036_MZB_LO_12","103000722_11.08.2015",2015,"8",11,0,0,2,0,0,0,4,0,477,0,0,0,14,0,0,0,0,0,404,0,8,0,0,0,0,0,0,0,1,1,0,0,0,0,26,0,16,8,2,0,0,0,155,0,0,0,0,21,0,0,0,0,0,0,0,198,0,0,0,0,0,0,0,20,0,0,0,37,0,0,0,0,0,0,0,0,0,0,0,5,0,0,0,0,0,0,0,2,0,0,0,0,0,0,0,0,0,0,0,0,0,3,35,0,0,0,0,398,0,0,0,0,0,50,5,0,0,0,0,1,0,0,0,25,40,0,0,0,0,0,0,1,0,0,0,0
103000722,"ESP_036_MZB_LO_12","103000722_04.08.2016",2016,"8",4,0,0,4,0,0,0,0,0,210,0,0,0,0,0,0,0,0,0,1016,0,12,0,0,0,0,0,0,1,1,0,0,10,0,0,87,0,14,2,0,0,0,0,125,0,0,0,0,40,0,0,0,5,0,0,0,108,2,0,0,0,0,0,0,61,0,0,0,51,0,0,0,0,0,0,0,0,0,0,0,4,0,0,0,0,0,0,0,0,0,0,0,0,0,0,0,0,0,0,0,0,0,0,16,0,2,0,0,175,0,0,0,0,0,64,0,0,0,0,0,0,4,3,0,16,71,0,0,0,0,0,0,0,0,0,0,0
103000722,"ESP_036_MZB_LO_12","103000722_18.08.2017",2017,"8",18,0,0,7,0,1,0,0,0,65,0,0,0,4,0,0,0,0,0,39,0,5,0,0,0,0,0,0,0,0,0,0,0,0,0,78,0,14,1,0,0,0,0,35,0,0,0,0,23,0,0,0,1,0,0,0,52,4,0,0,0,0,0,0,18,0,0,0,16,0,1,0,0,0,0,0,1,1,0,0,6,0,0,0,0,0,0,0,0,0,0,0,0,0,0,0,0,0,0,0,0,0,6,8,0,0,0,0,74,1,0,0,0,0,35,2,0,0,0,0,0,0,1,0,0,36,0,0,0,0,0,0,0,0,0,0,0
103000722,"ESP_036_MZB_LO_12","103000722_29.08.2018",2018,"8",29,0,0,1,0,0,0,0,0,183,0,0,0,4,1,0,0,0,0,578,0,35,0,0,0,0,0,0,0,0,0,0,0,0,0,38,0,2,2,0,0,0,0,16,0,0,0,0,0,0,0,0,0,0,0,0,38,0,0,0,0,0,0,0,0,0,0,0,10,0,0,0,0,0,0,0,0,0,0,0,2,0,0,0,0,0,0,0,2,0,0,10,0,0,0,0,0,0,0,0,0,0,6,3,0,0,0,0,143,0,0,0,0,0,4,3,0,0,0,0,0,0,3,0,3,33,0,0,0,0,0,0,0,0,0,0,0
103000722,"ESP_036_MZB_LO_12","103000722_20.08.2019",2019,"8",20,0,0,0,0,0,0,0,0,280,0,0,0,4,0,0,0,0,0,500,0,14,0,0,0,0,0,0,0,0,0,0,0,0,0,36,0,18,0,0,0,0,1,41,0,0,0,0,27,0,0,0,4,0,0,0,90,0,0,0,0,13,0,0,30,0,0,1,18,0,0,0,0,0,0,0,0,0,0,5,0,0,0,0,0,0,0,0,0,0,0,0,0,0,0,0,0,0,0,0,0,3,0,2,0,0,0,0,292,0,0,0,0,0,19,1,0,0,0,0,0,0,1,2,8,25,0,0,0,0,0,0,0,0,0,0,0
103000723,"ESP_036_MZB_LO_13","103000723_08.08.2012",2012,"8",8,1,0,31,0,1,171,17,0,1541,4,0,0,45,0,0,0,0,0,9191,25,0,0,0,0,0,0,0,0,73,29,0,8,1,0,383,0,194,4,48,0,1,5,148,0,0,27,0,0,0,0,3,181,7,0,0,115,6,0,0,0,0,0,0,270,0,0,0,317,0,1845,117,0,0,0,0,0,0,0,0,19,0,0,8,0,0,0,6,111,17,0,2,2,0,0,5,0,0,0,0,0,0,0,0,0,0,0,0,2061,75,0,0,0,0,81,47,0,0,4,0,0,17,223,0,15,0,0,0,0,0,0,0,17,0,0,9,0
103000723,"ESP_036_MZB_LO_13","103000723_24.09.2013",2013,"9",24,0,72,107,0,0,108,2,0,874,0,0,1,105,0,0,0,0,0,15305,0,160,0,0,0,0,0,0,0,7,7,0,2,0,0,142,0,823,6,36,0,0,8,80,0,0,2,0,2,0,0,0,137,2,0,0,413,9,0,0,0,29,0,0,604,1,0,0,350,0,1830,130,0,0,0,0,6445,0,0,321,389,0,0,8,50,0,1,2,1323,3,0,0,8,3,0,0,0,0,0,0,2,2,2,9,0,0,0,0,1441,16,0,0,0,0,112,125,0,0,0,0,0,30,20,57,8,37,0,0,0,0,622,0,9,0,0,0,0
103000723,"ESP_036_MZB_LO_13","103000723_22.09.2014",2014,"9",22,0,130,258,0,0,10,2,0,523,0,0,0,65,0,0,0,0,0,1592,0,64,0,0,0,0,0,0,0,27,4,0,0,0,0,154,0,168,0,101,0,0,0,42,0,0,2,0,2,0,0,0,3,3,0,0,16,3,0,0,0,1,0,0,323,0,0,0,253,0,1160,127,0,0,0,0,1860,3,0,0,0,0,0,0,188,0,0,77,2,0,0,0,66,3,0,0,0,0,0,0,0,41,37,0,0,0,0,0,515,0,0,0,0,0,162,23,0,0,0,0,0,117,16,1,1,82,1,0,0,0,64,0,0,0,0,0,0
103000723,"ESP_036_MZB_LO_13","103000723_10.08.2015",2015,"8",10,0,0,357,0,0,198,0,0,570,0,0,0,2,0,0,0,0,0,22457,0,72,0,0,0,0,0,0,0,15,17,0,0,0,0,131,0,127,0,0,0,0,5,219,0,0,4,0,0,0,0,0,4,2,0,0,392,0,0,0,0,0,0,0,296,0,0,0,168,0,2265,307,0,0,0,0,2307,321,0,0,0,0,0,0,0,0,0,140,256,0,0,0,0,0,0,0,0,0,0,0,0,0,0,3,0,0,0,0,838,1,0,0,0,0,4,20,0,0,0,0,0,66,351,0,2,74,2,0,0,0,0,0,3,0,0,0,0
103000723,"ESP_036_MZB_LO_13","103000723_03.08.2016",2016,"8",3,0,0,208,0,0,0,0,0,928,0,0,0,2,0,0,0,0,0,394,0,20,0,0,0,0,0,0,0,16,6,0,0,0,0,194,0,138,0,50,0,0,4,338,0,0,24,2,0,0,0,0,0,6,0,0,78,2,0,0,0,6,0,0,114,0,0,0,126,0,868,112,0,0,0,0,0,0,0,0,0,0,0,4,0,0,0,13,44,16,0,0,8,0,0,0,0,0,0,0,0,0,0,0,0,0,0,0,300,0,0,0,0,0,146,76,0,0,0,0,0,4,216,0,0,44,0,0,0,0,0,0,3,16,0,0,0
103000723,"ESP_036_MZB_LO_13","103000723_17.08.2017",2017,"8",17,0,0,72,0,0,0,1,0,440,0,0,0,0,0,0,0,0,0,3670,0,44,0,0,0,0,0,0,0,6,0,0,0,0,0,106,0,244,0,0,0,0,4,126,0,0,0,0,0,0,2,0,0,0,0,0,92,4,0,0,0,20,0,0,228,0,0,0,112,0,522,96,0,0,0,0,3180,0,0,0,0,0,0,0,0,0,0,2,28,0,0,0,4,0,0,0,0,0,0,0,0,0,0,0,0,0,0,0,272,0,0,0,0,0,0,78,0,0,0,0,0,9,192,0,4,0,0,0,0,0,16,0,0,12,0,0,0
103000723,"ESP_036_MZB_LO_13","103000723_27.08.2018",2018,"8",27,0,0,1,0,0,1,0,0,448,0,0,0,0,0,0,0,0,0,3989,0,2,0,0,0,0,0,0,0,34,4,0,0,0,0,14,0,597,0,0,0,0,2,215,0,0,0,0,0,0,0,0,12,5,0,0,32,9,0,0,0,2,0,0,79,0,0,0,64,0,1055,143,0,0,0,0,1968,0,0,0,0,0,0,0,0,0,0,7,2,0,0,0,5,0,0,0,0,0,0,0,0,0,0,0,0,0,0,0,160,0,0,0,0,0,0,24,0,0,0,0,0,3,133,0,4,0,0,0,0,0,0,0,1,1,0,0,0
103000723,"ESP_036_MZB_LO_13","103000723_15.08.2019",2019,"8",15,0,0,16,0,0,12,0,0,146,0,0,0,9,0,0,0,0,0,462,0,8,0,0,0,0,0,0,0,8,3,0,0,0,0,57,0,62,0,0,0,0,0,78,0,0,0,0,5,0,0,0,0,1,0,0,37,4,0,0,0,0,0,0,73,0,0,0,79,0,176,57,0,0,0,1,88,0,0,0,0,0,0,4,68,0,0,0,40,0,0,0,7,0,0,0,0,0,0,0,0,0,0,0,0,0,0,0,40,0,0,0,0,0,49,5,0,0,0,0,0,0,68,5,1,2,0,0,0,0,0,0,1,0,0,0,0
