"Unique.ID","Samp.ID","Sampling.date","year","month","day","Taxon.name","Abundance"
"AUT_001_MZB_LO_1","AUT_001_MZB_LO_1-17.08.2007","17.08.2007",2007,8,17,"ANTOCHA SP.",1.6
"AUT_001_MZB_LO_1","AUT_001_MZB_LO_1-17.08.2007","17.08.2007",2007,8,17,"BAETIS SP.",12.8
"AUT_001_MZB_LO_1","AUT_001_MZB_LO_1-17.08.2007","17.08.2007",2007,8,17,"CAENIS SP.",1.6
"AUT_001_MZB_LO_1","AUT_001_MZB_LO_1-17.08.2007","17.08.2007",2007,8,17,"CHIRONOMIDAE GEN. SP.",481.6
"AUT_001_MZB_LO_1","AUT_001_MZB_LO_1-17.08.2007","17.08.2007",2007,8,17,"COROPHIUM SP.",156.8
"AUT_001_MZB_LO_1","AUT_001_MZB_LO_1-17.08.2007","17.08.2007",2007,8,17,"DREISSENA POLYMORPHA",7.2
"AUT_001_MZB_LO_1","AUT_001_MZB_LO_1-17.08.2007","17.08.2007",2007,8,17,"ELMIS SP.",1.6
"AUT_001_MZB_LO_1","AUT_001_MZB_LO_1-17.08.2007","17.08.2007",2007,8,17,"GAMMARIDAE GEN. SP.",517.6
"AUT_001_MZB_LO_1","AUT_001_MZB_LO_1-17.08.2007","17.08.2007",2007,8,17,"HYDRACHNIDIA GEN. SP.",1.6
"AUT_001_MZB_LO_1","AUT_001_MZB_LO_1-17.08.2007","17.08.2007",2007,8,17,"HYDROPSYCHE SP.",7.2
"AUT_001_MZB_LO_1","AUT_001_MZB_LO_1-17.08.2007","17.08.2007",2007,8,17,"HYDROPTILA SP.",4
"AUT_001_MZB_LO_1","AUT_001_MZB_LO_1-17.08.2007","17.08.2007",2007,8,17,"HYPANIA INVALIDA",14.4
"AUT_001_MZB_LO_1","AUT_001_MZB_LO_1-17.08.2007","17.08.2007",2007,8,17,"JAERA ISTRI",127.2
"AUT_001_MZB_LO_1","AUT_001_MZB_LO_1-17.08.2007","17.08.2007",2007,8,17,"LIMNOMYSIS BENEDENI",4
"AUT_001_MZB_LO_1","AUT_001_MZB_LO_1-17.08.2007","17.08.2007",2007,8,17,"LIMNOPHORA SP.",1.6
"AUT_001_MZB_LO_1","AUT_001_MZB_LO_1-17.08.2007","17.08.2007",2007,8,17,"LITHOGLYPHUS NATICOIDES",4
"AUT_001_MZB_LO_1","AUT_001_MZB_LO_1-17.08.2007","17.08.2007",2007,8,17,"NEMATODA GEN. SP.",1.6
"AUT_001_MZB_LO_1","AUT_001_MZB_LO_1-17.08.2007","17.08.2007",2007,8,17,"OLIGOCHAETA GEN. SP.",116.8
"AUT_001_MZB_LO_1","AUT_001_MZB_LO_1-17.08.2007","17.08.2007",2007,8,17,"OULIMNIUS TUBERCULATUS",1.6
"AUT_001_MZB_LO_1","AUT_001_MZB_LO_1-17.08.2007","17.08.2007",2007,8,17,"POTAMOPYRGUS ANTIPODARUM",25.6
"AUT_001_MZB_LO_1","AUT_001_MZB_LO_1-02.09.2008","02.09.2008",2008,9,2,"CHIRONOMIDAE GEN. SP.",212.8
"AUT_001_MZB_LO_1","AUT_001_MZB_LO_1-02.09.2008","02.09.2008",2008,9,2,"COROPHIUM SP.",19.2
"AUT_001_MZB_LO_1","AUT_001_MZB_LO_1-02.09.2008","02.09.2008",2008,9,2,"DREISSENA POLYMORPHA",0.8
"AUT_001_MZB_LO_1","AUT_001_MZB_LO_1-02.09.2008","02.09.2008",2008,9,2,"EMPIDIDAE GEN. SP.",0.8
"AUT_001_MZB_LO_1","AUT_001_MZB_LO_1-02.09.2008","02.09.2008",2008,9,2,"GAMMARIDAE GEN. SP.",323.2
"AUT_001_MZB_LO_1","AUT_001_MZB_LO_1-02.09.2008","02.09.2008",2008,9,2,"HYPANIA INVALIDA",5.6
"AUT_001_MZB_LO_1","AUT_001_MZB_LO_1-02.09.2008","02.09.2008",2008,9,2,"JAERA ISTRI",9.6
"AUT_001_MZB_LO_1","AUT_001_MZB_LO_1-02.09.2008","02.09.2008",2008,9,2,"OLIGOCHAETA GEN. SP.",108
"AUT_001_MZB_LO_1","AUT_001_MZB_LO_1-02.09.2008","02.09.2008",2008,9,2,"POTAMOPYRGUS ANTIPODARUM",6.4
"AUT_001_MZB_LO_1","AUT_001_MZB_LO_1-02.09.2008","02.09.2008",2008,9,2,"SIMULIIDAE GEN. SP.",0.8
"AUT_001_MZB_LO_1","AUT_001_MZB_LO_1-09.09.2009","09.09.2009",2009,9,9,"ANCYLUS FLUVIATILIS",0.8
"AUT_001_MZB_LO_1","AUT_001_MZB_LO_1-09.09.2009","09.09.2009",2009,9,9,"ANTOCHA SP.",4
"AUT_001_MZB_LO_1","AUT_001_MZB_LO_1-09.09.2009","09.09.2009",2009,9,9,"APHELOCHEIRUS AESTIVALIS",4
"AUT_001_MZB_LO_1","AUT_001_MZB_LO_1-09.09.2009","09.09.2009",2009,9,9,"ATHERIX IBIS",0.8
"AUT_001_MZB_LO_1","AUT_001_MZB_LO_1-09.09.2009","09.09.2009",2009,9,9,"CAENIS SP.",0.8
"AUT_001_MZB_LO_1","AUT_001_MZB_LO_1-09.09.2009","09.09.2009",2009,9,9,"CHIRONOMIDAE GEN. SP.",488
"AUT_001_MZB_LO_1","AUT_001_MZB_LO_1-09.09.2009","09.09.2009",2009,9,9,"CORBICULA SP.",4
"AUT_001_MZB_LO_1","AUT_001_MZB_LO_1-09.09.2009","09.09.2009",2009,9,9,"DREISSENA POLYMORPHA",4
"AUT_001_MZB_LO_1","AUT_001_MZB_LO_1-09.09.2009","09.09.2009",2009,9,9,"ELMIS SP.",0.8
"AUT_001_MZB_LO_1","AUT_001_MZB_LO_1-09.09.2009","09.09.2009",2009,9,9,"EMPIDIDAE GEN. SP.",4
"AUT_001_MZB_LO_1","AUT_001_MZB_LO_1-09.09.2009","09.09.2009",2009,9,9,"GAMMARIDAE GEN. SP.",1724
"AUT_001_MZB_LO_1","AUT_001_MZB_LO_1-09.09.2009","09.09.2009",2009,9,9,"HYDROPSYCHE SP.",4
"AUT_001_MZB_LO_1","AUT_001_MZB_LO_1-09.09.2009","09.09.2009",2009,9,9,"HYDROPTILA SP.",0.8
"AUT_001_MZB_LO_1","AUT_001_MZB_LO_1-09.09.2009","09.09.2009",2009,9,9,"JAERA ISTRI",284
"AUT_001_MZB_LO_1","AUT_001_MZB_LO_1-09.09.2009","09.09.2009",2009,9,9,"LEPTOCERIDAE GEN. SP.",4
"AUT_001_MZB_LO_1","AUT_001_MZB_LO_1-09.09.2009","09.09.2009",2009,9,9,"LIMNOMYSIS BENEDENI",4
"AUT_001_MZB_LO_1","AUT_001_MZB_LO_1-09.09.2009","09.09.2009",2009,9,9,"LITHOGLYPHUS NATICOIDES",4
"AUT_001_MZB_LO_1","AUT_001_MZB_LO_1-09.09.2009","09.09.2009",2009,9,9,"NEMATODA GEN. SP.",8
"AUT_001_MZB_LO_1","AUT_001_MZB_LO_1-09.09.2009","09.09.2009",2009,9,9,"OLIGOCHAETA GEN. SP.",256
"AUT_001_MZB_LO_1","AUT_001_MZB_LO_1-09.09.2009","09.09.2009",2009,9,9,"POTAMOPYRGUS ANTIPODARUM",4
"AUT_001_MZB_LO_1","AUT_001_MZB_LO_1-09.09.2009","09.09.2009",2009,9,9,"SIMULIIDAE GEN. SP.",8
"AUT_001_MZB_LO_1","AUT_001_MZB_LO_1-09.09.2009","09.09.2009",2009,9,9,"ZYGOPTERA GEN. SP.",4
"AUT_001_MZB_LO_1","AUT_001_MZB_LO_1-15.09.2010","15.09.2010",2010,9,15,"CERATOPOGONIDAE GEN. SP.",3.2
"AUT_001_MZB_LO_1","AUT_001_MZB_LO_1-15.09.2010","15.09.2010",2010,9,15,"CHIRONOMIDAE GEN. SP.",760.8
"AUT_001_MZB_LO_1","AUT_001_MZB_LO_1-15.09.2010","15.09.2010",2010,9,15,"COROPHIUM SP.",411.2
"AUT_001_MZB_LO_1","AUT_001_MZB_LO_1-15.09.2010","15.09.2010",2010,9,15,"DREISSENA POLYMORPHA",3.2
"AUT_001_MZB_LO_1","AUT_001_MZB_LO_1-15.09.2010","15.09.2010",2010,9,15,"ELMIS SP.",3.2
"AUT_001_MZB_LO_1","AUT_001_MZB_LO_1-15.09.2010","15.09.2010",2010,9,15,"GAMMARIDAE GEN. SP.",1308.8
"AUT_001_MZB_LO_1","AUT_001_MZB_LO_1-15.09.2010","15.09.2010",2010,9,15,"HEPTAGENIIDAE GEN. SP.",3.2
"AUT_001_MZB_LO_1","AUT_001_MZB_LO_1-15.09.2010","15.09.2010",2010,9,15,"HYDROPSYCHE SP.",15.2
"AUT_001_MZB_LO_1","AUT_001_MZB_LO_1-15.09.2010","15.09.2010",2010,9,15,"HYDROPTILA SP.",3.2
"AUT_001_MZB_LO_1","AUT_001_MZB_LO_1-15.09.2010","15.09.2010",2010,9,15,"HYPANIA INVALIDA",6.4
"AUT_001_MZB_LO_1","AUT_001_MZB_LO_1-15.09.2010","15.09.2010",2010,9,15,"JAERA ISTRI",56.8
"AUT_001_MZB_LO_1","AUT_001_MZB_LO_1-15.09.2010","15.09.2010",2010,9,15,"NEMATODA GEN. SP.",6.4
"AUT_001_MZB_LO_1","AUT_001_MZB_LO_1-15.09.2010","15.09.2010",2010,9,15,"OLIGOCHAETA GEN. SP.",40
"AUT_001_MZB_LO_1","AUT_001_MZB_LO_1-07.08.2019","07.08.2019",2019,8,7,"ANCYLUS FLUVIATILIS",0.8
"AUT_001_MZB_LO_1","AUT_001_MZB_LO_1-07.08.2019","07.08.2019",2019,8,7,"ANTOCHA SP.",1.6
"AUT_001_MZB_LO_1","AUT_001_MZB_LO_1-07.08.2019","07.08.2019",2019,8,7,"CAENIS SP.",4.8
"AUT_001_MZB_LO_1","AUT_001_MZB_LO_1-07.08.2019","07.08.2019",2019,8,7,"CHIRONOMIDAE GEN. SP.",112.8
"AUT_001_MZB_LO_1","AUT_001_MZB_LO_1-07.08.2019","07.08.2019",2019,8,7,"CORBICULA SP.",0.8
"AUT_001_MZB_LO_1","AUT_001_MZB_LO_1-07.08.2019","07.08.2019",2019,8,7,"COROPHIUM SP.",32
"AUT_001_MZB_LO_1","AUT_001_MZB_LO_1-07.08.2019","07.08.2019",2019,8,7,"DREISSENA POLYMORPHA",0.8
"AUT_001_MZB_LO_1","AUT_001_MZB_LO_1-07.08.2019","07.08.2019",2019,8,7,"ELMIS SP.",1.6
"AUT_001_MZB_LO_1","AUT_001_MZB_LO_1-07.08.2019","07.08.2019",2019,8,7,"EMPIDIDAE GEN. SP.",1.6
"AUT_001_MZB_LO_1","AUT_001_MZB_LO_1-07.08.2019","07.08.2019",2019,8,7,"GAMMARIDAE GEN. SP.",240.8
"AUT_001_MZB_LO_1","AUT_001_MZB_LO_1-07.08.2019","07.08.2019",2019,8,7,"HYDRACHNIDIA GEN. SP.",0.8
"AUT_001_MZB_LO_1","AUT_001_MZB_LO_1-07.08.2019","07.08.2019",2019,8,7,"HYDRAENA SP.",0.8
"AUT_001_MZB_LO_1","AUT_001_MZB_LO_1-07.08.2019","07.08.2019",2019,8,7,"HYPANIA INVALIDA",8
"AUT_001_MZB_LO_1","AUT_001_MZB_LO_1-07.08.2019","07.08.2019",2019,8,7,"JAERA ISTRI",12
"AUT_001_MZB_LO_1","AUT_001_MZB_LO_1-07.08.2019","07.08.2019",2019,8,7,"LIMNIUS SP.",1.6
"AUT_001_MZB_LO_1","AUT_001_MZB_LO_1-07.08.2019","07.08.2019",2019,8,7,"OLIGOCHAETA GEN. SP.",280.8
"AUT_001_MZB_LO_1","AUT_001_MZB_LO_1-07.08.2019","07.08.2019",2019,8,7,"OULIMNIUS TUBERCULATUS",0.8
"AUT_001_MZB_LO_1","AUT_001_MZB_LO_1-07.08.2019","07.08.2019",2019,8,7,"PSYCHOMYIA PUSILLA",0.8
"AUT_001_MZB_LO_1","AUT_001_MZB_LO_1-07.08.2019","07.08.2019",2019,8,7,"SIMULIIDAE GEN. SP.",0.8
"AUT_001_MZB_LO_1","AUT_001_MZB_LO_1-07.08.2019","07.08.2019",2019,8,7,"SPHAERIIDAE GEN. SP.",0.8
"AUT_001_MZB_LO_1","AUT_001_MZB_LO_1-07.08.2019","07.08.2019",2019,8,7,"THEODOXUS SP.",35.2
"AUT_001_MZB_LO_2","AUT_001_MZB_LO_2-21.04.2008","21.04.2008",2008,4,21,"BAETIS SP.",2.4
"AUT_001_MZB_LO_2","AUT_001_MZB_LO_2-21.04.2008","21.04.2008",2008,4,21,"CAENIS SP.",8
"AUT_001_MZB_LO_2","AUT_001_MZB_LO_2-21.04.2008","21.04.2008",2008,4,21,"CHIRONOMIDAE GEN. SP.",530.4
"AUT_001_MZB_LO_2","AUT_001_MZB_LO_2-21.04.2008","21.04.2008",2008,4,21,"COROPHIUM SP.",4.8
"AUT_001_MZB_LO_2","AUT_001_MZB_LO_2-21.04.2008","21.04.2008",2008,4,21,"GAMMARIDAE GEN. SP.",236.8
"AUT_001_MZB_LO_2","AUT_001_MZB_LO_2-21.04.2008","21.04.2008",2008,4,21,"GLOSSIPHONIIDAE GEN. SP.",0.8
"AUT_001_MZB_LO_2","AUT_001_MZB_LO_2-21.04.2008","21.04.2008",2008,4,21,"JAERA ISTRI",7.2
"AUT_001_MZB_LO_2","AUT_001_MZB_LO_2-21.04.2008","21.04.2008",2008,4,21,"NEMATODA GEN. SP.",2.4
"AUT_001_MZB_LO_2","AUT_001_MZB_LO_2-21.04.2008","21.04.2008",2008,4,21,"OLIGOCHAETA GEN. SP.",254.4
"AUT_001_MZB_LO_2","AUT_001_MZB_LO_2-21.04.2008","21.04.2008",2008,4,21,"POTAMOPYRGUS ANTIPODARUM",3.2
"AUT_001_MZB_LO_2","AUT_001_MZB_LO_2-10.03.2011","10.03.2011",2011,3,10,"AMPHINEMURA SP.",9.6
"AUT_001_MZB_LO_2","AUT_001_MZB_LO_2-10.03.2011","10.03.2011",2011,3,10,"ANCYLUS FLUVIATILIS",19.2
"AUT_001_MZB_LO_2","AUT_001_MZB_LO_2-10.03.2011","10.03.2011",2011,3,10,"BAETIS SP.",24
"AUT_001_MZB_LO_2","AUT_001_MZB_LO_2-10.03.2011","10.03.2011",2011,3,10,"CHIRONOMIDAE GEN. SP.",1872
"AUT_001_MZB_LO_2","AUT_001_MZB_LO_2-10.03.2011","10.03.2011",2011,3,10,"CORBICULA SP.",9.6
"AUT_001_MZB_LO_2","AUT_001_MZB_LO_2-10.03.2011","10.03.2011",2011,3,10,"COROPHIUM SP.",235.2
"AUT_001_MZB_LO_2","AUT_001_MZB_LO_2-10.03.2011","10.03.2011",2011,3,10,"ERPOBDELLIDAE GEN. SP.",9.6
"AUT_001_MZB_LO_2","AUT_001_MZB_LO_2-10.03.2011","10.03.2011",2011,3,10,"GAMMARIDAE GEN. SP.",844.8
"AUT_001_MZB_LO_2","AUT_001_MZB_LO_2-10.03.2011","10.03.2011",2011,3,10,"HEPTAGENIIDAE GEN. SP.",14.4
"AUT_001_MZB_LO_2","AUT_001_MZB_LO_2-10.03.2011","10.03.2011",2011,3,10,"HYDROPSYCHE SP.",19.2
"AUT_001_MZB_LO_2","AUT_001_MZB_LO_2-10.03.2011","10.03.2011",2011,3,10,"HYPANIA INVALIDA",29.6
"AUT_001_MZB_LO_2","AUT_001_MZB_LO_2-10.03.2011","10.03.2011",2011,3,10,"JAERA ISTRI",1113.6
"AUT_001_MZB_LO_2","AUT_001_MZB_LO_2-10.03.2011","10.03.2011",2011,3,10,"LEUCTRA SP.",4.8
"AUT_001_MZB_LO_2","AUT_001_MZB_LO_2-10.03.2011","10.03.2011",2011,3,10,"OLIGOCHAETA GEN. SP.",2688
"AUT_001_MZB_LO_2","AUT_001_MZB_LO_2-10.03.2011","10.03.2011",2011,3,10,"POTAMANTHUS LUTEUS",14.4
"AUT_001_MZB_LO_2","AUT_001_MZB_LO_2-10.03.2011","10.03.2011",2011,3,10,"POTAMOPYRGUS ANTIPODARUM",19.2
"AUT_001_MZB_LO_2","AUT_001_MZB_LO_2-10.03.2011","10.03.2011",2011,3,10,"SIMULIIDAE GEN. SP.",9.6
"AUT_001_MZB_LO_2","AUT_001_MZB_LO_2-10.03.2011","10.03.2011",2011,3,10,"THEODOXUS SP.",4.8
"AUT_001_MZB_LO_2","AUT_001_MZB_LO_2-10.03.2011","10.03.2011",2011,3,10,"TURBELLARIA GEN. SP.",14.4
"AUT_001_MZB_LO_2","AUT_001_MZB_LO_2-27.03.2013","27.03.2013",2013,3,27,"BAETIS SP.",4.8
"AUT_001_MZB_LO_2","AUT_001_MZB_LO_2-27.03.2013","27.03.2013",2013,3,27,"CAENIS SP.",4.8
"AUT_001_MZB_LO_2","AUT_001_MZB_LO_2-27.03.2013","27.03.2013",2013,3,27,"CERATOPOGONIDAE GEN. SP.",4.8
"AUT_001_MZB_LO_2","AUT_001_MZB_LO_2-27.03.2013","27.03.2013",2013,3,27,"CHIRONOMIDAE GEN. SP.",2012
"AUT_001_MZB_LO_2","AUT_001_MZB_LO_2-27.03.2013","27.03.2013",2013,3,27,"CORBICULA SP.",8
"AUT_001_MZB_LO_2","AUT_001_MZB_LO_2-27.03.2013","27.03.2013",2013,3,27,"COROPHIUM SP.",120
"AUT_001_MZB_LO_2","AUT_001_MZB_LO_2-27.03.2013","27.03.2013",2013,3,27,"EMPIDIDAE GEN. SP.",4.8
"AUT_001_MZB_LO_2","AUT_001_MZB_LO_2-27.03.2013","27.03.2013",2013,3,27,"ERPOBDELLIDAE GEN. SP.",12.8
"AUT_001_MZB_LO_2","AUT_001_MZB_LO_2-27.03.2013","27.03.2013",2013,3,27,"ESOLUS SP.",4.8
"AUT_001_MZB_LO_2","AUT_001_MZB_LO_2-27.03.2013","27.03.2013",2013,3,27,"GAMMARIDAE GEN. SP.",1557.6
"AUT_001_MZB_LO_2","AUT_001_MZB_LO_2-27.03.2013","27.03.2013",2013,3,27,"HYDRACHNIDIA GEN. SP.",24
"AUT_001_MZB_LO_2","AUT_001_MZB_LO_2-27.03.2013","27.03.2013",2013,3,27,"HYDROPSYCHE SP.",11.2
"AUT_001_MZB_LO_2","AUT_001_MZB_LO_2-27.03.2013","27.03.2013",2013,3,27,"HYPANIA INVALIDA",24
"AUT_001_MZB_LO_2","AUT_001_MZB_LO_2-27.03.2013","27.03.2013",2013,3,27,"JAERA ISTRI",532.8
"AUT_001_MZB_LO_2","AUT_001_MZB_LO_2-27.03.2013","27.03.2013",2013,3,27,"OLIGOCHAETA GEN. SP.",1729.6
"AUT_001_MZB_LO_2","AUT_001_MZB_LO_2-27.03.2013","27.03.2013",2013,3,27,"POTAMANTHUS LUTEUS",4.8
"AUT_001_MZB_LO_2","AUT_001_MZB_LO_2-27.03.2013","27.03.2013",2013,3,27,"POTAMOPYRGUS ANTIPODARUM",4.8
"AUT_001_MZB_LO_2","AUT_001_MZB_LO_2-27.03.2013","27.03.2013",2013,3,27,"SIMULIIDAE GEN. SP.",19.2
"AUT_001_MZB_LO_2","AUT_001_MZB_LO_2-27.03.2013","27.03.2013",2013,3,27,"SPHAERIIDAE GEN. SP.",4.8
"AUT_001_MZB_LO_2","AUT_001_MZB_LO_2-27.03.2013","27.03.2013",2013,3,27,"THEODOXUS SP.",10.4
"AUT_001_MZB_LO_2","AUT_001_MZB_LO_2-12.02.2014","12.02.2014",2014,2,12,"BRACHYCENTRUS SUBNUBILUS",28.8
"AUT_001_MZB_LO_2","AUT_001_MZB_LO_2-12.02.2014","12.02.2014",2014,2,12,"CAENIS SP.",4.8
"AUT_001_MZB_LO_2","AUT_001_MZB_LO_2-12.02.2014","12.02.2014",2014,2,12,"CERATOPOGONIDAE GEN. SP.",4.8
"AUT_001_MZB_LO_2","AUT_001_MZB_LO_2-12.02.2014","12.02.2014",2014,2,12,"CHIRONOMIDAE GEN. SP.",244.8
"AUT_001_MZB_LO_2","AUT_001_MZB_LO_2-12.02.2014","12.02.2014",2014,2,12,"CORBICULA SP.",108
"AUT_001_MZB_LO_2","AUT_001_MZB_LO_2-12.02.2014","12.02.2014",2014,2,12,"COROPHIUM SP.",177.6
"AUT_001_MZB_LO_2","AUT_001_MZB_LO_2-12.02.2014","12.02.2014",2014,2,12,"EMPIDIDAE GEN. SP.",4.8
"AUT_001_MZB_LO_2","AUT_001_MZB_LO_2-12.02.2014","12.02.2014",2014,2,12,"ERPOBDELLIDAE GEN. SP.",15.2
"AUT_001_MZB_LO_2","AUT_001_MZB_LO_2-12.02.2014","12.02.2014",2014,2,12,"GAMMARIDAE GEN. SP.",1569.6
"AUT_001_MZB_LO_2","AUT_001_MZB_LO_2-12.02.2014","12.02.2014",2014,2,12,"HEPTAGENIIDAE GEN. SP.",72
"AUT_001_MZB_LO_2","AUT_001_MZB_LO_2-12.02.2014","12.02.2014",2014,2,12,"HYDROPSYCHE SP.",16
"AUT_001_MZB_LO_2","AUT_001_MZB_LO_2-12.02.2014","12.02.2014",2014,2,12,"HYPANIA INVALIDA",120
"AUT_001_MZB_LO_2","AUT_001_MZB_LO_2-12.02.2014","12.02.2014",2014,2,12,"JAERA ISTRI",3993.6
"AUT_001_MZB_LO_2","AUT_001_MZB_LO_2-12.02.2014","12.02.2014",2014,2,12,"MICRONECTA SP.",4.8
"AUT_001_MZB_LO_2","AUT_001_MZB_LO_2-12.02.2014","12.02.2014",2014,2,12,"OLIGOCHAETA GEN. SP.",2582.4
"AUT_001_MZB_LO_2","AUT_001_MZB_LO_2-12.02.2014","12.02.2014",2014,2,12,"POTAMANTHUS LUTEUS",4.8
"AUT_001_MZB_LO_2","AUT_001_MZB_LO_2-12.02.2014","12.02.2014",2014,2,12,"POTAMOPYRGUS ANTIPODARUM",33.6
"AUT_001_MZB_LO_2","AUT_001_MZB_LO_2-12.02.2014","12.02.2014",2014,2,12,"PSYCHOMYIA PUSILLA",4.8
"AUT_001_MZB_LO_2","AUT_001_MZB_LO_2-12.02.2014","12.02.2014",2014,2,12,"SIMULIIDAE GEN. SP.",4.8
"AUT_001_MZB_LO_2","AUT_001_MZB_LO_2-12.02.2014","12.02.2014",2014,2,12,"SPHAERIIDAE GEN. SP.",4.8
"AUT_001_MZB_LO_2","AUT_001_MZB_LO_2-12.02.2014","12.02.2014",2014,2,12,"THEODOXUS SP.",51.2
"AUT_001_MZB_LO_2","AUT_001_MZB_LO_2-17.02.2015","17.02.2015",2015,2,17,"BAETIS SP.",24
"AUT_001_MZB_LO_2","AUT_001_MZB_LO_2-17.02.2015","17.02.2015",2015,2,17,"CHIRONOMIDAE GEN. SP.",116
"AUT_001_MZB_LO_2","AUT_001_MZB_LO_2-17.02.2015","17.02.2015",2015,2,17,"CORBICULA SP.",16
"AUT_001_MZB_LO_2","AUT_001_MZB_LO_2-17.02.2015","17.02.2015",2015,2,17,"COROPHIUM SP.",32
"AUT_001_MZB_LO_2","AUT_001_MZB_LO_2-17.02.2015","17.02.2015",2015,2,17,"ERPOBDELLIDAE GEN. SP.",4
"AUT_001_MZB_LO_2","AUT_001_MZB_LO_2-17.02.2015","17.02.2015",2015,2,17,"GAMMARIDAE GEN. SP.",504
"AUT_001_MZB_LO_2","AUT_001_MZB_LO_2-17.02.2015","17.02.2015",2015,2,17,"HEPTAGENIIDAE GEN. SP.",12
"AUT_001_MZB_LO_2","AUT_001_MZB_LO_2-17.02.2015","17.02.2015",2015,2,17,"HYDROPSYCHE SP.",8
"AUT_001_MZB_LO_2","AUT_001_MZB_LO_2-17.02.2015","17.02.2015",2015,2,17,"HYPANIA INVALIDA",64.8
"AUT_001_MZB_LO_2","AUT_001_MZB_LO_2-17.02.2015","17.02.2015",2015,2,17,"JAERA ISTRI",172
"AUT_001_MZB_LO_2","AUT_001_MZB_LO_2-17.02.2015","17.02.2015",2015,2,17,"OLIGOCHAETA GEN. SP.",1695.2
"AUT_001_MZB_LO_2","AUT_001_MZB_LO_2-17.02.2015","17.02.2015",2015,2,17,"POTAMOPYRGUS ANTIPODARUM",28
"AUT_001_MZB_LO_2","AUT_001_MZB_LO_2-17.02.2015","17.02.2015",2015,2,17,"SIMULIIDAE GEN. SP.",68
"AUT_001_MZB_LO_2","AUT_001_MZB_LO_2-17.02.2015","17.02.2015",2015,2,17,"TAENIOPTERYGIDAE GEN. SP.",4
"AUT_001_MZB_LO_2","AUT_001_MZB_LO_2-17.02.2015","17.02.2015",2015,2,17,"THEODOXUS SP.",48
"AUT_001_MZB_LO_2","AUT_001_MZB_LO_2-11.03.2016","11.03.2016",2016,3,11,"BRYOZOA GEN. SP.",1.6
"AUT_001_MZB_LO_2","AUT_001_MZB_LO_2-11.03.2016","11.03.2016",2016,3,11,"CERATOPOGONIDAE GEN. SP.",1.6
"AUT_001_MZB_LO_2","AUT_001_MZB_LO_2-11.03.2016","11.03.2016",2016,3,11,"CHIRONOMIDAE GEN. SP.",135.2
"AUT_001_MZB_LO_2","AUT_001_MZB_LO_2-11.03.2016","11.03.2016",2016,3,11,"CORBICULA SP.",2.4
"AUT_001_MZB_LO_2","AUT_001_MZB_LO_2-11.03.2016","11.03.2016",2016,3,11,"COROPHIUM SP.",162.4
"AUT_001_MZB_LO_2","AUT_001_MZB_LO_2-11.03.2016","11.03.2016",2016,3,11,"ESOLUS SP.",1.6
"AUT_001_MZB_LO_2","AUT_001_MZB_LO_2-11.03.2016","11.03.2016",2016,3,11,"GAMMARIDAE GEN. SP.",225.6
"AUT_001_MZB_LO_2","AUT_001_MZB_LO_2-11.03.2016","11.03.2016",2016,3,11,"HEPTAGENIIDAE GEN. SP.",1.6
"AUT_001_MZB_LO_2","AUT_001_MZB_LO_2-11.03.2016","11.03.2016",2016,3,11,"HYDRACHNIDIA GEN. SP.",1.6
"AUT_001_MZB_LO_2","AUT_001_MZB_LO_2-11.03.2016","11.03.2016",2016,3,11,"HYDROPSYCHE SP.",1.6
"AUT_001_MZB_LO_2","AUT_001_MZB_LO_2-11.03.2016","11.03.2016",2016,3,11,"HYPANIA INVALIDA",1.6
"AUT_001_MZB_LO_2","AUT_001_MZB_LO_2-11.03.2016","11.03.2016",2016,3,11,"JAERA ISTRI",189.6
"AUT_001_MZB_LO_2","AUT_001_MZB_LO_2-11.03.2016","11.03.2016",2016,3,11,"MICRONECTA SP.",2.4
"AUT_001_MZB_LO_2","AUT_001_MZB_LO_2-11.03.2016","11.03.2016",2016,3,11,"OLIGOCHAETA GEN. SP.",132.8
"AUT_001_MZB_LO_2","AUT_001_MZB_LO_2-11.03.2016","11.03.2016",2016,3,11,"POTAMOPYRGUS ANTIPODARUM",8.8
"AUT_001_MZB_LO_2","AUT_001_MZB_LO_2-11.03.2016","11.03.2016",2016,3,11,"SIMULIIDAE GEN. SP.",3.2
"AUT_001_MZB_LO_2","AUT_001_MZB_LO_2-11.03.2016","11.03.2016",2016,3,11,"SPHAERIIDAE GEN. SP.",1.6
"AUT_001_MZB_LO_2","AUT_001_MZB_LO_2-11.02.2017","11.02.2017",2017,2,11,"BAETIS SP.",0.8
"AUT_001_MZB_LO_2","AUT_001_MZB_LO_2-11.02.2017","11.02.2017",2017,2,11,"CHIRONOMIDAE GEN. SP.",768
"AUT_001_MZB_LO_2","AUT_001_MZB_LO_2-11.02.2017","11.02.2017",2017,2,11,"CORBICULA SP.",9.6
"AUT_001_MZB_LO_2","AUT_001_MZB_LO_2-11.02.2017","11.02.2017",2017,2,11,"COROPHIUM SP.",168.8
"AUT_001_MZB_LO_2","AUT_001_MZB_LO_2-11.02.2017","11.02.2017",2017,2,11,"DICRANOTA SP.",0.8
"AUT_001_MZB_LO_2","AUT_001_MZB_LO_2-11.02.2017","11.02.2017",2017,2,11,"ELMIS SP.",4.8
"AUT_001_MZB_LO_2","AUT_001_MZB_LO_2-11.02.2017","11.02.2017",2017,2,11,"EMPIDIDAE GEN. SP.",4.8
"AUT_001_MZB_LO_2","AUT_001_MZB_LO_2-11.02.2017","11.02.2017",2017,2,11,"EPHEMERA DANICA",4.8
"AUT_001_MZB_LO_2","AUT_001_MZB_LO_2-11.02.2017","11.02.2017",2017,2,11,"ERPOBDELLIDAE GEN. SP.",0.8
"AUT_001_MZB_LO_2","AUT_001_MZB_LO_2-11.02.2017","11.02.2017",2017,2,11,"GAMMARIDAE GEN. SP.",249.6
"AUT_001_MZB_LO_2","AUT_001_MZB_LO_2-11.02.2017","11.02.2017",2017,2,11,"GORDIIDAE GEN. SP.",4.8
"AUT_001_MZB_LO_2","AUT_001_MZB_LO_2-11.02.2017","11.02.2017",2017,2,11,"HEPTAGENIIDAE GEN. SP.",5.6
"AUT_001_MZB_LO_2","AUT_001_MZB_LO_2-11.02.2017","11.02.2017",2017,2,11,"HYDROPSYCHE SP.",10.4
"AUT_001_MZB_LO_2","AUT_001_MZB_LO_2-11.02.2017","11.02.2017",2017,2,11,"HYPANIA INVALIDA",28.8
"AUT_001_MZB_LO_2","AUT_001_MZB_LO_2-11.02.2017","11.02.2017",2017,2,11,"JAERA ISTRI",196.8
"AUT_001_MZB_LO_2","AUT_001_MZB_LO_2-11.02.2017","11.02.2017",2017,2,11,"LEPTOPHLEBIIDAE GEN. SP.",4.8
"AUT_001_MZB_LO_2","AUT_001_MZB_LO_2-11.02.2017","11.02.2017",2017,2,11,"OLIGOCHAETA GEN. SP.",1790.4
"AUT_001_MZB_LO_2","AUT_001_MZB_LO_2-11.02.2017","11.02.2017",2017,2,11,"SIMULIIDAE GEN. SP.",4.8
"AUT_001_MZB_LO_2","AUT_001_MZB_LO_2-11.02.2017","11.02.2017",2017,2,11,"THEODOXUS SP.",14.4
"AUT_001_MZB_LO_2","AUT_001_MZB_LO_2-22.02.2018","22.02.2018",2018,2,22,"BAETIS SP.",2.4
"AUT_001_MZB_LO_2","AUT_001_MZB_LO_2-22.02.2018","22.02.2018",2018,2,22,"CHIRONOMIDAE GEN. SP.",180
"AUT_001_MZB_LO_2","AUT_001_MZB_LO_2-22.02.2018","22.02.2018",2018,2,22,"CORBICULA SP.",2.4
"AUT_001_MZB_LO_2","AUT_001_MZB_LO_2-22.02.2018","22.02.2018",2018,2,22,"COROPHIUM SP.",1.6
"AUT_001_MZB_LO_2","AUT_001_MZB_LO_2-22.02.2018","22.02.2018",2018,2,22,"ERPOBDELLIDAE GEN. SP.",1.6
"AUT_001_MZB_LO_2","AUT_001_MZB_LO_2-22.02.2018","22.02.2018",2018,2,22,"ESOLUS SP.",2.4
"AUT_001_MZB_LO_2","AUT_001_MZB_LO_2-22.02.2018","22.02.2018",2018,2,22,"GAMMARIDAE GEN. SP.",732
"AUT_001_MZB_LO_2","AUT_001_MZB_LO_2-22.02.2018","22.02.2018",2018,2,22,"HEPTAGENIIDAE GEN. SP.",4.8
"AUT_001_MZB_LO_2","AUT_001_MZB_LO_2-22.02.2018","22.02.2018",2018,2,22,"JAERA ISTRI",98.4
"AUT_001_MZB_LO_2","AUT_001_MZB_LO_2-22.02.2018","22.02.2018",2018,2,22,"LEUCTRA SP.",2.4
"AUT_001_MZB_LO_2","AUT_001_MZB_LO_2-22.02.2018","22.02.2018",2018,2,22,"OLIGOCHAETA GEN. SP.",1000.8
"AUT_001_MZB_LO_2","AUT_001_MZB_LO_2-22.02.2018","22.02.2018",2018,2,22,"POTAMOPYRGUS ANTIPODARUM",4.8
"AUT_001_MZB_LO_2","AUT_001_MZB_LO_2-22.02.2018","22.02.2018",2018,2,22,"TAENIOPTERYGIDAE GEN. SP.",2.4
"AUT_001_MZB_LO_2","AUT_001_MZB_LO_2-22.02.2018","22.02.2018",2018,2,22,"THEODOXUS SP.",20
"AUT_001_MZB_LO_5","AUT_001_MZB_LO_5-16.03.2004","16.03.2004",2004,3,16,"ANCYLUS FLUVIATILIS",4.8
"AUT_001_MZB_LO_5","AUT_001_MZB_LO_5-16.03.2004","16.03.2004",2004,3,16,"ANTOCHA SP.",33.6
"AUT_001_MZB_LO_5","AUT_001_MZB_LO_5-16.03.2004","16.03.2004",2004,3,16,"ATHERIX IBIS",1.6
"AUT_001_MZB_LO_5","AUT_001_MZB_LO_5-16.03.2004","16.03.2004",2004,3,16,"BAETIS SP.",67.2
"AUT_001_MZB_LO_5","AUT_001_MZB_LO_5-16.03.2004","16.03.2004",2004,3,16,"CAENIS SP.",321.6
"AUT_001_MZB_LO_5","AUT_001_MZB_LO_5-16.03.2004","16.03.2004",2004,3,16,"CHIRONOMIDAE GEN. SP.",3240
"AUT_001_MZB_LO_5","AUT_001_MZB_LO_5-16.03.2004","16.03.2004",2004,3,16,"ELMIS SP.",19.2
"AUT_001_MZB_LO_5","AUT_001_MZB_LO_5-16.03.2004","16.03.2004",2004,3,16,"EMPIDIDAE GEN. SP.",9.6
"AUT_001_MZB_LO_5","AUT_001_MZB_LO_5-16.03.2004","16.03.2004",2004,3,16,"EPHEMERA DANICA",0.8
"AUT_001_MZB_LO_5","AUT_001_MZB_LO_5-16.03.2004","16.03.2004",2004,3,16,"ERPOBDELLIDAE GEN. SP.",62.4
"AUT_001_MZB_LO_5","AUT_001_MZB_LO_5-16.03.2004","16.03.2004",2004,3,16,"ESOLUS SP.",4.8
"AUT_001_MZB_LO_5","AUT_001_MZB_LO_5-16.03.2004","16.03.2004",2004,3,16,"GALBA TRUNCATULA",4.8
"AUT_001_MZB_LO_5","AUT_001_MZB_LO_5-16.03.2004","16.03.2004",2004,3,16,"GAMMARIDAE GEN. SP.",331.2
"AUT_001_MZB_LO_5","AUT_001_MZB_LO_5-16.03.2004","16.03.2004",2004,3,16,"GLOSSIPHONIIDAE GEN. SP.",4.8
"AUT_001_MZB_LO_5","AUT_001_MZB_LO_5-16.03.2004","16.03.2004",2004,3,16,"HEPTAGENIIDAE GEN. SP.",10.4
"AUT_001_MZB_LO_5","AUT_001_MZB_LO_5-16.03.2004","16.03.2004",2004,3,16,"HYDRACHNIDIA GEN. SP.",33.6
"AUT_001_MZB_LO_5","AUT_001_MZB_LO_5-16.03.2004","16.03.2004",2004,3,16,"HYDROPSYCHE SP.",225.6
"AUT_001_MZB_LO_5","AUT_001_MZB_LO_5-16.03.2004","16.03.2004",2004,3,16,"LEPTOCERIDAE GEN. SP.",19.2
"AUT_001_MZB_LO_5","AUT_001_MZB_LO_5-16.03.2004","16.03.2004",2004,3,16,"NEMATODA GEN. SP.",19.2
"AUT_001_MZB_LO_5","AUT_001_MZB_LO_5-16.03.2004","16.03.2004",2004,3,16,"OLIGOCHAETA GEN. SP.",710.4
"AUT_001_MZB_LO_5","AUT_001_MZB_LO_5-16.03.2004","16.03.2004",2004,3,16,"OULIMNIUS TUBERCULATUS",14.4
"AUT_001_MZB_LO_5","AUT_001_MZB_LO_5-16.03.2004","16.03.2004",2004,3,16,"POTAMANTHUS LUTEUS",9.6
"AUT_001_MZB_LO_5","AUT_001_MZB_LO_5-16.03.2004","16.03.2004",2004,3,16,"PSYCHOMYIA PUSILLA",350.4
"AUT_001_MZB_LO_5","AUT_001_MZB_LO_5-16.03.2004","16.03.2004",2004,3,16,"RHYACOPHILA S. STR. SP.",14.4
"AUT_001_MZB_LO_5","AUT_001_MZB_LO_5-16.03.2004","16.03.2004",2004,3,16,"SIMULIIDAE GEN. SP.",4.8
"AUT_001_MZB_LO_5","AUT_001_MZB_LO_5-16.03.2007","16.03.2007",2007,3,16,"ANCYLUS FLUVIATILIS",14.4
"AUT_001_MZB_LO_5","AUT_001_MZB_LO_5-16.03.2007","16.03.2007",2007,3,16,"ANTOCHA SP.",57.6
"AUT_001_MZB_LO_5","AUT_001_MZB_LO_5-16.03.2007","16.03.2007",2007,3,16,"ATHERIX IBIS",0.8
"AUT_001_MZB_LO_5","AUT_001_MZB_LO_5-16.03.2007","16.03.2007",2007,3,16,"BAETIS SP.",148.8
"AUT_001_MZB_LO_5","AUT_001_MZB_LO_5-16.03.2007","16.03.2007",2007,3,16,"CERATOPOGONIDAE GEN. SP.",4.8
"AUT_001_MZB_LO_5","AUT_001_MZB_LO_5-16.03.2007","16.03.2007",2007,3,16,"CHEUMATOPSYCHE LEPIDA",9.6
"AUT_001_MZB_LO_5","AUT_001_MZB_LO_5-16.03.2007","16.03.2007",2007,3,16,"CHIRONOMIDAE GEN. SP.",820.8
"AUT_001_MZB_LO_5","AUT_001_MZB_LO_5-16.03.2007","16.03.2007",2007,3,16,"ELMIS SP.",4.8
"AUT_001_MZB_LO_5","AUT_001_MZB_LO_5-16.03.2007","16.03.2007",2007,3,16,"EMPIDIDAE GEN. SP.",24
"AUT_001_MZB_LO_5","AUT_001_MZB_LO_5-16.03.2007","16.03.2007",2007,3,16,"EPHEMERELLA MUCRONATA",4.8
"AUT_001_MZB_LO_5","AUT_001_MZB_LO_5-16.03.2007","16.03.2007",2007,3,16,"ERPOBDELLIDAE GEN. SP.",4.8
"AUT_001_MZB_LO_5","AUT_001_MZB_LO_5-16.03.2007","16.03.2007",2007,3,16,"GAMMARIDAE GEN. SP.",4478.4
"AUT_001_MZB_LO_5","AUT_001_MZB_LO_5-16.03.2007","16.03.2007",2007,3,16,"HEPTAGENIIDAE GEN. SP.",137.6
"AUT_001_MZB_LO_5","AUT_001_MZB_LO_5-16.03.2007","16.03.2007",2007,3,16,"HEXATOMA SP.",0.8
"AUT_001_MZB_LO_5","AUT_001_MZB_LO_5-16.03.2007","16.03.2007",2007,3,16,"HYDRACHNIDIA GEN. SP.",9.6
"AUT_001_MZB_LO_5","AUT_001_MZB_LO_5-16.03.2007","16.03.2007",2007,3,16,"HYDROPSYCHE SP.",230.4
"AUT_001_MZB_LO_5","AUT_001_MZB_LO_5-16.03.2007","16.03.2007",2007,3,16,"HYDROPTILA SP.",4.8
"AUT_001_MZB_LO_5","AUT_001_MZB_LO_5-16.03.2007","16.03.2007",2007,3,16,"ISOPERLA SP.",20
"AUT_001_MZB_LO_5","AUT_001_MZB_LO_5-16.03.2007","16.03.2007",2007,3,16,"LEPTOCERIDAE GEN. SP.",4.8
"AUT_001_MZB_LO_5","AUT_001_MZB_LO_5-16.03.2007","16.03.2007",2007,3,16,"LIMNIUS SP.",4.8
"AUT_001_MZB_LO_5","AUT_001_MZB_LO_5-16.03.2007","16.03.2007",2007,3,16,"OLIGOCHAETA GEN. SP.",979.2
"AUT_001_MZB_LO_5","AUT_001_MZB_LO_5-16.03.2007","16.03.2007",2007,3,16,"OULIMNIUS TUBERCULATUS",4.8
"AUT_001_MZB_LO_5","AUT_001_MZB_LO_5-16.03.2007","16.03.2007",2007,3,16,"PERLODES MICROCEPHALUS",9.6
"AUT_001_MZB_LO_5","AUT_001_MZB_LO_5-16.03.2007","16.03.2007",2007,3,16,"POTAMANTHUS LUTEUS",4.8
"AUT_001_MZB_LO_5","AUT_001_MZB_LO_5-16.03.2007","16.03.2007",2007,3,16,"PSYCHOMYIA PUSILLA",283.2
"AUT_001_MZB_LO_5","AUT_001_MZB_LO_5-16.03.2007","16.03.2007",2007,3,16,"RHYACOPHILA S. STR. SP.",0.8
"AUT_001_MZB_LO_5","AUT_001_MZB_LO_5-16.03.2007","16.03.2007",2007,3,16,"SILO SP.",0.8
"AUT_001_MZB_LO_5","AUT_001_MZB_LO_5-16.03.2007","16.03.2007",2007,3,16,"SIMULIIDAE GEN. SP.",9.6
"AUT_001_MZB_LO_5","AUT_001_MZB_LO_5-16.03.2007","16.03.2007",2007,3,16,"SPHAERIIDAE GEN. SP.",4.8
"AUT_001_MZB_LO_5","AUT_001_MZB_LO_5-12.03.2010","12.03.2010",2010,3,12,"AMPHINEMURA SP.",4.8
"AUT_001_MZB_LO_5","AUT_001_MZB_LO_5-12.03.2010","12.03.2010",2010,3,12,"ANTOCHA SP.",19.2
"AUT_001_MZB_LO_5","AUT_001_MZB_LO_5-12.03.2010","12.03.2010",2010,3,12,"APHELOCHEIRUS AESTIVALIS",4.8
"AUT_001_MZB_LO_5","AUT_001_MZB_LO_5-12.03.2010","12.03.2010",2010,3,12,"ATHERIX IBIS",5.6
"AUT_001_MZB_LO_5","AUT_001_MZB_LO_5-12.03.2010","12.03.2010",2010,3,12,"BAETIS SP.",182.4
"AUT_001_MZB_LO_5","AUT_001_MZB_LO_5-12.03.2010","12.03.2010",2010,3,12,"BRACHYCENTRUS SUBNUBILUS",0.8
"AUT_001_MZB_LO_5","AUT_001_MZB_LO_5-12.03.2010","12.03.2010",2010,3,12,"CHEUMATOPSYCHE LEPIDA",33.6
"AUT_001_MZB_LO_5","AUT_001_MZB_LO_5-12.03.2010","12.03.2010",2010,3,12,"CHIRONOMIDAE GEN. SP.",4934.4
"AUT_001_MZB_LO_5","AUT_001_MZB_LO_5-12.03.2010","12.03.2010",2010,3,12,"ELMIS SP.",19.2
"AUT_001_MZB_LO_5","AUT_001_MZB_LO_5-12.03.2010","12.03.2010",2010,3,12,"EMPIDIDAE GEN. SP.",14.4
"AUT_001_MZB_LO_5","AUT_001_MZB_LO_5-12.03.2010","12.03.2010",2010,3,12,"EPHEMERELLA MUCRONATA",9.6
"AUT_001_MZB_LO_5","AUT_001_MZB_LO_5-12.03.2010","12.03.2010",2010,3,12,"ERPOBDELLIDAE GEN. SP.",6.4
"AUT_001_MZB_LO_5","AUT_001_MZB_LO_5-12.03.2010","12.03.2010",2010,3,12,"ESOLUS SP.",9.6
"AUT_001_MZB_LO_5","AUT_001_MZB_LO_5-12.03.2010","12.03.2010",2010,3,12,"GAMMARIDAE GEN. SP.",2985.6
"AUT_001_MZB_LO_5","AUT_001_MZB_LO_5-12.03.2010","12.03.2010",2010,3,12,"GOMPHIDAE GEN. SP.",0.8
"AUT_001_MZB_LO_5","AUT_001_MZB_LO_5-12.03.2010","12.03.2010",2010,3,12,"GORDIIDAE GEN. SP.",52.8
"AUT_001_MZB_LO_5","AUT_001_MZB_LO_5-12.03.2010","12.03.2010",2010,3,12,"HEPTAGENIIDAE GEN. SP.",668
"AUT_001_MZB_LO_5","AUT_001_MZB_LO_5-12.03.2010","12.03.2010",2010,3,12,"HEXATOMA SP.",9.6
"AUT_001_MZB_LO_5","AUT_001_MZB_LO_5-12.03.2010","12.03.2010",2010,3,12,"HYDROPSYCHE SP.",110.4
"AUT_001_MZB_LO_5","AUT_001_MZB_LO_5-12.03.2010","12.03.2010",2010,3,12,"ISOPERLA SP.",139.2
"AUT_001_MZB_LO_5","AUT_001_MZB_LO_5-12.03.2010","12.03.2010",2010,3,12,"LEPTOPHLEBIIDAE GEN. SP.",4.8
"AUT_001_MZB_LO_5","AUT_001_MZB_LO_5-12.03.2010","12.03.2010",2010,3,12,"LEUCTRA SP.",4.8
"AUT_001_MZB_LO_5","AUT_001_MZB_LO_5-12.03.2010","12.03.2010",2010,3,12,"LIMNIUS SP.",4.8
"AUT_001_MZB_LO_5","AUT_001_MZB_LO_5-12.03.2010","12.03.2010",2010,3,12,"NEMOURA SP.",4.8
"AUT_001_MZB_LO_5","AUT_001_MZB_LO_5-12.03.2010","12.03.2010",2010,3,12,"OLIGOCHAETA GEN. SP.",3326.4
"AUT_001_MZB_LO_5","AUT_001_MZB_LO_5-12.03.2010","12.03.2010",2010,3,12,"ORECTOCHILUS VILLOSUS",14.4
"AUT_001_MZB_LO_5","AUT_001_MZB_LO_5-12.03.2010","12.03.2010",2010,3,12,"OULIMNIUS TUBERCULATUS",4.8
"AUT_001_MZB_LO_5","AUT_001_MZB_LO_5-12.03.2010","12.03.2010",2010,3,12,"PROTONEMURA SP.",28.8
"AUT_001_MZB_LO_5","AUT_001_MZB_LO_5-12.03.2010","12.03.2010",2010,3,12,"PSYCHODIDAE GEN. SP.",4.8
"AUT_001_MZB_LO_5","AUT_001_MZB_LO_5-12.03.2010","12.03.2010",2010,3,12,"PSYCHOMYIA PUSILLA",38.4
"AUT_001_MZB_LO_5","AUT_001_MZB_LO_5-12.03.2010","12.03.2010",2010,3,12,"RHYACOPHILA S. STR. SP.",19.2
"AUT_001_MZB_LO_5","AUT_001_MZB_LO_5-12.03.2010","12.03.2010",2010,3,12,"SERICOSTOMA SP.",4.8
"AUT_001_MZB_LO_5","AUT_001_MZB_LO_5-12.03.2010","12.03.2010",2010,3,12,"SIMULIIDAE GEN. SP.",9.6
"AUT_001_MZB_LO_5","AUT_001_MZB_LO_5-12.03.2010","12.03.2010",2010,3,12,"TAENIOPTERYGIDAE GEN. SP.",4.8
"AUT_001_MZB_LO_5","AUT_001_MZB_LO_5-12.03.2010","12.03.2010",2010,3,12,"TORLEYA MAJOR",9.6
"AUT_001_MZB_LO_5","AUT_001_MZB_LO_5-25.02.2013","25.02.2013",2013,2,25,"ANCYLUS FLUVIATILIS",4.8
"AUT_001_MZB_LO_5","AUT_001_MZB_LO_5-25.02.2013","25.02.2013",2013,2,25,"ANTOCHA SP.",19.2
"AUT_001_MZB_LO_5","AUT_001_MZB_LO_5-25.02.2013","25.02.2013",2013,2,25,"APHELOCHEIRUS AESTIVALIS",4.8
"AUT_001_MZB_LO_5","AUT_001_MZB_LO_5-25.02.2013","25.02.2013",2013,2,25,"BAETIS SP.",134.4
"AUT_001_MZB_LO_5","AUT_001_MZB_LO_5-25.02.2013","25.02.2013",2013,2,25,"CHEUMATOPSYCHE LEPIDA",33.6
"AUT_001_MZB_LO_5","AUT_001_MZB_LO_5-25.02.2013","25.02.2013",2013,2,25,"CHIRONOMIDAE GEN. SP.",960
"AUT_001_MZB_LO_5","AUT_001_MZB_LO_5-25.02.2013","25.02.2013",2013,2,25,"DICRANOTA SP.",5.6
"AUT_001_MZB_LO_5","AUT_001_MZB_LO_5-25.02.2013","25.02.2013",2013,2,25,"DINOCRAS CEPHALOTES",4.8
"AUT_001_MZB_LO_5","AUT_001_MZB_LO_5-25.02.2013","25.02.2013",2013,2,25,"EMPIDIDAE GEN. SP.",28.8
"AUT_001_MZB_LO_5","AUT_001_MZB_LO_5-25.02.2013","25.02.2013",2013,2,25,"ERPOBDELLIDAE GEN. SP.",1.6
"AUT_001_MZB_LO_5","AUT_001_MZB_LO_5-25.02.2013","25.02.2013",2013,2,25,"ESOLUS SP.",4.8
"AUT_001_MZB_LO_5","AUT_001_MZB_LO_5-25.02.2013","25.02.2013",2013,2,25,"GAMMARIDAE GEN. SP.",1771.2
"AUT_001_MZB_LO_5","AUT_001_MZB_LO_5-25.02.2013","25.02.2013",2013,2,25,"GORDIIDAE GEN. SP.",19.2
"AUT_001_MZB_LO_5","AUT_001_MZB_LO_5-25.02.2013","25.02.2013",2013,2,25,"HEPTAGENIIDAE GEN. SP.",304.8
"AUT_001_MZB_LO_5","AUT_001_MZB_LO_5-25.02.2013","25.02.2013",2013,2,25,"HYDRACHNIDIA GEN. SP.",4.8
"AUT_001_MZB_LO_5","AUT_001_MZB_LO_5-25.02.2013","25.02.2013",2013,2,25,"HYDROPSYCHE SP.",142.4
"AUT_001_MZB_LO_5","AUT_001_MZB_LO_5-25.02.2013","25.02.2013",2013,2,25,"ISOPERLA SP.",126.4
"AUT_001_MZB_LO_5","AUT_001_MZB_LO_5-25.02.2013","25.02.2013",2013,2,25,"LEPTOPHLEBIIDAE GEN. SP.",14.4
"AUT_001_MZB_LO_5","AUT_001_MZB_LO_5-25.02.2013","25.02.2013",2013,2,25,"LEUCTRA SP.",14.4
"AUT_001_MZB_LO_5","AUT_001_MZB_LO_5-25.02.2013","25.02.2013",2013,2,25,"LIMNIUS SP.",9.6
"AUT_001_MZB_LO_5","AUT_001_MZB_LO_5-25.02.2013","25.02.2013",2013,2,25,"OLIGOCHAETA GEN. SP.",348.8
"AUT_001_MZB_LO_5","AUT_001_MZB_LO_5-25.02.2013","25.02.2013",2013,2,25,"PSYCHOMYIA PUSILLA",81.6
"AUT_001_MZB_LO_5","AUT_001_MZB_LO_5-25.02.2013","25.02.2013",2013,2,25,"RHYACOPHILA S. STR. SP.",16
"AUT_001_MZB_LO_5","AUT_001_MZB_LO_5-25.02.2013","25.02.2013",2013,2,25,"SIPHLONURUS SP.",4.8
"AUT_001_MZB_LO_5","AUT_001_MZB_LO_5-18.03.2016","18.03.2016",2016,3,18,"ANCYLUS FLUVIATILIS",28.8
"AUT_001_MZB_LO_5","AUT_001_MZB_LO_5-18.03.2016","18.03.2016",2016,3,18,"ANTOCHA SP.",19.2
"AUT_001_MZB_LO_5","AUT_001_MZB_LO_5-18.03.2016","18.03.2016",2016,3,18,"BAETIS SP.",312
"AUT_001_MZB_LO_5","AUT_001_MZB_LO_5-18.03.2016","18.03.2016",2016,3,18,"CHEUMATOPSYCHE LEPIDA",163.2
"AUT_001_MZB_LO_5","AUT_001_MZB_LO_5-18.03.2016","18.03.2016",2016,3,18,"CHIRONOMIDAE GEN. SP.",369.6
"AUT_001_MZB_LO_5","AUT_001_MZB_LO_5-18.03.2016","18.03.2016",2016,3,18,"DICRANOTA SP.",9.6
"AUT_001_MZB_LO_5","AUT_001_MZB_LO_5-18.03.2016","18.03.2016",2016,3,18,"ELMIS SP.",9.6
"AUT_001_MZB_LO_5","AUT_001_MZB_LO_5-18.03.2016","18.03.2016",2016,3,18,"ERPOBDELLIDAE GEN. SP.",1.6
"AUT_001_MZB_LO_5","AUT_001_MZB_LO_5-18.03.2016","18.03.2016",2016,3,18,"ESOLUS SP.",4.8
"AUT_001_MZB_LO_5","AUT_001_MZB_LO_5-18.03.2016","18.03.2016",2016,3,18,"GAMMARIDAE GEN. SP.",2342.4
"AUT_001_MZB_LO_5","AUT_001_MZB_LO_5-18.03.2016","18.03.2016",2016,3,18,"GORDIIDAE GEN. SP.",33.6
"AUT_001_MZB_LO_5","AUT_001_MZB_LO_5-18.03.2016","18.03.2016",2016,3,18,"HEPTAGENIIDAE GEN. SP.",537.6
"AUT_001_MZB_LO_5","AUT_001_MZB_LO_5-18.03.2016","18.03.2016",2016,3,18,"HEXATOMA SP.",0.8
"AUT_001_MZB_LO_5","AUT_001_MZB_LO_5-18.03.2016","18.03.2016",2016,3,18,"HYDRACHNIDIA GEN. SP.",24
"AUT_001_MZB_LO_5","AUT_001_MZB_LO_5-18.03.2016","18.03.2016",2016,3,18,"HYDROPSYCHE SP.",129.6
"AUT_001_MZB_LO_5","AUT_001_MZB_LO_5-18.03.2016","18.03.2016",2016,3,18,"HYDROPTILA SP.",4.8
"AUT_001_MZB_LO_5","AUT_001_MZB_LO_5-18.03.2016","18.03.2016",2016,3,18,"ISOPERLA SP.",81.6
"AUT_001_MZB_LO_5","AUT_001_MZB_LO_5-18.03.2016","18.03.2016",2016,3,18,"LEPTOCERIDAE GEN. SP.",9.6
"AUT_001_MZB_LO_5","AUT_001_MZB_LO_5-18.03.2016","18.03.2016",2016,3,18,"LIMNIUS SP.",4.8
"AUT_001_MZB_LO_5","AUT_001_MZB_LO_5-18.03.2016","18.03.2016",2016,3,18,"OLIGOCHAETA GEN. SP.",1783.2
"AUT_001_MZB_LO_5","AUT_001_MZB_LO_5-18.03.2016","18.03.2016",2016,3,18,"ORECTOCHILUS VILLOSUS",9.6
"AUT_001_MZB_LO_5","AUT_001_MZB_LO_5-18.03.2016","18.03.2016",2016,3,18,"OULIMNIUS TUBERCULATUS",4.8
"AUT_001_MZB_LO_5","AUT_001_MZB_LO_5-18.03.2016","18.03.2016",2016,3,18,"POTAMANTHUS LUTEUS",4.8
"AUT_001_MZB_LO_5","AUT_001_MZB_LO_5-18.03.2016","18.03.2016",2016,3,18,"PSYCHOMYIA PUSILLA",67.2
"AUT_001_MZB_LO_5","AUT_001_MZB_LO_5-18.03.2016","18.03.2016",2016,3,18,"RHYACOPHILA S. STR. SP.",4.8
"AUT_001_MZB_LO_5","AUT_001_MZB_LO_5-18.03.2016","18.03.2016",2016,3,18,"SIMULIIDAE GEN. SP.",43.2
"AUT_001_MZB_LO_5","AUT_001_MZB_LO_5-18.03.2016","18.03.2016",2016,3,18,"TAENIOPTERYGIDAE GEN. SP.",4.8
"AUT_001_MZB_LO_5","AUT_001_MZB_LO_5-18.03.2016","18.03.2016",2016,3,18,"TURBELLARIA GEN. SP.",9.6
"AUT_001_MZB_LO_7","AUT_001_MZB_LO_7-30.07.2008","30.07.2008",2008,7,30,"ASELLUS AQUATICUS",36.8
"AUT_001_MZB_LO_7","AUT_001_MZB_LO_7-30.07.2008","30.07.2008",2008,7,30,"CHIRONOMIDAE GEN. SP.",46.4
"AUT_001_MZB_LO_7","AUT_001_MZB_LO_7-30.07.2008","30.07.2008",2008,7,30,"ERPOBDELLIDAE GEN. SP.",3.2
"AUT_001_MZB_LO_7","AUT_001_MZB_LO_7-30.07.2008","30.07.2008",2008,7,30,"GERRIS SP.",3.2
"AUT_001_MZB_LO_7","AUT_001_MZB_LO_7-30.07.2008","30.07.2008",2008,7,30,"GLOSSIPHONIIDAE GEN. SP.",5.6
"AUT_001_MZB_LO_7","AUT_001_MZB_LO_7-30.07.2008","30.07.2008",2008,7,30,"HYDRACHNIDIA GEN. SP.",1.6
"AUT_001_MZB_LO_7","AUT_001_MZB_LO_7-30.07.2008","30.07.2008",2008,7,30,"HYDRAENA SP.",0.8
"AUT_001_MZB_LO_7","AUT_001_MZB_LO_7-30.07.2008","30.07.2008",2008,7,30,"HYDROPHILIDAE GEN. SP.",0.8
"AUT_001_MZB_LO_7","AUT_001_MZB_LO_7-30.07.2008","30.07.2008",2008,7,30,"HYDROPSYCHE SP.",3.2
"AUT_001_MZB_LO_7","AUT_001_MZB_LO_7-30.07.2008","30.07.2008",2008,7,30,"HYDROPTILA SP.",3.2
"AUT_001_MZB_LO_7","AUT_001_MZB_LO_7-30.07.2008","30.07.2008",2008,7,30,"NEMATODA GEN. SP.",3.2
"AUT_001_MZB_LO_7","AUT_001_MZB_LO_7-30.07.2008","30.07.2008",2008,7,30,"OLIGOCHAETA GEN. SP.",1168
"AUT_001_MZB_LO_7","AUT_001_MZB_LO_7-30.07.2008","30.07.2008",2008,7,30,"PHYSELLA SP.",3.2
"AUT_001_MZB_LO_7","AUT_001_MZB_LO_7-30.06.2010","30.06.2010",2010,6,30,"AMPULLACEANA BALTHICA",1.6
"AUT_001_MZB_LO_7","AUT_001_MZB_LO_7-30.06.2010","30.06.2010",2010,6,30,"ASELLUS AQUATICUS",56.8
"AUT_001_MZB_LO_7","AUT_001_MZB_LO_7-30.06.2010","30.06.2010",2010,6,30,"BAETIS SP.",85.6
"AUT_001_MZB_LO_7","AUT_001_MZB_LO_7-30.06.2010","30.06.2010",2010,6,30,"CERATOPOGONIDAE GEN. SP.",1.6
"AUT_001_MZB_LO_7","AUT_001_MZB_LO_7-30.06.2010","30.06.2010",2010,6,30,"CHIRONOMIDAE GEN. SP.",95.2
"AUT_001_MZB_LO_7","AUT_001_MZB_LO_7-30.06.2010","30.06.2010",2010,6,30,"DICRANOTA SP.",9.6
"AUT_001_MZB_LO_7","AUT_001_MZB_LO_7-30.06.2010","30.06.2010",2010,6,30,"ERPOBDELLIDAE GEN. SP.",5.6
"AUT_001_MZB_LO_7","AUT_001_MZB_LO_7-30.06.2010","30.06.2010",2010,6,30,"HYDRACHNIDIA GEN. SP.",1.6
"AUT_001_MZB_LO_7","AUT_001_MZB_LO_7-30.06.2010","30.06.2010",2010,6,30,"HYDROPSYCHE SP.",50.4
"AUT_001_MZB_LO_7","AUT_001_MZB_LO_7-30.06.2010","30.06.2010",2010,6,30,"HYDROPTILA SP.",1.6
"AUT_001_MZB_LO_7","AUT_001_MZB_LO_7-30.06.2010","30.06.2010",2010,6,30,"HYDROZOA GEN. SP.",1.6
"AUT_001_MZB_LO_7","AUT_001_MZB_LO_7-30.06.2010","30.06.2010",2010,6,30,"LEPTOPHLEBIIDAE GEN. SP.",1.6
"AUT_001_MZB_LO_7","AUT_001_MZB_LO_7-30.06.2010","30.06.2010",2010,6,30,"NEMATODA GEN. SP.",4
"AUT_001_MZB_LO_7","AUT_001_MZB_LO_7-30.06.2010","30.06.2010",2010,6,30,"OLIGOCHAETA GEN. SP.",783.2
"AUT_001_MZB_LO_7","AUT_001_MZB_LO_7-30.06.2010","30.06.2010",2010,6,30,"PISCICOLIDAE GEN. SP.",4.8
"AUT_001_MZB_LO_7","AUT_001_MZB_LO_7-30.06.2010","30.06.2010",2010,6,30,"SIMULIIDAE GEN. SP.",68.8
"AUT_001_MZB_LO_7","AUT_001_MZB_LO_7-19.07.2011","19.07.2011",2011,7,19,"ANODONTA SP.",0.8
"AUT_001_MZB_LO_7","AUT_001_MZB_LO_7-19.07.2011","19.07.2011",2011,7,19,"BAETIS SP.",3.2
"AUT_001_MZB_LO_7","AUT_001_MZB_LO_7-19.07.2011","19.07.2011",2011,7,19,"CHIRONOMIDAE GEN. SP.",1138.4
"AUT_001_MZB_LO_7","AUT_001_MZB_LO_7-19.07.2011","19.07.2011",2011,7,19,"DICRANOTA SP.",24
"AUT_001_MZB_LO_7","AUT_001_MZB_LO_7-19.07.2011","19.07.2011",2011,7,19,"EMPIDIDAE GEN. SP.",3.2
"AUT_001_MZB_LO_7","AUT_001_MZB_LO_7-19.07.2011","19.07.2011",2011,7,19,"ERPOBDELLIDAE GEN. SP.",3.2
"AUT_001_MZB_LO_7","AUT_001_MZB_LO_7-19.07.2011","19.07.2011",2011,7,19,"GYRAULUS SP.",3.2
"AUT_001_MZB_LO_7","AUT_001_MZB_LO_7-19.07.2011","19.07.2011",2011,7,19,"HYDRACHNIDIA GEN. SP.",3.2
"AUT_001_MZB_LO_7","AUT_001_MZB_LO_7-19.07.2011","19.07.2011",2011,7,19,"HYDROPSYCHE SP.",195.2
"AUT_001_MZB_LO_7","AUT_001_MZB_LO_7-19.07.2011","19.07.2011",2011,7,19,"HYDROPTILA SP.",8.8
"AUT_001_MZB_LO_7","AUT_001_MZB_LO_7-19.07.2011","19.07.2011",2011,7,19,"MICRONECTA SP.",32.8
"AUT_001_MZB_LO_7","AUT_001_MZB_LO_7-19.07.2011","19.07.2011",2011,7,19,"NEMATODA GEN. SP.",3.2
"AUT_001_MZB_LO_7","AUT_001_MZB_LO_7-19.07.2011","19.07.2011",2011,7,19,"OLIGOCHAETA GEN. SP.",1326.4
"AUT_001_MZB_LO_7","AUT_001_MZB_LO_7-19.07.2011","19.07.2011",2011,7,19,"PHYSELLA SP.",6.4
"AUT_001_MZB_LO_7","AUT_001_MZB_LO_7-19.07.2011","19.07.2011",2011,7,19,"PISCICOLIDAE GEN. SP.",0.8
"AUT_001_MZB_LO_7","AUT_001_MZB_LO_7-19.07.2011","19.07.2011",2011,7,19,"POTAMOPYRGUS ANTIPODARUM",8.8
"AUT_001_MZB_LO_7","AUT_001_MZB_LO_7-30.06.2015","30.06.2015",2015,6,30,"ANABOLIA FURCATA",10.4
"AUT_001_MZB_LO_7","AUT_001_MZB_LO_7-30.06.2015","30.06.2015",2015,6,30,"ASELLUS AQUATICUS",220.8
"AUT_001_MZB_LO_7","AUT_001_MZB_LO_7-30.06.2015","30.06.2015",2015,6,30,"BAETIS SP.",24
"AUT_001_MZB_LO_7","AUT_001_MZB_LO_7-30.06.2015","30.06.2015",2015,6,30,"BRACHYCENTRUS SUBNUBILUS",4.8
"AUT_001_MZB_LO_7","AUT_001_MZB_LO_7-30.06.2015","30.06.2015",2015,6,30,"CHIRONOMIDAE GEN. SP.",2092.8
"AUT_001_MZB_LO_7","AUT_001_MZB_LO_7-30.06.2015","30.06.2015",2015,6,30,"EPHYDRIDAE GEN. SP.",4.8
"AUT_001_MZB_LO_7","AUT_001_MZB_LO_7-30.06.2015","30.06.2015",2015,6,30,"ERPOBDELLIDAE GEN. SP.",10.4
"AUT_001_MZB_LO_7","AUT_001_MZB_LO_7-30.06.2015","30.06.2015",2015,6,30,"GLOSSIPHONIIDAE GEN. SP.",4.8
"AUT_001_MZB_LO_7","AUT_001_MZB_LO_7-30.06.2015","30.06.2015",2015,6,30,"HALIPLUS SP.",4.8
"AUT_001_MZB_LO_7","AUT_001_MZB_LO_7-30.06.2015","30.06.2015",2015,6,30,"HYDROPSYCHE SP.",19.2
"AUT_001_MZB_LO_7","AUT_001_MZB_LO_7-30.06.2015","30.06.2015",2015,6,30,"MICRONECTA SP.",9.6
"AUT_001_MZB_LO_7","AUT_001_MZB_LO_7-30.06.2015","30.06.2015",2015,6,30,"OLIGOCHAETA GEN. SP.",11933.6
"AUT_001_MZB_LO_7","AUT_001_MZB_LO_7-30.06.2015","30.06.2015",2015,6,30,"PHYSELLA SP.",72.8
"AUT_001_MZB_LO_7","AUT_001_MZB_LO_7-30.06.2015","30.06.2015",2015,6,30,"POTAMOPYRGUS ANTIPODARUM",1377.6
"AUT_001_MZB_LO_7","AUT_001_MZB_LO_7-30.06.2015","30.06.2015",2015,6,30,"PSYCHODIDAE GEN. SP.",4.8
"AUT_001_MZB_LO_7","AUT_001_MZB_LO_7-30.06.2015","30.06.2015",2015,6,30,"RADIX AURICULARIA",0.8
"AUT_001_MZB_LO_7","AUT_001_MZB_LO_7-30.06.2015","30.06.2015",2015,6,30,"SIMULIIDAE GEN. SP.",24
"AUT_001_MZB_LO_7","AUT_001_MZB_LO_7-30.06.2015","30.06.2015",2015,6,30,"SPHAERIIDAE GEN. SP.",859.2
"AUT_001_MZB_LO_7","AUT_001_MZB_LO_7-27.06.2017","27.06.2017",2017,6,27,"ASELLUS AQUATICUS",5208
"AUT_001_MZB_LO_7","AUT_001_MZB_LO_7-27.06.2017","27.06.2017",2017,6,27,"BAETIS SP.",4.8
"AUT_001_MZB_LO_7","AUT_001_MZB_LO_7-27.06.2017","27.06.2017",2017,6,27,"CERATOPOGONIDAE GEN. SP.",9.6
"AUT_001_MZB_LO_7","AUT_001_MZB_LO_7-27.06.2017","27.06.2017",2017,6,27,"CHIRONOMIDAE GEN. SP.",993.6
"AUT_001_MZB_LO_7","AUT_001_MZB_LO_7-27.06.2017","27.06.2017",2017,6,27,"CLOEON DIPTERUM",326.4
"AUT_001_MZB_LO_7","AUT_001_MZB_LO_7-27.06.2017","27.06.2017",2017,6,27,"COENAGRIONIDAE GEN. SP.",9.6
"AUT_001_MZB_LO_7","AUT_001_MZB_LO_7-27.06.2017","27.06.2017",2017,6,27,"DOLICHOPODIDAE GEN. SP.",4.8
"AUT_001_MZB_LO_7","AUT_001_MZB_LO_7-27.06.2017","27.06.2017",2017,6,27,"ERPOBDELLIDAE GEN. SP.",577.6
"AUT_001_MZB_LO_7","AUT_001_MZB_LO_7-27.06.2017","27.06.2017",2017,6,27,"GLOSSIPHONIIDAE GEN. SP.",100.8
"AUT_001_MZB_LO_7","AUT_001_MZB_LO_7-27.06.2017","27.06.2017",2017,6,27,"HALIPLUS SP.",379.2
"AUT_001_MZB_LO_7","AUT_001_MZB_LO_7-27.06.2017","27.06.2017",2017,6,27,"HYDROPORUS PALUSTRIS",4.8
"AUT_001_MZB_LO_7","AUT_001_MZB_LO_7-27.06.2017","27.06.2017",2017,6,27,"HYDROPTILA SP.",38.4
"AUT_001_MZB_LO_7","AUT_001_MZB_LO_7-27.06.2017","27.06.2017",2017,6,27,"HYDROZOA GEN. SP.",168
"AUT_001_MZB_LO_7","AUT_001_MZB_LO_7-27.06.2017","27.06.2017",2017,6,27,"LIBELLULIDAE GEN. SP.",14.4
"AUT_001_MZB_LO_7","AUT_001_MZB_LO_7-27.06.2017","27.06.2017",2017,6,27,"OLIGOCHAETA GEN. SP.",1928
"AUT_001_MZB_LO_7","AUT_001_MZB_LO_7-27.06.2017","27.06.2017",2017,6,27,"PEREGRIANA LABIATA",0.8
"AUT_001_MZB_LO_7","AUT_001_MZB_LO_7-27.06.2017","27.06.2017",2017,6,27,"PISCICOLIDAE GEN. SP.",4.8
"AUT_001_MZB_LO_7","AUT_001_MZB_LO_7-27.06.2017","27.06.2017",2017,6,27,"POTAMOPYRGUS ANTIPODARUM",13065.6
"AUT_001_MZB_LO_7","AUT_001_MZB_LO_7-27.06.2017","27.06.2017",2017,6,27,"PSYCHODIDAE GEN. SP.",4.8
"AUT_001_MZB_LO_7","AUT_001_MZB_LO_7-27.06.2017","27.06.2017",2017,6,27,"SPHAERIIDAE GEN. SP.",96
"AUT_001_MZB_LO_7","AUT_001_MZB_LO_7-27.06.2017","27.06.2017",2017,6,27,"STRATIOMYS SP.",4.8
"AUT_001_MZB_LO_7","AUT_001_MZB_LO_7-27.06.2017","27.06.2017",2017,6,27,"TURBELLARIA GEN. SP.",38.4
"AUT_001_MZB_LO_7","AUT_001_MZB_LO_7-03.07.2018","03.07.2018",2018,7,3,"ANABOLIA FURCATA",5.6
"AUT_001_MZB_LO_7","AUT_001_MZB_LO_7-03.07.2018","03.07.2018",2018,7,3,"ASELLUS AQUATICUS",1819.2
"AUT_001_MZB_LO_7","AUT_001_MZB_LO_7-03.07.2018","03.07.2018",2018,7,3,"BAETIS SP.",43.2
"AUT_001_MZB_LO_7","AUT_001_MZB_LO_7-03.07.2018","03.07.2018",2018,7,3,"CHIRONOMIDAE GEN. SP.",163.2
"AUT_001_MZB_LO_7","AUT_001_MZB_LO_7-03.07.2018","03.07.2018",2018,7,3,"CLOEON DIPTERUM",24
"AUT_001_MZB_LO_7","AUT_001_MZB_LO_7-03.07.2018","03.07.2018",2018,7,3,"ERPOBDELLIDAE GEN. SP.",120
"AUT_001_MZB_LO_7","AUT_001_MZB_LO_7-03.07.2018","03.07.2018",2018,7,3,"GLOSSIPHONIIDAE GEN. SP.",96
"AUT_001_MZB_LO_7","AUT_001_MZB_LO_7-03.07.2018","03.07.2018",2018,7,3,"HALIPLUS SP.",110.4
"AUT_001_MZB_LO_7","AUT_001_MZB_LO_7-03.07.2018","03.07.2018",2018,7,3,"HYDRACHNIDIA GEN. SP.",19.2
"AUT_001_MZB_LO_7","AUT_001_MZB_LO_7-03.07.2018","03.07.2018",2018,7,3,"HYDROPSYCHE SP.",33.6
"AUT_001_MZB_LO_7","AUT_001_MZB_LO_7-03.07.2018","03.07.2018",2018,7,3,"HYDROPTILA SP.",9.6
"AUT_001_MZB_LO_7","AUT_001_MZB_LO_7-03.07.2018","03.07.2018",2018,7,3,"LIBELLULIDAE GEN. SP.",1.6
"AUT_001_MZB_LO_7","AUT_001_MZB_LO_7-03.07.2018","03.07.2018",2018,7,3,"LIMNEPHILUS RHOMBICUS SSP.",4.8
"AUT_001_MZB_LO_7","AUT_001_MZB_LO_7-03.07.2018","03.07.2018",2018,7,3,"OLIGOCHAETA GEN. SP.",956.8
"AUT_001_MZB_LO_7","AUT_001_MZB_LO_7-03.07.2018","03.07.2018",2018,7,3,"OULIMNIUS TUBERCULATUS",4.8
"AUT_001_MZB_LO_7","AUT_001_MZB_LO_7-03.07.2018","03.07.2018",2018,7,3,"PISCICOLIDAE GEN. SP.",4.8
"AUT_001_MZB_LO_7","AUT_001_MZB_LO_7-03.07.2018","03.07.2018",2018,7,3,"PLATYCNEMIS PENNIPES",14.4
"AUT_001_MZB_LO_7","AUT_001_MZB_LO_7-03.07.2018","03.07.2018",2018,7,3,"POTAMOPYRGUS ANTIPODARUM",72
"AUT_001_MZB_LO_7","AUT_001_MZB_LO_7-03.07.2018","03.07.2018",2018,7,3,"SIMULIIDAE GEN. SP.",33.6
"AUT_001_MZB_LO_7","AUT_001_MZB_LO_7-03.07.2018","03.07.2018",2018,7,3,"SPHAERIIDAE GEN. SP.",28.8
"AUT_001_MZB_LO_7","AUT_001_MZB_LO_7-03.07.2018","03.07.2018",2018,7,3,"TIPULA SP.",4.8
"AUT_001_MZB_LO_7","AUT_001_MZB_LO_7-03.07.2018","03.07.2018",2018,7,3,"TURBELLARIA GEN. SP.",14.4
"AUT_001_MZB_LO_7","AUT_001_MZB_LO_7-04.07.2019","04.07.2019",2019,7,4,"ASELLUS AQUATICUS",187.2
"AUT_001_MZB_LO_7","AUT_001_MZB_LO_7-04.07.2019","04.07.2019",2019,7,4,"BAETIS SP.",9.6
"AUT_001_MZB_LO_7","AUT_001_MZB_LO_7-04.07.2019","04.07.2019",2019,7,4,"CERATOPOGONIDAE GEN. SP.",9.6
"AUT_001_MZB_LO_7","AUT_001_MZB_LO_7-04.07.2019","04.07.2019",2019,7,4,"CHIRONOMIDAE GEN. SP.",945.6
"AUT_001_MZB_LO_7","AUT_001_MZB_LO_7-04.07.2019","04.07.2019",2019,7,4,"CLOEON DIPTERUM",14.4
"AUT_001_MZB_LO_7","AUT_001_MZB_LO_7-04.07.2019","04.07.2019",2019,7,4,"ELMIS SP.",9.6
"AUT_001_MZB_LO_7","AUT_001_MZB_LO_7-04.07.2019","04.07.2019",2019,7,4,"ERPOBDELLIDAE GEN. SP.",11.2
"AUT_001_MZB_LO_7","AUT_001_MZB_LO_7-04.07.2019","04.07.2019",2019,7,4,"GAMMARIDAE GEN. SP.",6.4
"AUT_001_MZB_LO_7","AUT_001_MZB_LO_7-04.07.2019","04.07.2019",2019,7,4,"GLOSSIPHONIIDAE GEN. SP.",4.8
"AUT_001_MZB_LO_7","AUT_001_MZB_LO_7-04.07.2019","04.07.2019",2019,7,4,"HYDRACHNIDIA GEN. SP.",4.8
"AUT_001_MZB_LO_7","AUT_001_MZB_LO_7-04.07.2019","04.07.2019",2019,7,4,"HYDROZOA GEN. SP.",24
"AUT_001_MZB_LO_7","AUT_001_MZB_LO_7-04.07.2019","04.07.2019",2019,7,4,"OLIGOCHAETA GEN. SP.",2612.8
"AUT_001_MZB_LO_7","AUT_001_MZB_LO_7-04.07.2019","04.07.2019",2019,7,4,"PHYSELLA SP.",19.2
"AUT_001_MZB_LO_7","AUT_001_MZB_LO_7-04.07.2019","04.07.2019",2019,7,4,"POTAMOPYRGUS ANTIPODARUM",129.6
"AUT_001_MZB_LO_7","AUT_001_MZB_LO_7-04.07.2019","04.07.2019",2019,7,4,"PSYCHODIDAE GEN. SP.",4.8
"AUT_001_MZB_LO_7","AUT_001_MZB_LO_7-04.07.2019","04.07.2019",2019,7,4,"RHYACOPHILA S. STR. SP.",4.8
"AUT_001_MZB_LO_7","AUT_001_MZB_LO_7-04.07.2019","04.07.2019",2019,7,4,"SERRATELLA IGNITA",24
"AUT_001_MZB_LO_7","AUT_001_MZB_LO_7-04.07.2019","04.07.2019",2019,7,4,"SIMULIIDAE GEN. SP.",14.4
"AUT_001_MZB_LO_7","AUT_001_MZB_LO_7-04.07.2019","04.07.2019",2019,7,4,"SPHAERIIDAE GEN. SP.",16
"AUT_001_MZB_LO_7","AUT_001_MZB_LO_7-04.07.2019","04.07.2019",2019,7,4,"TURBELLARIA GEN. SP.",9.6
"AUT_001_MZB_LO_9","AUT_001_MZB_LO_9-12.06.2007","12.06.2007",2007,6,12,"ANCYLUS FLUVIATILIS",24
"AUT_001_MZB_LO_9","AUT_001_MZB_LO_9-12.06.2007","12.06.2007",2007,6,12,"ANODONTA SP.",0.8
"AUT_001_MZB_LO_9","AUT_001_MZB_LO_9-12.06.2007","12.06.2007",2007,6,12,"APHELOCHEIRUS AESTIVALIS",48
"AUT_001_MZB_LO_9","AUT_001_MZB_LO_9-12.06.2007","12.06.2007",2007,6,12,"BAETIS SP.",235.2
"AUT_001_MZB_LO_9","AUT_001_MZB_LO_9-12.06.2007","12.06.2007",2007,6,12,"CAENIS SP.",576
"AUT_001_MZB_LO_9","AUT_001_MZB_LO_9-12.06.2007","12.06.2007",2007,6,12,"CERATOPOGONIDAE GEN. SP.",0.8
"AUT_001_MZB_LO_9","AUT_001_MZB_LO_9-12.06.2007","12.06.2007",2007,6,12,"CHIRONOMIDAE GEN. SP.",1560
"AUT_001_MZB_LO_9","AUT_001_MZB_LO_9-12.06.2007","12.06.2007",2007,6,12,"DUGESIA SP.",9.6
"AUT_001_MZB_LO_9","AUT_001_MZB_LO_9-12.06.2007","12.06.2007",2007,6,12,"EMPIDIDAE GEN. SP.",28.8
"AUT_001_MZB_LO_9","AUT_001_MZB_LO_9-12.06.2007","12.06.2007",2007,6,12,"GOMPHIDAE GEN. SP.",4.8
"AUT_001_MZB_LO_9","AUT_001_MZB_LO_9-12.06.2007","12.06.2007",2007,6,12,"HEXATOMA SP.",9.6
"AUT_001_MZB_LO_9","AUT_001_MZB_LO_9-12.06.2007","12.06.2007",2007,6,12,"HYDROPSYCHE SP.",187.2
"AUT_001_MZB_LO_9","AUT_001_MZB_LO_9-12.06.2007","12.06.2007",2007,6,12,"HYDROPTILA SP.",182.4
"AUT_001_MZB_LO_9","AUT_001_MZB_LO_9-12.06.2007","12.06.2007",2007,6,12,"OLIGOCHAETA GEN. SP.",81.6
"AUT_001_MZB_LO_9","AUT_001_MZB_LO_9-12.06.2007","12.06.2007",2007,6,12,"POLYCENTROPODIDAE GEN. SP.",240
"AUT_001_MZB_LO_9","AUT_001_MZB_LO_9-12.06.2007","12.06.2007",2007,6,12,"POTAMANTHUS LUTEUS",307.2
"AUT_001_MZB_LO_9","AUT_001_MZB_LO_9-12.06.2007","12.06.2007",2007,6,12,"POTAMOPYRGUS ANTIPODARUM",0.8
"AUT_001_MZB_LO_9","AUT_001_MZB_LO_9-12.06.2007","12.06.2007",2007,6,12,"SIMULIIDAE GEN. SP.",120.8
"AUT_001_MZB_LO_9","AUT_001_MZB_LO_9-12.06.2007","12.06.2007",2007,6,12,"SPHAERIIDAE GEN. SP.",69.6
"AUT_001_MZB_LO_9","AUT_001_MZB_LO_9-06.08.2008","06.08.2008",2008,8,6,"APHELOCHEIRUS AESTIVALIS",48
"AUT_001_MZB_LO_9","AUT_001_MZB_LO_9-06.08.2008","06.08.2008",2008,8,6,"ASELLUS AQUATICUS",48
"AUT_001_MZB_LO_9","AUT_001_MZB_LO_9-06.08.2008","06.08.2008",2008,8,6,"BAETIS SP.",1444.8
"AUT_001_MZB_LO_9","AUT_001_MZB_LO_9-06.08.2008","06.08.2008",2008,8,6,"BITHYNIA TENTACULATA",4.8
"AUT_001_MZB_LO_9","AUT_001_MZB_LO_9-06.08.2008","06.08.2008",2008,8,6,"CAENIS SP.",868.8
"AUT_001_MZB_LO_9","AUT_001_MZB_LO_9-06.08.2008","06.08.2008",2008,8,6,"CERATOPOGONIDAE GEN. SP.",9.6
"AUT_001_MZB_LO_9","AUT_001_MZB_LO_9-06.08.2008","06.08.2008",2008,8,6,"CHIRONOMIDAE GEN. SP.",1248
"AUT_001_MZB_LO_9","AUT_001_MZB_LO_9-06.08.2008","06.08.2008",2008,8,6,"DUGESIA SP.",292.8
"AUT_001_MZB_LO_9","AUT_001_MZB_LO_9-06.08.2008","06.08.2008",2008,8,6,"ECNOMUS TENELLUS",4.8
"AUT_001_MZB_LO_9","AUT_001_MZB_LO_9-06.08.2008","06.08.2008",2008,8,6,"EMPIDIDAE GEN. SP.",14.4
"AUT_001_MZB_LO_9","AUT_001_MZB_LO_9-06.08.2008","06.08.2008",2008,8,6,"ERPOBDELLIDAE GEN. SP.",4.8
"AUT_001_MZB_LO_9","AUT_001_MZB_LO_9-06.08.2008","06.08.2008",2008,8,6,"HEPTAGENIIDAE GEN. SP.",39.2
"AUT_001_MZB_LO_9","AUT_001_MZB_LO_9-06.08.2008","06.08.2008",2008,8,6,"HEXATOMA SP.",4.8
"AUT_001_MZB_LO_9","AUT_001_MZB_LO_9-06.08.2008","06.08.2008",2008,8,6,"HYDROPSYCHE SP.",182.4
"AUT_001_MZB_LO_9","AUT_001_MZB_LO_9-06.08.2008","06.08.2008",2008,8,6,"HYDROPTILA SP.",110.4
"AUT_001_MZB_LO_9","AUT_001_MZB_LO_9-06.08.2008","06.08.2008",2008,8,6,"HYDROZOA GEN. SP.",48
"AUT_001_MZB_LO_9","AUT_001_MZB_LO_9-06.08.2008","06.08.2008",2008,8,6,"LEPTOCERIDAE GEN. SP.",15.2
"AUT_001_MZB_LO_9","AUT_001_MZB_LO_9-06.08.2008","06.08.2008",2008,8,6,"NEMATODA GEN. SP.",24
"AUT_001_MZB_LO_9","AUT_001_MZB_LO_9-06.08.2008","06.08.2008",2008,8,6,"OLIGOCHAETA GEN. SP.",115.2
"AUT_001_MZB_LO_9","AUT_001_MZB_LO_9-06.08.2008","06.08.2008",2008,8,6,"OULIMNIUS TUBERCULATUS",4.8
"AUT_001_MZB_LO_9","AUT_001_MZB_LO_9-06.08.2008","06.08.2008",2008,8,6,"PHYSELLA SP.",4.8
"AUT_001_MZB_LO_9","AUT_001_MZB_LO_9-06.08.2008","06.08.2008",2008,8,6,"PISCICOLIDAE GEN. SP.",4.8
"AUT_001_MZB_LO_9","AUT_001_MZB_LO_9-06.08.2008","06.08.2008",2008,8,6,"POLYCENTROPODIDAE GEN. SP.",19.2
"AUT_001_MZB_LO_9","AUT_001_MZB_LO_9-06.08.2008","06.08.2008",2008,8,6,"POTAMANTHUS LUTEUS",259.2
"AUT_001_MZB_LO_9","AUT_001_MZB_LO_9-06.08.2008","06.08.2008",2008,8,6,"POTAMOPYRGUS ANTIPODARUM",4.8
"AUT_001_MZB_LO_9","AUT_001_MZB_LO_9-06.08.2008","06.08.2008",2008,8,6,"SIMULIIDAE GEN. SP.",1953.6
"AUT_001_MZB_LO_9","AUT_001_MZB_LO_9-06.08.2008","06.08.2008",2008,8,6,"SPHAERIIDAE GEN. SP.",201.6
"AUT_001_MZB_LO_9","AUT_001_MZB_LO_9-06.08.2008","06.08.2008",2008,8,6,"THEODOXUS SP.",1.6
"AUT_001_MZB_LO_9","AUT_001_MZB_LO_9-07.08.2013","07.08.2013",2013,8,7,"APHELOCHEIRUS AESTIVALIS",10.4
"AUT_001_MZB_LO_9","AUT_001_MZB_LO_9-07.08.2013","07.08.2013",2013,8,7,"ASELLUS AQUATICUS",4.8
"AUT_001_MZB_LO_9","AUT_001_MZB_LO_9-07.08.2013","07.08.2013",2013,8,7,"BAETIS SP.",72
"AUT_001_MZB_LO_9","AUT_001_MZB_LO_9-07.08.2013","07.08.2013",2013,8,7,"CAENIS SP.",1396.8
"AUT_001_MZB_LO_9","AUT_001_MZB_LO_9-07.08.2013","07.08.2013",2013,8,7,"CHIRONOMIDAE GEN. SP.",1488
"AUT_001_MZB_LO_9","AUT_001_MZB_LO_9-07.08.2013","07.08.2013",2013,8,7,"CRISTATELLA MUCEDO",4.8
"AUT_001_MZB_LO_9","AUT_001_MZB_LO_9-07.08.2013","07.08.2013",2013,8,7,"DREISSENA POLYMORPHA",44
"AUT_001_MZB_LO_9","AUT_001_MZB_LO_9-07.08.2013","07.08.2013",2013,8,7,"EMPIDIDAE GEN. SP.",9.6
"AUT_001_MZB_LO_9","AUT_001_MZB_LO_9-07.08.2013","07.08.2013",2013,8,7,"GAMMARIDAE GEN. SP.",0.8
"AUT_001_MZB_LO_9","AUT_001_MZB_LO_9-07.08.2013","07.08.2013",2013,8,7,"GORDIIDAE GEN. SP.",52.8
"AUT_001_MZB_LO_9","AUT_001_MZB_LO_9-07.08.2013","07.08.2013",2013,8,7,"HEXATOMA SP.",10.4
"AUT_001_MZB_LO_9","AUT_001_MZB_LO_9-07.08.2013","07.08.2013",2013,8,7,"HYDROPSYCHE SP.",181.6
"AUT_001_MZB_LO_9","AUT_001_MZB_LO_9-07.08.2013","07.08.2013",2013,8,7,"HYDROPTILA SP.",192
"AUT_001_MZB_LO_9","AUT_001_MZB_LO_9-07.08.2013","07.08.2013",2013,8,7,"OLIGOCHAETA GEN. SP.",358.4
"AUT_001_MZB_LO_9","AUT_001_MZB_LO_9-07.08.2013","07.08.2013",2013,8,7,"POLYCENTROPODIDAE GEN. SP.",208
"AUT_001_MZB_LO_9","AUT_001_MZB_LO_9-07.08.2013","07.08.2013",2013,8,7,"POTAMANTHUS LUTEUS",249.6
"AUT_001_MZB_LO_9","AUT_001_MZB_LO_9-07.08.2013","07.08.2013",2013,8,7,"POTAMOPYRGUS ANTIPODARUM",0.8
"AUT_001_MZB_LO_9","AUT_001_MZB_LO_9-07.08.2013","07.08.2013",2013,8,7,"SIMULIIDAE GEN. SP.",264
"AUT_001_MZB_LO_9","AUT_001_MZB_LO_9-07.08.2013","07.08.2013",2013,8,7,"SISYRA TERMINALIS",19.2
"AUT_001_MZB_LO_9","AUT_001_MZB_LO_9-07.08.2013","07.08.2013",2013,8,7,"SPHAERIIDAE GEN. SP.",4.8
"AUT_001_MZB_LO_9","AUT_001_MZB_LO_9-07.08.2013","07.08.2013",2013,8,7,"SPONGILLIDAE GEN. SP.",1.6
"AUT_001_MZB_LO_9","AUT_001_MZB_LO_9-07.08.2013","07.08.2013",2013,8,7,"THEODOXUS SP.",77.6
"AUT_001_MZB_LO_9","AUT_001_MZB_LO_9-07.08.2013","07.08.2013",2013,8,7,"UNIO PICTORUM SSP.",0.8
"AUT_001_MZB_LO_9","AUT_001_MZB_LO_9-30.06.2015","30.06.2015",2015,6,30,"APHELOCHEIRUS AESTIVALIS",67.2
"AUT_001_MZB_LO_9","AUT_001_MZB_LO_9-30.06.2015","30.06.2015",2015,6,30,"BAETIS SP.",235.2
"AUT_001_MZB_LO_9","AUT_001_MZB_LO_9-30.06.2015","30.06.2015",2015,6,30,"BITHYNIA TENTACULATA",0.8
"AUT_001_MZB_LO_9","AUT_001_MZB_LO_9-30.06.2015","30.06.2015",2015,6,30,"CAENIS SP.",724.8
"AUT_001_MZB_LO_9","AUT_001_MZB_LO_9-30.06.2015","30.06.2015",2015,6,30,"CALOPTERYX SP.",0.8
"AUT_001_MZB_LO_9","AUT_001_MZB_LO_9-30.06.2015","30.06.2015",2015,6,30,"CERATOPOGONIDAE GEN. SP.",33.6
"AUT_001_MZB_LO_9","AUT_001_MZB_LO_9-30.06.2015","30.06.2015",2015,6,30,"CHIRONOMIDAE GEN. SP.",2025.6
"AUT_001_MZB_LO_9","AUT_001_MZB_LO_9-30.06.2015","30.06.2015",2015,6,30,"COENAGRIONIDAE GEN. SP.",0.8
"AUT_001_MZB_LO_9","AUT_001_MZB_LO_9-30.06.2015","30.06.2015",2015,6,30,"DREISSENA POLYMORPHA",86.4
"AUT_001_MZB_LO_9","AUT_001_MZB_LO_9-30.06.2015","30.06.2015",2015,6,30,"EMPIDIDAE GEN. SP.",67.2
"AUT_001_MZB_LO_9","AUT_001_MZB_LO_9-30.06.2015","30.06.2015",2015,6,30,"GORDIIDAE GEN. SP.",57.6
"AUT_001_MZB_LO_9","AUT_001_MZB_LO_9-30.06.2015","30.06.2015",2015,6,30,"HYDRACHNIDIA GEN. SP.",24
"AUT_001_MZB_LO_9","AUT_001_MZB_LO_9-30.06.2015","30.06.2015",2015,6,30,"HYDROPSYCHE SP.",34.4
"AUT_001_MZB_LO_9","AUT_001_MZB_LO_9-30.06.2015","30.06.2015",2015,6,30,"HYDROPTILA SP.",96
"AUT_001_MZB_LO_9","AUT_001_MZB_LO_9-30.06.2015","30.06.2015",2015,6,30,"HYDROZOA GEN. SP.",168
"AUT_001_MZB_LO_9","AUT_001_MZB_LO_9-30.06.2015","30.06.2015",2015,6,30,"LEPTOCERIDAE GEN. SP.",33.6
"AUT_001_MZB_LO_9","AUT_001_MZB_LO_9-30.06.2015","30.06.2015",2015,6,30,"LIMNOPHORA SP.",4.8
"AUT_001_MZB_LO_9","AUT_001_MZB_LO_9-30.06.2015","30.06.2015",2015,6,30,"MICRONECTA SP.",4.8
"AUT_001_MZB_LO_9","AUT_001_MZB_LO_9-30.06.2015","30.06.2015",2015,6,30,"OLIGOCHAETA GEN. SP.",317.6
"AUT_001_MZB_LO_9","AUT_001_MZB_LO_9-30.06.2015","30.06.2015",2015,6,30,"PLATYCNEMIS PENNIPES",4.8
"AUT_001_MZB_LO_9","AUT_001_MZB_LO_9-30.06.2015","30.06.2015",2015,6,30,"POLYCENTROPODIDAE GEN. SP.",126.4
"AUT_001_MZB_LO_9","AUT_001_MZB_LO_9-30.06.2015","30.06.2015",2015,6,30,"POTAMANTHUS LUTEUS",174.4
"AUT_001_MZB_LO_9","AUT_001_MZB_LO_9-30.06.2015","30.06.2015",2015,6,30,"SIMULIIDAE GEN. SP.",201.6
"AUT_001_MZB_LO_9","AUT_001_MZB_LO_9-30.06.2015","30.06.2015",2015,6,30,"SPONGILLIDAE GEN. SP.",0.8
"AUT_001_MZB_LO_9","AUT_001_MZB_LO_9-30.06.2015","30.06.2015",2015,6,30,"THEODOXUS SP.",40.8
"AUT_001_MZB_LO_9","AUT_001_MZB_LO_9-30.06.2015","30.06.2015",2015,6,30,"TURBELLARIA GEN. SP.",4.8
"AUT_001_MZB_LO_9","AUT_001_MZB_LO_9-30.06.2015","30.06.2015",2015,6,30,"UNIO PICTORUM SSP.",0.8
"AUT_001_MZB_LO_9","AUT_001_MZB_LO_9-27.06.2017","27.06.2017",2017,6,27,"APHELOCHEIRUS AESTIVALIS",24.8
"AUT_001_MZB_LO_9","AUT_001_MZB_LO_9-27.06.2017","27.06.2017",2017,6,27,"BAETIS SP.",1036.8
"AUT_001_MZB_LO_9","AUT_001_MZB_LO_9-27.06.2017","27.06.2017",2017,6,27,"BITHYNIA TENTACULATA",158.4
"AUT_001_MZB_LO_9","AUT_001_MZB_LO_9-27.06.2017","27.06.2017",2017,6,27,"CAENIS SP.",158.4
"AUT_001_MZB_LO_9","AUT_001_MZB_LO_9-27.06.2017","27.06.2017",2017,6,27,"CERATOPOGONIDAE GEN. SP.",19.2
"AUT_001_MZB_LO_9","AUT_001_MZB_LO_9-27.06.2017","27.06.2017",2017,6,27,"CHIRONOMIDAE GEN. SP.",1372.8
"AUT_001_MZB_LO_9","AUT_001_MZB_LO_9-27.06.2017","27.06.2017",2017,6,27,"DREISSENA POLYMORPHA",9.6
"AUT_001_MZB_LO_9","AUT_001_MZB_LO_9-27.06.2017","27.06.2017",2017,6,27,"EMPIDIDAE GEN. SP.",33.6
"AUT_001_MZB_LO_9","AUT_001_MZB_LO_9-27.06.2017","27.06.2017",2017,6,27,"GORDIIDAE GEN. SP.",1003.2
"AUT_001_MZB_LO_9","AUT_001_MZB_LO_9-27.06.2017","27.06.2017",2017,6,27,"HYDRACHNIDIA GEN. SP.",57.6
"AUT_001_MZB_LO_9","AUT_001_MZB_LO_9-27.06.2017","27.06.2017",2017,6,27,"HYDROPSYCHE SP.",264
"AUT_001_MZB_LO_9","AUT_001_MZB_LO_9-27.06.2017","27.06.2017",2017,6,27,"HYDROPTILA SP.",24
"AUT_001_MZB_LO_9","AUT_001_MZB_LO_9-27.06.2017","27.06.2017",2017,6,27,"LEPTOCERIDAE GEN. SP.",19.2
"AUT_001_MZB_LO_9","AUT_001_MZB_LO_9-27.06.2017","27.06.2017",2017,6,27,"LIMNOPHORA SP.",4.8
"AUT_001_MZB_LO_9","AUT_001_MZB_LO_9-27.06.2017","27.06.2017",2017,6,27,"OLIGOCHAETA GEN. SP.",33.6
"AUT_001_MZB_LO_9","AUT_001_MZB_LO_9-27.06.2017","27.06.2017",2017,6,27,"PHYSELLA SP.",14.4
"AUT_001_MZB_LO_9","AUT_001_MZB_LO_9-27.06.2017","27.06.2017",2017,6,27,"POLYCENTROPODIDAE GEN. SP.",76.8
"AUT_001_MZB_LO_9","AUT_001_MZB_LO_9-27.06.2017","27.06.2017",2017,6,27,"POTAMANTHUS LUTEUS",52.8
"AUT_001_MZB_LO_9","AUT_001_MZB_LO_9-27.06.2017","27.06.2017",2017,6,27,"SIMULIIDAE GEN. SP.",7742.4
"AUT_001_MZB_LO_9","AUT_001_MZB_LO_9-27.06.2017","27.06.2017",2017,6,27,"SPHAERIIDAE GEN. SP.",57.6
"AUT_001_MZB_LO_9","AUT_001_MZB_LO_9-27.06.2017","27.06.2017",2017,6,27,"SPONGILLIDAE GEN. SP.",0.8
"AUT_001_MZB_LO_9","AUT_001_MZB_LO_9-27.06.2017","27.06.2017",2017,6,27,"THEODOXUS SP.",134.4
"AUT_001_MZB_LO_9","AUT_001_MZB_LO_9-27.06.2017","27.06.2017",2017,6,27,"TURBELLARIA GEN. SP.",48
"AUT_001_MZB_LO_9","AUT_001_MZB_LO_9-03.07.2018","03.07.2018",2018,7,3,"AMPULLACEANA BALTHICA",4.8
"AUT_001_MZB_LO_9","AUT_001_MZB_LO_9-03.07.2018","03.07.2018",2018,7,3,"APHELOCHEIRUS AESTIVALIS",96.8
"AUT_001_MZB_LO_9","AUT_001_MZB_LO_9-03.07.2018","03.07.2018",2018,7,3,"ASELLUS AQUATICUS",4.8
"AUT_001_MZB_LO_9","AUT_001_MZB_LO_9-03.07.2018","03.07.2018",2018,7,3,"BAETIS SP.",168
"AUT_001_MZB_LO_9","AUT_001_MZB_LO_9-03.07.2018","03.07.2018",2018,7,3,"BITHYNIA TENTACULATA",124.8
"AUT_001_MZB_LO_9","AUT_001_MZB_LO_9-03.07.2018","03.07.2018",2018,7,3,"BRACHYCENTRUS SUBNUBILUS",4.8
"AUT_001_MZB_LO_9","AUT_001_MZB_LO_9-03.07.2018","03.07.2018",2018,7,3,"CAENIS SP.",76.8
"AUT_001_MZB_LO_9","AUT_001_MZB_LO_9-03.07.2018","03.07.2018",2018,7,3,"CHIRONOMIDAE GEN. SP.",1867.2
"AUT_001_MZB_LO_9","AUT_001_MZB_LO_9-03.07.2018","03.07.2018",2018,7,3,"CLOEON DIPTERUM",9.6
"AUT_001_MZB_LO_9","AUT_001_MZB_LO_9-03.07.2018","03.07.2018",2018,7,3,"DREISSENA POLYMORPHA",63.2
"AUT_001_MZB_LO_9","AUT_001_MZB_LO_9-03.07.2018","03.07.2018",2018,7,3,"EMPIDIDAE GEN. SP.",24
"AUT_001_MZB_LO_9","AUT_001_MZB_LO_9-03.07.2018","03.07.2018",2018,7,3,"EPHORON VIRGO",4.8
"AUT_001_MZB_LO_9","AUT_001_MZB_LO_9-03.07.2018","03.07.2018",2018,7,3,"GOMPHIDAE GEN. SP.",9.6
"AUT_001_MZB_LO_9","AUT_001_MZB_LO_9-03.07.2018","03.07.2018",2018,7,3,"HALIPLUS SP.",9.6
"AUT_001_MZB_LO_9","AUT_001_MZB_LO_9-03.07.2018","03.07.2018",2018,7,3,"HYDRACHNIDIA GEN. SP.",206.4
"AUT_001_MZB_LO_9","AUT_001_MZB_LO_9-03.07.2018","03.07.2018",2018,7,3,"HYDROPSYCHE SP.",120
"AUT_001_MZB_LO_9","AUT_001_MZB_LO_9-03.07.2018","03.07.2018",2018,7,3,"HYDROPTILA SP.",441.6
"AUT_001_MZB_LO_9","AUT_001_MZB_LO_9-03.07.2018","03.07.2018",2018,7,3,"LEPTOCERIDAE GEN. SP.",62.4
"AUT_001_MZB_LO_9","AUT_001_MZB_LO_9-03.07.2018","03.07.2018",2018,7,3,"OLIGOCHAETA GEN. SP.",62.4
"AUT_001_MZB_LO_9","AUT_001_MZB_LO_9-03.07.2018","03.07.2018",2018,7,3,"ORTHOTRICHIA SP.",19.2
"AUT_001_MZB_LO_9","AUT_001_MZB_LO_9-03.07.2018","03.07.2018",2018,7,3,"PHYSELLA SP.",9.6
"AUT_001_MZB_LO_9","AUT_001_MZB_LO_9-03.07.2018","03.07.2018",2018,7,3,"PLANORBARIUS CORNEUS",0.8
"AUT_001_MZB_LO_9","AUT_001_MZB_LO_9-03.07.2018","03.07.2018",2018,7,3,"PLATYCNEMIS PENNIPES",4.8
"AUT_001_MZB_LO_9","AUT_001_MZB_LO_9-03.07.2018","03.07.2018",2018,7,3,"POLYCENTROPODIDAE GEN. SP.",57.6
"AUT_001_MZB_LO_9","AUT_001_MZB_LO_9-03.07.2018","03.07.2018",2018,7,3,"POTAMANTHUS LUTEUS",29.6
"AUT_001_MZB_LO_9","AUT_001_MZB_LO_9-03.07.2018","03.07.2018",2018,7,3,"SIMULIIDAE GEN. SP.",4200
"AUT_001_MZB_LO_9","AUT_001_MZB_LO_9-03.07.2018","03.07.2018",2018,7,3,"SPHAERIIDAE GEN. SP.",283.2
"AUT_001_MZB_LO_9","AUT_001_MZB_LO_9-03.07.2018","03.07.2018",2018,7,3,"THEODOXUS SP.",168
"AUT_001_MZB_LO_9","AUT_001_MZB_LO_9-03.07.2018","03.07.2018",2018,7,3,"TURBELLARIA GEN. SP.",312
"AUT_001_MZB_LO_9","AUT_001_MZB_LO_9-04.07.2019","04.07.2019",2019,7,4,"APHELOCHEIRUS AESTIVALIS",9.6
"AUT_001_MZB_LO_9","AUT_001_MZB_LO_9-04.07.2019","04.07.2019",2019,7,4,"BAETIS SP.",91.2
"AUT_001_MZB_LO_9","AUT_001_MZB_LO_9-04.07.2019","04.07.2019",2019,7,4,"BITHYNIA TENTACULATA",4.8
"AUT_001_MZB_LO_9","AUT_001_MZB_LO_9-04.07.2019","04.07.2019",2019,7,4,"BRACHYCENTRUS SUBNUBILUS",4.8
"AUT_001_MZB_LO_9","AUT_001_MZB_LO_9-04.07.2019","04.07.2019",2019,7,4,"CAENIS SP.",259.2
"AUT_001_MZB_LO_9","AUT_001_MZB_LO_9-04.07.2019","04.07.2019",2019,7,4,"CALOPTERYX SP.",9.6
"AUT_001_MZB_LO_9","AUT_001_MZB_LO_9-04.07.2019","04.07.2019",2019,7,4,"CERATOPOGONIDAE GEN. SP.",0.8
"AUT_001_MZB_LO_9","AUT_001_MZB_LO_9-04.07.2019","04.07.2019",2019,7,4,"CHIRONOMIDAE GEN. SP.",576
"AUT_001_MZB_LO_9","AUT_001_MZB_LO_9-04.07.2019","04.07.2019",2019,7,4,"CORBICULA SP.",0.8
"AUT_001_MZB_LO_9","AUT_001_MZB_LO_9-04.07.2019","04.07.2019",2019,7,4,"DREISSENA POLYMORPHA",4.8
"AUT_001_MZB_LO_9","AUT_001_MZB_LO_9-04.07.2019","04.07.2019",2019,7,4,"EMPIDIDAE GEN. SP.",4.8
"AUT_001_MZB_LO_9","AUT_001_MZB_LO_9-04.07.2019","04.07.2019",2019,7,4,"GORDIIDAE GEN. SP.",436.8
"AUT_001_MZB_LO_9","AUT_001_MZB_LO_9-04.07.2019","04.07.2019",2019,7,4,"HYDRACHNIDIA GEN. SP.",72
"AUT_001_MZB_LO_9","AUT_001_MZB_LO_9-04.07.2019","04.07.2019",2019,7,4,"HYDROMETRA SP.",4.8
"AUT_001_MZB_LO_9","AUT_001_MZB_LO_9-04.07.2019","04.07.2019",2019,7,4,"HYDROPSYCHE SP.",120
"AUT_001_MZB_LO_9","AUT_001_MZB_LO_9-04.07.2019","04.07.2019",2019,7,4,"HYDROPTILA SP.",28.8
"AUT_001_MZB_LO_9","AUT_001_MZB_LO_9-04.07.2019","04.07.2019",2019,7,4,"LEPTOCERIDAE GEN. SP.",38.4
"AUT_001_MZB_LO_9","AUT_001_MZB_LO_9-04.07.2019","04.07.2019",2019,7,4,"MICRONECTA SP.",9.6
"AUT_001_MZB_LO_9","AUT_001_MZB_LO_9-04.07.2019","04.07.2019",2019,7,4,"OLIGOCHAETA GEN. SP.",620
"AUT_001_MZB_LO_9","AUT_001_MZB_LO_9-04.07.2019","04.07.2019",2019,7,4,"ORTHOTRICHIA SP.",57.6
"AUT_001_MZB_LO_9","AUT_001_MZB_LO_9-04.07.2019","04.07.2019",2019,7,4,"PLATYCNEMIS PENNIPES",4.8
"AUT_001_MZB_LO_9","AUT_001_MZB_LO_9-04.07.2019","04.07.2019",2019,7,4,"POLYCENTROPODIDAE GEN. SP.",72
"AUT_001_MZB_LO_9","AUT_001_MZB_LO_9-04.07.2019","04.07.2019",2019,7,4,"POTAMANTHUS LUTEUS",6.4
"AUT_001_MZB_LO_9","AUT_001_MZB_LO_9-04.07.2019","04.07.2019",2019,7,4,"SIMULIIDAE GEN. SP.",5611.2
"AUT_001_MZB_LO_9","AUT_001_MZB_LO_9-04.07.2019","04.07.2019",2019,7,4,"SPHAERIIDAE GEN. SP.",192
"AUT_001_MZB_LO_9","AUT_001_MZB_LO_9-04.07.2019","04.07.2019",2019,7,4,"SPONGILLIDAE GEN. SP.",4.8
"AUT_001_MZB_LO_9","AUT_001_MZB_LO_9-04.07.2019","04.07.2019",2019,7,4,"THEODOXUS SP.",100.8
"AUT_001_MZB_LO_9","AUT_001_MZB_LO_9-04.07.2019","04.07.2019",2019,7,4,"TURBELLARIA GEN. SP.",33.6
