"Unique.ID","Samp.ID","Sampling.date","year","month","day","Taxon.name","Abundance"
"BGR_006_MZB_LO_4","BGR_006_MZB_LO_4-28.07.2010","28.07.2010",2010,7,28,"CHIRONOMIDAE GEN. SP.",43
"BGR_006_MZB_LO_4","BGR_006_MZB_LO_4-28.07.2010","28.07.2010",2010,7,28,"HYDROPSYCHE SP.",2
"BGR_006_MZB_LO_4","BGR_006_MZB_LO_4-28.07.2010","28.07.2010",2010,7,28,"HYDROPTILIDAE GEN. SP.",56
"BGR_006_MZB_LO_4","BGR_006_MZB_LO_4-28.07.2010","28.07.2010",2010,7,28,"LIMNEPHILIDAE GEN. SP.",30
"BGR_006_MZB_LO_4","BGR_006_MZB_LO_4-28.07.2010","28.07.2010",2010,7,28,"LIMONIIDAE GEN. SP.",2
"BGR_006_MZB_LO_4","BGR_006_MZB_LO_4-28.07.2010","28.07.2010",2010,7,28,"OLIGOCHAETA GEN. SP.",2
"BGR_006_MZB_LO_4","BGR_006_MZB_LO_4-28.07.2010","28.07.2010",2010,7,28,"PHILOPOTAMIDAE GEN. SP.",11
"BGR_006_MZB_LO_4","BGR_006_MZB_LO_4-28.07.2010","28.07.2010",2010,7,28,"TIPULIDAE GEN. SP.",2
"BGR_006_MZB_LO_4","BGR_006_MZB_LO_4-14.07.2011","14.07.2011",2011,7,14,"CHIRONOMIDAE GEN. SP.",8
"BGR_006_MZB_LO_4","BGR_006_MZB_LO_4-14.07.2011","14.07.2011",2011,7,14,"HYDROPTILIDAE GEN. SP.",14
"BGR_006_MZB_LO_4","BGR_006_MZB_LO_4-14.07.2011","14.07.2011",2011,7,14,"OLIGOCHAETA GEN. SP.",1
"BGR_006_MZB_LO_4","BGR_006_MZB_LO_4-14.07.2011","14.07.2011",2011,7,14,"TIPULIDAE GEN. SP.",2
"BGR_006_MZB_LO_4","BGR_006_MZB_LO_4-26.07.2012","26.07.2012",2012,7,26,"CHIRONOMIDAE GEN. SP.",57
"BGR_006_MZB_LO_4","BGR_006_MZB_LO_4-07.08.2013","07.08.2013",2013,8,7,"ATHERIX SP.",5
"BGR_006_MZB_LO_4","BGR_006_MZB_LO_4-07.08.2013","07.08.2013",2013,8,7,"BAETIS SP.",6
"BGR_006_MZB_LO_4","BGR_006_MZB_LO_4-07.08.2013","07.08.2013",2013,8,7,"CALOPTERYGIDAE GEN. SP.",1
"BGR_006_MZB_LO_4","BGR_006_MZB_LO_4-07.08.2013","07.08.2013",2013,8,7,"CHIRONOMIDAE GEN. SP.",5
"BGR_006_MZB_LO_4","BGR_006_MZB_LO_4-07.08.2013","07.08.2013",2013,8,7,"HALIPLIDAE GEN. SP.",3
"BGR_006_MZB_LO_4","BGR_006_MZB_LO_4-07.08.2013","07.08.2013",2013,8,7,"HYDROPTILIDAE GEN. SP.",12
"BGR_006_MZB_LO_4","BGR_006_MZB_LO_4-07.08.2013","07.08.2013",2013,8,7,"LIMNEPHILIDAE GEN. SP.",2
"BGR_006_MZB_LO_4","BGR_006_MZB_LO_4-07.08.2013","07.08.2013",2013,8,7,"LIMONIIDAE GEN. SP.",2
"BGR_006_MZB_LO_4","BGR_006_MZB_LO_4-07.08.2013","07.08.2013",2013,8,7,"OLIGOCHAETA GEN. SP.",1
"BGR_006_MZB_LO_4","BGR_006_MZB_LO_4-07.08.2013","07.08.2013",2013,8,7,"PHILOPOTAMIDAE GEN. SP.",13
"BGR_006_MZB_LO_4","BGR_006_MZB_LO_4-07.08.2013","07.08.2013",2013,8,7,"SIMULIIDAE GEN. SP.",9
"BGR_006_MZB_LO_4","BGR_006_MZB_LO_4-14.07.2016","14.07.2016",2016,7,14,"CAENIS SP.",1
"BGR_006_MZB_LO_4","BGR_006_MZB_LO_4-14.07.2016","14.07.2016",2016,7,14,"CHIRONOMIDAE GEN. SP.",1
"BGR_006_MZB_LO_4","BGR_006_MZB_LO_4-14.07.2016","14.07.2016",2016,7,14,"DUGESIA SP.",1
"BGR_006_MZB_LO_4","BGR_006_MZB_LO_4-14.07.2016","14.07.2016",2016,7,14,"TIPULIDAE GEN. SP.",1
"BGR_006_MZB_LO_4","BGR_006_MZB_LO_4-24.08.2017","24.08.2017",2017,8,24,"CHIRONOMIDAE GEN. SP.",1
"BGR_006_MZB_LO_4","BGR_006_MZB_LO_4-24.08.2017","24.08.2017",2017,8,24,"HYDROPTILIDAE GEN. SP.",5
"BGR_006_MZB_LO_4","BGR_006_MZB_LO_4-24.08.2017","24.08.2017",2017,8,24,"OLIGOCHAETA GEN. SP.",6
"BGR_006_MZB_LO_4","BGR_006_MZB_LO_4-07.08.2018","07.08.2018",2018,8,7,"CHIRONOMIDAE GEN. SP.",2
"BGR_006_MZB_LO_4","BGR_006_MZB_LO_4-07.08.2018","07.08.2018",2018,8,7,"HYDROPTILIDAE GEN. SP.",1
"BGR_006_MZB_LO_4","BGR_006_MZB_LO_4-07.08.2018","07.08.2018",2018,8,7,"OLIGOCHAETA GEN. SP.",19
"BGR_006_MZB_LO_4","BGR_006_MZB_LO_4-09.09.2019","09.09.2019",2019,9,9,"ATHERIX SP.",3
"BGR_006_MZB_LO_4","BGR_006_MZB_LO_4-09.09.2019","09.09.2019",2019,9,9,"CHIRONOMIDAE GEN. SP.",5
"BGR_006_MZB_LO_4","BGR_006_MZB_LO_4-09.09.2019","09.09.2019",2019,9,9,"DYTISCIDAE GEN. SP.",1
"BGR_006_MZB_LO_4","BGR_006_MZB_LO_4-09.09.2019","09.09.2019",2019,9,9,"HYDROPTILIDAE GEN. SP.",51
"BGR_006_MZB_LO_4","BGR_006_MZB_LO_4-09.09.2019","09.09.2019",2019,9,9,"OLIGOCHAETA GEN. SP.",21
"BGR_006_MZB_LO_5","BGR_006_MZB_LO_5-25.08.2010","25.08.2010",2010,8,25,"ASELLUS SP.",14
"BGR_006_MZB_LO_5","BGR_006_MZB_LO_5-25.08.2010","25.08.2010",2010,8,25,"BAETIS SP.",24
"BGR_006_MZB_LO_5","BGR_006_MZB_LO_5-25.08.2010","25.08.2010",2010,8,25,"CHIRONOMIDAE GEN. SP.",820
"BGR_006_MZB_LO_5","BGR_006_MZB_LO_5-25.08.2010","25.08.2010",2010,8,25,"ERISTALIS SP.",2
"BGR_006_MZB_LO_5","BGR_006_MZB_LO_5-25.08.2010","25.08.2010",2010,8,25,"GAMMARUS SP.",10
"BGR_006_MZB_LO_5","BGR_006_MZB_LO_5-25.08.2010","25.08.2010",2010,8,25,"GLOSSIPHONIIDAE GEN. SP.",2
"BGR_006_MZB_LO_5","BGR_006_MZB_LO_5-25.08.2010","25.08.2010",2010,8,25,"OLIGOCHAETA GEN. SP.",98
"BGR_006_MZB_LO_5","BGR_006_MZB_LO_5-25.08.2010","25.08.2010",2010,8,25,"PHILOPOTAMIDAE GEN. SP.",5
"BGR_006_MZB_LO_5","BGR_006_MZB_LO_5-25.08.2010","25.08.2010",2010,8,25,"TIPULIDAE GEN. SP.",3
"BGR_006_MZB_LO_5","BGR_006_MZB_LO_5-23.08.2012","23.08.2012",2012,8,23,"ASELLUS SP.",2
"BGR_006_MZB_LO_5","BGR_006_MZB_LO_5-23.08.2012","23.08.2012",2012,8,23,"CHIRONOMIDAE GEN. SP.",80
"BGR_006_MZB_LO_5","BGR_006_MZB_LO_5-23.08.2012","23.08.2012",2012,8,23,"ERISTALIS SP.",24
"BGR_006_MZB_LO_5","BGR_006_MZB_LO_5-23.08.2012","23.08.2012",2012,8,23,"OLIGOCHAETA GEN. SP.",6
"BGR_006_MZB_LO_5","BGR_006_MZB_LO_5-19.08.2013","19.08.2013",2013,8,19,"ASELLUS SP.",16
"BGR_006_MZB_LO_5","BGR_006_MZB_LO_5-19.08.2013","19.08.2013",2013,8,19,"BAETIS SP.",2
"BGR_006_MZB_LO_5","BGR_006_MZB_LO_5-19.08.2013","19.08.2013",2013,8,19,"CHIRONOMIDAE GEN. SP.",662
"BGR_006_MZB_LO_5","BGR_006_MZB_LO_5-19.08.2013","19.08.2013",2013,8,19,"GAMMARUS SP.",4
"BGR_006_MZB_LO_5","BGR_006_MZB_LO_5-19.08.2013","19.08.2013",2013,8,19,"HYDROPSYCHE SP.",1
"BGR_006_MZB_LO_5","BGR_006_MZB_LO_5-19.08.2013","19.08.2013",2013,8,19,"OLIGOCHAETA GEN. SP.",226
"BGR_006_MZB_LO_5","BGR_006_MZB_LO_5-19.08.2013","19.08.2013",2013,8,19,"PLATYCNEMIDIDAE GEN. SP.",1
"BGR_006_MZB_LO_5","BGR_006_MZB_LO_5-28.08.2014","28.08.2014",2014,8,28,"CHIRONOMIDAE GEN. SP.",66
"BGR_006_MZB_LO_5","BGR_006_MZB_LO_5-28.08.2014","28.08.2014",2014,8,28,"GAMMARUS SP.",6
"BGR_006_MZB_LO_5","BGR_006_MZB_LO_5-28.08.2014","28.08.2014",2014,8,28,"HAEMOPIS SANGUISUGA",1
"BGR_006_MZB_LO_5","BGR_006_MZB_LO_5-28.08.2014","28.08.2014",2014,8,28,"OLIGOCHAETA GEN. SP.",600
"BGR_006_MZB_LO_5","BGR_006_MZB_LO_5-27.08.2015","27.08.2015",2015,8,27,"ASELLUS SP.",12
"BGR_006_MZB_LO_5","BGR_006_MZB_LO_5-27.08.2015","27.08.2015",2015,8,27,"CHIRONOMIDAE GEN. SP.",325
"BGR_006_MZB_LO_5","BGR_006_MZB_LO_5-27.08.2015","27.08.2015",2015,8,27,"GLOSSIPHONIIDAE GEN. SP.",100
"BGR_006_MZB_LO_5","BGR_006_MZB_LO_5-27.08.2015","27.08.2015",2015,8,27,"OLIGOCHAETA GEN. SP.",1300
"BGR_006_MZB_LO_5","BGR_006_MZB_LO_5-27.08.2015","27.08.2015",2015,8,27,"PSYCHODIDAE GEN. SP.",6
"BGR_006_MZB_LO_5","BGR_006_MZB_LO_5-26.07.2017","26.07.2017",2017,7,26,"ASELLUS SP.",1
"BGR_006_MZB_LO_5","BGR_006_MZB_LO_5-26.07.2017","26.07.2017",2017,7,26,"BAETIS SP.",22
"BGR_006_MZB_LO_5","BGR_006_MZB_LO_5-26.07.2017","26.07.2017",2017,7,26,"CHIRONOMIDAE GEN. SP.",123
"BGR_006_MZB_LO_5","BGR_006_MZB_LO_5-26.07.2017","26.07.2017",2017,7,26,"GAMMARUS SP.",3
"BGR_006_MZB_LO_5","BGR_006_MZB_LO_5-26.07.2017","26.07.2017",2017,7,26,"OLIGOCHAETA GEN. SP.",401
"BGR_006_MZB_LO_5","BGR_006_MZB_LO_5-24.07.2019","24.07.2019",2019,7,24,"ASELLUS SP.",5
"BGR_006_MZB_LO_5","BGR_006_MZB_LO_5-24.07.2019","24.07.2019",2019,7,24,"CHIRONOMIDAE GEN. SP.",29
"BGR_006_MZB_LO_5","BGR_006_MZB_LO_5-24.07.2019","24.07.2019",2019,7,24,"ERPOBDELLIDAE GEN. SP.",2
"BGR_006_MZB_LO_5","BGR_006_MZB_LO_5-24.07.2019","24.07.2019",2019,7,24,"GAMMARUS SP.",2
"BGR_006_MZB_LO_5","BGR_006_MZB_LO_5-24.07.2019","24.07.2019",2019,7,24,"GLOSSIPHONIIDAE GEN. SP.",1
"BGR_006_MZB_LO_5","BGR_006_MZB_LO_5-24.07.2019","24.07.2019",2019,7,24,"OLIGOCHAETA GEN. SP.",300
"BGR_006_MZB_LO_5","BGR_006_MZB_LO_5-24.07.2019","24.07.2019",2019,7,24,"PSYCHODIDAE GEN. SP.",2
"BGR_006_MZB_LO_6","BGR_006_MZB_LO_6-25.08.2010","25.08.2010",2010,8,25,"APHELOCHEIRUS SP.",2
"BGR_006_MZB_LO_6","BGR_006_MZB_LO_6-25.08.2010","25.08.2010",2010,8,25,"BAETIS SP.",248
"BGR_006_MZB_LO_6","BGR_006_MZB_LO_6-25.08.2010","25.08.2010",2010,8,25,"CHIRONOMIDAE GEN. SP.",50
"BGR_006_MZB_LO_6","BGR_006_MZB_LO_6-25.08.2010","25.08.2010",2010,8,25,"EPHEMERELLA SP.",2
"BGR_006_MZB_LO_6","BGR_006_MZB_LO_6-25.08.2010","25.08.2010",2010,8,25,"HYDROPSYCHE SP.",27
"BGR_006_MZB_LO_6","BGR_006_MZB_LO_6-25.08.2010","25.08.2010",2010,8,25,"OLIGOCHAETA GEN. SP.",35
"BGR_006_MZB_LO_6","BGR_006_MZB_LO_6-25.08.2010","25.08.2010",2010,8,25,"PHILOPOTAMIDAE GEN. SP.",51
"BGR_006_MZB_LO_6","BGR_006_MZB_LO_6-25.08.2010","25.08.2010",2010,8,25,"PISIDIUM SP.",13
"BGR_006_MZB_LO_6","BGR_006_MZB_LO_6-25.08.2010","25.08.2010",2010,8,25,"SPHAERIUM SP.",6
"BGR_006_MZB_LO_6","BGR_006_MZB_LO_6-23.08.2012","23.08.2012",2012,8,23,"APHELOCHEIRUS SP.",1
"BGR_006_MZB_LO_6","BGR_006_MZB_LO_6-23.08.2012","23.08.2012",2012,8,23,"ASELLUS SP.",2
"BGR_006_MZB_LO_6","BGR_006_MZB_LO_6-23.08.2012","23.08.2012",2012,8,23,"BAETIS SP.",48
"BGR_006_MZB_LO_6","BGR_006_MZB_LO_6-23.08.2012","23.08.2012",2012,8,23,"CHIRONOMIDAE GEN. SP.",84
"BGR_006_MZB_LO_6","BGR_006_MZB_LO_6-23.08.2012","23.08.2012",2012,8,23,"ELMIDAE GEN. SP.",11
"BGR_006_MZB_LO_6","BGR_006_MZB_LO_6-23.08.2012","23.08.2012",2012,8,23,"HYDROPSYCHE SP.",31
"BGR_006_MZB_LO_6","BGR_006_MZB_LO_6-23.08.2012","23.08.2012",2012,8,23,"OLIGOCHAETA GEN. SP.",6
"BGR_006_MZB_LO_6","BGR_006_MZB_LO_6-23.08.2012","23.08.2012",2012,8,23,"PHILOPOTAMIDAE GEN. SP.",23
"BGR_006_MZB_LO_6","BGR_006_MZB_LO_6-23.08.2012","23.08.2012",2012,8,23,"PISIDIUM SP.",19
"BGR_006_MZB_LO_6","BGR_006_MZB_LO_6-23.08.2012","23.08.2012",2012,8,23,"PLANORBIDAE GEN. SP.",3
"BGR_006_MZB_LO_6","BGR_006_MZB_LO_6-23.08.2012","23.08.2012",2012,8,23,"TIPULIDAE GEN. SP.",1
"BGR_006_MZB_LO_6","BGR_006_MZB_LO_6-19.08.2013","19.08.2013",2013,8,19,"BAETIS SP.",92
"BGR_006_MZB_LO_6","BGR_006_MZB_LO_6-19.08.2013","19.08.2013",2013,8,19,"CAENIS SP.",3
"BGR_006_MZB_LO_6","BGR_006_MZB_LO_6-19.08.2013","19.08.2013",2013,8,19,"CHIRONOMIDAE GEN. SP.",280
"BGR_006_MZB_LO_6","BGR_006_MZB_LO_6-19.08.2013","19.08.2013",2013,8,19,"ELMIDAE GEN. SP.",3
"BGR_006_MZB_LO_6","BGR_006_MZB_LO_6-19.08.2013","19.08.2013",2013,8,19,"EPHEMERA SP.",1
"BGR_006_MZB_LO_6","BGR_006_MZB_LO_6-19.08.2013","19.08.2013",2013,8,19,"HYDROPSYCHE SP.",41
"BGR_006_MZB_LO_6","BGR_006_MZB_LO_6-19.08.2013","19.08.2013",2013,8,19,"HYDROPTILIDAE GEN. SP.",10
"BGR_006_MZB_LO_6","BGR_006_MZB_LO_6-19.08.2013","19.08.2013",2013,8,19,"LIMNEPHILIDAE GEN. SP.",1
"BGR_006_MZB_LO_6","BGR_006_MZB_LO_6-19.08.2013","19.08.2013",2013,8,19,"LYMNAEIDAE GEN. SP.",2
"BGR_006_MZB_LO_6","BGR_006_MZB_LO_6-19.08.2013","19.08.2013",2013,8,19,"OLIGOCHAETA GEN. SP.",4
"BGR_006_MZB_LO_6","BGR_006_MZB_LO_6-19.08.2013","19.08.2013",2013,8,19,"SIMULIIDAE GEN. SP.",2
"BGR_006_MZB_LO_6","BGR_006_MZB_LO_6-27.08.2015","27.08.2015",2015,8,27,"APHELOCHEIRUS SP.",36
"BGR_006_MZB_LO_6","BGR_006_MZB_LO_6-27.08.2015","27.08.2015",2015,8,27,"BAETIS SP.",130
"BGR_006_MZB_LO_6","BGR_006_MZB_LO_6-27.08.2015","27.08.2015",2015,8,27,"CAENIS SP.",1
"BGR_006_MZB_LO_6","BGR_006_MZB_LO_6-27.08.2015","27.08.2015",2015,8,27,"CALOPTERYGIDAE GEN. SP.",1
"BGR_006_MZB_LO_6","BGR_006_MZB_LO_6-27.08.2015","27.08.2015",2015,8,27,"CHIRONOMIDAE GEN. SP.",10
"BGR_006_MZB_LO_6","BGR_006_MZB_LO_6-27.08.2015","27.08.2015",2015,8,27,"DUGESIA SP.",26
"BGR_006_MZB_LO_6","BGR_006_MZB_LO_6-27.08.2015","27.08.2015",2015,8,27,"ECDYONURUS SP.",7
"BGR_006_MZB_LO_6","BGR_006_MZB_LO_6-27.08.2015","27.08.2015",2015,8,27,"ELMIDAE GEN. SP.",30
"BGR_006_MZB_LO_6","BGR_006_MZB_LO_6-27.08.2015","27.08.2015",2015,8,27,"EPHEMERELLA SP.",2
"BGR_006_MZB_LO_6","BGR_006_MZB_LO_6-27.08.2015","27.08.2015",2015,8,27,"GOMPHIDAE GEN. SP.",1
"BGR_006_MZB_LO_6","BGR_006_MZB_LO_6-27.08.2015","27.08.2015",2015,8,27,"HYDROPSYCHE SP.",48
"BGR_006_MZB_LO_6","BGR_006_MZB_LO_6-27.08.2015","27.08.2015",2015,8,27,"LYMNAEIDAE GEN. SP.",6
"BGR_006_MZB_LO_6","BGR_006_MZB_LO_6-27.08.2015","27.08.2015",2015,8,27,"OLIGOCHAETA GEN. SP.",19
"BGR_006_MZB_LO_6","BGR_006_MZB_LO_6-27.08.2015","27.08.2015",2015,8,27,"PLATYCNEMIDIDAE GEN. SP.",1
"BGR_006_MZB_LO_6","BGR_006_MZB_LO_6-27.08.2015","27.08.2015",2015,8,27,"SIMULIIDAE GEN. SP.",6
"BGR_006_MZB_LO_6","BGR_006_MZB_LO_6-27.08.2015","27.08.2015",2015,8,27,"SPHAERIUM SP.",17
"BGR_006_MZB_LO_6","BGR_006_MZB_LO_6-26.07.2017","26.07.2017",2017,7,26,"APHELOCHEIRUS SP.",7
"BGR_006_MZB_LO_6","BGR_006_MZB_LO_6-26.07.2017","26.07.2017",2017,7,26,"BAETIS SP.",150
"BGR_006_MZB_LO_6","BGR_006_MZB_LO_6-26.07.2017","26.07.2017",2017,7,26,"CAENIS SP.",41
"BGR_006_MZB_LO_6","BGR_006_MZB_LO_6-26.07.2017","26.07.2017",2017,7,26,"CALOPTERYGIDAE GEN. SP.",15
"BGR_006_MZB_LO_6","BGR_006_MZB_LO_6-26.07.2017","26.07.2017",2017,7,26,"CHIRONOMIDAE GEN. SP.",86
"BGR_006_MZB_LO_6","BGR_006_MZB_LO_6-26.07.2017","26.07.2017",2017,7,26,"DUGESIA SP.",1
"BGR_006_MZB_LO_6","BGR_006_MZB_LO_6-26.07.2017","26.07.2017",2017,7,26,"ECDYONURUS SP.",2
"BGR_006_MZB_LO_6","BGR_006_MZB_LO_6-26.07.2017","26.07.2017",2017,7,26,"EPHEMERELLA SP.",1
"BGR_006_MZB_LO_6","BGR_006_MZB_LO_6-26.07.2017","26.07.2017",2017,7,26,"GAMMARUS SP.",7
"BGR_006_MZB_LO_6","BGR_006_MZB_LO_6-26.07.2017","26.07.2017",2017,7,26,"GOMPHIDAE GEN. SP.",1
"BGR_006_MZB_LO_6","BGR_006_MZB_LO_6-26.07.2017","26.07.2017",2017,7,26,"HYDROPSYCHE SP.",37
"BGR_006_MZB_LO_6","BGR_006_MZB_LO_6-26.07.2017","26.07.2017",2017,7,26,"HYDROPTILIDAE GEN. SP.",1
"BGR_006_MZB_LO_6","BGR_006_MZB_LO_6-26.07.2017","26.07.2017",2017,7,26,"LYMNAEIDAE GEN. SP.",2
"BGR_006_MZB_LO_6","BGR_006_MZB_LO_6-26.07.2017","26.07.2017",2017,7,26,"OLIGOCHAETA GEN. SP.",130
"BGR_006_MZB_LO_6","BGR_006_MZB_LO_6-26.07.2017","26.07.2017",2017,7,26,"PHYSIDAE GEN. SP.",1
"BGR_006_MZB_LO_6","BGR_006_MZB_LO_6-26.07.2017","26.07.2017",2017,7,26,"PISIDIUM SP.",43
"BGR_006_MZB_LO_6","BGR_006_MZB_LO_6-26.07.2017","26.07.2017",2017,7,26,"PLATYCNEMIDIDAE GEN. SP.",2
"BGR_006_MZB_LO_6","BGR_006_MZB_LO_6-26.07.2017","26.07.2017",2017,7,26,"TIPULIDAE GEN. SP.",1
"BGR_006_MZB_LO_6","BGR_006_MZB_LO_6-08.08.2018","08.08.2018",2018,8,8,"APHELOCHEIRUS SP.",5
"BGR_006_MZB_LO_6","BGR_006_MZB_LO_6-08.08.2018","08.08.2018",2018,8,8,"BAETIS SP.",27
"BGR_006_MZB_LO_6","BGR_006_MZB_LO_6-08.08.2018","08.08.2018",2018,8,8,"CAENIS SP.",3
"BGR_006_MZB_LO_6","BGR_006_MZB_LO_6-08.08.2018","08.08.2018",2018,8,8,"CHIRONOMIDAE GEN. SP.",3
"BGR_006_MZB_LO_6","BGR_006_MZB_LO_6-08.08.2018","08.08.2018",2018,8,8,"ECDYONURUS SP.",11
"BGR_006_MZB_LO_6","BGR_006_MZB_LO_6-08.08.2018","08.08.2018",2018,8,8,"ELMIDAE GEN. SP.",3
"BGR_006_MZB_LO_6","BGR_006_MZB_LO_6-08.08.2018","08.08.2018",2018,8,8,"GAMMARUS SP.",10
"BGR_006_MZB_LO_6","BGR_006_MZB_LO_6-08.08.2018","08.08.2018",2018,8,8,"HYDROPSYCHE SP.",28
"BGR_006_MZB_LO_6","BGR_006_MZB_LO_6-08.08.2018","08.08.2018",2018,8,8,"OLIGOCHAETA GEN. SP.",51
"BGR_006_MZB_LO_6","BGR_006_MZB_LO_6-08.08.2018","08.08.2018",2018,8,8,"PISIDIUM SP.",1
"BGR_006_MZB_LO_6","BGR_006_MZB_LO_6-08.08.2018","08.08.2018",2018,8,8,"SIMULIIDAE GEN. SP.",1
"BGR_006_MZB_LO_6","BGR_006_MZB_LO_6-24.07.2019","24.07.2019",2019,7,24,"APHELOCHEIRUS SP.",19
"BGR_006_MZB_LO_6","BGR_006_MZB_LO_6-24.07.2019","24.07.2019",2019,7,24,"BAETIS SP.",44
"BGR_006_MZB_LO_6","BGR_006_MZB_LO_6-24.07.2019","24.07.2019",2019,7,24,"CAENIS SP.",24
"BGR_006_MZB_LO_6","BGR_006_MZB_LO_6-24.07.2019","24.07.2019",2019,7,24,"CHIRONOMIDAE GEN. SP.",16
"BGR_006_MZB_LO_6","BGR_006_MZB_LO_6-24.07.2019","24.07.2019",2019,7,24,"DUGESIA SP.",1
"BGR_006_MZB_LO_6","BGR_006_MZB_LO_6-24.07.2019","24.07.2019",2019,7,24,"ECDYONURUS SP.",2
"BGR_006_MZB_LO_6","BGR_006_MZB_LO_6-24.07.2019","24.07.2019",2019,7,24,"ERPOBDELLIDAE GEN. SP.",1
"BGR_006_MZB_LO_6","BGR_006_MZB_LO_6-24.07.2019","24.07.2019",2019,7,24,"GAMMARUS SP.",9
"BGR_006_MZB_LO_6","BGR_006_MZB_LO_6-24.07.2019","24.07.2019",2019,7,24,"GOMPHIDAE GEN. SP.",1
"BGR_006_MZB_LO_6","BGR_006_MZB_LO_6-24.07.2019","24.07.2019",2019,7,24,"HYDROPSYCHE SP.",36
"BGR_006_MZB_LO_6","BGR_006_MZB_LO_6-24.07.2019","24.07.2019",2019,7,24,"HYDROPTILIDAE GEN. SP.",3
"BGR_006_MZB_LO_6","BGR_006_MZB_LO_6-24.07.2019","24.07.2019",2019,7,24,"LYMNAEIDAE GEN. SP.",1
"BGR_006_MZB_LO_6","BGR_006_MZB_LO_6-24.07.2019","24.07.2019",2019,7,24,"OLIGOCHAETA GEN. SP.",36
"BGR_006_MZB_LO_6","BGR_006_MZB_LO_6-24.07.2019","24.07.2019",2019,7,24,"PHYSIDAE GEN. SP.",1
"BGR_006_MZB_LO_6","BGR_006_MZB_LO_6-24.07.2019","24.07.2019",2019,7,24,"PISIDIUM SP.",35
"BGR_006_MZB_LO_7","BGR_006_MZB_LO_7-05.08.2010","05.08.2010",2010,8,5,"ATHERIX SP.",3
"BGR_006_MZB_LO_7","BGR_006_MZB_LO_7-05.08.2010","05.08.2010",2010,8,5,"BAETIS SP.",480
"BGR_006_MZB_LO_7","BGR_006_MZB_LO_7-05.08.2010","05.08.2010",2010,8,5,"CAENIS SP.",2
"BGR_006_MZB_LO_7","BGR_006_MZB_LO_7-05.08.2010","05.08.2010",2010,8,5,"CHIRONOMIDAE GEN. SP.",86
"BGR_006_MZB_LO_7","BGR_006_MZB_LO_7-05.08.2010","05.08.2010",2010,8,5,"ECDYONURUS SP.",16
"BGR_006_MZB_LO_7","BGR_006_MZB_LO_7-05.08.2010","05.08.2010",2010,8,5,"ELMIDAE GEN. SP.",26
"BGR_006_MZB_LO_7","BGR_006_MZB_LO_7-05.08.2010","05.08.2010",2010,8,5,"EPHEMERELLA SP.",650
"BGR_006_MZB_LO_7","BGR_006_MZB_LO_7-05.08.2010","05.08.2010",2010,8,5,"GAMMARUS SP.",2
"BGR_006_MZB_LO_7","BGR_006_MZB_LO_7-05.08.2010","05.08.2010",2010,8,5,"GOMPHIDAE GEN. SP.",2
"BGR_006_MZB_LO_7","BGR_006_MZB_LO_7-05.08.2010","05.08.2010",2010,8,5,"HYDROPSYCHE SP.",88
"BGR_006_MZB_LO_7","BGR_006_MZB_LO_7-05.08.2010","05.08.2010",2010,8,5,"HYDROPTILIDAE GEN. SP.",24
"BGR_006_MZB_LO_7","BGR_006_MZB_LO_7-05.08.2010","05.08.2010",2010,8,5,"LEUCTRA SP.",240
"BGR_006_MZB_LO_7","BGR_006_MZB_LO_7-05.08.2010","05.08.2010",2010,8,5,"LIMONIIDAE GEN. SP.",50
"BGR_006_MZB_LO_7","BGR_006_MZB_LO_7-05.08.2010","05.08.2010",2010,8,5,"OLIGOCHAETA GEN. SP.",23
"BGR_006_MZB_LO_7","BGR_006_MZB_LO_7-05.08.2010","05.08.2010",2010,8,5,"PHILOPOTAMIDAE GEN. SP.",240
"BGR_006_MZB_LO_7","BGR_006_MZB_LO_7-05.08.2010","05.08.2010",2010,8,5,"PLANORBIDAE GEN. SP.",16
"BGR_006_MZB_LO_7","BGR_006_MZB_LO_7-05.08.2010","05.08.2010",2010,8,5,"RHITHROGENA SP.",3
"BGR_006_MZB_LO_7","BGR_006_MZB_LO_7-05.08.2010","05.08.2010",2010,8,5,"RHYACOPHILA SP.",8
"BGR_006_MZB_LO_7","BGR_006_MZB_LO_7-05.08.2010","05.08.2010",2010,8,5,"TIPULIDAE GEN. SP.",38
"BGR_006_MZB_LO_7","BGR_006_MZB_LO_7-31.08.2011","31.08.2011",2011,8,31,"ATHERIX SP.",5
"BGR_006_MZB_LO_7","BGR_006_MZB_LO_7-31.08.2011","31.08.2011",2011,8,31,"BAETIS SP.",73
"BGR_006_MZB_LO_7","BGR_006_MZB_LO_7-31.08.2011","31.08.2011",2011,8,31,"CAENIS SP.",2
"BGR_006_MZB_LO_7","BGR_006_MZB_LO_7-31.08.2011","31.08.2011",2011,8,31,"CHIRONOMIDAE GEN. SP.",55
"BGR_006_MZB_LO_7","BGR_006_MZB_LO_7-31.08.2011","31.08.2011",2011,8,31,"ECDYONURUS SP.",9
"BGR_006_MZB_LO_7","BGR_006_MZB_LO_7-31.08.2011","31.08.2011",2011,8,31,"ELMIDAE GEN. SP.",15
"BGR_006_MZB_LO_7","BGR_006_MZB_LO_7-31.08.2011","31.08.2011",2011,8,31,"EPHEMERELLA SP.",568
"BGR_006_MZB_LO_7","BGR_006_MZB_LO_7-31.08.2011","31.08.2011",2011,8,31,"GOMPHIDAE GEN. SP.",3
"BGR_006_MZB_LO_7","BGR_006_MZB_LO_7-31.08.2011","31.08.2011",2011,8,31,"HYDROPSYCHE SP.",59
"BGR_006_MZB_LO_7","BGR_006_MZB_LO_7-31.08.2011","31.08.2011",2011,8,31,"HYDROPTILIDAE GEN. SP.",14
"BGR_006_MZB_LO_7","BGR_006_MZB_LO_7-31.08.2011","31.08.2011",2011,8,31,"LEUCTRA SP.",227
"BGR_006_MZB_LO_7","BGR_006_MZB_LO_7-31.08.2011","31.08.2011",2011,8,31,"OLIGOCHAETA GEN. SP.",22
"BGR_006_MZB_LO_7","BGR_006_MZB_LO_7-31.08.2011","31.08.2011",2011,8,31,"PLANORBIDAE GEN. SP.",11
"BGR_006_MZB_LO_7","BGR_006_MZB_LO_7-31.08.2011","31.08.2011",2011,8,31,"RHITHROGENA SP.",1
"BGR_006_MZB_LO_7","BGR_006_MZB_LO_7-31.08.2011","31.08.2011",2011,8,31,"RHYACOPHILA SP.",4
"BGR_006_MZB_LO_7","BGR_006_MZB_LO_7-31.08.2011","31.08.2011",2011,8,31,"TIPULIDAE GEN. SP.",21
"BGR_006_MZB_LO_7","BGR_006_MZB_LO_7-28.06.2012","28.06.2012",2012,6,28,"ATHERIX SP.",28.8
"BGR_006_MZB_LO_7","BGR_006_MZB_LO_7-28.06.2012","28.06.2012",2012,6,28,"BAETIS SP.",59.2
"BGR_006_MZB_LO_7","BGR_006_MZB_LO_7-28.06.2012","28.06.2012",2012,6,28,"CAENIS SP.",14.4
"BGR_006_MZB_LO_7","BGR_006_MZB_LO_7-28.06.2012","28.06.2012",2012,6,28,"CHIRONOMIDAE GEN. SP.",65.6
"BGR_006_MZB_LO_7","BGR_006_MZB_LO_7-28.06.2012","28.06.2012",2012,6,28,"ECDYONURUS SP.",3.2
"BGR_006_MZB_LO_7","BGR_006_MZB_LO_7-28.06.2012","28.06.2012",2012,6,28,"ELMIDAE GEN. SP.",16
"BGR_006_MZB_LO_7","BGR_006_MZB_LO_7-28.06.2012","28.06.2012",2012,6,28,"EPHEMERA SP.",76.8
"BGR_006_MZB_LO_7","BGR_006_MZB_LO_7-28.06.2012","28.06.2012",2012,6,28,"EPHEMERELLA SP.",148.8
"BGR_006_MZB_LO_7","BGR_006_MZB_LO_7-28.06.2012","28.06.2012",2012,6,28,"GOMPHIDAE GEN. SP.",6.4
"BGR_006_MZB_LO_7","BGR_006_MZB_LO_7-28.06.2012","28.06.2012",2012,6,28,"HYDROPSYCHE SP.",102.4
"BGR_006_MZB_LO_7","BGR_006_MZB_LO_7-28.06.2012","28.06.2012",2012,6,28,"HYDROPTILIDAE GEN. SP.",11.2
"BGR_006_MZB_LO_7","BGR_006_MZB_LO_7-28.06.2012","28.06.2012",2012,6,28,"OLIGOCHAETA GEN. SP.",12.8
"BGR_006_MZB_LO_7","BGR_006_MZB_LO_7-28.06.2012","28.06.2012",2012,6,28,"PLANORBIDAE GEN. SP.",8
"BGR_006_MZB_LO_7","BGR_006_MZB_LO_7-28.06.2012","28.06.2012",2012,6,28,"RHITHROGENA SP.",1.6
"BGR_006_MZB_LO_7","BGR_006_MZB_LO_7-15.08.2013","15.08.2013",2013,8,15,"ATHERIX SP.",1
"BGR_006_MZB_LO_7","BGR_006_MZB_LO_7-15.08.2013","15.08.2013",2013,8,15,"BAETIS SP.",220
"BGR_006_MZB_LO_7","BGR_006_MZB_LO_7-15.08.2013","15.08.2013",2013,8,15,"CAENIS SP.",25
"BGR_006_MZB_LO_7","BGR_006_MZB_LO_7-15.08.2013","15.08.2013",2013,8,15,"CHIRONOMIDAE GEN. SP.",51
"BGR_006_MZB_LO_7","BGR_006_MZB_LO_7-15.08.2013","15.08.2013",2013,8,15,"ECDYONURUS SP.",44
"BGR_006_MZB_LO_7","BGR_006_MZB_LO_7-15.08.2013","15.08.2013",2013,8,15,"ELMIDAE GEN. SP.",7
"BGR_006_MZB_LO_7","BGR_006_MZB_LO_7-15.08.2013","15.08.2013",2013,8,15,"EPEORUS SP.",3
"BGR_006_MZB_LO_7","BGR_006_MZB_LO_7-15.08.2013","15.08.2013",2013,8,15,"EPHEMERELLA SP.",68
"BGR_006_MZB_LO_7","BGR_006_MZB_LO_7-15.08.2013","15.08.2013",2013,8,15,"GLOSSIPHONIIDAE GEN. SP.",2
"BGR_006_MZB_LO_7","BGR_006_MZB_LO_7-15.08.2013","15.08.2013",2013,8,15,"GOERIDAE GEN. SP.",3
"BGR_006_MZB_LO_7","BGR_006_MZB_LO_7-15.08.2013","15.08.2013",2013,8,15,"GOMPHIDAE GEN. SP.",3
"BGR_006_MZB_LO_7","BGR_006_MZB_LO_7-15.08.2013","15.08.2013",2013,8,15,"HYDROPSYCHE SP.",120
"BGR_006_MZB_LO_7","BGR_006_MZB_LO_7-15.08.2013","15.08.2013",2013,8,15,"LEUCTRA SP.",35
"BGR_006_MZB_LO_7","BGR_006_MZB_LO_7-15.08.2013","15.08.2013",2013,8,15,"LIMONIIDAE GEN. SP.",1
"BGR_006_MZB_LO_7","BGR_006_MZB_LO_7-15.08.2013","15.08.2013",2013,8,15,"PHILOPOTAMIDAE GEN. SP.",58
"BGR_006_MZB_LO_7","BGR_006_MZB_LO_7-15.08.2013","15.08.2013",2013,8,15,"RHYACOPHILA SP.",4
"BGR_006_MZB_LO_7","BGR_006_MZB_LO_7-15.08.2013","15.08.2013",2013,8,15,"SERICOSTOMATIDAE GEN. SP.",3
"BGR_006_MZB_LO_7","BGR_006_MZB_LO_7-15.08.2013","15.08.2013",2013,8,15,"SIMULIIDAE GEN. SP.",10
"BGR_006_MZB_LO_7","BGR_006_MZB_LO_7-15.08.2013","15.08.2013",2013,8,15,"TIPULIDAE GEN. SP.",1
"BGR_006_MZB_LO_7","BGR_006_MZB_LO_7-17.07.2014","17.07.2014",2014,7,17,"ASELLUS SP.",3
"BGR_006_MZB_LO_7","BGR_006_MZB_LO_7-17.07.2014","17.07.2014",2014,7,17,"BAETIS SP.",200
"BGR_006_MZB_LO_7","BGR_006_MZB_LO_7-17.07.2014","17.07.2014",2014,7,17,"CAENIS SP.",200
"BGR_006_MZB_LO_7","BGR_006_MZB_LO_7-17.07.2014","17.07.2014",2014,7,17,"CHIRONOMIDAE GEN. SP.",105
"BGR_006_MZB_LO_7","BGR_006_MZB_LO_7-17.07.2014","17.07.2014",2014,7,17,"ECDYONURUS SP.",45
"BGR_006_MZB_LO_7","BGR_006_MZB_LO_7-17.07.2014","17.07.2014",2014,7,17,"ELMIDAE GEN. SP.",6
"BGR_006_MZB_LO_7","BGR_006_MZB_LO_7-17.07.2014","17.07.2014",2014,7,17,"EPHEMERELLA SP.",240
"BGR_006_MZB_LO_7","BGR_006_MZB_LO_7-17.07.2014","17.07.2014",2014,7,17,"GOMPHIDAE GEN. SP.",7
"BGR_006_MZB_LO_7","BGR_006_MZB_LO_7-17.07.2014","17.07.2014",2014,7,17,"HYDROPSYCHE SP.",120
"BGR_006_MZB_LO_7","BGR_006_MZB_LO_7-17.07.2014","17.07.2014",2014,7,17,"LEUCTRA SP.",24
"BGR_006_MZB_LO_7","BGR_006_MZB_LO_7-17.07.2014","17.07.2014",2014,7,17,"LIMNEPHILIDAE GEN. SP.",1
"BGR_006_MZB_LO_7","BGR_006_MZB_LO_7-17.07.2014","17.07.2014",2014,7,17,"LIMONIIDAE GEN. SP.",2
"BGR_006_MZB_LO_7","BGR_006_MZB_LO_7-17.07.2014","17.07.2014",2014,7,17,"OLIGOCHAETA GEN. SP.",7
"BGR_006_MZB_LO_7","BGR_006_MZB_LO_7-17.07.2014","17.07.2014",2014,7,17,"PERLA SP.",1
"BGR_006_MZB_LO_7","BGR_006_MZB_LO_7-17.07.2014","17.07.2014",2014,7,17,"RHYACOPHILA SP.",16
"BGR_006_MZB_LO_7","BGR_006_MZB_LO_7-17.07.2014","17.07.2014",2014,7,17,"SERICOSTOMATIDAE GEN. SP.",1
"BGR_006_MZB_LO_7","BGR_006_MZB_LO_7-17.07.2014","17.07.2014",2014,7,17,"SIMULIIDAE GEN. SP.",1
"BGR_006_MZB_LO_7","BGR_006_MZB_LO_7-17.07.2014","17.07.2014",2014,7,17,"SIPHLONURUS SP.",66
"BGR_006_MZB_LO_7","BGR_006_MZB_LO_7-17.07.2014","17.07.2014",2014,7,17,"TIPULIDAE GEN. SP.",2
"BGR_006_MZB_LO_7","BGR_006_MZB_LO_7-26.06.2015","26.06.2015",2015,6,26,"ATHERIX SP.",6
"BGR_006_MZB_LO_7","BGR_006_MZB_LO_7-26.06.2015","26.06.2015",2015,6,26,"BAETIS SP.",210
"BGR_006_MZB_LO_7","BGR_006_MZB_LO_7-26.06.2015","26.06.2015",2015,6,26,"CAENIS SP.",50
"BGR_006_MZB_LO_7","BGR_006_MZB_LO_7-26.06.2015","26.06.2015",2015,6,26,"CHIRONOMIDAE GEN. SP.",81
"BGR_006_MZB_LO_7","BGR_006_MZB_LO_7-26.06.2015","26.06.2015",2015,6,26,"ECDYONURUS SP.",9
"BGR_006_MZB_LO_7","BGR_006_MZB_LO_7-26.06.2015","26.06.2015",2015,6,26,"ELMIDAE GEN. SP.",4
"BGR_006_MZB_LO_7","BGR_006_MZB_LO_7-26.06.2015","26.06.2015",2015,6,26,"EPHEMERELLA SP.",110
"BGR_006_MZB_LO_7","BGR_006_MZB_LO_7-26.06.2015","26.06.2015",2015,6,26,"GOERIDAE GEN. SP.",2
"BGR_006_MZB_LO_7","BGR_006_MZB_LO_7-26.06.2015","26.06.2015",2015,6,26,"HYDROPSYCHE SP.",49
"BGR_006_MZB_LO_7","BGR_006_MZB_LO_7-26.06.2015","26.06.2015",2015,6,26,"LEUCTRA SP.",85
"BGR_006_MZB_LO_7","BGR_006_MZB_LO_7-26.06.2015","26.06.2015",2015,6,26,"OLIGOCHAETA GEN. SP.",11
"BGR_006_MZB_LO_7","BGR_006_MZB_LO_7-26.06.2015","26.06.2015",2015,6,26,"RHITHROGENA SP.",40
"BGR_006_MZB_LO_7","BGR_006_MZB_LO_7-26.06.2015","26.06.2015",2015,6,26,"RHYACOPHILA SP.",89
"BGR_006_MZB_LO_7","BGR_006_MZB_LO_7-26.06.2015","26.06.2015",2015,6,26,"SERICOSTOMATIDAE GEN. SP.",2
"BGR_006_MZB_LO_7","BGR_006_MZB_LO_7-26.06.2015","26.06.2015",2015,6,26,"SIMULIIDAE GEN. SP.",2
"BGR_006_MZB_LO_7","BGR_006_MZB_LO_7-26.06.2015","26.06.2015",2015,6,26,"SIPHLONURUS SP.",320
"BGR_006_MZB_LO_7","BGR_006_MZB_LO_7-26.06.2015","26.06.2015",2015,6,26,"TIPULIDAE GEN. SP.",1
"BGR_006_MZB_LO_7","BGR_006_MZB_LO_7-17.07.2017","17.07.2017",2017,7,17,"ASELLUS SP.",1
"BGR_006_MZB_LO_7","BGR_006_MZB_LO_7-17.07.2017","17.07.2017",2017,7,17,"BAETIS SP.",140
"BGR_006_MZB_LO_7","BGR_006_MZB_LO_7-17.07.2017","17.07.2017",2017,7,17,"CAENIS SP.",110
"BGR_006_MZB_LO_7","BGR_006_MZB_LO_7-17.07.2017","17.07.2017",2017,7,17,"CHIRONOMIDAE GEN. SP.",12
"BGR_006_MZB_LO_7","BGR_006_MZB_LO_7-17.07.2017","17.07.2017",2017,7,17,"DUGESIA SP.",1
"BGR_006_MZB_LO_7","BGR_006_MZB_LO_7-17.07.2017","17.07.2017",2017,7,17,"ECDYONURUS SP.",25
"BGR_006_MZB_LO_7","BGR_006_MZB_LO_7-17.07.2017","17.07.2017",2017,7,17,"EPHEMERELLA SP.",170
"BGR_006_MZB_LO_7","BGR_006_MZB_LO_7-17.07.2017","17.07.2017",2017,7,17,"ERPOBDELLIDAE GEN. SP.",1
"BGR_006_MZB_LO_7","BGR_006_MZB_LO_7-17.07.2017","17.07.2017",2017,7,17,"GAMMARUS SP.",6
"BGR_006_MZB_LO_7","BGR_006_MZB_LO_7-17.07.2017","17.07.2017",2017,7,17,"GOMPHIDAE GEN. SP.",10
"BGR_006_MZB_LO_7","BGR_006_MZB_LO_7-17.07.2017","17.07.2017",2017,7,17,"HYDROPSYCHE SP.",7
"BGR_006_MZB_LO_7","BGR_006_MZB_LO_7-17.07.2017","17.07.2017",2017,7,17,"LEUCTRA SP.",3
"BGR_006_MZB_LO_7","BGR_006_MZB_LO_7-17.07.2017","17.07.2017",2017,7,17,"OLIGOCHAETA GEN. SP.",13
"BGR_006_MZB_LO_7","BGR_006_MZB_LO_7-17.07.2017","17.07.2017",2017,7,17,"PHYSIDAE GEN. SP.",1
"BGR_006_MZB_LO_7","BGR_006_MZB_LO_7-17.07.2017","17.07.2017",2017,7,17,"SERICOSTOMATIDAE GEN. SP.",1
"BGR_006_MZB_LO_7","BGR_006_MZB_LO_7-17.07.2017","17.07.2017",2017,7,17,"SIPHLONURUS SP.",9
"BGR_006_MZB_LO_7","BGR_006_MZB_LO_7-21.06.2018","21.06.2018",2018,6,21,"ASELLUS SP.",4
"BGR_006_MZB_LO_7","BGR_006_MZB_LO_7-21.06.2018","21.06.2018",2018,6,21,"BAETIS SP.",34
"BGR_006_MZB_LO_7","BGR_006_MZB_LO_7-21.06.2018","21.06.2018",2018,6,21,"CAENIS SP.",94
"BGR_006_MZB_LO_7","BGR_006_MZB_LO_7-21.06.2018","21.06.2018",2018,6,21,"CHIRONOMIDAE GEN. SP.",59
"BGR_006_MZB_LO_7","BGR_006_MZB_LO_7-21.06.2018","21.06.2018",2018,6,21,"ECDYONURUS SP.",31
"BGR_006_MZB_LO_7","BGR_006_MZB_LO_7-21.06.2018","21.06.2018",2018,6,21,"ELMIDAE GEN. SP.",4
"BGR_006_MZB_LO_7","BGR_006_MZB_LO_7-21.06.2018","21.06.2018",2018,6,21,"EPHEMERELLA SP.",95
"BGR_006_MZB_LO_7","BGR_006_MZB_LO_7-21.06.2018","21.06.2018",2018,6,21,"ERPOBDELLIDAE GEN. SP.",1
"BGR_006_MZB_LO_7","BGR_006_MZB_LO_7-21.06.2018","21.06.2018",2018,6,21,"GAMMARUS SP.",2
"BGR_006_MZB_LO_7","BGR_006_MZB_LO_7-21.06.2018","21.06.2018",2018,6,21,"GLOSSIPHONIIDAE GEN. SP.",1
"BGR_006_MZB_LO_7","BGR_006_MZB_LO_7-21.06.2018","21.06.2018",2018,6,21,"GOMPHIDAE GEN. SP.",15
"BGR_006_MZB_LO_7","BGR_006_MZB_LO_7-21.06.2018","21.06.2018",2018,6,21,"HYDROPSYCHE SP.",62
"BGR_006_MZB_LO_7","BGR_006_MZB_LO_7-21.06.2018","21.06.2018",2018,6,21,"LEUCTRA SP.",6
"BGR_006_MZB_LO_7","BGR_006_MZB_LO_7-21.06.2018","21.06.2018",2018,6,21,"LIMNEPHILIDAE GEN. SP.",4
"BGR_006_MZB_LO_7","BGR_006_MZB_LO_7-21.06.2018","21.06.2018",2018,6,21,"LIMONIIDAE GEN. SP.",5
"BGR_006_MZB_LO_7","BGR_006_MZB_LO_7-21.06.2018","21.06.2018",2018,6,21,"LYMNAEIDAE GEN. SP.",9
"BGR_006_MZB_LO_7","BGR_006_MZB_LO_7-21.06.2018","21.06.2018",2018,6,21,"OLIGOCHAETA GEN. SP.",49
"BGR_006_MZB_LO_7","BGR_006_MZB_LO_7-21.06.2018","21.06.2018",2018,6,21,"PHRYGANEIDAE GEN. SP.",2
"BGR_006_MZB_LO_7","BGR_006_MZB_LO_7-21.06.2018","21.06.2018",2018,6,21,"PHYSIDAE GEN. SP.",4
"BGR_006_MZB_LO_7","BGR_006_MZB_LO_7-21.06.2018","21.06.2018",2018,6,21,"PISIDIUM SP.",1
"BGR_006_MZB_LO_7","BGR_006_MZB_LO_7-21.06.2018","21.06.2018",2018,6,21,"PLANORBIDAE GEN. SP.",11
"BGR_006_MZB_LO_7","BGR_006_MZB_LO_7-21.06.2018","21.06.2018",2018,6,21,"PLATYCNEMIDIDAE GEN. SP.",4
"BGR_006_MZB_LO_7","BGR_006_MZB_LO_7-21.06.2018","21.06.2018",2018,6,21,"SIALIDAE GEN. SP.",13
"BGR_006_MZB_LO_7","BGR_006_MZB_LO_7-21.06.2018","21.06.2018",2018,6,21,"SIPHLONURUS SP.",22
"BGR_006_MZB_LO_7","BGR_006_MZB_LO_7-21.06.2018","21.06.2018",2018,6,21,"TIPULIDAE GEN. SP.",1
"BGR_006_MZB_LO_7","BGR_006_MZB_LO_7-08.07.2019","08.07.2019",2019,7,8,"BAETIS SP.",250
"BGR_006_MZB_LO_7","BGR_006_MZB_LO_7-08.07.2019","08.07.2019",2019,7,8,"BLEPHARICERIDAE GEN. SP.",3
"BGR_006_MZB_LO_7","BGR_006_MZB_LO_7-08.07.2019","08.07.2019",2019,7,8,"CAENIS SP.",66
"BGR_006_MZB_LO_7","BGR_006_MZB_LO_7-08.07.2019","08.07.2019",2019,7,8,"CHIRONOMIDAE GEN. SP.",104
"BGR_006_MZB_LO_7","BGR_006_MZB_LO_7-08.07.2019","08.07.2019",2019,7,8,"ECDYONURUS SP.",9
"BGR_006_MZB_LO_7","BGR_006_MZB_LO_7-08.07.2019","08.07.2019",2019,7,8,"ELMIDAE GEN. SP.",1
"BGR_006_MZB_LO_7","BGR_006_MZB_LO_7-08.07.2019","08.07.2019",2019,7,8,"EPHEMERA SP.",1
"BGR_006_MZB_LO_7","BGR_006_MZB_LO_7-08.07.2019","08.07.2019",2019,7,8,"EPHEMERELLA SP.",142
"BGR_006_MZB_LO_7","BGR_006_MZB_LO_7-08.07.2019","08.07.2019",2019,7,8,"GAMMARUS SP.",2
"BGR_006_MZB_LO_7","BGR_006_MZB_LO_7-08.07.2019","08.07.2019",2019,7,8,"GOMPHIDAE GEN. SP.",1
"BGR_006_MZB_LO_7","BGR_006_MZB_LO_7-08.07.2019","08.07.2019",2019,7,8,"HYDROPSYCHE SP.",66
"BGR_006_MZB_LO_7","BGR_006_MZB_LO_7-08.07.2019","08.07.2019",2019,7,8,"LEUCTRA SP.",9
"BGR_006_MZB_LO_7","BGR_006_MZB_LO_7-08.07.2019","08.07.2019",2019,7,8,"LIMONIIDAE GEN. SP.",1
"BGR_006_MZB_LO_7","BGR_006_MZB_LO_7-08.07.2019","08.07.2019",2019,7,8,"OLIGOCHAETA GEN. SP.",5
"BGR_006_MZB_LO_7","BGR_006_MZB_LO_7-08.07.2019","08.07.2019",2019,7,8,"PERLA SP.",1
"BGR_006_MZB_LO_7","BGR_006_MZB_LO_7-08.07.2019","08.07.2019",2019,7,8,"RHYACOPHILA SP.",45
"BGR_006_MZB_LO_7","BGR_006_MZB_LO_7-08.07.2019","08.07.2019",2019,7,8,"SIMULIIDAE GEN. SP.",36
"BGR_006_MZB_LO_7","BGR_006_MZB_LO_7-08.07.2019","08.07.2019",2019,7,8,"SIPHLONURUS SP.",35
"BGR_006_MZB_LO_7","BGR_006_MZB_LO_7-08.07.2019","08.07.2019",2019,7,8,"TIPULIDAE GEN. SP.",18
"BGR_006_MZB_LO_8","BGR_006_MZB_LO_8-05.08.2010","05.08.2010",2010,8,5,"ATHERIX SP.",16
"BGR_006_MZB_LO_8","BGR_006_MZB_LO_8-05.08.2010","05.08.2010",2010,8,5,"BAETIS SP.",282
"BGR_006_MZB_LO_8","BGR_006_MZB_LO_8-05.08.2010","05.08.2010",2010,8,5,"CHIRONOMIDAE GEN. SP.",19
"BGR_006_MZB_LO_8","BGR_006_MZB_LO_8-05.08.2010","05.08.2010",2010,8,5,"DUGESIA SP.",2
"BGR_006_MZB_LO_8","BGR_006_MZB_LO_8-05.08.2010","05.08.2010",2010,8,5,"ECDYONURUS SP.",290
"BGR_006_MZB_LO_8","BGR_006_MZB_LO_8-05.08.2010","05.08.2010",2010,8,5,"ELMIDAE GEN. SP.",3
"BGR_006_MZB_LO_8","BGR_006_MZB_LO_8-05.08.2010","05.08.2010",2010,8,5,"EPEORUS SP.",3
"BGR_006_MZB_LO_8","BGR_006_MZB_LO_8-05.08.2010","05.08.2010",2010,8,5,"EPHEMERA SP.",27
"BGR_006_MZB_LO_8","BGR_006_MZB_LO_8-05.08.2010","05.08.2010",2010,8,5,"EPHEMERELLA SP.",14
"BGR_006_MZB_LO_8","BGR_006_MZB_LO_8-05.08.2010","05.08.2010",2010,8,5,"GAMMARUS SP.",48
"BGR_006_MZB_LO_8","BGR_006_MZB_LO_8-05.08.2010","05.08.2010",2010,8,5,"HABROPHLEBIA SP.",62
"BGR_006_MZB_LO_8","BGR_006_MZB_LO_8-05.08.2010","05.08.2010",2010,8,5,"HYDROPSYCHE SP.",10
"BGR_006_MZB_LO_8","BGR_006_MZB_LO_8-05.08.2010","05.08.2010",2010,8,5,"LEUCTRA SP.",264
"BGR_006_MZB_LO_8","BGR_006_MZB_LO_8-05.08.2010","05.08.2010",2010,8,5,"LIMNEPHILIDAE GEN. SP.",2
"BGR_006_MZB_LO_8","BGR_006_MZB_LO_8-05.08.2010","05.08.2010",2010,8,5,"LIMONIIDAE GEN. SP.",8
"BGR_006_MZB_LO_8","BGR_006_MZB_LO_8-05.08.2010","05.08.2010",2010,8,5,"OLIGOCHAETA GEN. SP.",2
"BGR_006_MZB_LO_8","BGR_006_MZB_LO_8-05.08.2010","05.08.2010",2010,8,5,"PARALEPTOPHLEBIA SP.",18
"BGR_006_MZB_LO_8","BGR_006_MZB_LO_8-05.08.2010","05.08.2010",2010,8,5,"PERLA SP.",22
"BGR_006_MZB_LO_8","BGR_006_MZB_LO_8-05.08.2010","05.08.2010",2010,8,5,"PHILOPOTAMIDAE GEN. SP.",16
"BGR_006_MZB_LO_8","BGR_006_MZB_LO_8-05.08.2010","05.08.2010",2010,8,5,"PHYSIDAE GEN. SP.",2
"BGR_006_MZB_LO_8","BGR_006_MZB_LO_8-05.08.2010","05.08.2010",2010,8,5,"PROTONEMURA SP.",6
"BGR_006_MZB_LO_8","BGR_006_MZB_LO_8-05.08.2010","05.08.2010",2010,8,5,"RHITHROGENA SP.",6
"BGR_006_MZB_LO_8","BGR_006_MZB_LO_8-05.08.2010","05.08.2010",2010,8,5,"RHYACOPHILA SP.",67
"BGR_006_MZB_LO_8","BGR_006_MZB_LO_8-05.08.2010","05.08.2010",2010,8,5,"SIALIDAE GEN. SP.",2
"BGR_006_MZB_LO_8","BGR_006_MZB_LO_8-05.08.2010","05.08.2010",2010,8,5,"SIMULIIDAE GEN. SP.",2
"BGR_006_MZB_LO_8","BGR_006_MZB_LO_8-05.08.2010","05.08.2010",2010,8,5,"TIPULIDAE GEN. SP.",5
"BGR_006_MZB_LO_8","BGR_006_MZB_LO_8-31.08.2011","31.08.2011",2011,8,31,"ATHERIX SP.",9
"BGR_006_MZB_LO_8","BGR_006_MZB_LO_8-31.08.2011","31.08.2011",2011,8,31,"BAETIS SP.",39
"BGR_006_MZB_LO_8","BGR_006_MZB_LO_8-31.08.2011","31.08.2011",2011,8,31,"DUGESIA SP.",2
"BGR_006_MZB_LO_8","BGR_006_MZB_LO_8-31.08.2011","31.08.2011",2011,8,31,"ECDYONURUS SP.",158
"BGR_006_MZB_LO_8","BGR_006_MZB_LO_8-31.08.2011","31.08.2011",2011,8,31,"ELMIDAE GEN. SP.",3
"BGR_006_MZB_LO_8","BGR_006_MZB_LO_8-31.08.2011","31.08.2011",2011,8,31,"EPEORUS SP.",1
"BGR_006_MZB_LO_8","BGR_006_MZB_LO_8-31.08.2011","31.08.2011",2011,8,31,"EPHEMERA SP.",14
"BGR_006_MZB_LO_8","BGR_006_MZB_LO_8-31.08.2011","31.08.2011",2011,8,31,"EPHEMERELLA SP.",10
"BGR_006_MZB_LO_8","BGR_006_MZB_LO_8-31.08.2011","31.08.2011",2011,8,31,"HABROPHLEBIA SP.",26
"BGR_006_MZB_LO_8","BGR_006_MZB_LO_8-31.08.2011","31.08.2011",2011,8,31,"HYDROPSYCHE SP.",8
"BGR_006_MZB_LO_8","BGR_006_MZB_LO_8-31.08.2011","31.08.2011",2011,8,31,"LEUCTRA SP.",165
"BGR_006_MZB_LO_8","BGR_006_MZB_LO_8-31.08.2011","31.08.2011",2011,8,31,"LIMONIIDAE GEN. SP.",5
"BGR_006_MZB_LO_8","BGR_006_MZB_LO_8-31.08.2011","31.08.2011",2011,8,31,"PARALEPTOPHLEBIA SP.",13
"BGR_006_MZB_LO_8","BGR_006_MZB_LO_8-31.08.2011","31.08.2011",2011,8,31,"PERLA SP.",16
"BGR_006_MZB_LO_8","BGR_006_MZB_LO_8-31.08.2011","31.08.2011",2011,8,31,"PHILOPOTAMIDAE GEN. SP.",8
"BGR_006_MZB_LO_8","BGR_006_MZB_LO_8-31.08.2011","31.08.2011",2011,8,31,"PROTONEMURA SP.",3
"BGR_006_MZB_LO_8","BGR_006_MZB_LO_8-31.08.2011","31.08.2011",2011,8,31,"RHITHROGENA SP.",5
"BGR_006_MZB_LO_8","BGR_006_MZB_LO_8-31.08.2011","31.08.2011",2011,8,31,"TIPULIDAE GEN. SP.",2
"BGR_006_MZB_LO_8","BGR_006_MZB_LO_8-28.06.2012","28.06.2012",2012,6,28,"ATHERIX SP.",18
"BGR_006_MZB_LO_8","BGR_006_MZB_LO_8-28.06.2012","28.06.2012",2012,6,28,"BAETIS SP.",37
"BGR_006_MZB_LO_8","BGR_006_MZB_LO_8-28.06.2012","28.06.2012",2012,6,28,"CAENIS SP.",9
"BGR_006_MZB_LO_8","BGR_006_MZB_LO_8-28.06.2012","28.06.2012",2012,6,28,"CHIRONOMIDAE GEN. SP.",41
"BGR_006_MZB_LO_8","BGR_006_MZB_LO_8-28.06.2012","28.06.2012",2012,6,28,"ECDYONURUS SP.",2
"BGR_006_MZB_LO_8","BGR_006_MZB_LO_8-28.06.2012","28.06.2012",2012,6,28,"ELMIDAE GEN. SP.",10
"BGR_006_MZB_LO_8","BGR_006_MZB_LO_8-28.06.2012","28.06.2012",2012,6,28,"EPHEMERA SP.",48
"BGR_006_MZB_LO_8","BGR_006_MZB_LO_8-28.06.2012","28.06.2012",2012,6,28,"EPHEMERELLA SP.",93
"BGR_006_MZB_LO_8","BGR_006_MZB_LO_8-28.06.2012","28.06.2012",2012,6,28,"GOMPHIDAE GEN. SP.",4
"BGR_006_MZB_LO_8","BGR_006_MZB_LO_8-28.06.2012","28.06.2012",2012,6,28,"HYDROPSYCHE SP.",64
"BGR_006_MZB_LO_8","BGR_006_MZB_LO_8-28.06.2012","28.06.2012",2012,6,28,"HYDROPTILIDAE GEN. SP.",7
"BGR_006_MZB_LO_8","BGR_006_MZB_LO_8-28.06.2012","28.06.2012",2012,6,28,"OLIGOCHAETA GEN. SP.",8
"BGR_006_MZB_LO_8","BGR_006_MZB_LO_8-28.06.2012","28.06.2012",2012,6,28,"PLANORBIDAE GEN. SP.",5
"BGR_006_MZB_LO_8","BGR_006_MZB_LO_8-28.06.2012","28.06.2012",2012,6,28,"RHITHROGENA SP.",1
"BGR_006_MZB_LO_8","BGR_006_MZB_LO_8-15.08.2013","15.08.2013",2013,8,15,"ATHERIX SP.",9
"BGR_006_MZB_LO_8","BGR_006_MZB_LO_8-15.08.2013","15.08.2013",2013,8,15,"BAETIS SP.",190
"BGR_006_MZB_LO_8","BGR_006_MZB_LO_8-15.08.2013","15.08.2013",2013,8,15,"CAENIS SP.",1
"BGR_006_MZB_LO_8","BGR_006_MZB_LO_8-15.08.2013","15.08.2013",2013,8,15,"CHIRONOMIDAE GEN. SP.",40
"BGR_006_MZB_LO_8","BGR_006_MZB_LO_8-15.08.2013","15.08.2013",2013,8,15,"ECDYONURUS SP.",63
"BGR_006_MZB_LO_8","BGR_006_MZB_LO_8-15.08.2013","15.08.2013",2013,8,15,"ELMIDAE GEN. SP.",3
"BGR_006_MZB_LO_8","BGR_006_MZB_LO_8-15.08.2013","15.08.2013",2013,8,15,"EPEORUS SP.",3
"BGR_006_MZB_LO_8","BGR_006_MZB_LO_8-15.08.2013","15.08.2013",2013,8,15,"EPHEMERA SP.",9
"BGR_006_MZB_LO_8","BGR_006_MZB_LO_8-15.08.2013","15.08.2013",2013,8,15,"EPHEMERELLA SP.",2
"BGR_006_MZB_LO_8","BGR_006_MZB_LO_8-15.08.2013","15.08.2013",2013,8,15,"GAMMARUS SP.",2
"BGR_006_MZB_LO_8","BGR_006_MZB_LO_8-15.08.2013","15.08.2013",2013,8,15,"GOMPHIDAE GEN. SP.",1
"BGR_006_MZB_LO_8","BGR_006_MZB_LO_8-15.08.2013","15.08.2013",2013,8,15,"HYDROPSYCHE SP.",3
"BGR_006_MZB_LO_8","BGR_006_MZB_LO_8-15.08.2013","15.08.2013",2013,8,15,"LEUCTRA SP.",11
"BGR_006_MZB_LO_8","BGR_006_MZB_LO_8-15.08.2013","15.08.2013",2013,8,15,"LIMNEPHILIDAE GEN. SP.",1
"BGR_006_MZB_LO_8","BGR_006_MZB_LO_8-15.08.2013","15.08.2013",2013,8,15,"PERLA SP.",7
"BGR_006_MZB_LO_8","BGR_006_MZB_LO_8-15.08.2013","15.08.2013",2013,8,15,"PROTONEMURA SP.",2
"BGR_006_MZB_LO_8","BGR_006_MZB_LO_8-15.08.2013","15.08.2013",2013,8,15,"PSYCHOMYIIDAE GEN. SP.",3
"BGR_006_MZB_LO_8","BGR_006_MZB_LO_8-15.08.2013","15.08.2013",2013,8,15,"RHYACOPHILA SP.",17
"BGR_006_MZB_LO_8","BGR_006_MZB_LO_8-15.08.2013","15.08.2013",2013,8,15,"SERICOSTOMATIDAE GEN. SP.",2
"BGR_006_MZB_LO_8","BGR_006_MZB_LO_8-15.08.2013","15.08.2013",2013,8,15,"SIMULIIDAE GEN. SP.",3
"BGR_006_MZB_LO_8","BGR_006_MZB_LO_8-15.08.2013","15.08.2013",2013,8,15,"TIPULIDAE GEN. SP.",2
"BGR_006_MZB_LO_8","BGR_006_MZB_LO_8-17.07.2014","17.07.2014",2014,7,17,"ATHERIX SP.",23
"BGR_006_MZB_LO_8","BGR_006_MZB_LO_8-17.07.2014","17.07.2014",2014,7,17,"BAETIS SP.",120
"BGR_006_MZB_LO_8","BGR_006_MZB_LO_8-17.07.2014","17.07.2014",2014,7,17,"CHIRONOMIDAE GEN. SP.",37
"BGR_006_MZB_LO_8","BGR_006_MZB_LO_8-17.07.2014","17.07.2014",2014,7,17,"CHLOROPERLIDAE GEN. SP.",7
"BGR_006_MZB_LO_8","BGR_006_MZB_LO_8-17.07.2014","17.07.2014",2014,7,17,"DUGESIA SP.",13
"BGR_006_MZB_LO_8","BGR_006_MZB_LO_8-17.07.2014","17.07.2014",2014,7,17,"DYTISCIDAE GEN. SP.",3
"BGR_006_MZB_LO_8","BGR_006_MZB_LO_8-17.07.2014","17.07.2014",2014,7,17,"ECDYONURUS SP.",200
"BGR_006_MZB_LO_8","BGR_006_MZB_LO_8-17.07.2014","17.07.2014",2014,7,17,"ELMIDAE GEN. SP.",5
"BGR_006_MZB_LO_8","BGR_006_MZB_LO_8-17.07.2014","17.07.2014",2014,7,17,"EPHEMERA SP.",12
"BGR_006_MZB_LO_8","BGR_006_MZB_LO_8-17.07.2014","17.07.2014",2014,7,17,"EPHEMERELLA SP.",36
"BGR_006_MZB_LO_8","BGR_006_MZB_LO_8-17.07.2014","17.07.2014",2014,7,17,"GAMMARUS SP.",4
"BGR_006_MZB_LO_8","BGR_006_MZB_LO_8-17.07.2014","17.07.2014",2014,7,17,"GOMPHIDAE GEN. SP.",1
"BGR_006_MZB_LO_8","BGR_006_MZB_LO_8-17.07.2014","17.07.2014",2014,7,17,"HABROPHLEBIA SP.",6
"BGR_006_MZB_LO_8","BGR_006_MZB_LO_8-17.07.2014","17.07.2014",2014,7,17,"HYDROPSYCHE SP.",41
"BGR_006_MZB_LO_8","BGR_006_MZB_LO_8-17.07.2014","17.07.2014",2014,7,17,"LEUCTRA SP.",55
"BGR_006_MZB_LO_8","BGR_006_MZB_LO_8-17.07.2014","17.07.2014",2014,7,17,"LIMNEPHILIDAE GEN. SP.",13
"BGR_006_MZB_LO_8","BGR_006_MZB_LO_8-17.07.2014","17.07.2014",2014,7,17,"LIMONIIDAE GEN. SP.",3
"BGR_006_MZB_LO_8","BGR_006_MZB_LO_8-17.07.2014","17.07.2014",2014,7,17,"OLIGOCHAETA GEN. SP.",4
"BGR_006_MZB_LO_8","BGR_006_MZB_LO_8-17.07.2014","17.07.2014",2014,7,17,"PERLA SP.",1
"BGR_006_MZB_LO_8","BGR_006_MZB_LO_8-17.07.2014","17.07.2014",2014,7,17,"PHILOPOTAMIDAE GEN. SP.",2
"BGR_006_MZB_LO_8","BGR_006_MZB_LO_8-17.07.2014","17.07.2014",2014,7,17,"PROTONEMURA SP.",8
"BGR_006_MZB_LO_8","BGR_006_MZB_LO_8-17.07.2014","17.07.2014",2014,7,17,"RHYACOPHILA SP.",11
"BGR_006_MZB_LO_8","BGR_006_MZB_LO_8-17.07.2014","17.07.2014",2014,7,17,"TIPULIDAE GEN. SP.",3
"BGR_006_MZB_LO_8","BGR_006_MZB_LO_8-26.06.2015","26.06.2015",2015,6,26,"ATHERIX SP.",37
"BGR_006_MZB_LO_8","BGR_006_MZB_LO_8-26.06.2015","26.06.2015",2015,6,26,"BAETIS SP.",300
"BGR_006_MZB_LO_8","BGR_006_MZB_LO_8-26.06.2015","26.06.2015",2015,6,26,"CHIRONOMIDAE GEN. SP.",66
"BGR_006_MZB_LO_8","BGR_006_MZB_LO_8-26.06.2015","26.06.2015",2015,6,26,"DUGESIA SP.",16
"BGR_006_MZB_LO_8","BGR_006_MZB_LO_8-26.06.2015","26.06.2015",2015,6,26,"ECDYONURUS SP.",110
"BGR_006_MZB_LO_8","BGR_006_MZB_LO_8-26.06.2015","26.06.2015",2015,6,26,"ELMIDAE GEN. SP.",10
"BGR_006_MZB_LO_8","BGR_006_MZB_LO_8-26.06.2015","26.06.2015",2015,6,26,"EPHEMERA SP.",5
"BGR_006_MZB_LO_8","BGR_006_MZB_LO_8-26.06.2015","26.06.2015",2015,6,26,"EPHEMERELLA SP.",150
"BGR_006_MZB_LO_8","BGR_006_MZB_LO_8-26.06.2015","26.06.2015",2015,6,26,"GAMMARUS SP.",1
"BGR_006_MZB_LO_8","BGR_006_MZB_LO_8-26.06.2015","26.06.2015",2015,6,26,"HABROPHLEBIA SP.",1
"BGR_006_MZB_LO_8","BGR_006_MZB_LO_8-26.06.2015","26.06.2015",2015,6,26,"HYDROPSYCHE SP.",55
"BGR_006_MZB_LO_8","BGR_006_MZB_LO_8-26.06.2015","26.06.2015",2015,6,26,"LEUCTRA SP.",61
"BGR_006_MZB_LO_8","BGR_006_MZB_LO_8-26.06.2015","26.06.2015",2015,6,26,"LIMONIIDAE GEN. SP.",3
"BGR_006_MZB_LO_8","BGR_006_MZB_LO_8-26.06.2015","26.06.2015",2015,6,26,"OLIGOCHAETA GEN. SP.",18
"BGR_006_MZB_LO_8","BGR_006_MZB_LO_8-26.06.2015","26.06.2015",2015,6,26,"PERLA SP.",3
"BGR_006_MZB_LO_8","BGR_006_MZB_LO_8-26.06.2015","26.06.2015",2015,6,26,"PHILOPOTAMIDAE GEN. SP.",3
"BGR_006_MZB_LO_8","BGR_006_MZB_LO_8-26.06.2015","26.06.2015",2015,6,26,"PROTONEMURA SP.",22
"BGR_006_MZB_LO_8","BGR_006_MZB_LO_8-26.06.2015","26.06.2015",2015,6,26,"RHITHROGENA SP.",13
"BGR_006_MZB_LO_8","BGR_006_MZB_LO_8-26.06.2015","26.06.2015",2015,6,26,"RHYACOPHILA SP.",49
"BGR_006_MZB_LO_8","BGR_006_MZB_LO_8-26.06.2015","26.06.2015",2015,6,26,"SERICOSTOMATIDAE GEN. SP.",2
"BGR_006_MZB_LO_8","BGR_006_MZB_LO_8-23.07.2018","23.07.2018",2018,7,23,"ATHERIX SP.",19
"BGR_006_MZB_LO_8","BGR_006_MZB_LO_8-23.07.2018","23.07.2018",2018,7,23,"BAETIS SP.",103
"BGR_006_MZB_LO_8","BGR_006_MZB_LO_8-23.07.2018","23.07.2018",2018,7,23,"CHIRONOMIDAE GEN. SP.",27
"BGR_006_MZB_LO_8","BGR_006_MZB_LO_8-23.07.2018","23.07.2018",2018,7,23,"DUGESIA SP.",3
"BGR_006_MZB_LO_8","BGR_006_MZB_LO_8-23.07.2018","23.07.2018",2018,7,23,"ECDYONURUS SP.",130
"BGR_006_MZB_LO_8","BGR_006_MZB_LO_8-23.07.2018","23.07.2018",2018,7,23,"ELMIDAE GEN. SP.",9
"BGR_006_MZB_LO_8","BGR_006_MZB_LO_8-23.07.2018","23.07.2018",2018,7,23,"EPHEMERA SP.",17
"BGR_006_MZB_LO_8","BGR_006_MZB_LO_8-23.07.2018","23.07.2018",2018,7,23,"EPHEMERELLA SP.",13
"BGR_006_MZB_LO_8","BGR_006_MZB_LO_8-23.07.2018","23.07.2018",2018,7,23,"GAMMARUS SP.",2
"BGR_006_MZB_LO_8","BGR_006_MZB_LO_8-23.07.2018","23.07.2018",2018,7,23,"HYDROPSYCHE SP.",15
"BGR_006_MZB_LO_8","BGR_006_MZB_LO_8-23.07.2018","23.07.2018",2018,7,23,"LEUCTRA SP.",12
"BGR_006_MZB_LO_8","BGR_006_MZB_LO_8-23.07.2018","23.07.2018",2018,7,23,"LIMNEPHILIDAE GEN. SP.",5
"BGR_006_MZB_LO_8","BGR_006_MZB_LO_8-23.07.2018","23.07.2018",2018,7,23,"OLIGOCHAETA GEN. SP.",8
"BGR_006_MZB_LO_8","BGR_006_MZB_LO_8-23.07.2018","23.07.2018",2018,7,23,"PERLA SP.",4
"BGR_006_MZB_LO_8","BGR_006_MZB_LO_8-23.07.2018","23.07.2018",2018,7,23,"PROTONEMURA SP.",25
"BGR_006_MZB_LO_8","BGR_006_MZB_LO_8-23.07.2018","23.07.2018",2018,7,23,"RHYACOPHILA SP.",15
"BGR_006_MZB_LO_8","BGR_006_MZB_LO_8-23.07.2018","23.07.2018",2018,7,23,"SERICOSTOMATIDAE GEN. SP.",6
"BGR_006_MZB_LO_8","BGR_006_MZB_LO_8-23.07.2018","23.07.2018",2018,7,23,"SIMULIIDAE GEN. SP.",1
"BGR_006_MZB_LO_8","BGR_006_MZB_LO_8-08.07.2019","08.07.2019",2019,7,8,"ATHERIX SP.",4
"BGR_006_MZB_LO_8","BGR_006_MZB_LO_8-08.07.2019","08.07.2019",2019,7,8,"BAETIS SP.",50
"BGR_006_MZB_LO_8","BGR_006_MZB_LO_8-08.07.2019","08.07.2019",2019,7,8,"CHIRONOMIDAE GEN. SP.",6
"BGR_006_MZB_LO_8","BGR_006_MZB_LO_8-08.07.2019","08.07.2019",2019,7,8,"DUGESIA SP.",3
"BGR_006_MZB_LO_8","BGR_006_MZB_LO_8-08.07.2019","08.07.2019",2019,7,8,"ECDYONURUS SP.",101
"BGR_006_MZB_LO_8","BGR_006_MZB_LO_8-08.07.2019","08.07.2019",2019,7,8,"ELMIDAE GEN. SP.",5
"BGR_006_MZB_LO_8","BGR_006_MZB_LO_8-08.07.2019","08.07.2019",2019,7,8,"EPEORUS SP.",3
"BGR_006_MZB_LO_8","BGR_006_MZB_LO_8-08.07.2019","08.07.2019",2019,7,8,"EPHEMERA SP.",4
"BGR_006_MZB_LO_8","BGR_006_MZB_LO_8-08.07.2019","08.07.2019",2019,7,8,"EPHEMERELLA SP.",20
"BGR_006_MZB_LO_8","BGR_006_MZB_LO_8-08.07.2019","08.07.2019",2019,7,8,"GAMMARUS SP.",1
"BGR_006_MZB_LO_8","BGR_006_MZB_LO_8-08.07.2019","08.07.2019",2019,7,8,"GOERIDAE GEN. SP.",1
"BGR_006_MZB_LO_8","BGR_006_MZB_LO_8-08.07.2019","08.07.2019",2019,7,8,"HABROPHLEBIA SP.",1
"BGR_006_MZB_LO_8","BGR_006_MZB_LO_8-08.07.2019","08.07.2019",2019,7,8,"HYDROPSYCHE SP.",39
"BGR_006_MZB_LO_8","BGR_006_MZB_LO_8-08.07.2019","08.07.2019",2019,7,8,"LEUCTRA SP.",12
"BGR_006_MZB_LO_8","BGR_006_MZB_LO_8-08.07.2019","08.07.2019",2019,7,8,"LIMNEPHILIDAE GEN. SP.",1
"BGR_006_MZB_LO_8","BGR_006_MZB_LO_8-08.07.2019","08.07.2019",2019,7,8,"LIMONIIDAE GEN. SP.",2
"BGR_006_MZB_LO_8","BGR_006_MZB_LO_8-08.07.2019","08.07.2019",2019,7,8,"OLIGOCHAETA GEN. SP.",3
"BGR_006_MZB_LO_8","BGR_006_MZB_LO_8-08.07.2019","08.07.2019",2019,7,8,"PROTONEMURA SP.",31
"BGR_006_MZB_LO_8","BGR_006_MZB_LO_8-08.07.2019","08.07.2019",2019,7,8,"PSYCHODIDAE GEN. SP.",1
"BGR_006_MZB_LO_8","BGR_006_MZB_LO_8-08.07.2019","08.07.2019",2019,7,8,"RHYACOPHILA SP.",29
"BGR_006_MZB_LO_8","BGR_006_MZB_LO_8-08.07.2019","08.07.2019",2019,7,8,"SIMULIIDAE GEN. SP.",1
