"Unique.ID","Samp.ID","Sampling.date","year","month","day","Taxon.name","Abundance"
"BGR_008_MZB_LO_1","BGR_008_MZB_LO_1-01.10.1986","01.10.1986",1986,10,1,"AGAPETUS SP.",10
"BGR_008_MZB_LO_1","BGR_008_MZB_LO_1-01.10.1986","01.10.1986",1986,10,1,"ATHERICIDAE GEN. SP.",15
"BGR_008_MZB_LO_1","BGR_008_MZB_LO_1-01.10.1986","01.10.1986",1986,10,1,"BAETIS SP.",10
"BGR_008_MZB_LO_1","BGR_008_MZB_LO_1-01.10.1986","01.10.1986",1986,10,1,"BRACHYCENTRUS MACULATUS",20
"BGR_008_MZB_LO_1","BGR_008_MZB_LO_1-01.10.1986","01.10.1986",1986,10,1,"CHEUMATOPSYCHE LEPIDA",5
"BGR_008_MZB_LO_1","BGR_008_MZB_LO_1-01.10.1986","01.10.1986",1986,10,1,"CHIRONOMIDAE GEN. SP.",65
"BGR_008_MZB_LO_1","BGR_008_MZB_LO_1-01.10.1986","01.10.1986",1986,10,1,"CRENOBIA ALPINA",10
"BGR_008_MZB_LO_1","BGR_008_MZB_LO_1-01.10.1986","01.10.1986",1986,10,1,"DENDROCOELUM LACTEUM",315
"BGR_008_MZB_LO_1","BGR_008_MZB_LO_1-01.10.1986","01.10.1986",1986,10,1,"DUGESIA GONOCEPHALA",25
"BGR_008_MZB_LO_1","BGR_008_MZB_LO_1-01.10.1986","01.10.1986",1986,10,1,"ECDYONURUS SP.",105
"BGR_008_MZB_LO_1","BGR_008_MZB_LO_1-01.10.1986","01.10.1986",1986,10,1,"ELMIS SP.",10
"BGR_008_MZB_LO_1","BGR_008_MZB_LO_1-01.10.1986","01.10.1986",1986,10,1,"EPEORUS SYLVICOLA",5
"BGR_008_MZB_LO_1","BGR_008_MZB_LO_1-01.10.1986","01.10.1986",1986,10,1,"EPHEMERELLA MUCRONATA",15
"BGR_008_MZB_LO_1","BGR_008_MZB_LO_1-01.10.1986","01.10.1986",1986,10,1,"HABROLEPTOIDES MODESTA",210
"BGR_008_MZB_LO_1","BGR_008_MZB_LO_1-01.10.1986","01.10.1986",1986,10,1,"HYDROPSYCHE SP.",310
"BGR_008_MZB_LO_1","BGR_008_MZB_LO_1-01.10.1986","01.10.1986",1986,10,1,"ISOPERLA SP.",10
"BGR_008_MZB_LO_1","BGR_008_MZB_LO_1-01.10.1986","01.10.1986",1986,10,1,"LEUCTRA SP.",115
"BGR_008_MZB_LO_1","BGR_008_MZB_LO_1-01.10.1986","01.10.1986",1986,10,1,"LIMNEPHILIDAE GEN. SP.",50
"BGR_008_MZB_LO_1","BGR_008_MZB_LO_1-01.10.1986","01.10.1986",1986,10,1,"LIMONIIDAE GEN. SP.",5
"BGR_008_MZB_LO_1","BGR_008_MZB_LO_1-01.10.1986","01.10.1986",1986,10,1,"MICRASEMA MINIMUM",10
"BGR_008_MZB_LO_1","BGR_008_MZB_LO_1-01.10.1986","01.10.1986",1986,10,1,"NEMOURA MARGINATA",5
"BGR_008_MZB_LO_1","BGR_008_MZB_LO_1-01.10.1986","01.10.1986",1986,10,1,"OLIGOCHAETA GEN. SP.",95
"BGR_008_MZB_LO_1","BGR_008_MZB_LO_1-01.10.1986","01.10.1986",1986,10,1,"PERLA SP.",30
"BGR_008_MZB_LO_1","BGR_008_MZB_LO_1-01.10.1986","01.10.1986",1986,10,1,"PERLODES SP.",25
"BGR_008_MZB_LO_1","BGR_008_MZB_LO_1-01.10.1986","01.10.1986",1986,10,1,"PHILOPOTAMUS MONTANUS SSP.",5
"BGR_008_MZB_LO_1","BGR_008_MZB_LO_1-01.10.1986","01.10.1986",1986,10,1,"PLECOPTERA GEN. SP.",15
"BGR_008_MZB_LO_1","BGR_008_MZB_LO_1-01.10.1986","01.10.1986",1986,10,1,"PROTONEMURA SP.",5
"BGR_008_MZB_LO_1","BGR_008_MZB_LO_1-01.10.1986","01.10.1986",1986,10,1,"RHITHROGENA SP.",90
"BGR_008_MZB_LO_1","BGR_008_MZB_LO_1-01.10.1986","01.10.1986",1986,10,1,"RHYACOPHILA SP.",145
"BGR_008_MZB_LO_1","BGR_008_MZB_LO_1-01.10.1986","01.10.1986",1986,10,1,"SIMULIIDAE GEN. SP.",75
"BGR_008_MZB_LO_1","BGR_008_MZB_LO_1-01.10.1986","01.10.1986",1986,10,1,"STENELMIS SP.",30
"BGR_008_MZB_LO_1","BGR_008_MZB_LO_1-01.10.1986","01.10.1986",1986,10,1,"TONNOIRIELLA SP.",20
"BGR_008_MZB_LO_1","BGR_008_MZB_LO_1-01.10.1986","01.10.1986",1986,10,1,"WIEDEMANNIA SP.",20
"BGR_008_MZB_LO_1","BGR_008_MZB_LO_1-01.10.1987","01.10.1987",1987,10,1,"AGAPETUS SP.",1
"BGR_008_MZB_LO_1","BGR_008_MZB_LO_1-01.10.1987","01.10.1987",1987,10,1,"ATHERICIDAE GEN. SP.",9
"BGR_008_MZB_LO_1","BGR_008_MZB_LO_1-01.10.1987","01.10.1987",1987,10,1,"BAETIS SP.",20
"BGR_008_MZB_LO_1","BGR_008_MZB_LO_1-01.10.1987","01.10.1987",1987,10,1,"BRACHYCENTRUS MACULATUS",2
"BGR_008_MZB_LO_1","BGR_008_MZB_LO_1-01.10.1987","01.10.1987",1987,10,1,"CHEUMATOPSYCHE LEPIDA",4
"BGR_008_MZB_LO_1","BGR_008_MZB_LO_1-01.10.1987","01.10.1987",1987,10,1,"CHIRONOMIDAE GEN. SP.",5
"BGR_008_MZB_LO_1","BGR_008_MZB_LO_1-01.10.1987","01.10.1987",1987,10,1,"CRENOBIA ALPINA",2
"BGR_008_MZB_LO_1","BGR_008_MZB_LO_1-01.10.1987","01.10.1987",1987,10,1,"DENDROCOELUM LACTEUM",4
"BGR_008_MZB_LO_1","BGR_008_MZB_LO_1-01.10.1987","01.10.1987",1987,10,1,"DUGESIA GONOCEPHALA",2
"BGR_008_MZB_LO_1","BGR_008_MZB_LO_1-01.10.1987","01.10.1987",1987,10,1,"ECDYONURUS SP.",15
"BGR_008_MZB_LO_1","BGR_008_MZB_LO_1-01.10.1987","01.10.1987",1987,10,1,"EPEORUS SYLVICOLA",8
"BGR_008_MZB_LO_1","BGR_008_MZB_LO_1-01.10.1987","01.10.1987",1987,10,1,"EPHEMERELLA MUCRONATA",1
"BGR_008_MZB_LO_1","BGR_008_MZB_LO_1-01.10.1987","01.10.1987",1987,10,1,"HABROLEPTOIDES MODESTA",3
"BGR_008_MZB_LO_1","BGR_008_MZB_LO_1-01.10.1987","01.10.1987",1987,10,1,"HYDROPSYCHE SP.",50
"BGR_008_MZB_LO_1","BGR_008_MZB_LO_1-01.10.1987","01.10.1987",1987,10,1,"ISOPERLA SP.",18
"BGR_008_MZB_LO_1","BGR_008_MZB_LO_1-01.10.1987","01.10.1987",1987,10,1,"LEUCTRA SP.",2
"BGR_008_MZB_LO_1","BGR_008_MZB_LO_1-01.10.1987","01.10.1987",1987,10,1,"LIMONIIDAE GEN. SP.",1
"BGR_008_MZB_LO_1","BGR_008_MZB_LO_1-01.10.1987","01.10.1987",1987,10,1,"MICRASEMA MINIMUM",10
"BGR_008_MZB_LO_1","BGR_008_MZB_LO_1-01.10.1987","01.10.1987",1987,10,1,"NEMOURA MARGINATA",23
"BGR_008_MZB_LO_1","BGR_008_MZB_LO_1-01.10.1987","01.10.1987",1987,10,1,"OLIGOCHAETA GEN. SP.",5
"BGR_008_MZB_LO_1","BGR_008_MZB_LO_1-01.10.1987","01.10.1987",1987,10,1,"PERLA SP.",1
"BGR_008_MZB_LO_1","BGR_008_MZB_LO_1-01.10.1987","01.10.1987",1987,10,1,"PERLODES SP.",6
"BGR_008_MZB_LO_1","BGR_008_MZB_LO_1-01.10.1987","01.10.1987",1987,10,1,"PHILOPOTAMUS MONTANUS SSP.",4
"BGR_008_MZB_LO_1","BGR_008_MZB_LO_1-01.10.1987","01.10.1987",1987,10,1,"PLECOPTERA GEN. SP.",1
"BGR_008_MZB_LO_1","BGR_008_MZB_LO_1-01.10.1987","01.10.1987",1987,10,1,"PROTONEMURA SP.",5
"BGR_008_MZB_LO_1","BGR_008_MZB_LO_1-01.10.1987","01.10.1987",1987,10,1,"RHITHROGENA SP.",42
"BGR_008_MZB_LO_1","BGR_008_MZB_LO_1-01.10.1987","01.10.1987",1987,10,1,"RHYACOPHILA SP.",30
"BGR_008_MZB_LO_1","BGR_008_MZB_LO_1-01.10.1987","01.10.1987",1987,10,1,"SIMULIIDAE GEN. SP.",18
"BGR_008_MZB_LO_1","BGR_008_MZB_LO_1-01.10.1987","01.10.1987",1987,10,1,"STENELMIS SP.",2
"BGR_008_MZB_LO_1","BGR_008_MZB_LO_1-01.10.1987","01.10.1987",1987,10,1,"TIPULIDAE GEN. SP.",2
"BGR_008_MZB_LO_1","BGR_008_MZB_LO_1-01.10.1987","01.10.1987",1987,10,1,"TONNOIRIELLA SP.",63
"BGR_008_MZB_LO_1","BGR_008_MZB_LO_1-01.10.1987","01.10.1987",1987,10,1,"TRICHOPTERA GEN. SP.",14
"BGR_008_MZB_LO_1","BGR_008_MZB_LO_1-01.10.1987","01.10.1987",1987,10,1,"WIEDEMANNIA SP.",3
"BGR_008_MZB_LO_1","BGR_008_MZB_LO_1-01.11.1990","01.11.1990",1990,11,1,"ATHERICIDAE GEN. SP.",50
"BGR_008_MZB_LO_1","BGR_008_MZB_LO_1-01.11.1990","01.11.1990",1990,11,1,"BAETIS SP.",15
"BGR_008_MZB_LO_1","BGR_008_MZB_LO_1-01.11.1990","01.11.1990",1990,11,1,"CAPNIA SP.",5
"BGR_008_MZB_LO_1","BGR_008_MZB_LO_1-01.11.1990","01.11.1990",1990,11,1,"DUGESIA GONOCEPHALA",5
"BGR_008_MZB_LO_1","BGR_008_MZB_LO_1-01.11.1990","01.11.1990",1990,11,1,"ECDYONURUS SP.",70
"BGR_008_MZB_LO_1","BGR_008_MZB_LO_1-01.11.1990","01.11.1990",1990,11,1,"ELMIS SP.",5
"BGR_008_MZB_LO_1","BGR_008_MZB_LO_1-01.11.1990","01.11.1990",1990,11,1,"EPEORUS SYLVICOLA",25
"BGR_008_MZB_LO_1","BGR_008_MZB_LO_1-01.11.1990","01.11.1990",1990,11,1,"EPEORUS YOUGOSLAVICUS",10
"BGR_008_MZB_LO_1","BGR_008_MZB_LO_1-01.11.1990","01.11.1990",1990,11,1,"HABROLEPTOIDES MODESTA",50
"BGR_008_MZB_LO_1","BGR_008_MZB_LO_1-01.11.1990","01.11.1990",1990,11,1,"HYDRACHNIDIA GEN. SP.",5
"BGR_008_MZB_LO_1","BGR_008_MZB_LO_1-01.11.1990","01.11.1990",1990,11,1,"HYDROPSYCHE SP.",440
"BGR_008_MZB_LO_1","BGR_008_MZB_LO_1-01.11.1990","01.11.1990",1990,11,1,"ISOPERLA SP.",35
"BGR_008_MZB_LO_1","BGR_008_MZB_LO_1-01.11.1990","01.11.1990",1990,11,1,"LIMNEPHILIDAE GEN. SP.",5
"BGR_008_MZB_LO_1","BGR_008_MZB_LO_1-01.11.1990","01.11.1990",1990,11,1,"OECISMUS MONEDULA SSP.",5
"BGR_008_MZB_LO_1","BGR_008_MZB_LO_1-01.11.1990","01.11.1990",1990,11,1,"OLIGOCHAETA GEN. SP.",5
"BGR_008_MZB_LO_1","BGR_008_MZB_LO_1-01.11.1990","01.11.1990",1990,11,1,"PERLODES SP.",30
"BGR_008_MZB_LO_1","BGR_008_MZB_LO_1-01.11.1990","01.11.1990",1990,11,1,"POLYCENTROPUS SP.",105
"BGR_008_MZB_LO_1","BGR_008_MZB_LO_1-01.11.1990","01.11.1990",1990,11,1,"PROTONEMURA SP.",5
"BGR_008_MZB_LO_1","BGR_008_MZB_LO_1-01.11.1990","01.11.1990",1990,11,1,"RHITHROGENA SP.",145
"BGR_008_MZB_LO_1","BGR_008_MZB_LO_1-01.11.1990","01.11.1990",1990,11,1,"RHYACOPHILA SP.",475
"BGR_008_MZB_LO_1","BGR_008_MZB_LO_1-01.11.1990","01.11.1990",1990,11,1,"SIMULIIDAE GEN. SP.",5
"BGR_008_MZB_LO_1","BGR_008_MZB_LO_1-01.11.1990","01.11.1990",1990,11,1,"TIPULIDAE GEN. SP.",10
"BGR_008_MZB_LO_1","BGR_008_MZB_LO_1-01.11.2004","01.11.2004",2004,11,1,"ATHERICIDAE GEN. SP.",25
"BGR_008_MZB_LO_1","BGR_008_MZB_LO_1-01.11.2004","01.11.2004",2004,11,1,"CHEUMATOPSYCHE LEPIDA",5
"BGR_008_MZB_LO_1","BGR_008_MZB_LO_1-01.11.2004","01.11.2004",2004,11,1,"DINA LINEATA",1
"BGR_008_MZB_LO_1","BGR_008_MZB_LO_1-01.11.2004","01.11.2004",2004,11,1,"ECDYONURUS SP.",125
"BGR_008_MZB_LO_1","BGR_008_MZB_LO_1-01.11.2004","01.11.2004",2004,11,1,"HABROLEPTOIDES MODESTA",25
"BGR_008_MZB_LO_1","BGR_008_MZB_LO_1-01.11.2004","01.11.2004",2004,11,1,"HELOCHARES LIVIDUS",5
"BGR_008_MZB_LO_1","BGR_008_MZB_LO_1-01.11.2004","01.11.2004",2004,11,1,"HYDROPSYCHE SP.",35
"BGR_008_MZB_LO_1","BGR_008_MZB_LO_1-01.11.2004","01.11.2004",2004,11,1,"LEUCTRA SP.",5
"BGR_008_MZB_LO_1","BGR_008_MZB_LO_1-01.11.2004","01.11.2004",2004,11,1,"NEMOURA MARGINATA",10
"BGR_008_MZB_LO_1","BGR_008_MZB_LO_1-01.11.2004","01.11.2004",2004,11,1,"OLIGOCHAETA GEN. SP.",30
"BGR_008_MZB_LO_1","BGR_008_MZB_LO_1-01.11.2004","01.11.2004",2004,11,1,"PERLA SP.",5
"BGR_008_MZB_LO_1","BGR_008_MZB_LO_1-01.11.2004","01.11.2004",2004,11,1,"PERLODES SP.",155
"BGR_008_MZB_LO_1","BGR_008_MZB_LO_1-01.11.2004","01.11.2004",2004,11,1,"POLYCENTROPUS SP.",5
"BGR_008_MZB_LO_1","BGR_008_MZB_LO_1-01.11.2004","01.11.2004",2004,11,1,"PROTONEMURA SP.",5
"BGR_008_MZB_LO_1","BGR_008_MZB_LO_1-01.11.2004","01.11.2004",2004,11,1,"RHITHROGENA SP.",20
"BGR_008_MZB_LO_1","BGR_008_MZB_LO_1-01.11.2004","01.11.2004",2004,11,1,"RHYACOPHILA SP.",55
"BGR_008_MZB_LO_1","BGR_008_MZB_LO_1-01.11.2004","01.11.2004",2004,11,1,"STENELMIS SP.",5
"BGR_008_MZB_LO_1","BGR_008_MZB_LO_1-01.09.2005","01.09.2005",2005,9,1,"ATHERICIDAE GEN. SP.",45
"BGR_008_MZB_LO_1","BGR_008_MZB_LO_1-01.09.2005","01.09.2005",2005,9,1,"BAETIS SP.",150
"BGR_008_MZB_LO_1","BGR_008_MZB_LO_1-01.09.2005","01.09.2005",2005,9,1,"BRACHYCENTRUS MONTANUS",25
"BGR_008_MZB_LO_1","BGR_008_MZB_LO_1-01.09.2005","01.09.2005",2005,9,1,"DICRANOTA SP.",85
"BGR_008_MZB_LO_1","BGR_008_MZB_LO_1-01.09.2005","01.09.2005",2005,9,1,"DIPTERA GEN. SP.",5
"BGR_008_MZB_LO_1","BGR_008_MZB_LO_1-01.09.2005","01.09.2005",2005,9,1,"DUGESIA GONOCEPHALA",15
"BGR_008_MZB_LO_1","BGR_008_MZB_LO_1-01.09.2005","01.09.2005",2005,9,1,"ECDYONURUS SP.",20
"BGR_008_MZB_LO_1","BGR_008_MZB_LO_1-01.09.2005","01.09.2005",2005,9,1,"EPEORUS SYLVICOLA",10
"BGR_008_MZB_LO_1","BGR_008_MZB_LO_1-01.09.2005","01.09.2005",2005,9,1,"GLOSSOSOMA SP.",5
"BGR_008_MZB_LO_1","BGR_008_MZB_LO_1-01.09.2005","01.09.2005",2005,9,1,"HABROLEPTOIDES CONFUSA",15
"BGR_008_MZB_LO_1","BGR_008_MZB_LO_1-01.09.2005","01.09.2005",2005,9,1,"LIMNIUS SP.",5
"BGR_008_MZB_LO_1","BGR_008_MZB_LO_1-01.09.2005","01.09.2005",2005,9,1,"OLIGOCHAETA GEN. SP.",80
"BGR_008_MZB_LO_1","BGR_008_MZB_LO_1-01.09.2005","01.09.2005",2005,9,1,"PERLODES SP.",30
"BGR_008_MZB_LO_1","BGR_008_MZB_LO_1-01.09.2005","01.09.2005",2005,9,1,"PHILOPOTAMUS MONTANUS SSP.",10
"BGR_008_MZB_LO_1","BGR_008_MZB_LO_1-01.09.2005","01.09.2005",2005,9,1,"PROTONEMURA SP.",150
"BGR_008_MZB_LO_1","BGR_008_MZB_LO_1-01.09.2005","01.09.2005",2005,9,1,"PSYCHODA SP.",10
"BGR_008_MZB_LO_1","BGR_008_MZB_LO_1-01.09.2005","01.09.2005",2005,9,1,"RHITHROGENA SP.",290
"BGR_008_MZB_LO_1","BGR_008_MZB_LO_1-01.09.2005","01.09.2005",2005,9,1,"RHYACOPHILA SP.",5
"BGR_008_MZB_LO_1","BGR_008_MZB_LO_1-01.09.2005","01.09.2005",2005,9,1,"SIMULIIDAE GEN. SP.",30
"BGR_008_MZB_LO_1","BGR_008_MZB_LO_1-01.09.2005","01.09.2005",2005,9,1,"TONNOIRIELLA SP.",35
"BGR_008_MZB_LO_1","BGR_008_MZB_LO_1-01.09.2007","01.09.2007",2007,9,1,"BAETIS SP.",175
"BGR_008_MZB_LO_1","BGR_008_MZB_LO_1-01.09.2007","01.09.2007",2007,9,1,"CHEUMATOPSYCHE LEPIDA",30
"BGR_008_MZB_LO_1","BGR_008_MZB_LO_1-01.09.2007","01.09.2007",2007,9,1,"CHIRONOMIDAE GEN. SP.",165
"BGR_008_MZB_LO_1","BGR_008_MZB_LO_1-01.09.2007","01.09.2007",2007,9,1,"HYDROPSYCHE SP.",55
"BGR_008_MZB_LO_1","BGR_008_MZB_LO_1-01.09.2007","01.09.2007",2007,9,1,"OLIGOCHAETA GEN. SP.",780
"BGR_008_MZB_LO_1","BGR_008_MZB_LO_1-01.09.2007","01.09.2007",2007,9,1,"SERRATELLA IGNITA",20
"BGR_008_MZB_LO_1","BGR_008_MZB_LO_1-01.09.2007","01.09.2007",2007,9,1,"TINEARIA ALTERNATA",20
"BGR_008_MZB_LO_1","BGR_008_MZB_LO_1-01.10.2010","01.10.2010",2010,10,1,"APATANIA SP.",10
"BGR_008_MZB_LO_1","BGR_008_MZB_LO_1-01.10.2010","01.10.2010",2010,10,1,"BAETIS SP.",270
"BGR_008_MZB_LO_1","BGR_008_MZB_LO_1-01.10.2010","01.10.2010",2010,10,1,"BRACHYCENTRUS MONTANUS",10
"BGR_008_MZB_LO_1","BGR_008_MZB_LO_1-01.10.2010","01.10.2010",2010,10,1,"BRACHYPTERA SETICORNIS",10
"BGR_008_MZB_LO_1","BGR_008_MZB_LO_1-01.10.2010","01.10.2010",2010,10,1,"CHEUMATOPSYCHE LEPIDA",10
"BGR_008_MZB_LO_1","BGR_008_MZB_LO_1-01.10.2010","01.10.2010",2010,10,1,"CHIRONOMIDAE GEN. SP.",270
"BGR_008_MZB_LO_1","BGR_008_MZB_LO_1-01.10.2010","01.10.2010",2010,10,1,"CRENOBIA ALPINA",90
"BGR_008_MZB_LO_1","BGR_008_MZB_LO_1-01.10.2010","01.10.2010",2010,10,1,"DIPTERA GEN. SP.",10
"BGR_008_MZB_LO_1","BGR_008_MZB_LO_1-01.10.2010","01.10.2010",2010,10,1,"DUGESIA GONOCEPHALA",10
"BGR_008_MZB_LO_1","BGR_008_MZB_LO_1-01.10.2010","01.10.2010",2010,10,1,"ECDYONURUS SP.",160
"BGR_008_MZB_LO_1","BGR_008_MZB_LO_1-01.10.2010","01.10.2010",2010,10,1,"ELMIS SP.",10
"BGR_008_MZB_LO_1","BGR_008_MZB_LO_1-01.10.2010","01.10.2010",2010,10,1,"ERPOBDELLA OCTOCULATA",540
"BGR_008_MZB_LO_1","BGR_008_MZB_LO_1-01.10.2010","01.10.2010",2010,10,1,"HELOBDELLA STAGNALIS",20
"BGR_008_MZB_LO_1","BGR_008_MZB_LO_1-01.10.2010","01.10.2010",2010,10,1,"HYDRA SP.",70
"BGR_008_MZB_LO_1","BGR_008_MZB_LO_1-01.10.2010","01.10.2010",2010,10,1,"HYDROPSYCHE SP.",120
"BGR_008_MZB_LO_1","BGR_008_MZB_LO_1-01.10.2010","01.10.2010",2010,10,1,"LEUCTRA SP.",180
"BGR_008_MZB_LO_1","BGR_008_MZB_LO_1-01.10.2010","01.10.2010",2010,10,1,"OLIGOCHAETA GEN. SP.",310
"BGR_008_MZB_LO_1","BGR_008_MZB_LO_1-01.10.2010","01.10.2010",2010,10,1,"PARALEPTOPHLEBIA SP.",10
"BGR_008_MZB_LO_1","BGR_008_MZB_LO_1-01.10.2010","01.10.2010",2010,10,1,"PHALACROCERA SP.",100
"BGR_008_MZB_LO_1","BGR_008_MZB_LO_1-01.10.2010","01.10.2010",2010,10,1,"PSYCHODA SP.",40
"BGR_008_MZB_LO_1","BGR_008_MZB_LO_1-01.10.2010","01.10.2010",2010,10,1,"RHITHROGENA SP.",30
"BGR_008_MZB_LO_1","BGR_008_MZB_LO_1-01.10.2010","01.10.2010",2010,10,1,"SIMULIIDAE GEN. SP.",70
"BGR_008_MZB_LO_1","BGR_008_MZB_LO_1-01.10.2010","01.10.2010",2010,10,1,"TIPULIDAE GEN. SP.",10
"BGR_008_MZB_LO_1","BGR_008_MZB_LO_1-01.10.2010","01.10.2010",2010,10,1,"TONNOIRIELLA SP.",10
"BGR_008_MZB_LO_1","BGR_008_MZB_LO_1-01.10.2011","01.10.2011",2011,10,1,"ATHERICIDAE GEN. SP.",2
"BGR_008_MZB_LO_1","BGR_008_MZB_LO_1-01.10.2011","01.10.2011",2011,10,1,"BAETIS SP.",26
"BGR_008_MZB_LO_1","BGR_008_MZB_LO_1-01.10.2011","01.10.2011",2011,10,1,"BRACHYCENTRUS MONTANUS",1
"BGR_008_MZB_LO_1","BGR_008_MZB_LO_1-01.10.2011","01.10.2011",2011,10,1,"CERATOPOGONIDAE GEN. SP.",1
"BGR_008_MZB_LO_1","BGR_008_MZB_LO_1-01.10.2011","01.10.2011",2011,10,1,"CHIRONOMIDAE GEN. SP.",27
"BGR_008_MZB_LO_1","BGR_008_MZB_LO_1-01.10.2011","01.10.2011",2011,10,1,"CRENOBIA ALPINA",3
"BGR_008_MZB_LO_1","BGR_008_MZB_LO_1-01.10.2011","01.10.2011",2011,10,1,"ECDYONURUS SP.",107
"BGR_008_MZB_LO_1","BGR_008_MZB_LO_1-01.10.2011","01.10.2011",2011,10,1,"ELMIS SP.",4
"BGR_008_MZB_LO_1","BGR_008_MZB_LO_1-01.10.2011","01.10.2011",2011,10,1,"EPEORUS SYLVICOLA",49
"BGR_008_MZB_LO_1","BGR_008_MZB_LO_1-01.10.2011","01.10.2011",2011,10,1,"EPEORUS YOUGOSLAVICUS",2
"BGR_008_MZB_LO_1","BGR_008_MZB_LO_1-01.10.2011","01.10.2011",2011,10,1,"EPHEMERELLA MUCRONATA",2
"BGR_008_MZB_LO_1","BGR_008_MZB_LO_1-01.10.2011","01.10.2011",2011,10,1,"GLOSSOSOMA SP.",3
"BGR_008_MZB_LO_1","BGR_008_MZB_LO_1-01.10.2011","01.10.2011",2011,10,1,"HABROLEPTOIDES CONFUSA",4
"BGR_008_MZB_LO_1","BGR_008_MZB_LO_1-01.10.2011","01.10.2011",2011,10,1,"ISOPERLA SP.",1
"BGR_008_MZB_LO_1","BGR_008_MZB_LO_1-01.10.2011","01.10.2011",2011,10,1,"LEUCTRA SP.",1
"BGR_008_MZB_LO_1","BGR_008_MZB_LO_1-01.10.2011","01.10.2011",2011,10,1,"LIMNEPHILIDAE GEN. SP.",12
"BGR_008_MZB_LO_1","BGR_008_MZB_LO_1-01.10.2011","01.10.2011",2011,10,1,"OLIGOCHAETA GEN. SP.",9
"BGR_008_MZB_LO_1","BGR_008_MZB_LO_1-01.10.2011","01.10.2011",2011,10,1,"PERLA SP.",13
"BGR_008_MZB_LO_1","BGR_008_MZB_LO_1-01.10.2011","01.10.2011",2011,10,1,"PROTONEMURA SP.",25
"BGR_008_MZB_LO_1","BGR_008_MZB_LO_1-01.10.2011","01.10.2011",2011,10,1,"RHITHROGENA SP.",7
"BGR_008_MZB_LO_1","BGR_008_MZB_LO_1-01.10.2011","01.10.2011",2011,10,1,"RHYACOPHILA SP.",12
"BGR_008_MZB_LO_1","BGR_008_MZB_LO_1-01.10.2011","01.10.2011",2011,10,1,"SIMULIIDAE GEN. SP.",14
"BGR_008_MZB_LO_1","BGR_008_MZB_LO_1-01.10.2011","01.10.2011",2011,10,1,"TRICHOPTERA GEN. SP.",1
"BGR_008_MZB_LO_1","BGR_008_MZB_LO_1-01.09.2012","01.09.2012",2012,9,1,"APATANIA SP.",60
"BGR_008_MZB_LO_1","BGR_008_MZB_LO_1-01.09.2012","01.09.2012",2012,9,1,"ATHERICIDAE GEN. SP.",2
"BGR_008_MZB_LO_1","BGR_008_MZB_LO_1-01.09.2012","01.09.2012",2012,9,1,"BAETIS SP.",74
"BGR_008_MZB_LO_1","BGR_008_MZB_LO_1-01.09.2012","01.09.2012",2012,9,1,"BRACHYCENTRUS MONTANUS",13
"BGR_008_MZB_LO_1","BGR_008_MZB_LO_1-01.09.2012","01.09.2012",2012,9,1,"CHIRONOMIDAE GEN. SP.",81
"BGR_008_MZB_LO_1","BGR_008_MZB_LO_1-01.09.2012","01.09.2012",2012,9,1,"DIXIDAE GEN. SP.",4
"BGR_008_MZB_LO_1","BGR_008_MZB_LO_1-01.09.2012","01.09.2012",2012,9,1,"DUGESIA GONOCEPHALA",16
"BGR_008_MZB_LO_1","BGR_008_MZB_LO_1-01.09.2012","01.09.2012",2012,9,1,"ECDYONURUS SP.",91
"BGR_008_MZB_LO_1","BGR_008_MZB_LO_1-01.09.2012","01.09.2012",2012,9,1,"ELMIS SP.",27
"BGR_008_MZB_LO_1","BGR_008_MZB_LO_1-01.09.2012","01.09.2012",2012,9,1,"EPEORUS ASSIMILIS",160
"BGR_008_MZB_LO_1","BGR_008_MZB_LO_1-01.09.2012","01.09.2012",2012,9,1,"GOERIDAE GEN. SP.",23
"BGR_008_MZB_LO_1","BGR_008_MZB_LO_1-01.09.2012","01.09.2012",2012,9,1,"HABROLEPTOIDES CONFUSA",9
"BGR_008_MZB_LO_1","BGR_008_MZB_LO_1-01.09.2012","01.09.2012",2012,9,1,"HYDRACHNIDIA GEN. SP.",1
"BGR_008_MZB_LO_1","BGR_008_MZB_LO_1-01.09.2012","01.09.2012",2012,9,1,"HYDROPSYCHE SP.",4
"BGR_008_MZB_LO_1","BGR_008_MZB_LO_1-01.09.2012","01.09.2012",2012,9,1,"ISOPERLA SP.",1
"BGR_008_MZB_LO_1","BGR_008_MZB_LO_1-01.09.2012","01.09.2012",2012,9,1,"LIMNEPHILIDAE GEN. SP.",23
"BGR_008_MZB_LO_1","BGR_008_MZB_LO_1-01.09.2012","01.09.2012",2012,9,1,"LIMNIUS SP.",2
"BGR_008_MZB_LO_1","BGR_008_MZB_LO_1-01.09.2012","01.09.2012",2012,9,1,"OLIGOCHAETA GEN. SP.",2
"BGR_008_MZB_LO_1","BGR_008_MZB_LO_1-01.09.2012","01.09.2012",2012,9,1,"PERLA SP.",18
"BGR_008_MZB_LO_1","BGR_008_MZB_LO_1-01.09.2012","01.09.2012",2012,9,1,"PERLODES SP.",7
"BGR_008_MZB_LO_1","BGR_008_MZB_LO_1-01.09.2012","01.09.2012",2012,9,1,"PHILOPOTAMUS MONTANUS SSP.",2
"BGR_008_MZB_LO_1","BGR_008_MZB_LO_1-01.09.2012","01.09.2012",2012,9,1,"POLYCENTROPUS SP.",1
"BGR_008_MZB_LO_1","BGR_008_MZB_LO_1-01.09.2012","01.09.2012",2012,9,1,"PROTONEMURA SP.",26
"BGR_008_MZB_LO_1","BGR_008_MZB_LO_1-01.09.2012","01.09.2012",2012,9,1,"PSYCHODA SP.",10
"BGR_008_MZB_LO_1","BGR_008_MZB_LO_1-01.09.2012","01.09.2012",2012,9,1,"RHITHROGENA SP.",33
"BGR_008_MZB_LO_1","BGR_008_MZB_LO_1-01.09.2012","01.09.2012",2012,9,1,"RHYACOPHILA SP.",21
"BGR_008_MZB_LO_1","BGR_008_MZB_LO_1-01.09.2012","01.09.2012",2012,9,1,"SERICOSTOMA SP.",2
"BGR_008_MZB_LO_1","BGR_008_MZB_LO_1-01.09.2012","01.09.2012",2012,9,1,"SIMULIIDAE GEN. SP.",1
"BGR_008_MZB_LO_1","BGR_008_MZB_LO_1-01.09.2012","01.09.2012",2012,9,1,"SYNAGAPETUS SP.",3
"BGR_008_MZB_LO_1","BGR_008_MZB_LO_1-01.09.2012","01.09.2012",2012,9,1,"TABANIDAE GEN. SP.",4
"BGR_008_MZB_LO_1","BGR_008_MZB_LO_1-01.09.2012","01.09.2012",2012,9,1,"THAUMALEA SP.",5
"BGR_008_MZB_LO_2","BGR_008_MZB_LO_2-01.09.1978","01.09.1978",1978,9,1,"BAETIS SP.",45
"BGR_008_MZB_LO_2","BGR_008_MZB_LO_2-01.09.1978","01.09.1978",1978,9,1,"CHIRONOMIDAE GEN. SP.",10
"BGR_008_MZB_LO_2","BGR_008_MZB_LO_2-01.09.1978","01.09.1978",1978,9,1,"DIXIDAE GEN. SP.",5
"BGR_008_MZB_LO_2","BGR_008_MZB_LO_2-01.09.1978","01.09.1978",1978,9,1,"ECDYONURUS SP.",20
"BGR_008_MZB_LO_2","BGR_008_MZB_LO_2-01.09.1978","01.09.1978",1978,9,1,"HYDROPSYCHE SP.",10
"BGR_008_MZB_LO_2","BGR_008_MZB_LO_2-01.09.1978","01.09.1978",1978,9,1,"OLIGOCHAETA GEN. SP.",20
"BGR_008_MZB_LO_2","BGR_008_MZB_LO_2-01.09.1978","01.09.1978",1978,9,1,"PARALEPTOPHLEBIA SP.",5
"BGR_008_MZB_LO_2","BGR_008_MZB_LO_2-01.09.1978","01.09.1978",1978,9,1,"STRATIOMYIDAE GEN. SP.",20
"BGR_008_MZB_LO_2","BGR_008_MZB_LO_2-01.09.1978","01.09.1978",1978,9,1,"TABANIDAE GEN. SP.",5
"BGR_008_MZB_LO_2","BGR_008_MZB_LO_2-01.09.1979","01.09.1979",1979,9,1,"CHIRONOMIDAE GEN. SP.",75
"BGR_008_MZB_LO_2","BGR_008_MZB_LO_2-01.09.1979","01.09.1979",1979,9,1,"HYDROPSYCHE SP.",5
"BGR_008_MZB_LO_2","BGR_008_MZB_LO_2-01.09.1979","01.09.1979",1979,9,1,"OLIGOCHAETA GEN. SP.",2720
"BGR_008_MZB_LO_2","BGR_008_MZB_LO_2-01.11.1981","01.11.1981",1981,11,1,"ANCYLUS FLUVIATILIS",20
"BGR_008_MZB_LO_2","BGR_008_MZB_LO_2-01.11.1981","01.11.1981",1981,11,1,"BAETIS SP.",10
"BGR_008_MZB_LO_2","BGR_008_MZB_LO_2-01.11.1981","01.11.1981",1981,11,1,"CAENIS SP.",10
"BGR_008_MZB_LO_2","BGR_008_MZB_LO_2-01.11.1981","01.11.1981",1981,11,1,"CHIRONOMIDAE GEN. SP.",75
"BGR_008_MZB_LO_2","BGR_008_MZB_LO_2-01.11.1981","01.11.1981",1981,11,1,"ECDYONURUS SP.",290
"BGR_008_MZB_LO_2","BGR_008_MZB_LO_2-01.11.1981","01.11.1981",1981,11,1,"GYRINUS SP.",20
"BGR_008_MZB_LO_2","BGR_008_MZB_LO_2-01.11.1981","01.11.1981",1981,11,1,"HABROLEPTOIDES MODESTA",5
"BGR_008_MZB_LO_2","BGR_008_MZB_LO_2-01.11.1981","01.11.1981",1981,11,1,"HYDROPSYCHE SP.",165
"BGR_008_MZB_LO_2","BGR_008_MZB_LO_2-01.11.1981","01.11.1981",1981,11,1,"ISOPERLA SP.",60
"BGR_008_MZB_LO_2","BGR_008_MZB_LO_2-01.11.1981","01.11.1981",1981,11,1,"OLIGOCHAETA GEN. SP.",30
"BGR_008_MZB_LO_2","BGR_008_MZB_LO_2-01.11.1981","01.11.1981",1981,11,1,"PARALEPTOPHLEBIA SP.",10
"BGR_008_MZB_LO_2","BGR_008_MZB_LO_2-01.11.1981","01.11.1981",1981,11,1,"RHITHROGENA SP.",55
"BGR_008_MZB_LO_2","BGR_008_MZB_LO_2-01.10.1986","01.10.1986",1986,10,1,"ANCYLUS FLUVIATILIS",285
"BGR_008_MZB_LO_2","BGR_008_MZB_LO_2-01.10.1986","01.10.1986",1986,10,1,"BAETIS SP.",45
"BGR_008_MZB_LO_2","BGR_008_MZB_LO_2-01.10.1986","01.10.1986",1986,10,1,"CHIRONOMIDAE GEN. SP.",140
"BGR_008_MZB_LO_2","BGR_008_MZB_LO_2-01.10.1986","01.10.1986",1986,10,1,"DINA LINEATA",25
"BGR_008_MZB_LO_2","BGR_008_MZB_LO_2-01.10.1986","01.10.1986",1986,10,1,"GYRINUS SP.",5
"BGR_008_MZB_LO_2","BGR_008_MZB_LO_2-01.10.1986","01.10.1986",1986,10,1,"HELOBDELLA STAGNALIS",5
"BGR_008_MZB_LO_2","BGR_008_MZB_LO_2-01.10.1986","01.10.1986",1986,10,1,"HYDROPSYCHE SP.",475
"BGR_008_MZB_LO_2","BGR_008_MZB_LO_2-01.10.1986","01.10.1986",1986,10,1,"LYMNAEA SP.",5
"BGR_008_MZB_LO_2","BGR_008_MZB_LO_2-01.10.1986","01.10.1986",1986,10,1,"OLIGOCHAETA GEN. SP.",60
"BGR_008_MZB_LO_2","BGR_008_MZB_LO_2-01.10.1986","01.10.1986",1986,10,1,"PLANORBIS PLANORBIS",5
"BGR_008_MZB_LO_2","BGR_008_MZB_LO_2-01.10.1986","01.10.1986",1986,10,1,"SIMULIIDAE GEN. SP.",70
"BGR_008_MZB_LO_2","BGR_008_MZB_LO_2-01.10.1986","01.10.1986",1986,10,1,"TIPULIDAE GEN. SP.",15
"BGR_008_MZB_LO_2","BGR_008_MZB_LO_2-01.10.1987","01.10.1987",1987,10,1,"ANCYLUS FLUVIATILIS",57
"BGR_008_MZB_LO_2","BGR_008_MZB_LO_2-01.10.1987","01.10.1987",1987,10,1,"BAETIS SP.",9
"BGR_008_MZB_LO_2","BGR_008_MZB_LO_2-01.10.1987","01.10.1987",1987,10,1,"CHIRONOMIDAE GEN. SP.",28
"BGR_008_MZB_LO_2","BGR_008_MZB_LO_2-01.10.1987","01.10.1987",1987,10,1,"DINA LINEATA",5
"BGR_008_MZB_LO_2","BGR_008_MZB_LO_2-01.10.1987","01.10.1987",1987,10,1,"GYRINUS SP.",1
"BGR_008_MZB_LO_2","BGR_008_MZB_LO_2-01.10.1987","01.10.1987",1987,10,1,"HELOBDELLA STAGNALIS",1
"BGR_008_MZB_LO_2","BGR_008_MZB_LO_2-01.10.1987","01.10.1987",1987,10,1,"HYDROPSYCHE SP.",95
"BGR_008_MZB_LO_2","BGR_008_MZB_LO_2-01.10.1987","01.10.1987",1987,10,1,"LYMNAEA SP.",1
"BGR_008_MZB_LO_2","BGR_008_MZB_LO_2-01.10.1987","01.10.1987",1987,10,1,"OLIGOCHAETA GEN. SP.",24
"BGR_008_MZB_LO_2","BGR_008_MZB_LO_2-01.10.1987","01.10.1987",1987,10,1,"PLANORBIS PLANORBIS",1
"BGR_008_MZB_LO_2","BGR_008_MZB_LO_2-01.10.1987","01.10.1987",1987,10,1,"SIMULIIDAE GEN. SP.",39
"BGR_008_MZB_LO_2","BGR_008_MZB_LO_2-01.10.1987","01.10.1987",1987,10,1,"TIPULIDAE GEN. SP.",3
"BGR_008_MZB_LO_2","BGR_008_MZB_LO_2-01.11.1990","01.11.1990",1990,11,1,"ANCYLUS FLUVIATILIS",95
"BGR_008_MZB_LO_2","BGR_008_MZB_LO_2-01.11.1990","01.11.1990",1990,11,1,"ASELLUS AQUATICUS",60
"BGR_008_MZB_LO_2","BGR_008_MZB_LO_2-01.11.1990","01.11.1990",1990,11,1,"BAETIS SP.",10
"BGR_008_MZB_LO_2","BGR_008_MZB_LO_2-01.11.1990","01.11.1990",1990,11,1,"DINA LINEATA",10
"BGR_008_MZB_LO_2","BGR_008_MZB_LO_2-01.11.1990","01.11.1990",1990,11,1,"ERPOBDELLA OCTOCULATA",10
"BGR_008_MZB_LO_2","BGR_008_MZB_LO_2-01.11.1990","01.11.1990",1990,11,1,"HELOBDELLA STAGNALIS",5
"BGR_008_MZB_LO_2","BGR_008_MZB_LO_2-01.11.1990","01.11.1990",1990,11,1,"HYDROPSYCHE SP.",310
"BGR_008_MZB_LO_2","BGR_008_MZB_LO_2-01.11.1990","01.11.1990",1990,11,1,"OLIGOCHAETA GEN. SP.",835
"BGR_008_MZB_LO_2","BGR_008_MZB_LO_2-01.11.1990","01.11.1990",1990,11,1,"TIPULIDAE GEN. SP.",30
"BGR_008_MZB_LO_2","BGR_008_MZB_LO_2-01.11.1991","01.11.1991",1991,11,1,"ANCYLUS FLUVIATILIS",70
"BGR_008_MZB_LO_2","BGR_008_MZB_LO_2-01.11.1991","01.11.1991",1991,11,1,"ASELLUS AQUATICUS",10
"BGR_008_MZB_LO_2","BGR_008_MZB_LO_2-01.11.1991","01.11.1991",1991,11,1,"BAETIS SP.",70
"BGR_008_MZB_LO_2","BGR_008_MZB_LO_2-01.11.1991","01.11.1991",1991,11,1,"CHIRONOMIDAE GEN. SP.",10
"BGR_008_MZB_LO_2","BGR_008_MZB_LO_2-01.11.1991","01.11.1991",1991,11,1,"ECDYONURUS SP.",5
"BGR_008_MZB_LO_2","BGR_008_MZB_LO_2-01.11.1991","01.11.1991",1991,11,1,"ERPOBDELLA OCTOCULATA",10
"BGR_008_MZB_LO_2","BGR_008_MZB_LO_2-01.11.1991","01.11.1991",1991,11,1,"HYDROPSYCHE SP.",370
"BGR_008_MZB_LO_2","BGR_008_MZB_LO_2-01.11.1991","01.11.1991",1991,11,1,"OLIGOCHAETA GEN. SP.",130
"BGR_008_MZB_LO_2","BGR_008_MZB_LO_2-01.11.1991","01.11.1991",1991,11,1,"PEREGRIANA PEREGRA",10
"BGR_008_MZB_LO_2","BGR_008_MZB_LO_2-01.11.1991","01.11.1991",1991,11,1,"PLANORBIS PLANORBIS",10
"BGR_008_MZB_LO_2","BGR_008_MZB_LO_2-01.11.1991","01.11.1991",1991,11,1,"SIMULIIDAE GEN. SP.",20
"BGR_008_MZB_LO_2","BGR_008_MZB_LO_2-01.11.1991","01.11.1991",1991,11,1,"TIPULIDAE GEN. SP.",110
"BGR_008_MZB_LO_2","BGR_008_MZB_LO_2-01.11.2004","01.11.2004",2004,11,1,"ASELLUS AQUATICUS",5
"BGR_008_MZB_LO_2","BGR_008_MZB_LO_2-01.11.2004","01.11.2004",2004,11,1,"BAETIS SP.",135
"BGR_008_MZB_LO_2","BGR_008_MZB_LO_2-01.11.2004","01.11.2004",2004,11,1,"CHIRONOMIDAE GEN. SP.",20
"BGR_008_MZB_LO_2","BGR_008_MZB_LO_2-01.11.2004","01.11.2004",2004,11,1,"DINA LINEATA",15
"BGR_008_MZB_LO_2","BGR_008_MZB_LO_2-01.11.2004","01.11.2004",2004,11,1,"ECDYONURUS SP.",165
"BGR_008_MZB_LO_2","BGR_008_MZB_LO_2-01.11.2004","01.11.2004",2004,11,1,"EPEORUS SYLVICOLA",5
"BGR_008_MZB_LO_2","BGR_008_MZB_LO_2-01.11.2004","01.11.2004",2004,11,1,"HYDROPSYCHE SP.",5
"BGR_008_MZB_LO_2","BGR_008_MZB_LO_2-01.11.2004","01.11.2004",2004,11,1,"OLIGOCHAETA GEN. SP.",165
"BGR_008_MZB_LO_2","BGR_008_MZB_LO_2-01.11.2004","01.11.2004",2004,11,1,"POLYCENTROPUS SP.",15
"BGR_008_MZB_LO_2","BGR_008_MZB_LO_2-01.09.2005","01.09.2005",2005,9,1,"BAETIS SP.",455
"BGR_008_MZB_LO_2","BGR_008_MZB_LO_2-01.09.2005","01.09.2005",2005,9,1,"ECDYONURUS SP.",45
"BGR_008_MZB_LO_2","BGR_008_MZB_LO_2-01.09.2005","01.09.2005",2005,9,1,"ERPOBDELLA OCTOCULATA",5
"BGR_008_MZB_LO_2","BGR_008_MZB_LO_2-01.09.2005","01.09.2005",2005,9,1,"HYDROPSYCHE SP.",20
"BGR_008_MZB_LO_2","BGR_008_MZB_LO_2-01.09.2005","01.09.2005",2005,9,1,"LEUCTRA SP.",115
"BGR_008_MZB_LO_2","BGR_008_MZB_LO_2-01.09.2005","01.09.2005",2005,9,1,"OLIGOCHAETA GEN. SP.",70
"BGR_008_MZB_LO_2","BGR_008_MZB_LO_2-01.09.2005","01.09.2005",2005,9,1,"PSYCHODA SP.",10
"BGR_008_MZB_LO_2","BGR_008_MZB_LO_2-01.09.2005","01.09.2005",2005,9,1,"RHYACOPHILA SP.",170
"BGR_008_MZB_LO_2","BGR_008_MZB_LO_2-01.09.2005","01.09.2005",2005,9,1,"SERRATELLA IGNITA",15
"BGR_008_MZB_LO_2","BGR_008_MZB_LO_2-01.09.2005","01.09.2005",2005,9,1,"SIMULIIDAE GEN. SP.",5
"BGR_008_MZB_LO_2","BGR_008_MZB_LO_2-01.10.2010","01.10.2010",2010,10,1,"BAETIS SP.",360
"BGR_008_MZB_LO_2","BGR_008_MZB_LO_2-01.10.2010","01.10.2010",2010,10,1,"CERATOPOGONIDAE GEN. SP.",10
"BGR_008_MZB_LO_2","BGR_008_MZB_LO_2-01.10.2010","01.10.2010",2010,10,1,"CHIRONOMIDAE GEN. SP.",170
"BGR_008_MZB_LO_2","BGR_008_MZB_LO_2-01.10.2010","01.10.2010",2010,10,1,"DIPTERA GEN. SP.",60
"BGR_008_MZB_LO_2","BGR_008_MZB_LO_2-01.10.2010","01.10.2010",2010,10,1,"ERPOBDELLA OCTOCULATA",10
"BGR_008_MZB_LO_2","BGR_008_MZB_LO_2-01.10.2010","01.10.2010",2010,10,1,"HYDROPSYCHE SP.",70
"BGR_008_MZB_LO_2","BGR_008_MZB_LO_2-01.10.2010","01.10.2010",2010,10,1,"LIMONIIDAE GEN. SP.",10
"BGR_008_MZB_LO_2","BGR_008_MZB_LO_2-01.10.2010","01.10.2010",2010,10,1,"NEMATODA GEN. SP.",10
"BGR_008_MZB_LO_2","BGR_008_MZB_LO_2-01.10.2010","01.10.2010",2010,10,1,"OLIGOCHAETA GEN. SP.",925
"BGR_008_MZB_LO_2","BGR_008_MZB_LO_2-01.10.2010","01.10.2010",2010,10,1,"PLECOPTERA GEN. SP.",60
"BGR_008_MZB_LO_2","BGR_008_MZB_LO_2-01.10.2010","01.10.2010",2010,10,1,"RHITHROGENA SP.",320
"BGR_008_MZB_LO_2","BGR_008_MZB_LO_2-01.10.2010","01.10.2010",2010,10,1,"RHYACOPHILA SP.",20
"BGR_008_MZB_LO_2","BGR_008_MZB_LO_2-01.10.2010","01.10.2010",2010,10,1,"SIMULIIDAE GEN. SP.",30
"BGR_008_MZB_LO_2","BGR_008_MZB_LO_2-01.10.2010","01.10.2010",2010,10,1,"TIPULIDAE GEN. SP.",20
"BGR_008_MZB_LO_3","BGR_008_MZB_LO_3-01.09.1978","01.09.1978",1978,9,1,"ASELLUS AQUATICUS",50
"BGR_008_MZB_LO_3","BGR_008_MZB_LO_3-01.09.1978","01.09.1978",1978,9,1,"BAETIS SP.",30
"BGR_008_MZB_LO_3","BGR_008_MZB_LO_3-01.09.1978","01.09.1978",1978,9,1,"CAENIS SP.",15
"BGR_008_MZB_LO_3","BGR_008_MZB_LO_3-01.09.1978","01.09.1978",1978,9,1,"CHIRONOMIDAE GEN. SP.",400
"BGR_008_MZB_LO_3","BGR_008_MZB_LO_3-01.09.1978","01.09.1978",1978,9,1,"ECDYONURUS SP.",20
"BGR_008_MZB_LO_3","BGR_008_MZB_LO_3-01.09.1978","01.09.1978",1978,9,1,"ERPOBDELLA OCTOCULATA",65
"BGR_008_MZB_LO_3","BGR_008_MZB_LO_3-01.09.1978","01.09.1978",1978,9,1,"HYDROPSYCHE SP.",135
"BGR_008_MZB_LO_3","BGR_008_MZB_LO_3-01.09.1978","01.09.1978",1978,9,1,"OLIGOCHAETA GEN. SP.",690
"BGR_008_MZB_LO_3","BGR_008_MZB_LO_3-01.09.1978","01.09.1978",1978,9,1,"RHYACOPHILA SP.",25
"BGR_008_MZB_LO_3","BGR_008_MZB_LO_3-01.09.1978","01.09.1978",1978,9,1,"SERRATELLA IGNITA",5
"BGR_008_MZB_LO_3","BGR_008_MZB_LO_3-01.09.1978","01.09.1978",1978,9,1,"TABANIDAE GEN. SP.",5
"BGR_008_MZB_LO_3","BGR_008_MZB_LO_3-01.09.1979","01.09.1979",1979,9,1,"ASELLUS AQUATICUS",50
"BGR_008_MZB_LO_3","BGR_008_MZB_LO_3-01.09.1979","01.09.1979",1979,9,1,"BAETIS SP.",15
"BGR_008_MZB_LO_3","BGR_008_MZB_LO_3-01.09.1979","01.09.1979",1979,9,1,"CHIRONOMIDAE GEN. SP.",350
"BGR_008_MZB_LO_3","BGR_008_MZB_LO_3-01.09.1979","01.09.1979",1979,9,1,"ERPOBDELLA OCTOCULATA",55
"BGR_008_MZB_LO_3","BGR_008_MZB_LO_3-01.09.1979","01.09.1979",1979,9,1,"HYDROPSYCHE SP.",355
"BGR_008_MZB_LO_3","BGR_008_MZB_LO_3-01.09.1979","01.09.1979",1979,9,1,"OLIGOCHAETA GEN. SP.",580
"BGR_008_MZB_LO_3","BGR_008_MZB_LO_3-01.09.1979","01.09.1979",1979,9,1,"PERLA SP.",5
"BGR_008_MZB_LO_3","BGR_008_MZB_LO_3-01.09.1979","01.09.1979",1979,9,1,"TABANIDAE GEN. SP.",5
"BGR_008_MZB_LO_3","BGR_008_MZB_LO_3-01.11.1981","01.11.1981",1981,11,1,"ASELLUS AQUATICUS",8
"BGR_008_MZB_LO_3","BGR_008_MZB_LO_3-01.11.1981","01.11.1981",1981,11,1,"BAETIS SP.",8
"BGR_008_MZB_LO_3","BGR_008_MZB_LO_3-01.11.1981","01.11.1981",1981,11,1,"CAENIS SP.",4
"BGR_008_MZB_LO_3","BGR_008_MZB_LO_3-01.11.1981","01.11.1981",1981,11,1,"CHIRONOMIDAE GEN. SP.",9
"BGR_008_MZB_LO_3","BGR_008_MZB_LO_3-01.11.1981","01.11.1981",1981,11,1,"ECDYONURUS SP.",1
"BGR_008_MZB_LO_3","BGR_008_MZB_LO_3-01.11.1981","01.11.1981",1981,11,1,"HYDROPSYCHE SP.",95
"BGR_008_MZB_LO_3","BGR_008_MZB_LO_3-01.11.1981","01.11.1981",1981,11,1,"OLIGOCHAETA GEN. SP.",24
"BGR_008_MZB_LO_3","BGR_008_MZB_LO_3-01.10.1986","01.10.1986",1986,10,1,"ASELLUS AQUATICUS",5
"BGR_008_MZB_LO_3","BGR_008_MZB_LO_3-01.10.1986","01.10.1986",1986,10,1,"BAETIS SP.",10
"BGR_008_MZB_LO_3","BGR_008_MZB_LO_3-01.10.1986","01.10.1986",1986,10,1,"CAENIS SP.",5
"BGR_008_MZB_LO_3","BGR_008_MZB_LO_3-01.10.1986","01.10.1986",1986,10,1,"CHIRONOMIDAE GEN. SP.",10
"BGR_008_MZB_LO_3","BGR_008_MZB_LO_3-01.10.1986","01.10.1986",1986,10,1,"EPHEMERA DANICA",5
"BGR_008_MZB_LO_3","BGR_008_MZB_LO_3-01.10.1986","01.10.1986",1986,10,1,"ERPOBDELLA OCTOCULATA",10
"BGR_008_MZB_LO_3","BGR_008_MZB_LO_3-01.10.1986","01.10.1986",1986,10,1,"HYDROPSYCHE SP.",3345
"BGR_008_MZB_LO_3","BGR_008_MZB_LO_3-01.10.1986","01.10.1986",1986,10,1,"OLIGOCHAETA GEN. SP.",135
"BGR_008_MZB_LO_3","BGR_008_MZB_LO_3-01.10.1986","01.10.1986",1986,10,1,"SIMULIIDAE GEN. SP.",5
"BGR_008_MZB_LO_3","BGR_008_MZB_LO_3-01.10.1986","01.10.1986",1986,10,1,"TABANIDAE GEN. SP.",5
"BGR_008_MZB_LO_3","BGR_008_MZB_LO_3-01.10.1986","01.10.1986",1986,10,1,"TIPULIDAE GEN. SP.",5
"BGR_008_MZB_LO_3","BGR_008_MZB_LO_3-01.10.1987","01.10.1987",1987,10,1,"ATHERICIDAE GEN. SP.",1
"BGR_008_MZB_LO_3","BGR_008_MZB_LO_3-01.10.1987","01.10.1987",1987,10,1,"BAETIS SP.",23
"BGR_008_MZB_LO_3","BGR_008_MZB_LO_3-01.10.1987","01.10.1987",1987,10,1,"CAENIS SP.",1
"BGR_008_MZB_LO_3","BGR_008_MZB_LO_3-01.10.1987","01.10.1987",1987,10,1,"CHIRONOMIDAE GEN. SP.",11
"BGR_008_MZB_LO_3","BGR_008_MZB_LO_3-01.10.1987","01.10.1987",1987,10,1,"ELMIS SP.",1
"BGR_008_MZB_LO_3","BGR_008_MZB_LO_3-01.10.1987","01.10.1987",1987,10,1,"ERPOBDELLA OCTOCULATA",5
"BGR_008_MZB_LO_3","BGR_008_MZB_LO_3-01.10.1987","01.10.1987",1987,10,1,"HYDROPSYCHE SP.",354
"BGR_008_MZB_LO_3","BGR_008_MZB_LO_3-01.10.1987","01.10.1987",1987,10,1,"LEUCTRA SP.",1
"BGR_008_MZB_LO_3","BGR_008_MZB_LO_3-01.10.1987","01.10.1987",1987,10,1,"OECISMUS MONEDULA SSP.",1
"BGR_008_MZB_LO_3","BGR_008_MZB_LO_3-01.10.1987","01.10.1987",1987,10,1,"OLIGOCHAETA GEN. SP.",67
"BGR_008_MZB_LO_3","BGR_008_MZB_LO_3-01.10.1987","01.10.1987",1987,10,1,"OPHIOGOMPHUS CECILIA",1
"BGR_008_MZB_LO_3","BGR_008_MZB_LO_3-01.10.1987","01.10.1987",1987,10,1,"SERRATELLA IGNITA",1
"BGR_008_MZB_LO_3","BGR_008_MZB_LO_3-01.11.1990","01.11.1990",1990,11,1,"ANCYLUS FLUVIATILIS",50
"BGR_008_MZB_LO_3","BGR_008_MZB_LO_3-01.11.1990","01.11.1990",1990,11,1,"ASELLUS AQUATICUS",520
"BGR_008_MZB_LO_3","BGR_008_MZB_LO_3-01.11.1990","01.11.1990",1990,11,1,"BAETIS SP.",40
"BGR_008_MZB_LO_3","BGR_008_MZB_LO_3-01.11.1990","01.11.1990",1990,11,1,"CHIRONOMIDAE GEN. SP.",30
"BGR_008_MZB_LO_3","BGR_008_MZB_LO_3-01.11.1990","01.11.1990",1990,11,1,"EPHEMERA VULGATA",5
"BGR_008_MZB_LO_3","BGR_008_MZB_LO_3-01.11.1990","01.11.1990",1990,11,1,"ERPOBDELLA OCTOCULATA",80
"BGR_008_MZB_LO_3","BGR_008_MZB_LO_3-01.11.1990","01.11.1990",1990,11,1,"GLOSSIPHONIA COMPLANATA",55
"BGR_008_MZB_LO_3","BGR_008_MZB_LO_3-01.11.1990","01.11.1990",1990,11,1,"HYDROPSYCHE SP.",330
"BGR_008_MZB_LO_3","BGR_008_MZB_LO_3-01.11.1990","01.11.1990",1990,11,1,"LIMNEPHILIDAE GEN. SP.",10
"BGR_008_MZB_LO_3","BGR_008_MZB_LO_3-01.11.1990","01.11.1990",1990,11,1,"OLIGOCHAETA GEN. SP.",505
"BGR_008_MZB_LO_3","BGR_008_MZB_LO_3-01.11.1990","01.11.1990",1990,11,1,"TIPULIDAE GEN. SP.",20
"BGR_008_MZB_LO_3","BGR_008_MZB_LO_3-01.11.1991","01.11.1991",1991,11,1,"ASELLUS AQUATICUS",140
"BGR_008_MZB_LO_3","BGR_008_MZB_LO_3-01.11.1991","01.11.1991",1991,11,1,"ERPOBDELLA OCTOCULATA",50
"BGR_008_MZB_LO_3","BGR_008_MZB_LO_3-01.11.1991","01.11.1991",1991,11,1,"HYDROPSYCHE SP.",1270
"BGR_008_MZB_LO_3","BGR_008_MZB_LO_3-01.11.1991","01.11.1991",1991,11,1,"OECISMUS MONEDULA SSP.",10
"BGR_008_MZB_LO_3","BGR_008_MZB_LO_3-01.11.1991","01.11.1991",1991,11,1,"OLIGOCHAETA GEN. SP.",750
"BGR_008_MZB_LO_3","BGR_008_MZB_LO_3-01.11.1991","01.11.1991",1991,11,1,"PERLA SP.",10
"BGR_008_MZB_LO_3","BGR_008_MZB_LO_3-01.10.1992","01.10.1992",1992,10,1,"ANCYLUS FLUVIATILIS",7
"BGR_008_MZB_LO_3","BGR_008_MZB_LO_3-01.10.1992","01.10.1992",1992,10,1,"ASELLUS AQUATICUS",41
"BGR_008_MZB_LO_3","BGR_008_MZB_LO_3-01.10.1992","01.10.1992",1992,10,1,"BAETIS SP.",57
"BGR_008_MZB_LO_3","BGR_008_MZB_LO_3-01.10.1992","01.10.1992",1992,10,1,"EPEORUS SYLVICOLA",1
"BGR_008_MZB_LO_3","BGR_008_MZB_LO_3-01.10.1992","01.10.1992",1992,10,1,"ERPOBDELLA OCTOCULATA",6
"BGR_008_MZB_LO_3","BGR_008_MZB_LO_3-01.10.1992","01.10.1992",1992,10,1,"HYDROPSYCHE SP.",14
"BGR_008_MZB_LO_3","BGR_008_MZB_LO_3-01.10.1992","01.10.1992",1992,10,1,"LIMNEPHILIDAE GEN. SP.",13
"BGR_008_MZB_LO_3","BGR_008_MZB_LO_3-01.10.1992","01.10.1992",1992,10,1,"OLIGOCHAETA GEN. SP.",26
"BGR_008_MZB_LO_3","BGR_008_MZB_LO_3-01.09.1993","01.09.1993",1993,9,1,"ANCYLUS FLUVIATILIS",1
"BGR_008_MZB_LO_3","BGR_008_MZB_LO_3-01.09.1993","01.09.1993",1993,9,1,"ASELLUS AQUATICUS",22
"BGR_008_MZB_LO_3","BGR_008_MZB_LO_3-01.09.1993","01.09.1993",1993,9,1,"BAETIS SP.",223
"BGR_008_MZB_LO_3","BGR_008_MZB_LO_3-01.09.1993","01.09.1993",1993,9,1,"DINOCRAS MEGACEPHALA",1
"BGR_008_MZB_LO_3","BGR_008_MZB_LO_3-01.09.1993","01.09.1993",1993,9,1,"ECDYONURUS SP.",6
"BGR_008_MZB_LO_3","BGR_008_MZB_LO_3-01.09.1993","01.09.1993",1993,9,1,"ERPOBDELLA OCTOCULATA",4
"BGR_008_MZB_LO_3","BGR_008_MZB_LO_3-01.09.1993","01.09.1993",1993,9,1,"HYDROPSYCHE SP.",291
"BGR_008_MZB_LO_3","BGR_008_MZB_LO_3-01.09.1993","01.09.1993",1993,9,1,"OLIGOCHAETA GEN. SP.",122
"BGR_008_MZB_LO_3","BGR_008_MZB_LO_3-01.09.1993","01.09.1993",1993,9,1,"SERRATELLA IGNITA",3
"BGR_008_MZB_LO_3","BGR_008_MZB_LO_3-01.09.1993","01.09.1993",1993,9,1,"SIMULIIDAE GEN. SP.",104
"BGR_008_MZB_LO_3","BGR_008_MZB_LO_3-01.11.2004","01.11.2004",2004,11,1,"BAETIS SP.",175
"BGR_008_MZB_LO_3","BGR_008_MZB_LO_3-01.11.2004","01.11.2004",2004,11,1,"CAENIS SP.",5
"BGR_008_MZB_LO_3","BGR_008_MZB_LO_3-01.11.2004","01.11.2004",2004,11,1,"ECDYONURUS SP.",50
"BGR_008_MZB_LO_3","BGR_008_MZB_LO_3-01.11.2004","01.11.2004",2004,11,1,"HEPTAGENIA SP.",10
"BGR_008_MZB_LO_3","BGR_008_MZB_LO_3-01.11.2004","01.11.2004",2004,11,1,"HYDROPSYCHE SP.",1200
"BGR_008_MZB_LO_3","BGR_008_MZB_LO_3-01.11.2004","01.11.2004",2004,11,1,"ISOPERLA SP.",5
"BGR_008_MZB_LO_3","BGR_008_MZB_LO_3-01.11.2004","01.11.2004",2004,11,1,"OLIGOCHAETA GEN. SP.",70
"BGR_008_MZB_LO_3","BGR_008_MZB_LO_3-01.11.2004","01.11.2004",2004,11,1,"OPHIOGOMPHUS CECILIA",5
"BGR_008_MZB_LO_3","BGR_008_MZB_LO_3-01.11.2004","01.11.2004",2004,11,1,"PERLA SP.",10
"BGR_008_MZB_LO_3","BGR_008_MZB_LO_3-01.11.2004","01.11.2004",2004,11,1,"RHYACOPHILA SP.",125
"BGR_008_MZB_LO_3","BGR_008_MZB_LO_3-01.11.2004","01.11.2004",2004,11,1,"SERRATELLA IGNITA",25
"BGR_008_MZB_LO_3","BGR_008_MZB_LO_3-01.11.2004","01.11.2004",2004,11,1,"TABANIDAE GEN. SP.",35
"BGR_008_MZB_LO_3","BGR_008_MZB_LO_3-01.09.2005","01.09.2005",2005,9,1,"ASELLUS AQUATICUS",5
"BGR_008_MZB_LO_3","BGR_008_MZB_LO_3-01.09.2005","01.09.2005",2005,9,1,"BAETIS SP.",307
"BGR_008_MZB_LO_3","BGR_008_MZB_LO_3-01.09.2005","01.09.2005",2005,9,1,"CAENIS SP.",5
"BGR_008_MZB_LO_3","BGR_008_MZB_LO_3-01.09.2005","01.09.2005",2005,9,1,"CHEUMATOPSYCHE LEPIDA",30
"BGR_008_MZB_LO_3","BGR_008_MZB_LO_3-01.09.2005","01.09.2005",2005,9,1,"CHIRONOMIDAE GEN. SP.",20
"BGR_008_MZB_LO_3","BGR_008_MZB_LO_3-01.09.2005","01.09.2005",2005,9,1,"ECDYONURUS SP.",135
"BGR_008_MZB_LO_3","BGR_008_MZB_LO_3-01.09.2005","01.09.2005",2005,9,1,"HYDROPSYCHE SP.",185
"BGR_008_MZB_LO_3","BGR_008_MZB_LO_3-01.09.2005","01.09.2005",2005,9,1,"LEUCTRA SP.",20
"BGR_008_MZB_LO_3","BGR_008_MZB_LO_3-01.09.2005","01.09.2005",2005,9,1,"OLIGOCHAETA GEN. SP.",10
"BGR_008_MZB_LO_3","BGR_008_MZB_LO_3-01.09.2005","01.09.2005",2005,9,1,"PSYCHOMYIA PUSILLA",5
"BGR_008_MZB_LO_3","BGR_008_MZB_LO_3-01.09.2005","01.09.2005",2005,9,1,"RHYACOPHILA SP.",5
"BGR_008_MZB_LO_3","BGR_008_MZB_LO_3-01.09.2005","01.09.2005",2005,9,1,"SERRATELLA IGNITA",20
"BGR_008_MZB_LO_3","BGR_008_MZB_LO_3-01.09.2005","01.09.2005",2005,9,1,"TABANIDAE GEN. SP.",20
"BGR_008_MZB_LO_3","BGR_008_MZB_LO_3-01.09.2007","01.09.2007",2007,9,1,"CHIRONOMIDAE GEN. SP.",10
"BGR_008_MZB_LO_3","BGR_008_MZB_LO_3-01.10.2010","01.10.2010",2010,10,1,"ANCYLUS FLUVIATILIS",380
"BGR_008_MZB_LO_3","BGR_008_MZB_LO_3-01.10.2010","01.10.2010",2010,10,1,"APHELOCHEIRUS AESTIVALIS",10
"BGR_008_MZB_LO_3","BGR_008_MZB_LO_3-01.10.2010","01.10.2010",2010,10,1,"BAETIS SP.",140
"BGR_008_MZB_LO_3","BGR_008_MZB_LO_3-01.10.2010","01.10.2010",2010,10,1,"CAENIS SP.",30
"BGR_008_MZB_LO_3","BGR_008_MZB_LO_3-01.10.2010","01.10.2010",2010,10,1,"CHEUMATOPSYCHE LEPIDA",50
"BGR_008_MZB_LO_3","BGR_008_MZB_LO_3-01.10.2010","01.10.2010",2010,10,1,"CHIRONOMIDAE GEN. SP.",170
"BGR_008_MZB_LO_3","BGR_008_MZB_LO_3-01.10.2010","01.10.2010",2010,10,1,"CYRNUS TRIMACULATUS",40
"BGR_008_MZB_LO_3","BGR_008_MZB_LO_3-01.10.2010","01.10.2010",2010,10,1,"DIPTERA GEN. SP.",20
"BGR_008_MZB_LO_3","BGR_008_MZB_LO_3-01.10.2010","01.10.2010",2010,10,1,"DUGESIA LUGUBRIS",10
"BGR_008_MZB_LO_3","BGR_008_MZB_LO_3-01.10.2010","01.10.2010",2010,10,1,"ECDYONURUS SP.",50
"BGR_008_MZB_LO_3","BGR_008_MZB_LO_3-01.10.2010","01.10.2010",2010,10,1,"ERPOBDELLA OCTOCULATA",10
"BGR_008_MZB_LO_3","BGR_008_MZB_LO_3-01.10.2010","01.10.2010",2010,10,1,"HYDRACHNIDIA GEN. SP.",60
"BGR_008_MZB_LO_3","BGR_008_MZB_LO_3-01.10.2010","01.10.2010",2010,10,1,"HYDROPSYCHE SP.",190
"BGR_008_MZB_LO_3","BGR_008_MZB_LO_3-01.10.2010","01.10.2010",2010,10,1,"LIMONIIDAE GEN. SP.",40
"BGR_008_MZB_LO_3","BGR_008_MZB_LO_3-01.10.2010","01.10.2010",2010,10,1,"NEMATODA GEN. SP.",10
"BGR_008_MZB_LO_3","BGR_008_MZB_LO_3-01.10.2010","01.10.2010",2010,10,1,"OLIGOCHAETA GEN. SP.",650
"BGR_008_MZB_LO_3","BGR_008_MZB_LO_3-01.10.2010","01.10.2010",2010,10,1,"PARALEPTOPHLEBIA SP.",30
"BGR_008_MZB_LO_3","BGR_008_MZB_LO_3-01.10.2010","01.10.2010",2010,10,1,"PSYCHOMYIA PUSILLA",20
"BGR_008_MZB_LO_3","BGR_008_MZB_LO_3-01.10.2010","01.10.2010",2010,10,1,"SERRATELLA IGNITA",60
"BGR_008_MZB_LO_3","BGR_008_MZB_LO_3-01.10.2010","01.10.2010",2010,10,1,"TINODES SP.",180
"BGR_008_MZB_LO_3","BGR_008_MZB_LO_3-01.11.2011","01.11.2011",2011,11,1,"ANCYLUS FLUVIATILIS",6
"BGR_008_MZB_LO_3","BGR_008_MZB_LO_3-01.11.2011","01.11.2011",2011,11,1,"BAETIS SP.",2
"BGR_008_MZB_LO_3","BGR_008_MZB_LO_3-01.11.2011","01.11.2011",2011,11,1,"CHIRONOMIDAE GEN. SP.",108
"BGR_008_MZB_LO_3","BGR_008_MZB_LO_3-01.11.2011","01.11.2011",2011,11,1,"HYDROPSYCHE SP.",6
"BGR_008_MZB_LO_3","BGR_008_MZB_LO_3-01.11.2011","01.11.2011",2011,11,1,"ILYOCORIS SP.",6
"BGR_008_MZB_LO_3","BGR_008_MZB_LO_3-01.11.2011","01.11.2011",2011,11,1,"OLIGOCHAETA GEN. SP.",64
"BGR_008_MZB_LO_3","BGR_008_MZB_LO_3-01.11.2011","01.11.2011",2011,11,1,"POLYCENTROPUS SP.",2
"BGR_008_MZB_LO_3","BGR_008_MZB_LO_3-01.11.2011","01.11.2011",2011,11,1,"POTAMANTHUS LUTEUS",2
"BGR_008_MZB_LO_3","BGR_008_MZB_LO_3-01.11.2011","01.11.2011",2011,11,1,"SERRATELLA IGNITA",2
"BGR_008_MZB_LO_3","BGR_008_MZB_LO_3-01.11.2011","01.11.2011",2011,11,1,"TABANIDAE GEN. SP.",2
"BGR_008_MZB_LO_3","BGR_008_MZB_LO_3-01.09.2012","01.09.2012",2012,9,1,"ATHERICIDAE GEN. SP.",2
"BGR_008_MZB_LO_3","BGR_008_MZB_LO_3-01.09.2012","01.09.2012",2012,9,1,"BAETIS SP.",10
"BGR_008_MZB_LO_3","BGR_008_MZB_LO_3-01.09.2012","01.09.2012",2012,9,1,"CHIRONOMIDAE GEN. SP.",73
"BGR_008_MZB_LO_3","BGR_008_MZB_LO_3-01.09.2012","01.09.2012",2012,9,1,"ECDYONURUS SP.",16
"BGR_008_MZB_LO_3","BGR_008_MZB_LO_3-01.09.2012","01.09.2012",2012,9,1,"GOERIDAE GEN. SP.",7
"BGR_008_MZB_LO_3","BGR_008_MZB_LO_3-01.09.2012","01.09.2012",2012,9,1,"HYDROPSYCHE SP.",276
"BGR_008_MZB_LO_3","BGR_008_MZB_LO_3-01.09.2012","01.09.2012",2012,9,1,"HYDROPTILA SP.",3
"BGR_008_MZB_LO_3","BGR_008_MZB_LO_3-01.09.2012","01.09.2012",2012,9,1,"LIMNOPHORA SP.",6
"BGR_008_MZB_LO_3","BGR_008_MZB_LO_3-01.09.2012","01.09.2012",2012,9,1,"LIMONIIDAE GEN. SP.",2
"BGR_008_MZB_LO_3","BGR_008_MZB_LO_3-01.09.2012","01.09.2012",2012,9,1,"OLIGOCHAETA GEN. SP.",38
"BGR_008_MZB_LO_3","BGR_008_MZB_LO_3-01.09.2012","01.09.2012",2012,9,1,"SERRATELLA IGNITA",51
"BGR_008_MZB_LO_3","BGR_008_MZB_LO_3-01.09.2012","01.09.2012",2012,9,1,"SIALIS LUTARIA",2
"BGR_008_MZB_LO_3","BGR_008_MZB_LO_3-01.09.2012","01.09.2012",2012,9,1,"SIMULIIDAE GEN. SP.",8
"BGR_008_MZB_LO_3","BGR_008_MZB_LO_3-01.09.2012","01.09.2012",2012,9,1,"TABANIDAE GEN. SP.",32
"BGR_008_MZB_LO_3","BGR_008_MZB_LO_3-01.09.2012","01.09.2012",2012,9,1,"TINODES SP.",37
"BGR_008_MZB_LO_3","BGR_008_MZB_LO_3-01.09.2012","01.09.2012",2012,9,1,"TRICHOPTERA GEN. SP.",8
