"Unique.ID","Samp.ID","Sampling.date","year","month","day","Taxon.name","Abundance"
"CZE_010_MZB_LO_1","CZE_010_MZB_LO_1-03.04.2002","03.04.2002",2002,4,3,"BRACHYPTERA SP.",108
"CZE_010_MZB_LO_1","CZE_010_MZB_LO_1-03.04.2002","03.04.2002",2002,4,3,"CHELIFERA SP.",12
"CZE_010_MZB_LO_1","CZE_010_MZB_LO_1-03.04.2002","03.04.2002",2002,4,3,"CHIRONOMIDAE GEN. SP.",752
"CZE_010_MZB_LO_1","CZE_010_MZB_LO_1-03.04.2002","03.04.2002",2002,4,3,"DIXA SP.",4
"CZE_010_MZB_LO_1","CZE_010_MZB_LO_1-03.04.2002","03.04.2002",2002,4,3,"ELMIS MAUGETII",4
"CZE_010_MZB_LO_1","CZE_010_MZB_LO_1-03.04.2002","03.04.2002",2002,4,3,"GALBA TRUNCATULA",8
"CZE_010_MZB_LO_1","CZE_010_MZB_LO_1-03.04.2002","03.04.2002",2002,4,3,"ISOPERLA TRIPARTITA TRIPARTITA",248
"CZE_010_MZB_LO_1","CZE_010_MZB_LO_1-03.04.2002","03.04.2002",2002,4,3,"MICROPTERNA NYCTEROBIA",36
"CZE_010_MZB_LO_1","CZE_010_MZB_LO_1-03.04.2002","03.04.2002",2002,4,3,"MICROPTERNA SEQUAX",24
"CZE_010_MZB_LO_1","CZE_010_MZB_LO_1-03.04.2002","03.04.2002",2002,4,3,"NEMATODA GEN. SP.",16
"CZE_010_MZB_LO_1","CZE_010_MZB_LO_1-03.04.2002","03.04.2002",2002,4,3,"NEMOURIDAE GEN. SP.",117
"CZE_010_MZB_LO_1","CZE_010_MZB_LO_1-03.04.2002","03.04.2002",2002,4,3,"OLIGOCHAETA GEN. SP.",196
"CZE_010_MZB_LO_1","CZE_010_MZB_LO_1-03.04.2002","03.04.2002",2002,4,3,"OXYCERA SP.",4
"CZE_010_MZB_LO_1","CZE_010_MZB_LO_1-03.04.2002","03.04.2002",2002,4,3,"PEDICIA SP.",8
"CZE_010_MZB_LO_1","CZE_010_MZB_LO_1-03.04.2002","03.04.2002",2002,4,3,"PISIDIUM SP.",44
"CZE_010_MZB_LO_1","CZE_010_MZB_LO_1-03.04.2002","03.04.2002",2002,4,3,"PLECTROCNEMIA CONSPERSA CONSPERSA",5
"CZE_010_MZB_LO_1","CZE_010_MZB_LO_1-03.04.2002","03.04.2002",2002,4,3,"POTAMOPHYLAX CINGULATUS CINGULATUS",8
"CZE_010_MZB_LO_1","CZE_010_MZB_LO_1-03.04.2002","03.04.2002",2002,4,3,"PROSIMULIUM TOMOSVARYI",600
"CZE_010_MZB_LO_1","CZE_010_MZB_LO_1-03.04.2002","03.04.2002",2002,4,3,"PSYCHODIDAE GEN. SP.",28
"CZE_010_MZB_LO_1","CZE_010_MZB_LO_1-03.04.2002","03.04.2002",2002,4,3,"SIPHLONURUS AESTIVALIS",1
"CZE_010_MZB_LO_1","CZE_010_MZB_LO_1-03.04.2002","03.04.2002",2002,4,3,"SYNAGAPETUS MOSELYI",112
"CZE_010_MZB_LO_1","CZE_010_MZB_LO_1-03.04.2002","03.04.2002",2002,4,3,"TIPULA MAXIMA",4
"CZE_010_MZB_LO_1","CZE_010_MZB_LO_1-01.04.2003","01.04.2003",2003,4,1,"BAETIS RHODANI",232
"CZE_010_MZB_LO_1","CZE_010_MZB_LO_1-01.04.2003","01.04.2003",2003,4,1,"BRACHYPTERA SP.",17
"CZE_010_MZB_LO_1","CZE_010_MZB_LO_1-01.04.2003","01.04.2003",2003,4,1,"CERATOPOGONIDAE GEN. SP.",20
"CZE_010_MZB_LO_1","CZE_010_MZB_LO_1-01.04.2003","01.04.2003",2003,4,1,"CHELIFERA SP.",6
"CZE_010_MZB_LO_1","CZE_010_MZB_LO_1-01.04.2003","01.04.2003",2003,4,1,"CHIRONOMIDAE GEN. SP.",338
"CZE_010_MZB_LO_1","CZE_010_MZB_LO_1-01.04.2003","01.04.2003",2003,4,1,"DICRANOTA SP.",40
"CZE_010_MZB_LO_1","CZE_010_MZB_LO_1-01.04.2003","01.04.2003",2003,4,1,"ELECTROGENA UJHELYII",10
"CZE_010_MZB_LO_1","CZE_010_MZB_LO_1-01.04.2003","01.04.2003",2003,4,1,"ELMIS MAUGETII",2
"CZE_010_MZB_LO_1","CZE_010_MZB_LO_1-01.04.2003","01.04.2003",2003,4,1,"ELODES SP.",2
"CZE_010_MZB_LO_1","CZE_010_MZB_LO_1-01.04.2003","01.04.2003",2003,4,1,"GAMMARUS FOSSARUM",1210
"CZE_010_MZB_LO_1","CZE_010_MZB_LO_1-01.04.2003","01.04.2003",2003,4,1,"GAMMARUS ROESELII",2
"CZE_010_MZB_LO_1","CZE_010_MZB_LO_1-01.04.2003","01.04.2003",2003,4,1,"HYDROPSYCHE SAXONICA",3
"CZE_010_MZB_LO_1","CZE_010_MZB_LO_1-01.04.2003","01.04.2003",2003,4,1,"LIMNOPHILA SP.",6
"CZE_010_MZB_LO_1","CZE_010_MZB_LO_1-01.04.2003","01.04.2003",2003,4,1,"MICROPTERNA NYCTEROBIA",4
"CZE_010_MZB_LO_1","CZE_010_MZB_LO_1-01.04.2003","01.04.2003",2003,4,1,"MICROPTERNA SEQUAX",4
"CZE_010_MZB_LO_1","CZE_010_MZB_LO_1-01.04.2003","01.04.2003",2003,4,1,"NEMOURIDAE GEN. SP.",17
"CZE_010_MZB_LO_1","CZE_010_MZB_LO_1-01.04.2003","01.04.2003",2003,4,1,"PISIDIUM SP.",14
"CZE_010_MZB_LO_1","CZE_010_MZB_LO_1-01.04.2003","01.04.2003",2003,4,1,"PLECTROCNEMIA CONSPERSA CONSPERSA",2
"CZE_010_MZB_LO_1","CZE_010_MZB_LO_1-01.04.2003","01.04.2003",2003,4,1,"POTAMOPHYLAX CINGULATUS CINGULATUS",2
"CZE_010_MZB_LO_1","CZE_010_MZB_LO_1-01.04.2003","01.04.2003",2003,4,1,"PROSIMULIUM TOMOSVARYI",2
"CZE_010_MZB_LO_1","CZE_010_MZB_LO_1-01.04.2003","01.04.2003",2003,4,1,"PSYCHODIDAE GEN. SP.",6
"CZE_010_MZB_LO_1","CZE_010_MZB_LO_1-01.04.2003","01.04.2003",2003,4,1,"SERICOSTOMA SP.",6
"CZE_010_MZB_LO_1","CZE_010_MZB_LO_1-01.04.2003","01.04.2003",2003,4,1,"SYNAGAPETUS MOSELYI",10
"CZE_010_MZB_LO_1","CZE_010_MZB_LO_1-05.04.2005","05.04.2005",2005,4,5,"BAETIS RHODANI",8
"CZE_010_MZB_LO_1","CZE_010_MZB_LO_1-05.04.2005","05.04.2005",2005,4,5,"BRACHYPTERA SP.",142
"CZE_010_MZB_LO_1","CZE_010_MZB_LO_1-05.04.2005","05.04.2005",2005,4,5,"CERATOPOGONIDAE GEN. SP.",48
"CZE_010_MZB_LO_1","CZE_010_MZB_LO_1-05.04.2005","05.04.2005",2005,4,5,"CHELIFERA SP.",8
"CZE_010_MZB_LO_1","CZE_010_MZB_LO_1-05.04.2005","05.04.2005",2005,4,5,"CHIRONOMIDAE GEN. SP.",648
"CZE_010_MZB_LO_1","CZE_010_MZB_LO_1-05.04.2005","05.04.2005",2005,4,5,"DICRANOTA SP.",16
"CZE_010_MZB_LO_1","CZE_010_MZB_LO_1-05.04.2005","05.04.2005",2005,4,5,"ELODES SP.",8
"CZE_010_MZB_LO_1","CZE_010_MZB_LO_1-05.04.2005","05.04.2005",2005,4,5,"ELOEOPHILA SP.",8
"CZE_010_MZB_LO_1","CZE_010_MZB_LO_1-05.04.2005","05.04.2005",2005,4,5,"GAMMARUS FOSSARUM",280
"CZE_010_MZB_LO_1","CZE_010_MZB_LO_1-05.04.2005","05.04.2005",2005,4,5,"HYDRACHNIDAE GEN. SP.",8
"CZE_010_MZB_LO_1","CZE_010_MZB_LO_1-05.04.2005","05.04.2005",2005,4,5,"HYDRAENA SP.",25
"CZE_010_MZB_LO_1","CZE_010_MZB_LO_1-05.04.2005","05.04.2005",2005,4,5,"ISOPERLA TRIPARTITA TRIPARTITA",30
"CZE_010_MZB_LO_1","CZE_010_MZB_LO_1-05.04.2005","05.04.2005",2005,4,5,"MICROPTERNA NYCTEROBIA",42
"CZE_010_MZB_LO_1","CZE_010_MZB_LO_1-05.04.2005","05.04.2005",2005,4,5,"NEMOURIDAE GEN. SP.",48
"CZE_010_MZB_LO_1","CZE_010_MZB_LO_1-05.04.2005","05.04.2005",2005,4,5,"NIPHARGUS AQUILEX",16
"CZE_010_MZB_LO_1","CZE_010_MZB_LO_1-05.04.2005","05.04.2005",2005,4,5,"OLIGOCHAETA GEN. SP.",91
"CZE_010_MZB_LO_1","CZE_010_MZB_LO_1-05.04.2005","05.04.2005",2005,4,5,"PISIDIUM SP.",56
"CZE_010_MZB_LO_1","CZE_010_MZB_LO_1-05.04.2005","05.04.2005",2005,4,5,"PLECTROCNEMIA CONSPERSA CONSPERSA",127
"CZE_010_MZB_LO_1","CZE_010_MZB_LO_1-05.04.2005","05.04.2005",2005,4,5,"PROSIMULIUM TOMOSVARYI",101
"CZE_010_MZB_LO_1","CZE_010_MZB_LO_1-05.04.2005","05.04.2005",2005,4,5,"PSYCHODIDAE GEN. SP.",8
"CZE_010_MZB_LO_1","CZE_010_MZB_LO_1-05.04.2005","05.04.2005",2005,4,5,"SIPHLONURUS AESTIVALIS",69
"CZE_010_MZB_LO_1","CZE_010_MZB_LO_1-05.04.2005","05.04.2005",2005,4,5,"SYNAGAPETUS MOSELYI",1
"CZE_010_MZB_LO_1","CZE_010_MZB_LO_1-05.04.2005","05.04.2005",2005,4,5,"TIPULA MAXIMA",8
"CZE_010_MZB_LO_1","CZE_010_MZB_LO_1-05.04.2005","05.04.2005",2005,4,5,"ZWICKNIA BIFRONS",17
"CZE_010_MZB_LO_1","CZE_010_MZB_LO_1-25.04.2012","25.04.2012",2012,4,25,"AGAPETUS FUSCIPES",49
"CZE_010_MZB_LO_1","CZE_010_MZB_LO_1-25.04.2012","25.04.2012",2012,4,25,"BAETIS MUTICUS",2
"CZE_010_MZB_LO_1","CZE_010_MZB_LO_1-25.04.2012","25.04.2012",2012,4,25,"BAETIS RHODANI",299
"CZE_010_MZB_LO_1","CZE_010_MZB_LO_1-25.04.2012","25.04.2012",2012,4,25,"BRACHYPTERA SP.",1
"CZE_010_MZB_LO_1","CZE_010_MZB_LO_1-25.04.2012","25.04.2012",2012,4,25,"BYTHINELLA AUSTRIACA AUSTRIACA",92
"CZE_010_MZB_LO_1","CZE_010_MZB_LO_1-25.04.2012","25.04.2012",2012,4,25,"CERATOPOGONIDAE GEN. SP.",30
"CZE_010_MZB_LO_1","CZE_010_MZB_LO_1-25.04.2012","25.04.2012",2012,4,25,"CHAETOPTERYX MAJOR",3
"CZE_010_MZB_LO_1","CZE_010_MZB_LO_1-25.04.2012","25.04.2012",2012,4,25,"CHELIFERA SP.",27
"CZE_010_MZB_LO_1","CZE_010_MZB_LO_1-25.04.2012","25.04.2012",2012,4,25,"CHIRONOMIDAE GEN. SP.",7989
"CZE_010_MZB_LO_1","CZE_010_MZB_LO_1-25.04.2012","25.04.2012",2012,4,25,"CLINOCERA SP.",1
"CZE_010_MZB_LO_1","CZE_010_MZB_LO_1-25.04.2012","25.04.2012",2012,4,25,"DICRANOTA SP.",18
"CZE_010_MZB_LO_1","CZE_010_MZB_LO_1-25.04.2012","25.04.2012",2012,4,25,"DUGESIA GONOCEPHALA",57
"CZE_010_MZB_LO_1","CZE_010_MZB_LO_1-25.04.2012","25.04.2012",2012,4,25,"DUGESIA POLYCHROA",3
"CZE_010_MZB_LO_1","CZE_010_MZB_LO_1-25.04.2012","25.04.2012",2012,4,25,"ELECTROGENA UJHELYII",77
"CZE_010_MZB_LO_1","CZE_010_MZB_LO_1-25.04.2012","25.04.2012",2012,4,25,"ELMIS MAUGETII",322
"CZE_010_MZB_LO_1","CZE_010_MZB_LO_1-25.04.2012","25.04.2012",2012,4,25,"ELODES SP.",4
"CZE_010_MZB_LO_1","CZE_010_MZB_LO_1-25.04.2012","25.04.2012",2012,4,25,"ELOEOPHILA SP.",13
"CZE_010_MZB_LO_1","CZE_010_MZB_LO_1-25.04.2012","25.04.2012",2012,4,25,"ERPOBDELLA VILNENSIS",2
"CZE_010_MZB_LO_1","CZE_010_MZB_LO_1-25.04.2012","25.04.2012",2012,4,25,"GAMMARUS FOSSARUM",2709
"CZE_010_MZB_LO_1","CZE_010_MZB_LO_1-25.04.2012","25.04.2012",2012,4,25,"HABROLEPTOIDES CONFUSA",5
"CZE_010_MZB_LO_1","CZE_010_MZB_LO_1-25.04.2012","25.04.2012",2012,4,25,"HALESUS DIGITATUS DIGITATUS",5
"CZE_010_MZB_LO_1","CZE_010_MZB_LO_1-25.04.2012","25.04.2012",2012,4,25,"HEMERODROMIA SP.",5
"CZE_010_MZB_LO_1","CZE_010_MZB_LO_1-25.04.2012","25.04.2012",2012,4,25,"HYDRAENA SP.",131
"CZE_010_MZB_LO_1","CZE_010_MZB_LO_1-25.04.2012","25.04.2012",2012,4,25,"HYDROPSYCHE INSTABILIS",2
"CZE_010_MZB_LO_1","CZE_010_MZB_LO_1-25.04.2012","25.04.2012",2012,4,25,"HYDROPSYCHE SAXONICA",84
"CZE_010_MZB_LO_1","CZE_010_MZB_LO_1-25.04.2012","25.04.2012",2012,4,25,"ISOPERLA TRIPARTITA TRIPARTITA",41
"CZE_010_MZB_LO_1","CZE_010_MZB_LO_1-25.04.2012","25.04.2012",2012,4,25,"LIMNEPHILINAE GEN. SP.",64
"CZE_010_MZB_LO_1","CZE_010_MZB_LO_1-25.04.2012","25.04.2012",2012,4,25,"LIMNIUS VOLCKMARI",1
"CZE_010_MZB_LO_1","CZE_010_MZB_LO_1-25.04.2012","25.04.2012",2012,4,25,"LYPE REDUCTA",1
"CZE_010_MZB_LO_1","CZE_010_MZB_LO_1-25.04.2012","25.04.2012",2012,4,25,"NEMOURIDAE GEN. SP.",2
"CZE_010_MZB_LO_1","CZE_010_MZB_LO_1-25.04.2012","25.04.2012",2012,4,25,"NEOLIMNOMYIA SP.",2
"CZE_010_MZB_LO_1","CZE_010_MZB_LO_1-25.04.2012","25.04.2012",2012,4,25,"OLIGOCHAETA GEN. SP.",82
"CZE_010_MZB_LO_1","CZE_010_MZB_LO_1-25.04.2012","25.04.2012",2012,4,25,"PEDICIA SP.",5
"CZE_010_MZB_LO_1","CZE_010_MZB_LO_1-25.04.2012","25.04.2012",2012,4,25,"PISIDIUM SP.",121
"CZE_010_MZB_LO_1","CZE_010_MZB_LO_1-25.04.2012","25.04.2012",2012,4,25,"PLECTROCNEMIA CONSPERSA CONSPERSA",45
"CZE_010_MZB_LO_1","CZE_010_MZB_LO_1-25.04.2012","25.04.2012",2012,4,25,"PROSIMULIUM TOMOSVARYI",23
"CZE_010_MZB_LO_1","CZE_010_MZB_LO_1-25.04.2012","25.04.2012",2012,4,25,"PSYCHODIDAE GEN. SP.",2
"CZE_010_MZB_LO_1","CZE_010_MZB_LO_1-25.04.2012","25.04.2012",2012,4,25,"RHYACOPHILA (RHYACOPHILA) SP.",1
"CZE_010_MZB_LO_1","CZE_010_MZB_LO_1-25.04.2012","25.04.2012",2012,4,25,"SERICOSTOMA SP.",98
"CZE_010_MZB_LO_1","CZE_010_MZB_LO_1-25.04.2012","25.04.2012",2012,4,25,"SILO PALLIPES",4
"CZE_010_MZB_LO_1","CZE_010_MZB_LO_1-25.04.2012","25.04.2012",2012,4,25,"SYNAGAPETUS MOSELYI",10
"CZE_010_MZB_LO_1","CZE_010_MZB_LO_1-25.04.2012","25.04.2012",2012,4,25,"TINODES ROSTOCKI",6
"CZE_010_MZB_LO_1","CZE_010_MZB_LO_1-12.04.2013","12.04.2013",2013,4,12,"BRACHYPTERA SP.",69
"CZE_010_MZB_LO_1","CZE_010_MZB_LO_1-12.04.2013","12.04.2013",2013,4,12,"BYTHINELLA AUSTRIACA AUSTRIACA",34
"CZE_010_MZB_LO_1","CZE_010_MZB_LO_1-12.04.2013","12.04.2013",2013,4,12,"CERATOPOGONIDAE GEN. SP.",8
"CZE_010_MZB_LO_1","CZE_010_MZB_LO_1-12.04.2013","12.04.2013",2013,4,12,"CHAETOPTERYX MAJOR",1
"CZE_010_MZB_LO_1","CZE_010_MZB_LO_1-12.04.2013","12.04.2013",2013,4,12,"CHELIFERA SP.",13
"CZE_010_MZB_LO_1","CZE_010_MZB_LO_1-12.04.2013","12.04.2013",2013,4,12,"CHIRONOMIDAE GEN. SP.",6628
"CZE_010_MZB_LO_1","CZE_010_MZB_LO_1-12.04.2013","12.04.2013",2013,4,12,"CHRYSOPILUS SP.",4
"CZE_010_MZB_LO_1","CZE_010_MZB_LO_1-12.04.2013","12.04.2013",2013,4,12,"ELMIS MAUGETII",53
"CZE_010_MZB_LO_1","CZE_010_MZB_LO_1-12.04.2013","12.04.2013",2013,4,12,"GAMMARUS FOSSARUM",72
"CZE_010_MZB_LO_1","CZE_010_MZB_LO_1-12.04.2013","12.04.2013",2013,4,12,"GLYPHOTAELIUS PELLUCIDUS",2
"CZE_010_MZB_LO_1","CZE_010_MZB_LO_1-12.04.2013","12.04.2013",2013,4,12,"HAEMOPIS SANGUISUGA",5
"CZE_010_MZB_LO_1","CZE_010_MZB_LO_1-12.04.2013","12.04.2013",2013,4,12,"HEXATOMA SP.",4
"CZE_010_MZB_LO_1","CZE_010_MZB_LO_1-12.04.2013","12.04.2013",2013,4,12,"HYDRAENA SP.",1
"CZE_010_MZB_LO_1","CZE_010_MZB_LO_1-12.04.2013","12.04.2013",2013,4,12,"ISOPERLA TRIPARTITA TRIPARTITA",275
"CZE_010_MZB_LO_1","CZE_010_MZB_LO_1-12.04.2013","12.04.2013",2013,4,12,"LIMNEPHILINAE GEN. SP.",9
"CZE_010_MZB_LO_1","CZE_010_MZB_LO_1-12.04.2013","12.04.2013",2013,4,12,"LIMONIA SP.",4
"CZE_010_MZB_LO_1","CZE_010_MZB_LO_1-12.04.2013","12.04.2013",2013,4,12,"MOLOPHILUS SP.",12
"CZE_010_MZB_LO_1","CZE_010_MZB_LO_1-12.04.2013","12.04.2013",2013,4,12,"MUSCIDAE GEN. SP.",1
"CZE_010_MZB_LO_1","CZE_010_MZB_LO_1-12.04.2013","12.04.2013",2013,4,12,"NIPHARGUS AQUILEX",4
"CZE_010_MZB_LO_1","CZE_010_MZB_LO_1-12.04.2013","12.04.2013",2013,4,12,"OLIGOCHAETA GEN. SP.",111
"CZE_010_MZB_LO_1","CZE_010_MZB_LO_1-12.04.2013","12.04.2013",2013,4,12,"PISIDIUM SP.",121
"CZE_010_MZB_LO_1","CZE_010_MZB_LO_1-12.04.2013","12.04.2013",2013,4,12,"PLECTROCNEMIA CONSPERSA CONSPERSA",1
"CZE_010_MZB_LO_1","CZE_010_MZB_LO_1-12.04.2013","12.04.2013",2013,4,12,"PROSIMULIUM TOMOSVARYI",578
"CZE_010_MZB_LO_1","CZE_010_MZB_LO_1-12.04.2013","12.04.2013",2013,4,12,"PSYCHODIDAE GEN. SP.",8
"CZE_010_MZB_LO_1","CZE_010_MZB_LO_1-12.04.2013","12.04.2013",2013,4,12,"RHYPHOLOPHUS HAEMORRHOIDALIS",2
"CZE_010_MZB_LO_1","CZE_010_MZB_LO_1-12.04.2013","12.04.2013",2013,4,12,"SIMULIUM COSTATUM",4
"CZE_010_MZB_LO_1","CZE_010_MZB_LO_1-12.04.2013","12.04.2013",2013,4,12,"SYNAGAPETUS MOSELYI",39
"CZE_010_MZB_LO_1","CZE_010_MZB_LO_1-12.04.2013","12.04.2013",2013,4,12,"ZWICKNIA BIFRONS",16
"CZE_010_MZB_LO_1","CZE_010_MZB_LO_1-28.03.2014","28.03.2014",2014,3,28,"AGABUS GUTTATUS",17
"CZE_010_MZB_LO_1","CZE_010_MZB_LO_1-28.03.2014","28.03.2014",2014,3,28,"BRACHYPTERA SP.",3
"CZE_010_MZB_LO_1","CZE_010_MZB_LO_1-28.03.2014","28.03.2014",2014,3,28,"BYTHINELLA AUSTRIACA AUSTRIACA",17
"CZE_010_MZB_LO_1","CZE_010_MZB_LO_1-28.03.2014","28.03.2014",2014,3,28,"CHAETOPTERYX MAJOR",24
"CZE_010_MZB_LO_1","CZE_010_MZB_LO_1-28.03.2014","28.03.2014",2014,3,28,"CHELIFERA SP.",170
"CZE_010_MZB_LO_1","CZE_010_MZB_LO_1-28.03.2014","28.03.2014",2014,3,28,"CHIRONOMIDAE GEN. SP.",982
"CZE_010_MZB_LO_1","CZE_010_MZB_LO_1-28.03.2014","28.03.2014",2014,3,28,"CHRYSOPILUS SP.",1
"CZE_010_MZB_LO_1","CZE_010_MZB_LO_1-28.03.2014","28.03.2014",2014,3,28,"ELMIS MAUGETII",1
"CZE_010_MZB_LO_1","CZE_010_MZB_LO_1-28.03.2014","28.03.2014",2014,3,28,"GAMMARUS FOSSARUM",115
"CZE_010_MZB_LO_1","CZE_010_MZB_LO_1-28.03.2014","28.03.2014",2014,3,28,"GLYPHOTAELIUS PELLUCIDUS",20
"CZE_010_MZB_LO_1","CZE_010_MZB_LO_1-28.03.2014","28.03.2014",2014,3,28,"HYDRAENA SP.",5
"CZE_010_MZB_LO_1","CZE_010_MZB_LO_1-28.03.2014","28.03.2014",2014,3,28,"ISOPERLA TRIPARTITA TRIPARTITA",211
"CZE_010_MZB_LO_1","CZE_010_MZB_LO_1-28.03.2014","28.03.2014",2014,3,28,"LIMNEPHILINAE GEN. SP.",21
"CZE_010_MZB_LO_1","CZE_010_MZB_LO_1-28.03.2014","28.03.2014",2014,3,28,"MICROPTERNA NYCTEROBIA",4
"CZE_010_MZB_LO_1","CZE_010_MZB_LO_1-28.03.2014","28.03.2014",2014,3,28,"MICROPTERNA SEQUAX",1
"CZE_010_MZB_LO_1","CZE_010_MZB_LO_1-28.03.2014","28.03.2014",2014,3,28,"NEMOURIDAE GEN. SP.",4
"CZE_010_MZB_LO_1","CZE_010_MZB_LO_1-28.03.2014","28.03.2014",2014,3,28,"NIPHARGUS AQUILEX",4
"CZE_010_MZB_LO_1","CZE_010_MZB_LO_1-28.03.2014","28.03.2014",2014,3,28,"OLIGOCHAETA GEN. SP.",100
"CZE_010_MZB_LO_1","CZE_010_MZB_LO_1-28.03.2014","28.03.2014",2014,3,28,"PISIDIUM SP.",133
"CZE_010_MZB_LO_1","CZE_010_MZB_LO_1-28.03.2014","28.03.2014",2014,3,28,"PLATAMBUS MACULATUS",1
"CZE_010_MZB_LO_1","CZE_010_MZB_LO_1-28.03.2014","28.03.2014",2014,3,28,"PLECTROCNEMIA CONSPERSA CONSPERSA",35
"CZE_010_MZB_LO_1","CZE_010_MZB_LO_1-28.03.2014","28.03.2014",2014,3,28,"PSYCHODIDAE GEN. SP.",5
"CZE_010_MZB_LO_1","CZE_010_MZB_LO_1-28.03.2014","28.03.2014",2014,3,28,"RHYPHOLOPHUS HAEMORRHOIDALIS",2
"CZE_010_MZB_LO_1","CZE_010_MZB_LO_1-28.03.2014","28.03.2014",2014,3,28,"SIPHLONURUS AESTIVALIS",10
"CZE_010_MZB_LO_1","CZE_010_MZB_LO_1-28.03.2014","28.03.2014",2014,3,28,"SYNAGAPETUS MOSELYI",220
"CZE_010_MZB_LO_1","CZE_010_MZB_LO_1-28.03.2014","28.03.2014",2014,3,28,"TIPULA MAXIMA",2
"CZE_010_MZB_LO_1","CZE_010_MZB_LO_1-01.04.2015","01.04.2015",2015,4,1,"AGABUS GUTTATUS",11
"CZE_010_MZB_LO_1","CZE_010_MZB_LO_1-01.04.2015","01.04.2015",2015,4,1,"BAETIS RHODANI",169
"CZE_010_MZB_LO_1","CZE_010_MZB_LO_1-01.04.2015","01.04.2015",2015,4,1,"BRACHYPTERA SP.",58
"CZE_010_MZB_LO_1","CZE_010_MZB_LO_1-01.04.2015","01.04.2015",2015,4,1,"BYTHINELLA AUSTRIACA AUSTRIACA",80
"CZE_010_MZB_LO_1","CZE_010_MZB_LO_1-01.04.2015","01.04.2015",2015,4,1,"CENTROPTILUM LUTEOLUM",3
"CZE_010_MZB_LO_1","CZE_010_MZB_LO_1-01.04.2015","01.04.2015",2015,4,1,"CERATOPOGONIDAE GEN. SP.",74
"CZE_010_MZB_LO_1","CZE_010_MZB_LO_1-01.04.2015","01.04.2015",2015,4,1,"CHAETOPTERYX FUSCA/VILLOSA",6
"CZE_010_MZB_LO_1","CZE_010_MZB_LO_1-01.04.2015","01.04.2015",2015,4,1,"CHAETOPTERYX MAJOR",22
"CZE_010_MZB_LO_1","CZE_010_MZB_LO_1-01.04.2015","01.04.2015",2015,4,1,"CHELIFERA SP.",28
"CZE_010_MZB_LO_1","CZE_010_MZB_LO_1-01.04.2015","01.04.2015",2015,4,1,"CHIRONOMIDAE GEN. SP.",3264
"CZE_010_MZB_LO_1","CZE_010_MZB_LO_1-01.04.2015","01.04.2015",2015,4,1,"ELECTROGENA UJHELYII",21
"CZE_010_MZB_LO_1","CZE_010_MZB_LO_1-01.04.2015","01.04.2015",2015,4,1,"ELMIS MAUGETII",17
"CZE_010_MZB_LO_1","CZE_010_MZB_LO_1-01.04.2015","01.04.2015",2015,4,1,"ELOEOPHILA SP.",2
"CZE_010_MZB_LO_1","CZE_010_MZB_LO_1-01.04.2015","01.04.2015",2015,4,1,"GAMMARUS FOSSARUM",127
"CZE_010_MZB_LO_1","CZE_010_MZB_LO_1-01.04.2015","01.04.2015",2015,4,1,"GAMMARUS ROESELII",2
"CZE_010_MZB_LO_1","CZE_010_MZB_LO_1-01.04.2015","01.04.2015",2015,4,1,"GLYPHOTAELIUS PELLUCIDUS",2
"CZE_010_MZB_LO_1","CZE_010_MZB_LO_1-01.04.2015","01.04.2015",2015,4,1,"HABROPHLEBIA FUSCA",10
"CZE_010_MZB_LO_1","CZE_010_MZB_LO_1-01.04.2015","01.04.2015",2015,4,1,"HEXATOMA SP.",6
"CZE_010_MZB_LO_1","CZE_010_MZB_LO_1-01.04.2015","01.04.2015",2015,4,1,"HYDRAENA SP.",12
"CZE_010_MZB_LO_1","CZE_010_MZB_LO_1-01.04.2015","01.04.2015",2015,4,1,"ISOPERLA TRIPARTITA TRIPARTITA",178
"CZE_010_MZB_LO_1","CZE_010_MZB_LO_1-01.04.2015","01.04.2015",2015,4,1,"LEUCTRA SP.",84
"CZE_010_MZB_LO_1","CZE_010_MZB_LO_1-01.04.2015","01.04.2015",2015,4,1,"LIMNEPHILINAE GEN. SP.",95
"CZE_010_MZB_LO_1","CZE_010_MZB_LO_1-01.04.2015","01.04.2015",2015,4,1,"LIMNEPHILUS LUNATUS",6
"CZE_010_MZB_LO_1","CZE_010_MZB_LO_1-01.04.2015","01.04.2015",2015,4,1,"MICROPTERNA NYCTEROBIA",4
"CZE_010_MZB_LO_1","CZE_010_MZB_LO_1-01.04.2015","01.04.2015",2015,4,1,"NEMATODA GEN. SP.",4
"CZE_010_MZB_LO_1","CZE_010_MZB_LO_1-01.04.2015","01.04.2015",2015,4,1,"NEMOURIDAE GEN. SP.",83
"CZE_010_MZB_LO_1","CZE_010_MZB_LO_1-01.04.2015","01.04.2015",2015,4,1,"NIPHARGUS AQUILEX",10
"CZE_010_MZB_LO_1","CZE_010_MZB_LO_1-01.04.2015","01.04.2015",2015,4,1,"OLIGOCHAETA GEN. SP.",409
"CZE_010_MZB_LO_1","CZE_010_MZB_LO_1-01.04.2015","01.04.2015",2015,4,1,"PEDICIA SP.",1
"CZE_010_MZB_LO_1","CZE_010_MZB_LO_1-01.04.2015","01.04.2015",2015,4,1,"PISIDIUM SP.",234
"CZE_010_MZB_LO_1","CZE_010_MZB_LO_1-01.04.2015","01.04.2015",2015,4,1,"PLECTROCNEMIA CONSPERSA CONSPERSA",52
"CZE_010_MZB_LO_1","CZE_010_MZB_LO_1-01.04.2015","01.04.2015",2015,4,1,"PSYCHODIDAE GEN. SP.",8
"CZE_010_MZB_LO_1","CZE_010_MZB_LO_1-01.04.2015","01.04.2015",2015,4,1,"SIPHLONURUS AESTIVALIS",3
"CZE_010_MZB_LO_1","CZE_010_MZB_LO_1-01.04.2015","01.04.2015",2015,4,1,"STENOPHYLAX PERMISTUS",2
"CZE_010_MZB_LO_1","CZE_010_MZB_LO_1-01.04.2015","01.04.2015",2015,4,1,"SYNAGAPETUS MOSELYI",362
"CZE_010_MZB_LO_1","CZE_010_MZB_LO_1-01.04.2015","01.04.2015",2015,4,1,"TIPULA MAXIMA",6
"CZE_010_MZB_LO_1","CZE_010_MZB_LO_1-07.04.2016","07.04.2016",2016,4,7,"AGABUS GUTTATUS",18
"CZE_010_MZB_LO_1","CZE_010_MZB_LO_1-07.04.2016","07.04.2016",2016,4,7,"BRACHYPTERA SP.",31
"CZE_010_MZB_LO_1","CZE_010_MZB_LO_1-07.04.2016","07.04.2016",2016,4,7,"BYTHINELLA AUSTRIACA AUSTRIACA",60
"CZE_010_MZB_LO_1","CZE_010_MZB_LO_1-07.04.2016","07.04.2016",2016,4,7,"CERATOPOGONIDAE GEN. SP.",8
"CZE_010_MZB_LO_1","CZE_010_MZB_LO_1-07.04.2016","07.04.2016",2016,4,7,"CHELIFERA SP.",24
"CZE_010_MZB_LO_1","CZE_010_MZB_LO_1-07.04.2016","07.04.2016",2016,4,7,"CHIRONOMIDAE GEN. SP.",2138
"CZE_010_MZB_LO_1","CZE_010_MZB_LO_1-07.04.2016","07.04.2016",2016,4,7,"CHRYSOPILUS SP.",4
"CZE_010_MZB_LO_1","CZE_010_MZB_LO_1-07.04.2016","07.04.2016",2016,4,7,"ERIOPTERA SP.",4
"CZE_010_MZB_LO_1","CZE_010_MZB_LO_1-07.04.2016","07.04.2016",2016,4,7,"GALBA TRUNCATULA",12
"CZE_010_MZB_LO_1","CZE_010_MZB_LO_1-07.04.2016","07.04.2016",2016,4,7,"GAMMARUS FOSSARUM",73
"CZE_010_MZB_LO_1","CZE_010_MZB_LO_1-07.04.2016","07.04.2016",2016,4,7,"GLYPHOTAELIUS PELLUCIDUS",1
"CZE_010_MZB_LO_1","CZE_010_MZB_LO_1-07.04.2016","07.04.2016",2016,4,7,"HEXATOMA SP.",12
"CZE_010_MZB_LO_1","CZE_010_MZB_LO_1-07.04.2016","07.04.2016",2016,4,7,"ISOPERLA TRIPARTITA TRIPARTITA",154
"CZE_010_MZB_LO_1","CZE_010_MZB_LO_1-07.04.2016","07.04.2016",2016,4,7,"LIMNEPHILINAE GEN. SP.",20
"CZE_010_MZB_LO_1","CZE_010_MZB_LO_1-07.04.2016","07.04.2016",2016,4,7,"LIMNEPHILUS LUNATUS",1
"CZE_010_MZB_LO_1","CZE_010_MZB_LO_1-07.04.2016","07.04.2016",2016,4,7,"MICROPTERNA NYCTEROBIA",27
"CZE_010_MZB_LO_1","CZE_010_MZB_LO_1-07.04.2016","07.04.2016",2016,4,7,"NEMATOCERA GEN. SP.",4
"CZE_010_MZB_LO_1","CZE_010_MZB_LO_1-07.04.2016","07.04.2016",2016,4,7,"NEMATODA GEN. SP.",4
"CZE_010_MZB_LO_1","CZE_010_MZB_LO_1-07.04.2016","07.04.2016",2016,4,7,"NEMOURIDAE GEN. SP.",222
"CZE_010_MZB_LO_1","CZE_010_MZB_LO_1-07.04.2016","07.04.2016",2016,4,7,"NIPHARGUS AQUILEX",4
"CZE_010_MZB_LO_1","CZE_010_MZB_LO_1-07.04.2016","07.04.2016",2016,4,7,"OLIGOCHAETA GEN. SP.",449
"CZE_010_MZB_LO_1","CZE_010_MZB_LO_1-07.04.2016","07.04.2016",2016,4,7,"PISIDIUM SP.",240
"CZE_010_MZB_LO_1","CZE_010_MZB_LO_1-07.04.2016","07.04.2016",2016,4,7,"PSYCHODIDAE GEN. SP.",20
"CZE_010_MZB_LO_1","CZE_010_MZB_LO_1-07.04.2016","07.04.2016",2016,4,7,"SIPHLONURUS AESTIVALIS",32
"CZE_010_MZB_LO_1","CZE_010_MZB_LO_1-07.04.2016","07.04.2016",2016,4,7,"SYNAGAPETUS IRIDIPENNIS",8
"CZE_010_MZB_LO_1","CZE_010_MZB_LO_1-07.04.2016","07.04.2016",2016,4,7,"SYNAGAPETUS MOSELYI",130
"CZE_010_MZB_LO_1","CZE_010_MZB_LO_1-07.04.2016","07.04.2016",2016,4,7,"TIPULA MAXIMA",1
