"Unique.ID","Samp.ID","Sampling.date","year","month","day","Taxon.name","Abundance"
"EST_012_MZB_LO_10","EST_012_MZB_LO_10-01.10.2003","01.10.2003",2003,10,1,"AGAPETUS OCHRIPES",18
"EST_012_MZB_LO_10","EST_012_MZB_LO_10-01.10.2003","01.10.2003",2003,10,1,"ANCYLUS FLUVIATILIS",6
"EST_012_MZB_LO_10","EST_012_MZB_LO_10-01.10.2003","01.10.2003",2003,10,1,"ANTOCHA SP.",18
"EST_012_MZB_LO_10","EST_012_MZB_LO_10-01.10.2003","01.10.2003",2003,10,1,"APHELOCHEIRUS AESTIVALIS",1
"EST_012_MZB_LO_10","EST_012_MZB_LO_10-01.10.2003","01.10.2003",2003,10,1,"ATHERIX IBIS",53
"EST_012_MZB_LO_10","EST_012_MZB_LO_10-01.10.2003","01.10.2003",2003,10,1,"ATHRIPSODES SP.",15
"EST_012_MZB_LO_10","EST_012_MZB_LO_10-01.10.2003","01.10.2003",2003,10,1,"BAETIS SP.",13
"EST_012_MZB_LO_10","EST_012_MZB_LO_10-01.10.2003","01.10.2003",2003,10,1,"BRACHYCENTRUS SUBNUBILUS",98
"EST_012_MZB_LO_10","EST_012_MZB_LO_10-01.10.2003","01.10.2003",2003,10,1,"BRYCHIUS ELEVATUS",1
"EST_012_MZB_LO_10","EST_012_MZB_LO_10-01.10.2003","01.10.2003",2003,10,1,"CHIRONOMIDAE GEN. SP.",2
"EST_012_MZB_LO_10","EST_012_MZB_LO_10-01.10.2003","01.10.2003",2003,10,1,"DICRANOTA SP.",53
"EST_012_MZB_LO_10","EST_012_MZB_LO_10-01.10.2003","01.10.2003",2003,10,1,"DIPTERA GEN. SP.",10
"EST_012_MZB_LO_10","EST_012_MZB_LO_10-01.10.2003","01.10.2003",2003,10,1,"ECDYONURUS VENOSUS",1
"EST_012_MZB_LO_10","EST_012_MZB_LO_10-01.10.2003","01.10.2003",2003,10,1,"ELMIS AENEA",74
"EST_012_MZB_LO_10","EST_012_MZB_LO_10-01.10.2003","01.10.2003",2003,10,1,"ELOEOPHILA SP.",2
"EST_012_MZB_LO_10","EST_012_MZB_LO_10-01.10.2003","01.10.2003",2003,10,1,"EPHEMERA DANICA",6
"EST_012_MZB_LO_10","EST_012_MZB_LO_10-01.10.2003","01.10.2003",2003,10,1,"EPHEMERELLIDAE GEN. SP.",3
"EST_012_MZB_LO_10","EST_012_MZB_LO_10-01.10.2003","01.10.2003",2003,10,1,"HEPTAGENIA SULPHUREA",134
"EST_012_MZB_LO_10","EST_012_MZB_LO_10-01.10.2003","01.10.2003",2003,10,1,"HYDRAENA SP.",7
"EST_012_MZB_LO_10","EST_012_MZB_LO_10-01.10.2003","01.10.2003",2003,10,1,"HYDROPSYCHE PELLUCIDULA",90
"EST_012_MZB_LO_10","EST_012_MZB_LO_10-01.10.2003","01.10.2003",2003,10,1,"ISOPERLA SP.",41
"EST_012_MZB_LO_10","EST_012_MZB_LO_10-01.10.2003","01.10.2003",2003,10,1,"LEPIDOSTOMA HIRTUM",17
"EST_012_MZB_LO_10","EST_012_MZB_LO_10-01.10.2003","01.10.2003",2003,10,1,"LEUCTRA SP.",190
"EST_012_MZB_LO_10","EST_012_MZB_LO_10-01.10.2003","01.10.2003",2003,10,1,"LIMNEPHILIDAE GEN. SP.",1
"EST_012_MZB_LO_10","EST_012_MZB_LO_10-01.10.2003","01.10.2003",2003,10,1,"LIMNIUS VOLCKMARI",106
"EST_012_MZB_LO_10","EST_012_MZB_LO_10-01.10.2003","01.10.2003",2003,10,1,"MICRASEMA SETIFERUM SSP.",2
"EST_012_MZB_LO_10","EST_012_MZB_LO_10-01.10.2003","01.10.2003",2003,10,1,"NOTIDOBIA CILIARIS",1
"EST_012_MZB_LO_10","EST_012_MZB_LO_10-01.10.2003","01.10.2003",2003,10,1,"OLIGOCHAETA GEN. SP.",1
"EST_012_MZB_LO_10","EST_012_MZB_LO_10-01.10.2003","01.10.2003",2003,10,1,"OPHIOGOMPHUS CECILIA",3
"EST_012_MZB_LO_10","EST_012_MZB_LO_10-01.10.2003","01.10.2003",2003,10,1,"ORECTOCHILUS VILLOSUS",7
"EST_012_MZB_LO_10","EST_012_MZB_LO_10-01.10.2003","01.10.2003",2003,10,1,"OULIMNIUS TUBERCULATUS",1
"EST_012_MZB_LO_10","EST_012_MZB_LO_10-01.10.2003","01.10.2003",2003,10,1,"PISIDIUM SP.",116
"EST_012_MZB_LO_10","EST_012_MZB_LO_10-01.10.2003","01.10.2003",2003,10,1,"RHYACOPHILA SP.",2
"EST_012_MZB_LO_10","EST_012_MZB_LO_10-01.10.2003","01.10.2003",2003,10,1,"SILO PALLIPES",44
"EST_012_MZB_LO_10","EST_012_MZB_LO_10-01.10.2003","01.10.2003",2003,10,1,"SIMULIIDAE GEN. SP.",1
"EST_012_MZB_LO_10","EST_012_MZB_LO_10-01.10.2003","01.10.2003",2003,10,1,"TAENIOPTERYX NEBULOSA",70
"EST_012_MZB_LO_10","EST_012_MZB_LO_10-01.10.2003","01.10.2003",2003,10,1,"TIPULIDAE GEN. SP.",1
"EST_012_MZB_LO_10","EST_012_MZB_LO_10-01.10.2003","01.10.2003",2003,10,1,"VELIA SAULII",1
"EST_012_MZB_LO_10","EST_012_MZB_LO_10-25.09.2012","25.09.2012",2012,9,25,"APHELOCHEIRUS AESTIVALIS",6
"EST_012_MZB_LO_10","EST_012_MZB_LO_10-25.09.2012","25.09.2012",2012,9,25,"AQUARIUS NAJAS",1
"EST_012_MZB_LO_10","EST_012_MZB_LO_10-25.09.2012","25.09.2012",2012,9,25,"ASELLUS AQUATICUS",1
"EST_012_MZB_LO_10","EST_012_MZB_LO_10-25.09.2012","25.09.2012",2012,9,25,"ATHERIX IBIS",3
"EST_012_MZB_LO_10","EST_012_MZB_LO_10-25.09.2012","25.09.2012",2012,9,25,"ATHRIPSODES SP.",7
"EST_012_MZB_LO_10","EST_012_MZB_LO_10-25.09.2012","25.09.2012",2012,9,25,"BAETIS SP.",12
"EST_012_MZB_LO_10","EST_012_MZB_LO_10-25.09.2012","25.09.2012",2012,9,25,"BRACHYCENTRUS SUBNUBILUS",18
"EST_012_MZB_LO_10","EST_012_MZB_LO_10-25.09.2012","25.09.2012",2012,9,25,"BRACHYCERCUS HARRISELLA",1
"EST_012_MZB_LO_10","EST_012_MZB_LO_10-25.09.2012","25.09.2012",2012,9,25,"CAENIS MACRURA",1
"EST_012_MZB_LO_10","EST_012_MZB_LO_10-25.09.2012","25.09.2012",2012,9,25,"CALOPTERYX SPLENDENS",1
"EST_012_MZB_LO_10","EST_012_MZB_LO_10-25.09.2012","25.09.2012",2012,9,25,"CHIRONOMIDAE GEN. SP.",3
"EST_012_MZB_LO_10","EST_012_MZB_LO_10-25.09.2012","25.09.2012",2012,9,25,"DICRANOTA SP.",9
"EST_012_MZB_LO_10","EST_012_MZB_LO_10-25.09.2012","25.09.2012",2012,9,25,"DIPTERA GEN. SP.",8
"EST_012_MZB_LO_10","EST_012_MZB_LO_10-25.09.2012","25.09.2012",2012,9,25,"ELMIS AENEA",7
"EST_012_MZB_LO_10","EST_012_MZB_LO_10-25.09.2012","25.09.2012",2012,9,25,"EPHEMERA DANICA",8
"EST_012_MZB_LO_10","EST_012_MZB_LO_10-25.09.2012","25.09.2012",2012,9,25,"ERPOBDELLA OCTOCULATA",1
"EST_012_MZB_LO_10","EST_012_MZB_LO_10-25.09.2012","25.09.2012",2012,9,25,"HEPTAGENIA SULPHUREA",194
"EST_012_MZB_LO_10","EST_012_MZB_LO_10-25.09.2012","25.09.2012",2012,9,25,"HYDRAENA SP.",2
"EST_012_MZB_LO_10","EST_012_MZB_LO_10-25.09.2012","25.09.2012",2012,9,25,"HYDROPSYCHE PELLUCIDULA",74
"EST_012_MZB_LO_10","EST_012_MZB_LO_10-25.09.2012","25.09.2012",2012,9,25,"ISOPERLA SP.",9
"EST_012_MZB_LO_10","EST_012_MZB_LO_10-25.09.2012","25.09.2012",2012,9,25,"LEPIDOSTOMA HIRTUM",5
"EST_012_MZB_LO_10","EST_012_MZB_LO_10-25.09.2012","25.09.2012",2012,9,25,"LEUCTRA SP.",21
"EST_012_MZB_LO_10","EST_012_MZB_LO_10-25.09.2012","25.09.2012",2012,9,25,"LIMNEPHILIDAE GEN. SP.",3
"EST_012_MZB_LO_10","EST_012_MZB_LO_10-25.09.2012","25.09.2012",2012,9,25,"LIMNIUS VOLCKMARI",139
"EST_012_MZB_LO_10","EST_012_MZB_LO_10-25.09.2012","25.09.2012",2012,9,25,"MERMITHIDAE GEN. SP.",1
"EST_012_MZB_LO_10","EST_012_MZB_LO_10-25.09.2012","25.09.2012",2012,9,25,"MICRASEMA SETIFERUM SSP.",118
"EST_012_MZB_LO_10","EST_012_MZB_LO_10-25.09.2012","25.09.2012",2012,9,25,"MYSTACIDES SP.",2
"EST_012_MZB_LO_10","EST_012_MZB_LO_10-25.09.2012","25.09.2012",2012,9,25,"OLIGOCHAETA GEN. SP.",3
"EST_012_MZB_LO_10","EST_012_MZB_LO_10-25.09.2012","25.09.2012",2012,9,25,"OPHIOGOMPHUS CECILIA",4
"EST_012_MZB_LO_10","EST_012_MZB_LO_10-25.09.2012","25.09.2012",2012,9,25,"ORECTOCHILUS VILLOSUS",4
"EST_012_MZB_LO_10","EST_012_MZB_LO_10-25.09.2012","25.09.2012",2012,9,25,"OULIMNIUS TUBERCULATUS",1
"EST_012_MZB_LO_10","EST_012_MZB_LO_10-25.09.2012","25.09.2012",2012,9,25,"PARALEPTOPHLEBIA SUBMARGINATA",2
"EST_012_MZB_LO_10","EST_012_MZB_LO_10-25.09.2012","25.09.2012",2012,9,25,"PISIDIUM SP.",190
"EST_012_MZB_LO_10","EST_012_MZB_LO_10-25.09.2012","25.09.2012",2012,9,25,"SIGARA SP.",1
"EST_012_MZB_LO_10","EST_012_MZB_LO_10-25.09.2012","25.09.2012",2012,9,25,"SILO PALLIPES",11
"EST_012_MZB_LO_10","EST_012_MZB_LO_10-25.09.2012","25.09.2012",2012,9,25,"SPHAERIUM CORNEUM",3
"EST_012_MZB_LO_10","EST_012_MZB_LO_10-25.09.2012","25.09.2012",2012,9,25,"SPONGILLIDAE GEN. SP.",1
"EST_012_MZB_LO_10","EST_012_MZB_LO_10-25.09.2012","25.09.2012",2012,9,25,"TAENIOPTERYX NEBULOSA",8
"EST_012_MZB_LO_10","EST_012_MZB_LO_10-26.09.2013","26.09.2013",2013,9,26,"AMPULLACEANA BALTHICA",5
"EST_012_MZB_LO_10","EST_012_MZB_LO_10-26.09.2013","26.09.2013",2013,9,26,"ANCYLUS FLUVIATILIS",7
"EST_012_MZB_LO_10","EST_012_MZB_LO_10-26.09.2013","26.09.2013",2013,9,26,"APHELOCHEIRUS AESTIVALIS",4
"EST_012_MZB_LO_10","EST_012_MZB_LO_10-26.09.2013","26.09.2013",2013,9,26,"AQUARIUS NAJAS",1
"EST_012_MZB_LO_10","EST_012_MZB_LO_10-26.09.2013","26.09.2013",2013,9,26,"ATHERIX IBIS",8
"EST_012_MZB_LO_10","EST_012_MZB_LO_10-26.09.2013","26.09.2013",2013,9,26,"ATHRIPSODES SP.",8
"EST_012_MZB_LO_10","EST_012_MZB_LO_10-26.09.2013","26.09.2013",2013,9,26,"BAETIS SP.",63
"EST_012_MZB_LO_10","EST_012_MZB_LO_10-26.09.2013","26.09.2013",2013,9,26,"BRACHYCENTRUS SUBNUBILUS",14
"EST_012_MZB_LO_10","EST_012_MZB_LO_10-26.09.2013","26.09.2013",2013,9,26,"CHEUMATOPSYCHE LEPIDA",1
"EST_012_MZB_LO_10","EST_012_MZB_LO_10-26.09.2013","26.09.2013",2013,9,26,"CHIRONOMIDAE GEN. SP.",47
"EST_012_MZB_LO_10","EST_012_MZB_LO_10-26.09.2013","26.09.2013",2013,9,26,"DICRANOTA SP.",9
"EST_012_MZB_LO_10","EST_012_MZB_LO_10-26.09.2013","26.09.2013",2013,9,26,"DIPTERA GEN. SP.",12
"EST_012_MZB_LO_10","EST_012_MZB_LO_10-26.09.2013","26.09.2013",2013,9,26,"ELMIS AENEA",127
"EST_012_MZB_LO_10","EST_012_MZB_LO_10-26.09.2013","26.09.2013",2013,9,26,"ELOEOPHILA SP.",12
"EST_012_MZB_LO_10","EST_012_MZB_LO_10-26.09.2013","26.09.2013",2013,9,26,"EMPIDIDAE GEN. SP.",1
"EST_012_MZB_LO_10","EST_012_MZB_LO_10-26.09.2013","26.09.2013",2013,9,26,"EPHEMERA DANICA",101
"EST_012_MZB_LO_10","EST_012_MZB_LO_10-26.09.2013","26.09.2013",2013,9,26,"HABROPHLEBIA FUSCA",4
"EST_012_MZB_LO_10","EST_012_MZB_LO_10-26.09.2013","26.09.2013",2013,9,26,"HEPTAGENIA SULPHUREA",69
"EST_012_MZB_LO_10","EST_012_MZB_LO_10-26.09.2013","26.09.2013",2013,9,26,"HYDRACHNIDIA GEN. SP.",1
"EST_012_MZB_LO_10","EST_012_MZB_LO_10-26.09.2013","26.09.2013",2013,9,26,"HYDROPSYCHE PELLUCIDULA",16
"EST_012_MZB_LO_10","EST_012_MZB_LO_10-26.09.2013","26.09.2013",2013,9,26,"ISOPERLA SP.",35
"EST_012_MZB_LO_10","EST_012_MZB_LO_10-26.09.2013","26.09.2013",2013,9,26,"LEPIDOSTOMA HIRTUM",17
"EST_012_MZB_LO_10","EST_012_MZB_LO_10-26.09.2013","26.09.2013",2013,9,26,"LEUCTRA SP.",164
"EST_012_MZB_LO_10","EST_012_MZB_LO_10-26.09.2013","26.09.2013",2013,9,26,"LIMNIUS VOLCKMARI",30
"EST_012_MZB_LO_10","EST_012_MZB_LO_10-26.09.2013","26.09.2013",2013,9,26,"MERMITHIDAE GEN. SP.",2
"EST_012_MZB_LO_10","EST_012_MZB_LO_10-26.09.2013","26.09.2013",2013,9,26,"MICRASEMA SETIFERUM SSP.",6
"EST_012_MZB_LO_10","EST_012_MZB_LO_10-26.09.2013","26.09.2013",2013,9,26,"ODONTOCERUM ALBICORNE",1
"EST_012_MZB_LO_10","EST_012_MZB_LO_10-26.09.2013","26.09.2013",2013,9,26,"OLIGOCHAETA GEN. SP.",4
"EST_012_MZB_LO_10","EST_012_MZB_LO_10-26.09.2013","26.09.2013",2013,9,26,"OPHIOGOMPHUS CECILIA",4
"EST_012_MZB_LO_10","EST_012_MZB_LO_10-26.09.2013","26.09.2013",2013,9,26,"ORECTOCHILUS VILLOSUS",2
"EST_012_MZB_LO_10","EST_012_MZB_LO_10-26.09.2013","26.09.2013",2013,9,26,"OULIMNIUS TUBERCULATUS",12
"EST_012_MZB_LO_10","EST_012_MZB_LO_10-26.09.2013","26.09.2013",2013,9,26,"PARALEPTOPHLEBIA SUBMARGINATA",4
"EST_012_MZB_LO_10","EST_012_MZB_LO_10-26.09.2013","26.09.2013",2013,9,26,"PISIDIUM SP.",327
"EST_012_MZB_LO_10","EST_012_MZB_LO_10-26.09.2013","26.09.2013",2013,9,26,"POLYCENTROPUS FLAVOMACULATUS SSP.",1
"EST_012_MZB_LO_10","EST_012_MZB_LO_10-26.09.2013","26.09.2013",2013,9,26,"RHYACOPHILA SP.",3
"EST_012_MZB_LO_10","EST_012_MZB_LO_10-26.09.2013","26.09.2013",2013,9,26,"SILO PALLIPES",1
"EST_012_MZB_LO_10","EST_012_MZB_LO_10-26.09.2013","26.09.2013",2013,9,26,"SPHAERIUM CORNEUM",2
"EST_012_MZB_LO_10","EST_012_MZB_LO_10-26.09.2013","26.09.2013",2013,9,26,"TABANIDAE GEN. SP.",1
"EST_012_MZB_LO_10","EST_012_MZB_LO_10-26.09.2013","26.09.2013",2013,9,26,"TAENIOPTERYX NEBULOSA",13
"EST_012_MZB_LO_10","EST_012_MZB_LO_10-26.09.2014","26.09.2014",2014,9,26,"ANCYLUS FLUVIATILIS",2
"EST_012_MZB_LO_10","EST_012_MZB_LO_10-26.09.2014","26.09.2014",2014,9,26,"APHELOCHEIRUS AESTIVALIS",9
"EST_012_MZB_LO_10","EST_012_MZB_LO_10-26.09.2014","26.09.2014",2014,9,26,"ATHERIX IBIS",3
"EST_012_MZB_LO_10","EST_012_MZB_LO_10-26.09.2014","26.09.2014",2014,9,26,"ATHRIPSODES SP.",8
"EST_012_MZB_LO_10","EST_012_MZB_LO_10-26.09.2014","26.09.2014",2014,9,26,"BAETIS SP.",108
"EST_012_MZB_LO_10","EST_012_MZB_LO_10-26.09.2014","26.09.2014",2014,9,26,"BRACHYCENTRUS SUBNUBILUS",16
"EST_012_MZB_LO_10","EST_012_MZB_LO_10-26.09.2014","26.09.2014",2014,9,26,"CERATOPOGONIDAE GEN. SP.",2
"EST_012_MZB_LO_10","EST_012_MZB_LO_10-26.09.2014","26.09.2014",2014,9,26,"CHEUMATOPSYCHE LEPIDA",6
"EST_012_MZB_LO_10","EST_012_MZB_LO_10-26.09.2014","26.09.2014",2014,9,26,"CHIRONOMIDAE GEN. SP.",4
"EST_012_MZB_LO_10","EST_012_MZB_LO_10-26.09.2014","26.09.2014",2014,9,26,"DICRANOTA SP.",5
"EST_012_MZB_LO_10","EST_012_MZB_LO_10-26.09.2014","26.09.2014",2014,9,26,"ELMIS AENEA",8
"EST_012_MZB_LO_10","EST_012_MZB_LO_10-26.09.2014","26.09.2014",2014,9,26,"ELOEOPHILA SP.",10
"EST_012_MZB_LO_10","EST_012_MZB_LO_10-26.09.2014","26.09.2014",2014,9,26,"EPHEMERA DANICA",13
"EST_012_MZB_LO_10","EST_012_MZB_LO_10-26.09.2014","26.09.2014",2014,9,26,"EPHEMERELLIDAE GEN. SP.",1
"EST_012_MZB_LO_10","EST_012_MZB_LO_10-26.09.2014","26.09.2014",2014,9,26,"GOERA PILOSA",1
"EST_012_MZB_LO_10","EST_012_MZB_LO_10-26.09.2014","26.09.2014",2014,9,26,"GOMPHUS VULGATISSIMUS",1
"EST_012_MZB_LO_10","EST_012_MZB_LO_10-26.09.2014","26.09.2014",2014,9,26,"HABROPHLEBIA FUSCA",1
"EST_012_MZB_LO_10","EST_012_MZB_LO_10-26.09.2014","26.09.2014",2014,9,26,"HEPTAGENIA SULPHUREA",57
"EST_012_MZB_LO_10","EST_012_MZB_LO_10-26.09.2014","26.09.2014",2014,9,26,"HYDROPSYCHE PELLUCIDULA",41
"EST_012_MZB_LO_10","EST_012_MZB_LO_10-26.09.2014","26.09.2014",2014,9,26,"ISOPERLA SP.",4
"EST_012_MZB_LO_10","EST_012_MZB_LO_10-26.09.2014","26.09.2014",2014,9,26,"LEPIDOSTOMA HIRTUM",1
"EST_012_MZB_LO_10","EST_012_MZB_LO_10-26.09.2014","26.09.2014",2014,9,26,"LEUCTRA SP.",10
"EST_012_MZB_LO_10","EST_012_MZB_LO_10-26.09.2014","26.09.2014",2014,9,26,"LIMNIUS VOLCKMARI",101
"EST_012_MZB_LO_10","EST_012_MZB_LO_10-26.09.2014","26.09.2014",2014,9,26,"MICRASEMA SETIFERUM SSP.",7
"EST_012_MZB_LO_10","EST_012_MZB_LO_10-26.09.2014","26.09.2014",2014,9,26,"OLIGOCHAETA GEN. SP.",6
"EST_012_MZB_LO_10","EST_012_MZB_LO_10-26.09.2014","26.09.2014",2014,9,26,"OPHIOGOMPHUS CECILIA",4
"EST_012_MZB_LO_10","EST_012_MZB_LO_10-26.09.2014","26.09.2014",2014,9,26,"ORECTOCHILUS VILLOSUS",3
"EST_012_MZB_LO_10","EST_012_MZB_LO_10-26.09.2014","26.09.2014",2014,9,26,"OULIMNIUS TUBERCULATUS",1
"EST_012_MZB_LO_10","EST_012_MZB_LO_10-26.09.2014","26.09.2014",2014,9,26,"PISIDIUM SP.",183
"EST_012_MZB_LO_10","EST_012_MZB_LO_10-26.09.2014","26.09.2014",2014,9,26,"RHYACOPHILA SP.",1
"EST_012_MZB_LO_10","EST_012_MZB_LO_10-26.09.2014","26.09.2014",2014,9,26,"SILO PALLIPES",3
"EST_012_MZB_LO_10","EST_012_MZB_LO_10-26.09.2014","26.09.2014",2014,9,26,"SIMULIIDAE GEN. SP.",1
"EST_012_MZB_LO_10","EST_012_MZB_LO_10-26.09.2014","26.09.2014",2014,9,26,"SPONGILLIDAE GEN. SP.",1
"EST_012_MZB_LO_10","EST_012_MZB_LO_10-26.09.2014","26.09.2014",2014,9,26,"TAENIOPTERYX NEBULOSA",1
"EST_012_MZB_LO_10","EST_012_MZB_LO_10-26.09.2014","26.09.2014",2014,9,26,"TIPULIDAE GEN. SP.",1
"EST_012_MZB_LO_10","EST_012_MZB_LO_10-26.09.2014","26.09.2014",2014,9,26,"TRICLADIDA GEN. SP.",1
"EST_012_MZB_LO_10","EST_012_MZB_LO_10-29.09.2015","29.09.2015",2015,9,29,"ANCYLUS FLUVIATILIS",3
"EST_012_MZB_LO_10","EST_012_MZB_LO_10-29.09.2015","29.09.2015",2015,9,29,"APHELOCHEIRUS AESTIVALIS",77
"EST_012_MZB_LO_10","EST_012_MZB_LO_10-29.09.2015","29.09.2015",2015,9,29,"AQUARIUS NAJAS",2
"EST_012_MZB_LO_10","EST_012_MZB_LO_10-29.09.2015","29.09.2015",2015,9,29,"ATHERIX IBIS",10
"EST_012_MZB_LO_10","EST_012_MZB_LO_10-29.09.2015","29.09.2015",2015,9,29,"ATHRIPSODES SP.",2
"EST_012_MZB_LO_10","EST_012_MZB_LO_10-29.09.2015","29.09.2015",2015,9,29,"BAETIS SP.",385
"EST_012_MZB_LO_10","EST_012_MZB_LO_10-29.09.2015","29.09.2015",2015,9,29,"BRACHYCENTRUS SUBNUBILUS",16
"EST_012_MZB_LO_10","EST_012_MZB_LO_10-29.09.2015","29.09.2015",2015,9,29,"CHEUMATOPSYCHE LEPIDA",2
"EST_012_MZB_LO_10","EST_012_MZB_LO_10-29.09.2015","29.09.2015",2015,9,29,"CHIRONOMIDAE GEN. SP.",6
"EST_012_MZB_LO_10","EST_012_MZB_LO_10-29.09.2015","29.09.2015",2015,9,29,"DICRANOTA SP.",10
"EST_012_MZB_LO_10","EST_012_MZB_LO_10-29.09.2015","29.09.2015",2015,9,29,"DIPTERA GEN. SP.",9
"EST_012_MZB_LO_10","EST_012_MZB_LO_10-29.09.2015","29.09.2015",2015,9,29,"ELMIS AENEA",19
"EST_012_MZB_LO_10","EST_012_MZB_LO_10-29.09.2015","29.09.2015",2015,9,29,"ELODES SP.",1
"EST_012_MZB_LO_10","EST_012_MZB_LO_10-29.09.2015","29.09.2015",2015,9,29,"ELOEOPHILA SP.",1
"EST_012_MZB_LO_10","EST_012_MZB_LO_10-29.09.2015","29.09.2015",2015,9,29,"EPHEMERA DANICA",12
"EST_012_MZB_LO_10","EST_012_MZB_LO_10-29.09.2015","29.09.2015",2015,9,29,"HABROPHLEBIA FUSCA",1
"EST_012_MZB_LO_10","EST_012_MZB_LO_10-29.09.2015","29.09.2015",2015,9,29,"HEPTAGENIA SULPHUREA",32
"EST_012_MZB_LO_10","EST_012_MZB_LO_10-29.09.2015","29.09.2015",2015,9,29,"HYDRACHNIDIA GEN. SP.",1
"EST_012_MZB_LO_10","EST_012_MZB_LO_10-29.09.2015","29.09.2015",2015,9,29,"HYDROPSYCHE PELLUCIDULA",18
"EST_012_MZB_LO_10","EST_012_MZB_LO_10-29.09.2015","29.09.2015",2015,9,29,"ISOPERLA SP.",11
"EST_012_MZB_LO_10","EST_012_MZB_LO_10-29.09.2015","29.09.2015",2015,9,29,"LEUCTRA SP.",19
"EST_012_MZB_LO_10","EST_012_MZB_LO_10-29.09.2015","29.09.2015",2015,9,29,"LIMNEPHILIDAE GEN. SP.",2
"EST_012_MZB_LO_10","EST_012_MZB_LO_10-29.09.2015","29.09.2015",2015,9,29,"LIMNIUS VOLCKMARI",80
"EST_012_MZB_LO_10","EST_012_MZB_LO_10-29.09.2015","29.09.2015",2015,9,29,"MICRASEMA SETIFERUM SSP.",15
"EST_012_MZB_LO_10","EST_012_MZB_LO_10-29.09.2015","29.09.2015",2015,9,29,"NEMOURIDAE GEN. SP.",1
"EST_012_MZB_LO_10","EST_012_MZB_LO_10-29.09.2015","29.09.2015",2015,9,29,"OLIGOCHAETA GEN. SP.",3
"EST_012_MZB_LO_10","EST_012_MZB_LO_10-29.09.2015","29.09.2015",2015,9,29,"OPHIOGOMPHUS CECILIA",4
"EST_012_MZB_LO_10","EST_012_MZB_LO_10-29.09.2015","29.09.2015",2015,9,29,"ORECTOCHILUS VILLOSUS",1
"EST_012_MZB_LO_10","EST_012_MZB_LO_10-29.09.2015","29.09.2015",2015,9,29,"OULIMNIUS TUBERCULATUS",1
"EST_012_MZB_LO_10","EST_012_MZB_LO_10-29.09.2015","29.09.2015",2015,9,29,"PARALEPTOPHLEBIA SUBMARGINATA",5
"EST_012_MZB_LO_10","EST_012_MZB_LO_10-29.09.2015","29.09.2015",2015,9,29,"PISIDIUM SP.",68
"EST_012_MZB_LO_10","EST_012_MZB_LO_10-29.09.2015","29.09.2015",2015,9,29,"PLATAMBUS MACULATUS",1
"EST_012_MZB_LO_10","EST_012_MZB_LO_10-29.09.2015","29.09.2015",2015,9,29,"PSYCHOMYIIDAE GEN. SP.",1
"EST_012_MZB_LO_10","EST_012_MZB_LO_10-29.09.2015","29.09.2015",2015,9,29,"RIOLUS CUPREUS",1
"EST_012_MZB_LO_10","EST_012_MZB_LO_10-29.09.2015","29.09.2015",2015,9,29,"SILO PALLIPES",3
"EST_012_MZB_LO_10","EST_012_MZB_LO_10-29.09.2015","29.09.2015",2015,9,29,"TAENIOPTERYX NEBULOSA",4
"EST_012_MZB_LO_10","EST_012_MZB_LO_10-29.09.2015","29.09.2015",2015,9,29,"TRICLADIDA GEN. SP.",3
"EST_012_MZB_LO_10","EST_012_MZB_LO_10-22.09.2016","22.09.2016",2016,9,22,"ANCYLUS FLUVIATILIS",2
"EST_012_MZB_LO_10","EST_012_MZB_LO_10-22.09.2016","22.09.2016",2016,9,22,"APHELOCHEIRUS AESTIVALIS",31
"EST_012_MZB_LO_10","EST_012_MZB_LO_10-22.09.2016","22.09.2016",2016,9,22,"AQUARIUS NAJAS",1
"EST_012_MZB_LO_10","EST_012_MZB_LO_10-22.09.2016","22.09.2016",2016,9,22,"ASELLUS AQUATICUS",1
"EST_012_MZB_LO_10","EST_012_MZB_LO_10-22.09.2016","22.09.2016",2016,9,22,"ATHERIX IBIS",9
"EST_012_MZB_LO_10","EST_012_MZB_LO_10-22.09.2016","22.09.2016",2016,9,22,"ATHRIPSODES SP.",1
"EST_012_MZB_LO_10","EST_012_MZB_LO_10-22.09.2016","22.09.2016",2016,9,22,"BAETIS SP.",8
"EST_012_MZB_LO_10","EST_012_MZB_LO_10-22.09.2016","22.09.2016",2016,9,22,"BRACHYCENTRUS SUBNUBILUS",45
"EST_012_MZB_LO_10","EST_012_MZB_LO_10-22.09.2016","22.09.2016",2016,9,22,"CHIRONOMIDAE GEN. SP.",6
"EST_012_MZB_LO_10","EST_012_MZB_LO_10-22.09.2016","22.09.2016",2016,9,22,"DICRANOTA SP.",6
"EST_012_MZB_LO_10","EST_012_MZB_LO_10-22.09.2016","22.09.2016",2016,9,22,"DIPTERA GEN. SP.",3
"EST_012_MZB_LO_10","EST_012_MZB_LO_10-22.09.2016","22.09.2016",2016,9,22,"ELMIS AENEA",1
"EST_012_MZB_LO_10","EST_012_MZB_LO_10-22.09.2016","22.09.2016",2016,9,22,"ELOEOPHILA SP.",5
"EST_012_MZB_LO_10","EST_012_MZB_LO_10-22.09.2016","22.09.2016",2016,9,22,"EPHEMERA DANICA",9
"EST_012_MZB_LO_10","EST_012_MZB_LO_10-22.09.2016","22.09.2016",2016,9,22,"EPHEMERELLIDAE GEN. SP.",1
"EST_012_MZB_LO_10","EST_012_MZB_LO_10-22.09.2016","22.09.2016",2016,9,22,"GLOSSIPHONIA SP.",1
"EST_012_MZB_LO_10","EST_012_MZB_LO_10-22.09.2016","22.09.2016",2016,9,22,"HABROPHLEBIA FUSCA",4
"EST_012_MZB_LO_10","EST_012_MZB_LO_10-22.09.2016","22.09.2016",2016,9,22,"HEPTAGENIA SULPHUREA",34
"EST_012_MZB_LO_10","EST_012_MZB_LO_10-22.09.2016","22.09.2016",2016,9,22,"HYDROPSYCHE PELLUCIDULA",5
"EST_012_MZB_LO_10","EST_012_MZB_LO_10-22.09.2016","22.09.2016",2016,9,22,"ISOPERLA SP.",2
"EST_012_MZB_LO_10","EST_012_MZB_LO_10-22.09.2016","22.09.2016",2016,9,22,"LEUCTRA SP.",11
"EST_012_MZB_LO_10","EST_012_MZB_LO_10-22.09.2016","22.09.2016",2016,9,22,"LIMNIUS VOLCKMARI",34
"EST_012_MZB_LO_10","EST_012_MZB_LO_10-22.09.2016","22.09.2016",2016,9,22,"MICRASEMA SETIFERUM SSP.",1
"EST_012_MZB_LO_10","EST_012_MZB_LO_10-22.09.2016","22.09.2016",2016,9,22,"MICRONECTA SP.",1
"EST_012_MZB_LO_10","EST_012_MZB_LO_10-22.09.2016","22.09.2016",2016,9,22,"NEMOURIDAE GEN. SP.",2
"EST_012_MZB_LO_10","EST_012_MZB_LO_10-22.09.2016","22.09.2016",2016,9,22,"OLIGOCHAETA GEN. SP.",5
"EST_012_MZB_LO_10","EST_012_MZB_LO_10-22.09.2016","22.09.2016",2016,9,22,"OPHIOGOMPHUS CECILIA",1
"EST_012_MZB_LO_10","EST_012_MZB_LO_10-22.09.2016","22.09.2016",2016,9,22,"ORECTOCHILUS VILLOSUS",1
"EST_012_MZB_LO_10","EST_012_MZB_LO_10-22.09.2016","22.09.2016",2016,9,22,"PARALEPTOPHLEBIA SUBMARGINATA",1
"EST_012_MZB_LO_10","EST_012_MZB_LO_10-22.09.2016","22.09.2016",2016,9,22,"PISIDIUM SP.",65
"EST_012_MZB_LO_10","EST_012_MZB_LO_10-22.09.2016","22.09.2016",2016,9,22,"SPHAERIUM CORNEUM",1
"EST_012_MZB_LO_10","EST_012_MZB_LO_10-22.09.2016","22.09.2016",2016,9,22,"TRICLADIDA GEN. SP.",1
"EST_012_MZB_LO_10","EST_012_MZB_LO_10-26.10.2017","26.10.2017",2017,10,26,"AMPULLACEANA BALTHICA",1
"EST_012_MZB_LO_10","EST_012_MZB_LO_10-26.10.2017","26.10.2017",2017,10,26,"ANCYLUS FLUVIATILIS",3
"EST_012_MZB_LO_10","EST_012_MZB_LO_10-26.10.2017","26.10.2017",2017,10,26,"APHELOCHEIRUS AESTIVALIS",7
"EST_012_MZB_LO_10","EST_012_MZB_LO_10-26.10.2017","26.10.2017",2017,10,26,"AQUARIUS NAJAS",1
"EST_012_MZB_LO_10","EST_012_MZB_LO_10-26.10.2017","26.10.2017",2017,10,26,"ASELLUS AQUATICUS",1
"EST_012_MZB_LO_10","EST_012_MZB_LO_10-26.10.2017","26.10.2017",2017,10,26,"ATHERIX IBIS",1
"EST_012_MZB_LO_10","EST_012_MZB_LO_10-26.10.2017","26.10.2017",2017,10,26,"BAETIS SP.",40
"EST_012_MZB_LO_10","EST_012_MZB_LO_10-26.10.2017","26.10.2017",2017,10,26,"BRACHYCENTRUS SUBNUBILUS",37
"EST_012_MZB_LO_10","EST_012_MZB_LO_10-26.10.2017","26.10.2017",2017,10,26,"BRACHYCERCUS HARRISELLA",1
"EST_012_MZB_LO_10","EST_012_MZB_LO_10-26.10.2017","26.10.2017",2017,10,26,"CHEUMATOPSYCHE LEPIDA",1
"EST_012_MZB_LO_10","EST_012_MZB_LO_10-26.10.2017","26.10.2017",2017,10,26,"CHIRONOMIDAE GEN. SP.",24
"EST_012_MZB_LO_10","EST_012_MZB_LO_10-26.10.2017","26.10.2017",2017,10,26,"DENDROCOELUM LACTEUM",1
"EST_012_MZB_LO_10","EST_012_MZB_LO_10-26.10.2017","26.10.2017",2017,10,26,"DICRANOTA SP.",1
"EST_012_MZB_LO_10","EST_012_MZB_LO_10-26.10.2017","26.10.2017",2017,10,26,"ELMIS AENEA",1
"EST_012_MZB_LO_10","EST_012_MZB_LO_10-26.10.2017","26.10.2017",2017,10,26,"ELOEOPHILA SP.",3
"EST_012_MZB_LO_10","EST_012_MZB_LO_10-26.10.2017","26.10.2017",2017,10,26,"EMPIDIDAE GEN. SP.",1
"EST_012_MZB_LO_10","EST_012_MZB_LO_10-26.10.2017","26.10.2017",2017,10,26,"EPHEMERA DANICA",3
"EST_012_MZB_LO_10","EST_012_MZB_LO_10-26.10.2017","26.10.2017",2017,10,26,"ERPOBDELLA OCTOCULATA",1
"EST_012_MZB_LO_10","EST_012_MZB_LO_10-26.10.2017","26.10.2017",2017,10,26,"HEPTAGENIA SULPHUREA",32
"EST_012_MZB_LO_10","EST_012_MZB_LO_10-26.10.2017","26.10.2017",2017,10,26,"HESPEROCORIXA SAHLBERGI",1
"EST_012_MZB_LO_10","EST_012_MZB_LO_10-26.10.2017","26.10.2017",2017,10,26,"HYDRAENA SP.",1
"EST_012_MZB_LO_10","EST_012_MZB_LO_10-26.10.2017","26.10.2017",2017,10,26,"HYDROPSYCHE PELLUCIDULA",22
"EST_012_MZB_LO_10","EST_012_MZB_LO_10-26.10.2017","26.10.2017",2017,10,26,"ISOPERLA SP.",13
"EST_012_MZB_LO_10","EST_012_MZB_LO_10-26.10.2017","26.10.2017",2017,10,26,"LEPIDOSTOMA HIRTUM",66
"EST_012_MZB_LO_10","EST_012_MZB_LO_10-26.10.2017","26.10.2017",2017,10,26,"LEUCTRA SP.",4
"EST_012_MZB_LO_10","EST_012_MZB_LO_10-26.10.2017","26.10.2017",2017,10,26,"LIMNEPHILIDAE GEN. SP.",15
"EST_012_MZB_LO_10","EST_012_MZB_LO_10-26.10.2017","26.10.2017",2017,10,26,"MICRASEMA SETIFERUM SSP.",12
"EST_012_MZB_LO_10","EST_012_MZB_LO_10-26.10.2017","26.10.2017",2017,10,26,"NEMOURIDAE GEN. SP.",1
"EST_012_MZB_LO_10","EST_012_MZB_LO_10-26.10.2017","26.10.2017",2017,10,26,"OLIGOCHAETA GEN. SP.",6
"EST_012_MZB_LO_10","EST_012_MZB_LO_10-26.10.2017","26.10.2017",2017,10,26,"ORECTOCHILUS VILLOSUS",2
"EST_012_MZB_LO_10","EST_012_MZB_LO_10-26.10.2017","26.10.2017",2017,10,26,"PARALEPTOPHLEBIA SUBMARGINATA",3
"EST_012_MZB_LO_10","EST_012_MZB_LO_10-26.10.2017","26.10.2017",2017,10,26,"PISCICOLA GEOMETRA",1
"EST_012_MZB_LO_10","EST_012_MZB_LO_10-26.10.2017","26.10.2017",2017,10,26,"PISIDIUM SP.",14
"EST_012_MZB_LO_10","EST_012_MZB_LO_10-26.10.2017","26.10.2017",2017,10,26,"POLYCENTROPUS FLAVOMACULATUS SSP.",2
"EST_012_MZB_LO_10","EST_012_MZB_LO_10-26.10.2017","26.10.2017",2017,10,26,"PSYCHODA PHALAENOIDES",1
"EST_012_MZB_LO_10","EST_012_MZB_LO_10-26.10.2017","26.10.2017",2017,10,26,"TAENIOPTERYX NEBULOSA",5
"EST_012_MZB_LO_10","EST_012_MZB_LO_10-04.10.2018","04.10.2018",2018,10,4,"AGAPETUS OCHRIPES",2
"EST_012_MZB_LO_10","EST_012_MZB_LO_10-04.10.2018","04.10.2018",2018,10,4,"AMPULLACEANA BALTHICA",1
"EST_012_MZB_LO_10","EST_012_MZB_LO_10-04.10.2018","04.10.2018",2018,10,4,"ANCYLUS FLUVIATILIS",2
"EST_012_MZB_LO_10","EST_012_MZB_LO_10-04.10.2018","04.10.2018",2018,10,4,"APHELOCHEIRUS AESTIVALIS",18
"EST_012_MZB_LO_10","EST_012_MZB_LO_10-04.10.2018","04.10.2018",2018,10,4,"ATHERIX IBIS",15
"EST_012_MZB_LO_10","EST_012_MZB_LO_10-04.10.2018","04.10.2018",2018,10,4,"ATHRIPSODES SP.",4
"EST_012_MZB_LO_10","EST_012_MZB_LO_10-04.10.2018","04.10.2018",2018,10,4,"BAETIS SP.",47
"EST_012_MZB_LO_10","EST_012_MZB_LO_10-04.10.2018","04.10.2018",2018,10,4,"BRACHYCENTRUS SUBNUBILUS",117
"EST_012_MZB_LO_10","EST_012_MZB_LO_10-04.10.2018","04.10.2018",2018,10,4,"CALOPTERYX SPLENDENS",1
"EST_012_MZB_LO_10","EST_012_MZB_LO_10-04.10.2018","04.10.2018",2018,10,4,"CHEUMATOPSYCHE LEPIDA",13
"EST_012_MZB_LO_10","EST_012_MZB_LO_10-04.10.2018","04.10.2018",2018,10,4,"CHIRONOMIDAE GEN. SP.",20
"EST_012_MZB_LO_10","EST_012_MZB_LO_10-04.10.2018","04.10.2018",2018,10,4,"DICRANOTA SP.",27
"EST_012_MZB_LO_10","EST_012_MZB_LO_10-04.10.2018","04.10.2018",2018,10,4,"DIPTERA GEN. SP.",9
"EST_012_MZB_LO_10","EST_012_MZB_LO_10-04.10.2018","04.10.2018",2018,10,4,"ELMIS AENEA",2
"EST_012_MZB_LO_10","EST_012_MZB_LO_10-04.10.2018","04.10.2018",2018,10,4,"ERPOBDELLA TESTACEA",1
"EST_012_MZB_LO_10","EST_012_MZB_LO_10-04.10.2018","04.10.2018",2018,10,4,"HEPTAGENIA SULPHUREA",10
"EST_012_MZB_LO_10","EST_012_MZB_LO_10-04.10.2018","04.10.2018",2018,10,4,"HYDROPSYCHE PELLUCIDULA",120
"EST_012_MZB_LO_10","EST_012_MZB_LO_10-04.10.2018","04.10.2018",2018,10,4,"ISOPERLA SP.",31
"EST_012_MZB_LO_10","EST_012_MZB_LO_10-04.10.2018","04.10.2018",2018,10,4,"LEPIDOSTOMA HIRTUM",80
"EST_012_MZB_LO_10","EST_012_MZB_LO_10-04.10.2018","04.10.2018",2018,10,4,"LEUCTRA SP.",2
"EST_012_MZB_LO_10","EST_012_MZB_LO_10-04.10.2018","04.10.2018",2018,10,4,"LIMNEPHILIDAE GEN. SP.",1
"EST_012_MZB_LO_10","EST_012_MZB_LO_10-04.10.2018","04.10.2018",2018,10,4,"LIMNIUS VOLCKMARI",12
"EST_012_MZB_LO_10","EST_012_MZB_LO_10-04.10.2018","04.10.2018",2018,10,4,"MERMITHIDAE GEN. SP.",2
"EST_012_MZB_LO_10","EST_012_MZB_LO_10-04.10.2018","04.10.2018",2018,10,4,"MICRASEMA SETIFERUM SSP.",83
"EST_012_MZB_LO_10","EST_012_MZB_LO_10-04.10.2018","04.10.2018",2018,10,4,"OLIGOCHAETA GEN. SP.",2
"EST_012_MZB_LO_10","EST_012_MZB_LO_10-04.10.2018","04.10.2018",2018,10,4,"ORECTOCHILUS VILLOSUS",19
"EST_012_MZB_LO_10","EST_012_MZB_LO_10-04.10.2018","04.10.2018",2018,10,4,"PISIDIUM SP.",94
"EST_012_MZB_LO_10","EST_012_MZB_LO_10-04.10.2018","04.10.2018",2018,10,4,"PLATAMBUS MACULATUS",1
"EST_012_MZB_LO_10","EST_012_MZB_LO_10-04.10.2018","04.10.2018",2018,10,4,"RHYACOPHILA SP.",4
"EST_012_MZB_LO_10","EST_012_MZB_LO_10-04.10.2018","04.10.2018",2018,10,4,"SPHAERIUM CORNEUM",2
"EST_012_MZB_LO_10","EST_012_MZB_LO_10-04.10.2018","04.10.2018",2018,10,4,"TAENIOPTERYX NEBULOSA",1
"EST_012_MZB_LO_10","EST_012_MZB_LO_10-04.10.2018","04.10.2018",2018,10,4,"TIPULIDAE GEN. SP.",1
"EST_012_MZB_LO_10","EST_012_MZB_LO_10-23.09.2019","23.09.2019",2019,9,23,"AMPULLACEANA BALTHICA",1
"EST_012_MZB_LO_10","EST_012_MZB_LO_10-23.09.2019","23.09.2019",2019,9,23,"APHELOCHEIRUS AESTIVALIS",22
"EST_012_MZB_LO_10","EST_012_MZB_LO_10-23.09.2019","23.09.2019",2019,9,23,"AQUARIUS NAJAS",1
"EST_012_MZB_LO_10","EST_012_MZB_LO_10-23.09.2019","23.09.2019",2019,9,23,"ASELLUS AQUATICUS",2
"EST_012_MZB_LO_10","EST_012_MZB_LO_10-23.09.2019","23.09.2019",2019,9,23,"ATHERIX IBIS",7
"EST_012_MZB_LO_10","EST_012_MZB_LO_10-23.09.2019","23.09.2019",2019,9,23,"ATHRIPSODES SP.",4
"EST_012_MZB_LO_10","EST_012_MZB_LO_10-23.09.2019","23.09.2019",2019,9,23,"BAETIS SP.",25
"EST_012_MZB_LO_10","EST_012_MZB_LO_10-23.09.2019","23.09.2019",2019,9,23,"BRACHYCENTRUS SUBNUBILUS",115
"EST_012_MZB_LO_10","EST_012_MZB_LO_10-23.09.2019","23.09.2019",2019,9,23,"CAENIS RIVULORUM",1
"EST_012_MZB_LO_10","EST_012_MZB_LO_10-23.09.2019","23.09.2019",2019,9,23,"CALOPTERYX SPLENDENS",1
"EST_012_MZB_LO_10","EST_012_MZB_LO_10-23.09.2019","23.09.2019",2019,9,23,"CHEUMATOPSYCHE LEPIDA",3
"EST_012_MZB_LO_10","EST_012_MZB_LO_10-23.09.2019","23.09.2019",2019,9,23,"CHIRONOMIDAE GEN. SP.",91
"EST_012_MZB_LO_10","EST_012_MZB_LO_10-23.09.2019","23.09.2019",2019,9,23,"DICRANOTA SP.",8
"EST_012_MZB_LO_10","EST_012_MZB_LO_10-23.09.2019","23.09.2019",2019,9,23,"DIPTERA GEN. SP.",3
"EST_012_MZB_LO_10","EST_012_MZB_LO_10-23.09.2019","23.09.2019",2019,9,23,"ELMIS AENEA",2
"EST_012_MZB_LO_10","EST_012_MZB_LO_10-23.09.2019","23.09.2019",2019,9,23,"EPHEMERA DANICA",13
"EST_012_MZB_LO_10","EST_012_MZB_LO_10-23.09.2019","23.09.2019",2019,9,23,"EPHEMERELLIDAE GEN. SP.",2
"EST_012_MZB_LO_10","EST_012_MZB_LO_10-23.09.2019","23.09.2019",2019,9,23,"ERPOBDELLA OCTOCULATA",1
"EST_012_MZB_LO_10","EST_012_MZB_LO_10-23.09.2019","23.09.2019",2019,9,23,"GOMPHUS VULGATISSIMUS",1
"EST_012_MZB_LO_10","EST_012_MZB_LO_10-23.09.2019","23.09.2019",2019,9,23,"HEPTAGENIA SULPHUREA",4
"EST_012_MZB_LO_10","EST_012_MZB_LO_10-23.09.2019","23.09.2019",2019,9,23,"HYDROPSYCHE PELLUCIDULA",39
"EST_012_MZB_LO_10","EST_012_MZB_LO_10-23.09.2019","23.09.2019",2019,9,23,"HYDROPSYCHE SILTALAI",9
"EST_012_MZB_LO_10","EST_012_MZB_LO_10-23.09.2019","23.09.2019",2019,9,23,"ISOPERLA SP.",4
"EST_012_MZB_LO_10","EST_012_MZB_LO_10-23.09.2019","23.09.2019",2019,9,23,"LEPIDOSTOMA HIRTUM",3
"EST_012_MZB_LO_10","EST_012_MZB_LO_10-23.09.2019","23.09.2019",2019,9,23,"LIMNIUS VOLCKMARI",11
"EST_012_MZB_LO_10","EST_012_MZB_LO_10-23.09.2019","23.09.2019",2019,9,23,"MICRASEMA SETIFERUM SSP.",13
"EST_012_MZB_LO_10","EST_012_MZB_LO_10-23.09.2019","23.09.2019",2019,9,23,"OLIGOCHAETA GEN. SP.",5
"EST_012_MZB_LO_10","EST_012_MZB_LO_10-23.09.2019","23.09.2019",2019,9,23,"ORECTOCHILUS VILLOSUS",6
"EST_012_MZB_LO_10","EST_012_MZB_LO_10-23.09.2019","23.09.2019",2019,9,23,"PARALEPTOPHLEBIA SUBMARGINATA",7
"EST_012_MZB_LO_10","EST_012_MZB_LO_10-23.09.2019","23.09.2019",2019,9,23,"PISCICOLA GEOMETRA",2
"EST_012_MZB_LO_10","EST_012_MZB_LO_10-23.09.2019","23.09.2019",2019,9,23,"PISIDIUM SP.",145
"EST_012_MZB_LO_10","EST_012_MZB_LO_10-23.09.2019","23.09.2019",2019,9,23,"PLATAMBUS MACULATUS",1
"EST_012_MZB_LO_10","EST_012_MZB_LO_10-23.09.2019","23.09.2019",2019,9,23,"POLYCENTROPUS FLAVOMACULATUS SSP.",2
"EST_012_MZB_LO_10","EST_012_MZB_LO_10-23.09.2019","23.09.2019",2019,9,23,"PSYCHOMYIIDAE GEN. SP.",1
"EST_012_MZB_LO_10","EST_012_MZB_LO_10-23.09.2019","23.09.2019",2019,9,23,"RHYACOPHILA SP.",1
"EST_012_MZB_LO_10","EST_012_MZB_LO_10-23.09.2019","23.09.2019",2019,9,23,"SIGARA SP.",1
"EST_012_MZB_LO_10","EST_012_MZB_LO_10-23.09.2019","23.09.2019",2019,9,23,"SILO PALLIPES",1
"EST_012_MZB_LO_10","EST_012_MZB_LO_10-23.09.2019","23.09.2019",2019,9,23,"SIMULIIDAE GEN. SP.",1
"EST_012_MZB_LO_10","EST_012_MZB_LO_10-23.09.2019","23.09.2019",2019,9,23,"SPHAERIUM CORNEUM",11
"EST_012_MZB_LO_10","EST_012_MZB_LO_10-23.09.2019","23.09.2019",2019,9,23,"SPONGILLIDAE GEN. SP.",1
"EST_012_MZB_LO_10","EST_012_MZB_LO_10-23.09.2019","23.09.2019",2019,9,23,"TAENIOPTERYX NEBULOSA",13
"EST_012_MZB_LO_10","EST_012_MZB_LO_10-23.09.2019","23.09.2019",2019,9,23,"TIPULIDAE GEN. SP.",1
"EST_012_MZB_LO_8","EST_012_MZB_LO_8-19.04.2006","19.04.2006",2006,4,19,"BAETIS SP.",3
"EST_012_MZB_LO_8","EST_012_MZB_LO_8-19.04.2006","19.04.2006",2006,4,19,"CHIRONOMIDAE GEN. SP.",7
"EST_012_MZB_LO_8","EST_012_MZB_LO_8-19.04.2006","19.04.2006",2006,4,19,"CLOEON DIPTERUM",1
"EST_012_MZB_LO_8","EST_012_MZB_LO_8-19.04.2006","19.04.2006",2006,4,19,"DENDROCOELUM LACTEUM",1
"EST_012_MZB_LO_8","EST_012_MZB_LO_8-19.04.2006","19.04.2006",2006,4,19,"DICRANOTA SP.",4
"EST_012_MZB_LO_8","EST_012_MZB_LO_8-19.04.2006","19.04.2006",2006,4,19,"ELMIS AENEA",12
"EST_012_MZB_LO_8","EST_012_MZB_LO_8-19.04.2006","19.04.2006",2006,4,19,"ELOEOPHILA SP.",4
"EST_012_MZB_LO_8","EST_012_MZB_LO_8-19.04.2006","19.04.2006",2006,4,19,"EPHEMERA DANICA",2
"EST_012_MZB_LO_8","EST_012_MZB_LO_8-19.04.2006","19.04.2006",2006,4,19,"GAMMARIDAE GEN. SP.",103
"EST_012_MZB_LO_8","EST_012_MZB_LO_8-19.04.2006","19.04.2006",2006,4,19,"HEPTAGENIA SULPHUREA",7
"EST_012_MZB_LO_8","EST_012_MZB_LO_8-19.04.2006","19.04.2006",2006,4,19,"HYDROPSYCHE PELLUCIDULA",17
"EST_012_MZB_LO_8","EST_012_MZB_LO_8-19.04.2006","19.04.2006",2006,4,19,"LEUCTRA SP.",1
"EST_012_MZB_LO_8","EST_012_MZB_LO_8-19.04.2006","19.04.2006",2006,4,19,"LIMNEPHILIDAE GEN. SP.",13
"EST_012_MZB_LO_8","EST_012_MZB_LO_8-19.04.2006","19.04.2006",2006,4,19,"LIMNIUS VOLCKMARI",16
"EST_012_MZB_LO_8","EST_012_MZB_LO_8-19.04.2006","19.04.2006",2006,4,19,"NEBRIOPORUS DEPRESSUS",1
"EST_012_MZB_LO_8","EST_012_MZB_LO_8-19.04.2006","19.04.2006",2006,4,19,"NEMOURIDAE GEN. SP.",39
"EST_012_MZB_LO_8","EST_012_MZB_LO_8-19.04.2006","19.04.2006",2006,4,19,"OLIGOCHAETA GEN. SP.",6
"EST_012_MZB_LO_8","EST_012_MZB_LO_8-19.04.2006","19.04.2006",2006,4,19,"PARALEPTOPHLEBIA SUBMARGINATA",1
"EST_012_MZB_LO_8","EST_012_MZB_LO_8-19.04.2006","19.04.2006",2006,4,19,"PERLODES DISPAR",1
"EST_012_MZB_LO_8","EST_012_MZB_LO_8-19.04.2006","19.04.2006",2006,4,19,"PISIDIUM SP.",13
"EST_012_MZB_LO_8","EST_012_MZB_LO_8-19.04.2006","19.04.2006",2006,4,19,"POLYCENTROPUS FLAVOMACULATUS SSP.",2
"EST_012_MZB_LO_8","EST_012_MZB_LO_8-19.04.2006","19.04.2006",2006,4,19,"RHABDIOPTERYX ACUMINATA",1
"EST_012_MZB_LO_8","EST_012_MZB_LO_8-19.04.2006","19.04.2006",2006,4,19,"RHYACOPHILA SP.",1
"EST_012_MZB_LO_8","EST_012_MZB_LO_8-19.04.2006","19.04.2006",2006,4,19,"SIALIS FULIGINOSA",4
"EST_012_MZB_LO_8","EST_012_MZB_LO_8-19.04.2006","19.04.2006",2006,4,19,"SIGARA SP.",1
"EST_012_MZB_LO_8","EST_012_MZB_LO_8-19.04.2006","19.04.2006",2006,4,19,"SILO PALLIPES",4
"EST_012_MZB_LO_8","EST_012_MZB_LO_8-19.04.2006","19.04.2006",2006,4,19,"SIMULIIDAE GEN. SP.",1
"EST_012_MZB_LO_8","EST_012_MZB_LO_8-19.04.2006","19.04.2006",2006,4,19,"TABANIDAE GEN. SP.",1
"EST_012_MZB_LO_8","EST_012_MZB_LO_8-19.04.2006","19.04.2006",2006,4,19,"UNIO CRASSUS SSP.",1
"EST_012_MZB_LO_8","EST_012_MZB_LO_8-19.05.2010","19.05.2010",2010,5,19,"ASELLUS AQUATICUS",1
"EST_012_MZB_LO_8","EST_012_MZB_LO_8-19.05.2010","19.05.2010",2010,5,19,"BAETIS SP.",26
"EST_012_MZB_LO_8","EST_012_MZB_LO_8-19.05.2010","19.05.2010",2010,5,19,"CHIRONOMIDAE GEN. SP.",49
"EST_012_MZB_LO_8","EST_012_MZB_LO_8-19.05.2010","19.05.2010",2010,5,19,"ELMIS AENEA",2
"EST_012_MZB_LO_8","EST_012_MZB_LO_8-19.05.2010","19.05.2010",2010,5,19,"GAMMARIDAE GEN. SP.",11
"EST_012_MZB_LO_8","EST_012_MZB_LO_8-19.05.2010","19.05.2010",2010,5,19,"LIMNEPHILIDAE GEN. SP.",56
"EST_012_MZB_LO_8","EST_012_MZB_LO_8-19.05.2010","19.05.2010",2010,5,19,"LIMNIUS VOLCKMARI",5
"EST_012_MZB_LO_8","EST_012_MZB_LO_8-19.05.2010","19.05.2010",2010,5,19,"MUSCULIUM LACUSTRE",2
"EST_012_MZB_LO_8","EST_012_MZB_LO_8-19.05.2010","19.05.2010",2010,5,19,"NEMOURIDAE GEN. SP.",87
"EST_012_MZB_LO_8","EST_012_MZB_LO_8-19.05.2010","19.05.2010",2010,5,19,"OLIGOCHAETA GEN. SP.",37
"EST_012_MZB_LO_8","EST_012_MZB_LO_8-19.05.2010","19.05.2010",2010,5,19,"PISIDIUM SP.",20
"EST_012_MZB_LO_8","EST_012_MZB_LO_8-19.05.2010","19.05.2010",2010,5,19,"SIMULIIDAE GEN. SP.",44
"EST_012_MZB_LO_8","EST_012_MZB_LO_8-19.05.2010","19.05.2010",2010,5,19,"UNIO CRASSUS SSP.",2
"EST_012_MZB_LO_8","EST_012_MZB_LO_8-16.05.2012","16.05.2012",2012,5,16,"ANCYLUS FLUVIATILIS",2
"EST_012_MZB_LO_8","EST_012_MZB_LO_8-16.05.2012","16.05.2012",2012,5,16,"ATHRIPSODES SP.",3
"EST_012_MZB_LO_8","EST_012_MZB_LO_8-16.05.2012","16.05.2012",2012,5,16,"BAETIS SP.",56
"EST_012_MZB_LO_8","EST_012_MZB_LO_8-16.05.2012","16.05.2012",2012,5,16,"CENTROPTILUM LUTEOLUM",1
"EST_012_MZB_LO_8","EST_012_MZB_LO_8-16.05.2012","16.05.2012",2012,5,16,"CERATOPOGONIDAE GEN. SP.",2
"EST_012_MZB_LO_8","EST_012_MZB_LO_8-16.05.2012","16.05.2012",2012,5,16,"CHAOBORUS SP.",1
"EST_012_MZB_LO_8","EST_012_MZB_LO_8-16.05.2012","16.05.2012",2012,5,16,"CHIRONOMIDAE GEN. SP.",32
"EST_012_MZB_LO_8","EST_012_MZB_LO_8-16.05.2012","16.05.2012",2012,5,16,"DICRANOTA SP.",3
"EST_012_MZB_LO_8","EST_012_MZB_LO_8-16.05.2012","16.05.2012",2012,5,16,"ELMIS AENEA",1
"EST_012_MZB_LO_8","EST_012_MZB_LO_8-16.05.2012","16.05.2012",2012,5,16,"ELOEOPHILA SP.",1
"EST_012_MZB_LO_8","EST_012_MZB_LO_8-16.05.2012","16.05.2012",2012,5,16,"EPHEMERA VULGATA",1
"EST_012_MZB_LO_8","EST_012_MZB_LO_8-16.05.2012","16.05.2012",2012,5,16,"GAMMARIDAE GEN. SP.",31
"EST_012_MZB_LO_8","EST_012_MZB_LO_8-16.05.2012","16.05.2012",2012,5,16,"HABROPHLEBIA FUSCA",45
"EST_012_MZB_LO_8","EST_012_MZB_LO_8-16.05.2012","16.05.2012",2012,5,16,"HEPTAGENIA SULPHUREA",111
"EST_012_MZB_LO_8","EST_012_MZB_LO_8-16.05.2012","16.05.2012",2012,5,16,"HYDROPSYCHE PELLUCIDULA",9
"EST_012_MZB_LO_8","EST_012_MZB_LO_8-16.05.2012","16.05.2012",2012,5,16,"HYDROPSYCHE SILTALAI",3
"EST_012_MZB_LO_8","EST_012_MZB_LO_8-16.05.2012","16.05.2012",2012,5,16,"KAGERONIA FUSCOGRISEA",1
"EST_012_MZB_LO_8","EST_012_MZB_LO_8-16.05.2012","16.05.2012",2012,5,16,"LEUCTRA SP.",4
"EST_012_MZB_LO_8","EST_012_MZB_LO_8-16.05.2012","16.05.2012",2012,5,16,"LIMNEPHILIDAE GEN. SP.",43
"EST_012_MZB_LO_8","EST_012_MZB_LO_8-16.05.2012","16.05.2012",2012,5,16,"LIMNIUS VOLCKMARI",1
"EST_012_MZB_LO_8","EST_012_MZB_LO_8-16.05.2012","16.05.2012",2012,5,16,"MOLANNA ANGUSTATA",1
"EST_012_MZB_LO_8","EST_012_MZB_LO_8-16.05.2012","16.05.2012",2012,5,16,"NEMATOMORPHA GEN. SP.",1
"EST_012_MZB_LO_8","EST_012_MZB_LO_8-16.05.2012","16.05.2012",2012,5,16,"NEMOURIDAE GEN. SP.",137
"EST_012_MZB_LO_8","EST_012_MZB_LO_8-16.05.2012","16.05.2012",2012,5,16,"OLIGOCHAETA GEN. SP.",139
"EST_012_MZB_LO_8","EST_012_MZB_LO_8-16.05.2012","16.05.2012",2012,5,16,"PARALEPTOPHLEBIA SUBMARGINATA",1
"EST_012_MZB_LO_8","EST_012_MZB_LO_8-16.05.2012","16.05.2012",2012,5,16,"PISIDIUM SP.",3
"EST_012_MZB_LO_8","EST_012_MZB_LO_8-16.05.2012","16.05.2012",2012,5,16,"RHYACOPHILA SP.",13
"EST_012_MZB_LO_8","EST_012_MZB_LO_8-16.05.2012","16.05.2012",2012,5,16,"SIGARA SP.",1
"EST_012_MZB_LO_8","EST_012_MZB_LO_8-16.05.2012","16.05.2012",2012,5,16,"SIMULIIDAE GEN. SP.",201
"EST_012_MZB_LO_8","EST_012_MZB_LO_8-16.05.2012","16.05.2012",2012,5,16,"SOMATOCHLORA METALLICA",1
"EST_012_MZB_LO_8","EST_012_MZB_LO_8-16.05.2012","16.05.2012",2012,5,16,"SPHAERIUM CORNEUM",5
"EST_012_MZB_LO_8","EST_012_MZB_LO_8-10.05.2013","10.05.2013",2013,5,10,"BAETIS SP.",41
"EST_012_MZB_LO_8","EST_012_MZB_LO_8-10.05.2013","10.05.2013",2013,5,10,"CHIRONOMIDAE GEN. SP.",14
"EST_012_MZB_LO_8","EST_012_MZB_LO_8-10.05.2013","10.05.2013",2013,5,10,"DICRANOTA SP.",1
"EST_012_MZB_LO_8","EST_012_MZB_LO_8-10.05.2013","10.05.2013",2013,5,10,"ELMIS AENEA",1
"EST_012_MZB_LO_8","EST_012_MZB_LO_8-10.05.2013","10.05.2013",2013,5,10,"EPHEMERA VULGATA",1
"EST_012_MZB_LO_8","EST_012_MZB_LO_8-10.05.2013","10.05.2013",2013,5,10,"ERPOBDELLA OCTOCULATA",1
"EST_012_MZB_LO_8","EST_012_MZB_LO_8-10.05.2013","10.05.2013",2013,5,10,"GAMMARIDAE GEN. SP.",33
"EST_012_MZB_LO_8","EST_012_MZB_LO_8-10.05.2013","10.05.2013",2013,5,10,"HEPTAGENIA SULPHUREA",25
"EST_012_MZB_LO_8","EST_012_MZB_LO_8-10.05.2013","10.05.2013",2013,5,10,"HYDROPSYCHE PELLUCIDULA",8
"EST_012_MZB_LO_8","EST_012_MZB_LO_8-10.05.2013","10.05.2013",2013,5,10,"HYDROPSYCHE SILTALAI",1
"EST_012_MZB_LO_8","EST_012_MZB_LO_8-10.05.2013","10.05.2013",2013,5,10,"KAGERONIA FUSCOGRISEA",1
"EST_012_MZB_LO_8","EST_012_MZB_LO_8-10.05.2013","10.05.2013",2013,5,10,"LIMNEPHILIDAE GEN. SP.",8
"EST_012_MZB_LO_8","EST_012_MZB_LO_8-10.05.2013","10.05.2013",2013,5,10,"LIMNIUS VOLCKMARI",8
"EST_012_MZB_LO_8","EST_012_MZB_LO_8-10.05.2013","10.05.2013",2013,5,10,"NEMOURIDAE GEN. SP.",235
"EST_012_MZB_LO_8","EST_012_MZB_LO_8-10.05.2013","10.05.2013",2013,5,10,"OLIGOCHAETA GEN. SP.",110
"EST_012_MZB_LO_8","EST_012_MZB_LO_8-10.05.2013","10.05.2013",2013,5,10,"ORECTOCHILUS VILLOSUS",1
"EST_012_MZB_LO_8","EST_012_MZB_LO_8-10.05.2013","10.05.2013",2013,5,10,"OULIMNIUS TUBERCULATUS",2
"EST_012_MZB_LO_8","EST_012_MZB_LO_8-10.05.2013","10.05.2013",2013,5,10,"PERLODES DISPAR",1
"EST_012_MZB_LO_8","EST_012_MZB_LO_8-10.05.2013","10.05.2013",2013,5,10,"PISIDIUM SP.",4
"EST_012_MZB_LO_8","EST_012_MZB_LO_8-10.05.2013","10.05.2013",2013,5,10,"RHYACOPHILA SP.",12
"EST_012_MZB_LO_8","EST_012_MZB_LO_8-10.05.2013","10.05.2013",2013,5,10,"SIMULIIDAE GEN. SP.",5
"EST_012_MZB_LO_8","EST_012_MZB_LO_8-14.05.2014","14.05.2014",2014,5,14,"ATHRIPSODES SP.",1
"EST_012_MZB_LO_8","EST_012_MZB_LO_8-14.05.2014","14.05.2014",2014,5,14,"BAETIS SP.",149
"EST_012_MZB_LO_8","EST_012_MZB_LO_8-14.05.2014","14.05.2014",2014,5,14,"CHIRONOMIDAE GEN. SP.",242
"EST_012_MZB_LO_8","EST_012_MZB_LO_8-14.05.2014","14.05.2014",2014,5,14,"DENDROCOELUM LACTEUM",1
"EST_012_MZB_LO_8","EST_012_MZB_LO_8-14.05.2014","14.05.2014",2014,5,14,"DICRANOTA SP.",3
"EST_012_MZB_LO_8","EST_012_MZB_LO_8-14.05.2014","14.05.2014",2014,5,14,"ELMIS AENEA",1
"EST_012_MZB_LO_8","EST_012_MZB_LO_8-14.05.2014","14.05.2014",2014,5,14,"ELODES SP.",1
"EST_012_MZB_LO_8","EST_012_MZB_LO_8-14.05.2014","14.05.2014",2014,5,14,"ELOEOPHILA SP.",1
"EST_012_MZB_LO_8","EST_012_MZB_LO_8-14.05.2014","14.05.2014",2014,5,14,"EPHEMERA VULGATA",1
"EST_012_MZB_LO_8","EST_012_MZB_LO_8-14.05.2014","14.05.2014",2014,5,14,"GAMMARIDAE GEN. SP.",122
"EST_012_MZB_LO_8","EST_012_MZB_LO_8-14.05.2014","14.05.2014",2014,5,14,"GOERA PILOSA",1
"EST_012_MZB_LO_8","EST_012_MZB_LO_8-14.05.2014","14.05.2014",2014,5,14,"HABROPHLEBIA FUSCA",20
"EST_012_MZB_LO_8","EST_012_MZB_LO_8-14.05.2014","14.05.2014",2014,5,14,"HEPTAGENIA SULPHUREA",76
"EST_012_MZB_LO_8","EST_012_MZB_LO_8-14.05.2014","14.05.2014",2014,5,14,"HYDROPSYCHE PELLUCIDULA",6
"EST_012_MZB_LO_8","EST_012_MZB_LO_8-14.05.2014","14.05.2014",2014,5,14,"HYDROPSYCHE SILTALAI",1
"EST_012_MZB_LO_8","EST_012_MZB_LO_8-14.05.2014","14.05.2014",2014,5,14,"KAGERONIA FUSCOGRISEA",3
"EST_012_MZB_LO_8","EST_012_MZB_LO_8-14.05.2014","14.05.2014",2014,5,14,"LEUCTRA SP.",2
"EST_012_MZB_LO_8","EST_012_MZB_LO_8-14.05.2014","14.05.2014",2014,5,14,"LIMNEPHILIDAE GEN. SP.",48
"EST_012_MZB_LO_8","EST_012_MZB_LO_8-14.05.2014","14.05.2014",2014,5,14,"LIMNIUS VOLCKMARI",3
"EST_012_MZB_LO_8","EST_012_MZB_LO_8-14.05.2014","14.05.2014",2014,5,14,"LIMNOPHORA SP.",1
"EST_012_MZB_LO_8","EST_012_MZB_LO_8-14.05.2014","14.05.2014",2014,5,14,"NEBRIOPORUS DEPRESSUS",2
"EST_012_MZB_LO_8","EST_012_MZB_LO_8-14.05.2014","14.05.2014",2014,5,14,"NEMOURIDAE GEN. SP.",143
"EST_012_MZB_LO_8","EST_012_MZB_LO_8-14.05.2014","14.05.2014",2014,5,14,"OLIGOCHAETA GEN. SP.",20
"EST_012_MZB_LO_8","EST_012_MZB_LO_8-14.05.2014","14.05.2014",2014,5,14,"ORECTOCHILUS VILLOSUS",1
"EST_012_MZB_LO_8","EST_012_MZB_LO_8-14.05.2014","14.05.2014",2014,5,14,"OULIMNIUS TUBERCULATUS",1
"EST_012_MZB_LO_8","EST_012_MZB_LO_8-14.05.2014","14.05.2014",2014,5,14,"PARALEPTOPHLEBIA SUBMARGINATA",3
"EST_012_MZB_LO_8","EST_012_MZB_LO_8-14.05.2014","14.05.2014",2014,5,14,"PERLODES DISPAR",1
"EST_012_MZB_LO_8","EST_012_MZB_LO_8-14.05.2014","14.05.2014",2014,5,14,"PISIDIUM SP.",3
"EST_012_MZB_LO_8","EST_012_MZB_LO_8-14.05.2014","14.05.2014",2014,5,14,"POLYCENTROPUS FLAVOMACULATUS SSP.",2
"EST_012_MZB_LO_8","EST_012_MZB_LO_8-14.05.2014","14.05.2014",2014,5,14,"PSYCHOMYIIDAE GEN. SP.",1
"EST_012_MZB_LO_8","EST_012_MZB_LO_8-14.05.2014","14.05.2014",2014,5,14,"RHYACOPHILA SP.",4
"EST_012_MZB_LO_8","EST_012_MZB_LO_8-14.05.2014","14.05.2014",2014,5,14,"SIPHLONURUS SP.",1
"EST_012_MZB_LO_8","EST_012_MZB_LO_8-17.05.2015","17.05.2015",2015,5,17,"ANCYLUS FLUVIATILIS",1
"EST_012_MZB_LO_8","EST_012_MZB_LO_8-17.05.2015","17.05.2015",2015,5,17,"ASELLUS AQUATICUS",1
"EST_012_MZB_LO_8","EST_012_MZB_LO_8-17.05.2015","17.05.2015",2015,5,17,"ATHRIPSODES SP.",4
"EST_012_MZB_LO_8","EST_012_MZB_LO_8-17.05.2015","17.05.2015",2015,5,17,"BAETIS SP.",19
"EST_012_MZB_LO_8","EST_012_MZB_LO_8-17.05.2015","17.05.2015",2015,5,17,"CENTROPTILUM LUTEOLUM",19
"EST_012_MZB_LO_8","EST_012_MZB_LO_8-17.05.2015","17.05.2015",2015,5,17,"CERATOPOGONIDAE GEN. SP.",5
"EST_012_MZB_LO_8","EST_012_MZB_LO_8-17.05.2015","17.05.2015",2015,5,17,"CHIRONOMIDAE GEN. SP.",36
"EST_012_MZB_LO_8","EST_012_MZB_LO_8-17.05.2015","17.05.2015",2015,5,17,"ELOEOPHILA SP.",2
"EST_012_MZB_LO_8","EST_012_MZB_LO_8-17.05.2015","17.05.2015",2015,5,17,"EPHEMERA DANICA",4
"EST_012_MZB_LO_8","EST_012_MZB_LO_8-17.05.2015","17.05.2015",2015,5,17,"EPHEMERA VULGATA",13
"EST_012_MZB_LO_8","EST_012_MZB_LO_8-17.05.2015","17.05.2015",2015,5,17,"ERPOBDELLA OCTOCULATA",5
"EST_012_MZB_LO_8","EST_012_MZB_LO_8-17.05.2015","17.05.2015",2015,5,17,"GAMMARIDAE GEN. SP.",68
"EST_012_MZB_LO_8","EST_012_MZB_LO_8-17.05.2015","17.05.2015",2015,5,17,"GERRIS SP.",1
"EST_012_MZB_LO_8","EST_012_MZB_LO_8-17.05.2015","17.05.2015",2015,5,17,"GLOSSIPHONIA SP.",1
"EST_012_MZB_LO_8","EST_012_MZB_LO_8-17.05.2015","17.05.2015",2015,5,17,"HABROPHLEBIA FUSCA",4
"EST_012_MZB_LO_8","EST_012_MZB_LO_8-17.05.2015","17.05.2015",2015,5,17,"HEPTAGENIA SULPHUREA",5
"EST_012_MZB_LO_8","EST_012_MZB_LO_8-17.05.2015","17.05.2015",2015,5,17,"HYDROPSYCHE PELLUCIDULA",6
"EST_012_MZB_LO_8","EST_012_MZB_LO_8-17.05.2015","17.05.2015",2015,5,17,"KAGERONIA FUSCOGRISEA",1
"EST_012_MZB_LO_8","EST_012_MZB_LO_8-17.05.2015","17.05.2015",2015,5,17,"LEPIDOSTOMA HIRTUM",1
"EST_012_MZB_LO_8","EST_012_MZB_LO_8-17.05.2015","17.05.2015",2015,5,17,"LIMNEPHILIDAE GEN. SP.",81
"EST_012_MZB_LO_8","EST_012_MZB_LO_8-17.05.2015","17.05.2015",2015,5,17,"LIMNIUS VOLCKMARI",2
"EST_012_MZB_LO_8","EST_012_MZB_LO_8-17.05.2015","17.05.2015",2015,5,17,"NEMOURIDAE GEN. SP.",24
"EST_012_MZB_LO_8","EST_012_MZB_LO_8-17.05.2015","17.05.2015",2015,5,17,"NOTONECTA GLAUCA SSP.",1
"EST_012_MZB_LO_8","EST_012_MZB_LO_8-17.05.2015","17.05.2015",2015,5,17,"OLIGOCHAETA GEN. SP.",16
"EST_012_MZB_LO_8","EST_012_MZB_LO_8-17.05.2015","17.05.2015",2015,5,17,"OULIMNIUS TUBERCULATUS",1
"EST_012_MZB_LO_8","EST_012_MZB_LO_8-17.05.2015","17.05.2015",2015,5,17,"PARALEPTOPHLEBIA SUBMARGINATA",3
"EST_012_MZB_LO_8","EST_012_MZB_LO_8-17.05.2015","17.05.2015",2015,5,17,"PISIDIUM SP.",36
"EST_012_MZB_LO_8","EST_012_MZB_LO_8-17.05.2015","17.05.2015",2015,5,17,"POLYCENTROPUS FLAVOMACULATUS SSP.",10
"EST_012_MZB_LO_8","EST_012_MZB_LO_8-17.05.2015","17.05.2015",2015,5,17,"RHYACOPHILA SP.",1
"EST_012_MZB_LO_8","EST_012_MZB_LO_8-17.05.2015","17.05.2015",2015,5,17,"SIALIS FULIGINOSA",3
"EST_012_MZB_LO_8","EST_012_MZB_LO_8-17.05.2015","17.05.2015",2015,5,17,"SIGARA SP.",3
"EST_012_MZB_LO_8","EST_012_MZB_LO_8-17.05.2015","17.05.2015",2015,5,17,"SIMULIIDAE GEN. SP.",8
"EST_012_MZB_LO_8","EST_012_MZB_LO_8-17.05.2015","17.05.2015",2015,5,17,"SPHAERIUM CORNEUM",2
"EST_012_MZB_LO_8","EST_012_MZB_LO_8-17.05.2016","17.05.2016",2016,5,17,"ATHRIPSODES SP.",4
"EST_012_MZB_LO_8","EST_012_MZB_LO_8-17.05.2016","17.05.2016",2016,5,17,"BAETIS SP.",19
"EST_012_MZB_LO_8","EST_012_MZB_LO_8-17.05.2016","17.05.2016",2016,5,17,"BRACHYCENTRUS SUBNUBILUS",1
"EST_012_MZB_LO_8","EST_012_MZB_LO_8-17.05.2016","17.05.2016",2016,5,17,"CAENIS LUCTUOSA",1
"EST_012_MZB_LO_8","EST_012_MZB_LO_8-17.05.2016","17.05.2016",2016,5,17,"CHIRONOMIDAE GEN. SP.",15
"EST_012_MZB_LO_8","EST_012_MZB_LO_8-17.05.2016","17.05.2016",2016,5,17,"DICRANOTA SP.",2
"EST_012_MZB_LO_8","EST_012_MZB_LO_8-17.05.2016","17.05.2016",2016,5,17,"ELMIS AENEA",10
"EST_012_MZB_LO_8","EST_012_MZB_LO_8-17.05.2016","17.05.2016",2016,5,17,"EPHEMERA DANICA",4
"EST_012_MZB_LO_8","EST_012_MZB_LO_8-17.05.2016","17.05.2016",2016,5,17,"ERPOBDELLA OCTOCULATA",1
"EST_012_MZB_LO_8","EST_012_MZB_LO_8-17.05.2016","17.05.2016",2016,5,17,"GAMMARIDAE GEN. SP.",78
"EST_012_MZB_LO_8","EST_012_MZB_LO_8-17.05.2016","17.05.2016",2016,5,17,"GERRIS SP.",1
"EST_012_MZB_LO_8","EST_012_MZB_LO_8-17.05.2016","17.05.2016",2016,5,17,"HABROPHLEBIA FUSCA",21
"EST_012_MZB_LO_8","EST_012_MZB_LO_8-17.05.2016","17.05.2016",2016,5,17,"HEPTAGENIA SULPHUREA",13
"EST_012_MZB_LO_8","EST_012_MZB_LO_8-17.05.2016","17.05.2016",2016,5,17,"HYDRACHNIDIA GEN. SP.",1
"EST_012_MZB_LO_8","EST_012_MZB_LO_8-17.05.2016","17.05.2016",2016,5,17,"HYDROPSYCHE PELLUCIDULA",1
"EST_012_MZB_LO_8","EST_012_MZB_LO_8-17.05.2016","17.05.2016",2016,5,17,"LEUCTRA SP.",1
"EST_012_MZB_LO_8","EST_012_MZB_LO_8-17.05.2016","17.05.2016",2016,5,17,"LIMNEPHILIDAE GEN. SP.",40
"EST_012_MZB_LO_8","EST_012_MZB_LO_8-17.05.2016","17.05.2016",2016,5,17,"LIMNIUS VOLCKMARI",6
"EST_012_MZB_LO_8","EST_012_MZB_LO_8-17.05.2016","17.05.2016",2016,5,17,"NEMOURIDAE GEN. SP.",5
"EST_012_MZB_LO_8","EST_012_MZB_LO_8-17.05.2016","17.05.2016",2016,5,17,"OLIGOCHAETA GEN. SP.",23
"EST_012_MZB_LO_8","EST_012_MZB_LO_8-17.05.2016","17.05.2016",2016,5,17,"ORECTOCHILUS VILLOSUS",1
"EST_012_MZB_LO_8","EST_012_MZB_LO_8-17.05.2016","17.05.2016",2016,5,17,"OULIMNIUS TUBERCULATUS",1
"EST_012_MZB_LO_8","EST_012_MZB_LO_8-17.05.2016","17.05.2016",2016,5,17,"PISIDIUM SP.",10
"EST_012_MZB_LO_8","EST_012_MZB_LO_8-17.05.2016","17.05.2016",2016,5,17,"PLECTROCNEMIA CONSPERSA SSP.",3
"EST_012_MZB_LO_8","EST_012_MZB_LO_8-17.05.2016","17.05.2016",2016,5,17,"POLYCENTROPUS FLAVOMACULATUS SSP.",5
"EST_012_MZB_LO_8","EST_012_MZB_LO_8-17.05.2016","17.05.2016",2016,5,17,"PTYCHOPTERA SP.",1
"EST_012_MZB_LO_8","EST_012_MZB_LO_8-17.05.2016","17.05.2016",2016,5,17,"SIALIS FULIGINOSA",1
"EST_012_MZB_LO_8","EST_012_MZB_LO_8-17.05.2016","17.05.2016",2016,5,17,"SIMULIIDAE GEN. SP.",6
"EST_012_MZB_LO_8","EST_012_MZB_LO_8-17.05.2017","17.05.2017",2017,5,17,"ATHRIPSODES SP.",5
"EST_012_MZB_LO_8","EST_012_MZB_LO_8-17.05.2017","17.05.2017",2017,5,17,"BAETIS SP.",131
"EST_012_MZB_LO_8","EST_012_MZB_LO_8-17.05.2017","17.05.2017",2017,5,17,"CENTROPTILUM LUTEOLUM",2
"EST_012_MZB_LO_8","EST_012_MZB_LO_8-17.05.2017","17.05.2017",2017,5,17,"CHIRONOMIDAE GEN. SP.",66
"EST_012_MZB_LO_8","EST_012_MZB_LO_8-17.05.2017","17.05.2017",2017,5,17,"DICRANOTA SP.",1
"EST_012_MZB_LO_8","EST_012_MZB_LO_8-17.05.2017","17.05.2017",2017,5,17,"ELOEOPHILA SP.",3
"EST_012_MZB_LO_8","EST_012_MZB_LO_8-17.05.2017","17.05.2017",2017,5,17,"EPHEMERA VULGATA",3
"EST_012_MZB_LO_8","EST_012_MZB_LO_8-17.05.2017","17.05.2017",2017,5,17,"GAMMARIDAE GEN. SP.",98
"EST_012_MZB_LO_8","EST_012_MZB_LO_8-17.05.2017","17.05.2017",2017,5,17,"GERRIS SP.",1
"EST_012_MZB_LO_8","EST_012_MZB_LO_8-17.05.2017","17.05.2017",2017,5,17,"HABROPHLEBIA FUSCA",2
"EST_012_MZB_LO_8","EST_012_MZB_LO_8-17.05.2017","17.05.2017",2017,5,17,"HEPTAGENIA SULPHUREA",3
"EST_012_MZB_LO_8","EST_012_MZB_LO_8-17.05.2017","17.05.2017",2017,5,17,"HYDROPSYCHE PELLUCIDULA",2
"EST_012_MZB_LO_8","EST_012_MZB_LO_8-17.05.2017","17.05.2017",2017,5,17,"ISOPERLA SP.",2
"EST_012_MZB_LO_8","EST_012_MZB_LO_8-17.05.2017","17.05.2017",2017,5,17,"KAGERONIA FUSCOGRISEA",5
"EST_012_MZB_LO_8","EST_012_MZB_LO_8-17.05.2017","17.05.2017",2017,5,17,"LIMNEPHILIDAE GEN. SP.",86
"EST_012_MZB_LO_8","EST_012_MZB_LO_8-17.05.2017","17.05.2017",2017,5,17,"LIMNIUS VOLCKMARI",6
"EST_012_MZB_LO_8","EST_012_MZB_LO_8-17.05.2017","17.05.2017",2017,5,17,"NEMOURIDAE GEN. SP.",48
"EST_012_MZB_LO_8","EST_012_MZB_LO_8-17.05.2017","17.05.2017",2017,5,17,"OLIGOCHAETA GEN. SP.",26
"EST_012_MZB_LO_8","EST_012_MZB_LO_8-17.05.2017","17.05.2017",2017,5,17,"ORECTOCHILUS VILLOSUS",1
"EST_012_MZB_LO_8","EST_012_MZB_LO_8-17.05.2017","17.05.2017",2017,5,17,"OULIMNIUS TUBERCULATUS",1
"EST_012_MZB_LO_8","EST_012_MZB_LO_8-17.05.2017","17.05.2017",2017,5,17,"PARALEPTOPHLEBIA SUBMARGINATA",8
"EST_012_MZB_LO_8","EST_012_MZB_LO_8-17.05.2017","17.05.2017",2017,5,17,"PISIDIUM SP.",6
"EST_012_MZB_LO_8","EST_012_MZB_LO_8-17.05.2017","17.05.2017",2017,5,17,"POLYCENTROPUS FLAVOMACULATUS SSP.",1
"EST_012_MZB_LO_8","EST_012_MZB_LO_8-17.05.2017","17.05.2017",2017,5,17,"PSYCHOMYIIDAE GEN. SP.",1
"EST_012_MZB_LO_8","EST_012_MZB_LO_8-17.05.2017","17.05.2017",2017,5,17,"RHYACOPHILA SP.",3
"EST_012_MZB_LO_8","EST_012_MZB_LO_8-17.05.2017","17.05.2017",2017,5,17,"SIALIS FULIGINOSA",1
"EST_012_MZB_LO_8","EST_012_MZB_LO_8-17.05.2017","17.05.2017",2017,5,17,"SIGARA SP.",3
"EST_012_MZB_LO_8","EST_012_MZB_LO_8-17.05.2017","17.05.2017",2017,5,17,"SIMULIIDAE GEN. SP.",3
"EST_012_MZB_LO_8","EST_012_MZB_LO_8-17.05.2017","17.05.2017",2017,5,17,"SPHAERIUM CORNEUM",3
"EST_012_MZB_LO_8","EST_012_MZB_LO_8-15.05.2018","15.05.2018",2018,5,15,"ANCYLUS FLUVIATILIS",1
"EST_012_MZB_LO_8","EST_012_MZB_LO_8-15.05.2018","15.05.2018",2018,5,15,"ASELLUS AQUATICUS",2
"EST_012_MZB_LO_8","EST_012_MZB_LO_8-15.05.2018","15.05.2018",2018,5,15,"ATHRIPSODES SP.",4
"EST_012_MZB_LO_8","EST_012_MZB_LO_8-15.05.2018","15.05.2018",2018,5,15,"BAETIS SP.",20
"EST_012_MZB_LO_8","EST_012_MZB_LO_8-15.05.2018","15.05.2018",2018,5,15,"CAENIS RIVULORUM",1
"EST_012_MZB_LO_8","EST_012_MZB_LO_8-15.05.2018","15.05.2018",2018,5,15,"CERATOPOGONIDAE GEN. SP.",1
"EST_012_MZB_LO_8","EST_012_MZB_LO_8-15.05.2018","15.05.2018",2018,5,15,"CHIRONOMIDAE GEN. SP.",22
"EST_012_MZB_LO_8","EST_012_MZB_LO_8-15.05.2018","15.05.2018",2018,5,15,"DICRANOTA SP.",3
"EST_012_MZB_LO_8","EST_012_MZB_LO_8-15.05.2018","15.05.2018",2018,5,15,"ELMIS AENEA",1
"EST_012_MZB_LO_8","EST_012_MZB_LO_8-15.05.2018","15.05.2018",2018,5,15,"ELOEOPHILA SP.",3
"EST_012_MZB_LO_8","EST_012_MZB_LO_8-15.05.2018","15.05.2018",2018,5,15,"EMPIDIDAE GEN. SP.",1
"EST_012_MZB_LO_8","EST_012_MZB_LO_8-15.05.2018","15.05.2018",2018,5,15,"EPHEMERA VULGATA",11
"EST_012_MZB_LO_8","EST_012_MZB_LO_8-15.05.2018","15.05.2018",2018,5,15,"GAMMARIDAE GEN. SP.",68
"EST_012_MZB_LO_8","EST_012_MZB_LO_8-15.05.2018","15.05.2018",2018,5,15,"GERRIS SP.",1
"EST_012_MZB_LO_8","EST_012_MZB_LO_8-15.05.2018","15.05.2018",2018,5,15,"GLOSSIPHONIA SP.",1
"EST_012_MZB_LO_8","EST_012_MZB_LO_8-15.05.2018","15.05.2018",2018,5,15,"HABROPHLEBIA FUSCA",9
"EST_012_MZB_LO_8","EST_012_MZB_LO_8-15.05.2018","15.05.2018",2018,5,15,"HEPTAGENIA SULPHUREA",10
"EST_012_MZB_LO_8","EST_012_MZB_LO_8-15.05.2018","15.05.2018",2018,5,15,"HYDROPSYCHE PELLUCIDULA",5
"EST_012_MZB_LO_8","EST_012_MZB_LO_8-15.05.2018","15.05.2018",2018,5,15,"KAGERONIA FUSCOGRISEA",1
"EST_012_MZB_LO_8","EST_012_MZB_LO_8-15.05.2018","15.05.2018",2018,5,15,"LIMNEPHILIDAE GEN. SP.",45
"EST_012_MZB_LO_8","EST_012_MZB_LO_8-15.05.2018","15.05.2018",2018,5,15,"LIMNIUS VOLCKMARI",4
"EST_012_MZB_LO_8","EST_012_MZB_LO_8-15.05.2018","15.05.2018",2018,5,15,"NEMATOMORPHA GEN. SP.",1
"EST_012_MZB_LO_8","EST_012_MZB_LO_8-15.05.2018","15.05.2018",2018,5,15,"NEMOURIDAE GEN. SP.",32
"EST_012_MZB_LO_8","EST_012_MZB_LO_8-15.05.2018","15.05.2018",2018,5,15,"OLIGOCHAETA GEN. SP.",8
"EST_012_MZB_LO_8","EST_012_MZB_LO_8-15.05.2018","15.05.2018",2018,5,15,"ORECTOCHILUS VILLOSUS",1
"EST_012_MZB_LO_8","EST_012_MZB_LO_8-15.05.2018","15.05.2018",2018,5,15,"OULIMNIUS TUBERCULATUS",2
"EST_012_MZB_LO_8","EST_012_MZB_LO_8-15.05.2018","15.05.2018",2018,5,15,"PISIDIUM SP.",8
"EST_012_MZB_LO_8","EST_012_MZB_LO_8-15.05.2018","15.05.2018",2018,5,15,"PSYCHOMYIIDAE GEN. SP.",2
"EST_012_MZB_LO_8","EST_012_MZB_LO_8-15.05.2018","15.05.2018",2018,5,15,"RHYACOPHILA SP.",1
"EST_012_MZB_LO_8","EST_012_MZB_LO_8-15.05.2018","15.05.2018",2018,5,15,"SIALIS FULIGINOSA",3
"EST_012_MZB_LO_8","EST_012_MZB_LO_8-15.05.2018","15.05.2018",2018,5,15,"SPHAERIUM CORNEUM",6
"EST_012_MZB_LO_8","EST_012_MZB_LO_8-07.05.2019","07.05.2019",2019,5,7,"AMPULLACEANA BALTHICA",1
"EST_012_MZB_LO_8","EST_012_MZB_LO_8-07.05.2019","07.05.2019",2019,5,7,"ASELLUS AQUATICUS",1
"EST_012_MZB_LO_8","EST_012_MZB_LO_8-07.05.2019","07.05.2019",2019,5,7,"ATHRIPSODES SP.",3
"EST_012_MZB_LO_8","EST_012_MZB_LO_8-07.05.2019","07.05.2019",2019,5,7,"BAETIS SP.",18
"EST_012_MZB_LO_8","EST_012_MZB_LO_8-07.05.2019","07.05.2019",2019,5,7,"CENTROPTILUM LUTEOLUM",1
"EST_012_MZB_LO_8","EST_012_MZB_LO_8-07.05.2019","07.05.2019",2019,5,7,"CHIRONOMIDAE GEN. SP.",53
"EST_012_MZB_LO_8","EST_012_MZB_LO_8-07.05.2019","07.05.2019",2019,5,7,"DICRANOTA SP.",5
"EST_012_MZB_LO_8","EST_012_MZB_LO_8-07.05.2019","07.05.2019",2019,5,7,"ELOEOPHILA SP.",2
"EST_012_MZB_LO_8","EST_012_MZB_LO_8-07.05.2019","07.05.2019",2019,5,7,"EMPIDIDAE GEN. SP.",1
"EST_012_MZB_LO_8","EST_012_MZB_LO_8-07.05.2019","07.05.2019",2019,5,7,"EPHEMERA VULGATA",9
"EST_012_MZB_LO_8","EST_012_MZB_LO_8-07.05.2019","07.05.2019",2019,5,7,"ERPOBDELLA OCTOCULATA",2
"EST_012_MZB_LO_8","EST_012_MZB_LO_8-07.05.2019","07.05.2019",2019,5,7,"GAMMARIDAE GEN. SP.",89
"EST_012_MZB_LO_8","EST_012_MZB_LO_8-07.05.2019","07.05.2019",2019,5,7,"GLOSSIPHONIA SP.",1
"EST_012_MZB_LO_8","EST_012_MZB_LO_8-07.05.2019","07.05.2019",2019,5,7,"GOERA PILOSA",1
"EST_012_MZB_LO_8","EST_012_MZB_LO_8-07.05.2019","07.05.2019",2019,5,7,"HABROPHLEBIA FUSCA",4
"EST_012_MZB_LO_8","EST_012_MZB_LO_8-07.05.2019","07.05.2019",2019,5,7,"HEPTAGENIA SULPHUREA",12
"EST_012_MZB_LO_8","EST_012_MZB_LO_8-07.05.2019","07.05.2019",2019,5,7,"HYDROPSYCHE PELLUCIDULA",4
"EST_012_MZB_LO_8","EST_012_MZB_LO_8-07.05.2019","07.05.2019",2019,5,7,"KAGERONIA FUSCOGRISEA",1
"EST_012_MZB_LO_8","EST_012_MZB_LO_8-07.05.2019","07.05.2019",2019,5,7,"LEPIDOSTOMA HIRTUM",2
"EST_012_MZB_LO_8","EST_012_MZB_LO_8-07.05.2019","07.05.2019",2019,5,7,"LIMNEPHILIDAE GEN. SP.",70
"EST_012_MZB_LO_8","EST_012_MZB_LO_8-07.05.2019","07.05.2019",2019,5,7,"LIMNIUS VOLCKMARI",6
"EST_012_MZB_LO_8","EST_012_MZB_LO_8-07.05.2019","07.05.2019",2019,5,7,"LYMNAEA STAGNALIS",1
"EST_012_MZB_LO_8","EST_012_MZB_LO_8-07.05.2019","07.05.2019",2019,5,7,"MYSTACIDES SP.",1
"EST_012_MZB_LO_8","EST_012_MZB_LO_8-07.05.2019","07.05.2019",2019,5,7,"NEMOURIDAE GEN. SP.",96
"EST_012_MZB_LO_8","EST_012_MZB_LO_8-07.05.2019","07.05.2019",2019,5,7,"NOTONECTA GLAUCA SSP.",1
"EST_012_MZB_LO_8","EST_012_MZB_LO_8-07.05.2019","07.05.2019",2019,5,7,"OLIGOCHAETA GEN. SP.",11
"EST_012_MZB_LO_8","EST_012_MZB_LO_8-07.05.2019","07.05.2019",2019,5,7,"ORECTOCHILUS VILLOSUS",1
"EST_012_MZB_LO_8","EST_012_MZB_LO_8-07.05.2019","07.05.2019",2019,5,7,"PARALEPTOPHLEBIA SUBMARGINATA",3
"EST_012_MZB_LO_8","EST_012_MZB_LO_8-07.05.2019","07.05.2019",2019,5,7,"PISIDIUM SP.",2
"EST_012_MZB_LO_8","EST_012_MZB_LO_8-07.05.2019","07.05.2019",2019,5,7,"POLYCENTROPUS FLAVOMACULATUS SSP.",1
"EST_012_MZB_LO_8","EST_012_MZB_LO_8-07.05.2019","07.05.2019",2019,5,7,"RHYACOPHILA SP.",1
"EST_012_MZB_LO_8","EST_012_MZB_LO_8-07.05.2019","07.05.2019",2019,5,7,"SIALIS FULIGINOSA",1
"EST_012_MZB_LO_8","EST_012_MZB_LO_8-07.05.2019","07.05.2019",2019,5,7,"SIGARA SP.",1
"EST_012_MZB_LO_8","EST_012_MZB_LO_8-07.05.2019","07.05.2019",2019,5,7,"SIMULIIDAE GEN. SP.",2
