"Unique.ID","Samp.ID","Sampling.date","year","month","day","Taxon.name","Abundance"
"FRA_014_MZB_LO_1","FRA_014_MZB_LO_1-18.03.1999","18.03.1999",1999,3,18,"ASELLIDAE GEN. SP.",6
"FRA_014_MZB_LO_1","FRA_014_MZB_LO_1-18.03.1999","18.03.1999",1999,3,18,"CERATOPOGONIDAE GEN. SP.",2
"FRA_014_MZB_LO_1","FRA_014_MZB_LO_1-18.03.1999","18.03.1999",1999,3,18,"CHIRONOMIDAE GEN. SP.",316
"FRA_014_MZB_LO_1","FRA_014_MZB_LO_1-18.03.1999","18.03.1999",1999,3,18,"CORBICULA SP.",8
"FRA_014_MZB_LO_1","FRA_014_MZB_LO_1-18.03.1999","18.03.1999",1999,3,18,"DUGESIA SP.",40
"FRA_014_MZB_LO_1","FRA_014_MZB_LO_1-18.03.1999","18.03.1999",1999,3,18,"ELMIS SP.",2
"FRA_014_MZB_LO_1","FRA_014_MZB_LO_1-18.03.1999","18.03.1999",1999,3,18,"ERPOBDELLIDAE GEN. SP.",10
"FRA_014_MZB_LO_1","FRA_014_MZB_LO_1-18.03.1999","18.03.1999",1999,3,18,"ESOLUS SP.",24
"FRA_014_MZB_LO_1","FRA_014_MZB_LO_1-18.03.1999","18.03.1999",1999,3,18,"GAMMARIDAE GEN. SP.",3538
"FRA_014_MZB_LO_1","FRA_014_MZB_LO_1-18.03.1999","18.03.1999",1999,3,18,"HALIPLUS SP.",2
"FRA_014_MZB_LO_1","FRA_014_MZB_LO_1-18.03.1999","18.03.1999",1999,3,18,"HYDROPTILA SP.",6
"FRA_014_MZB_LO_1","FRA_014_MZB_LO_1-18.03.1999","18.03.1999",1999,3,18,"LIMNIUS SP.",2
"FRA_014_MZB_LO_1","FRA_014_MZB_LO_1-18.03.1999","18.03.1999",1999,3,18,"OLIGOCHAETA GEN. SP.",222
"FRA_014_MZB_LO_1","FRA_014_MZB_LO_1-18.03.1999","18.03.1999",1999,3,18,"PHYSELLA ACUTA",2
"FRA_014_MZB_LO_1","FRA_014_MZB_LO_1-18.03.1999","18.03.1999",1999,3,18,"PISCICOLA GEOMETRA",2
"FRA_014_MZB_LO_1","FRA_014_MZB_LO_1-18.03.1999","18.03.1999",1999,3,18,"PISIDIUM SP.",6
"FRA_014_MZB_LO_1","FRA_014_MZB_LO_1-18.03.1999","18.03.1999",1999,3,18,"POLYCELIS SP.",2
"FRA_014_MZB_LO_1","FRA_014_MZB_LO_1-18.03.1999","18.03.1999",1999,3,18,"POTAMANTHUS LUTEUS",2
"FRA_014_MZB_LO_1","FRA_014_MZB_LO_1-18.03.1999","18.03.1999",1999,3,18,"PSYCHODIDAE GEN. SP.",2
"FRA_014_MZB_LO_1","FRA_014_MZB_LO_1-18.03.1999","18.03.1999",1999,3,18,"SIMULIIDAE GEN. SP.",6
"FRA_014_MZB_LO_1","FRA_014_MZB_LO_1-18.03.1999","18.03.1999",1999,3,18,"TIPULIDAE GEN. SP.",2
"FRA_014_MZB_LO_1","FRA_014_MZB_LO_1-15.02.2000","15.02.2000",2000,2,15,"ASELLIDAE GEN. SP.",2
"FRA_014_MZB_LO_1","FRA_014_MZB_LO_1-15.02.2000","15.02.2000",2000,2,15,"ATHERIX IBIS",1
"FRA_014_MZB_LO_1","FRA_014_MZB_LO_1-15.02.2000","15.02.2000",2000,2,15,"BAETIDAE GEN. SP.",2
"FRA_014_MZB_LO_1","FRA_014_MZB_LO_1-15.02.2000","15.02.2000",2000,2,15,"CALOPTERYX SP.",2
"FRA_014_MZB_LO_1","FRA_014_MZB_LO_1-15.02.2000","15.02.2000",2000,2,15,"CHIRONOMIDAE GEN. SP.",71
"FRA_014_MZB_LO_1","FRA_014_MZB_LO_1-15.02.2000","15.02.2000",2000,2,15,"DUGESIA SP.",8
"FRA_014_MZB_LO_1","FRA_014_MZB_LO_1-15.02.2000","15.02.2000",2000,2,15,"ERPOBDELLIDAE GEN. SP.",1
"FRA_014_MZB_LO_1","FRA_014_MZB_LO_1-15.02.2000","15.02.2000",2000,2,15,"ESOLUS SP.",2
"FRA_014_MZB_LO_1","FRA_014_MZB_LO_1-15.02.2000","15.02.2000",2000,2,15,"GAMMARIDAE GEN. SP.",3918
"FRA_014_MZB_LO_1","FRA_014_MZB_LO_1-15.02.2000","15.02.2000",2000,2,15,"HEPTAGENIA SP.",3
"FRA_014_MZB_LO_1","FRA_014_MZB_LO_1-15.02.2000","15.02.2000",2000,2,15,"HYDROPSYCHE SP.",3
"FRA_014_MZB_LO_1","FRA_014_MZB_LO_1-15.02.2000","15.02.2000",2000,2,15,"LEUCTRA SP.",1
"FRA_014_MZB_LO_1","FRA_014_MZB_LO_1-15.02.2000","15.02.2000",2000,2,15,"LIMNEPHILIDAE GEN. SP.",4
"FRA_014_MZB_LO_1","FRA_014_MZB_LO_1-15.02.2000","15.02.2000",2000,2,15,"LIMNIUS SP.",1
"FRA_014_MZB_LO_1","FRA_014_MZB_LO_1-15.02.2000","15.02.2000",2000,2,15,"MACRONYCHUS QUADRITUBERCULATUS",3
"FRA_014_MZB_LO_1","FRA_014_MZB_LO_1-15.02.2000","15.02.2000",2000,2,15,"NEMOURA SP.",2
"FRA_014_MZB_LO_1","FRA_014_MZB_LO_1-15.02.2000","15.02.2000",2000,2,15,"OLIGOCHAETA GEN. SP.",14
"FRA_014_MZB_LO_1","FRA_014_MZB_LO_1-15.02.2000","15.02.2000",2000,2,15,"ORECTOCHILUS VILLOSUS",1
"FRA_014_MZB_LO_1","FRA_014_MZB_LO_1-15.02.2000","15.02.2000",2000,2,15,"PISCICOLA GEOMETRA",1
"FRA_014_MZB_LO_1","FRA_014_MZB_LO_1-15.02.2000","15.02.2000",2000,2,15,"SIMULIIDAE GEN. SP.",52
"FRA_014_MZB_LO_1","FRA_014_MZB_LO_1-15.02.2000","15.02.2000",2000,2,15,"TIPULIDAE GEN. SP.",1
"FRA_014_MZB_LO_1","FRA_014_MZB_LO_1-15.02.2001","15.02.2001",2001,2,15,"ASELLIDAE GEN. SP.",2
"FRA_014_MZB_LO_1","FRA_014_MZB_LO_1-15.02.2001","15.02.2001",2001,2,15,"ATHERIX IBIS",2
"FRA_014_MZB_LO_1","FRA_014_MZB_LO_1-15.02.2001","15.02.2001",2001,2,15,"BAETIDAE GEN. SP.",6
"FRA_014_MZB_LO_1","FRA_014_MZB_LO_1-15.02.2001","15.02.2001",2001,2,15,"CHIRONOMIDAE GEN. SP.",29
"FRA_014_MZB_LO_1","FRA_014_MZB_LO_1-15.02.2001","15.02.2001",2001,2,15,"DENDROCOELUM SP.",6
"FRA_014_MZB_LO_1","FRA_014_MZB_LO_1-15.02.2001","15.02.2001",2001,2,15,"DRYOPS SP.",1
"FRA_014_MZB_LO_1","FRA_014_MZB_LO_1-15.02.2001","15.02.2001",2001,2,15,"DUGESIA SP.",18
"FRA_014_MZB_LO_1","FRA_014_MZB_LO_1-15.02.2001","15.02.2001",2001,2,15,"ESOLUS SP.",2
"FRA_014_MZB_LO_1","FRA_014_MZB_LO_1-15.02.2001","15.02.2001",2001,2,15,"GAMMARIDAE GEN. SP.",3427
"FRA_014_MZB_LO_1","FRA_014_MZB_LO_1-15.02.2001","15.02.2001",2001,2,15,"HEPTAGENIA SP.",3
"FRA_014_MZB_LO_1","FRA_014_MZB_LO_1-15.02.2001","15.02.2001",2001,2,15,"HYDROPSYCHE SP.",2
"FRA_014_MZB_LO_1","FRA_014_MZB_LO_1-15.02.2001","15.02.2001",2001,2,15,"MACRONYCHUS QUADRITUBERCULATUS",1
"FRA_014_MZB_LO_1","FRA_014_MZB_LO_1-15.02.2001","15.02.2001",2001,2,15,"NEMOURA SP.",1
"FRA_014_MZB_LO_1","FRA_014_MZB_LO_1-15.02.2001","15.02.2001",2001,2,15,"OLIGOCHAETA GEN. SP.",24
"FRA_014_MZB_LO_1","FRA_014_MZB_LO_1-15.02.2001","15.02.2001",2001,2,15,"PISCICOLA GEOMETRA",1
"FRA_014_MZB_LO_1","FRA_014_MZB_LO_1-15.02.2001","15.02.2001",2001,2,15,"POTAMOPYRGUS ANTIPODARUM",1
"FRA_014_MZB_LO_1","FRA_014_MZB_LO_1-15.02.2001","15.02.2001",2001,2,15,"SIMULIIDAE GEN. SP.",23
"FRA_014_MZB_LO_1","FRA_014_MZB_LO_1-15.02.2001","15.02.2001",2001,2,15,"THEODOXUS FLUVIATILIS SSP.",6
"FRA_014_MZB_LO_1","FRA_014_MZB_LO_1-27.02.2002","27.02.2002",2002,2,27,"BAETIDAE GEN. SP.",1
"FRA_014_MZB_LO_1","FRA_014_MZB_LO_1-27.02.2002","27.02.2002",2002,2,27,"CHIRONOMIDAE GEN. SP.",426
"FRA_014_MZB_LO_1","FRA_014_MZB_LO_1-27.02.2002","27.02.2002",2002,2,27,"DENDROCOELUM SP.",1
"FRA_014_MZB_LO_1","FRA_014_MZB_LO_1-27.02.2002","27.02.2002",2002,2,27,"DOLICHOPODIDAE GEN. SP.",3
"FRA_014_MZB_LO_1","FRA_014_MZB_LO_1-27.02.2002","27.02.2002",2002,2,27,"DUGESIA SP.",11
"FRA_014_MZB_LO_1","FRA_014_MZB_LO_1-27.02.2002","27.02.2002",2002,2,27,"ELMIS SP.",1
"FRA_014_MZB_LO_1","FRA_014_MZB_LO_1-27.02.2002","27.02.2002",2002,2,27,"ESOLUS SP.",2
"FRA_014_MZB_LO_1","FRA_014_MZB_LO_1-27.02.2002","27.02.2002",2002,2,27,"GAMMARIDAE GEN. SP.",634
"FRA_014_MZB_LO_1","FRA_014_MZB_LO_1-27.02.2002","27.02.2002",2002,2,27,"HEPTAGENIA SP.",8
"FRA_014_MZB_LO_1","FRA_014_MZB_LO_1-27.02.2002","27.02.2002",2002,2,27,"HYDRA SP.",3
"FRA_014_MZB_LO_1","FRA_014_MZB_LO_1-27.02.2002","27.02.2002",2002,2,27,"HYDRACHNIDAE GEN. SP.",2
"FRA_014_MZB_LO_1","FRA_014_MZB_LO_1-27.02.2002","27.02.2002",2002,2,27,"HYDROPSYCHE SP.",3
"FRA_014_MZB_LO_1","FRA_014_MZB_LO_1-27.02.2002","27.02.2002",2002,2,27,"LEUCTRA SP.",1
"FRA_014_MZB_LO_1","FRA_014_MZB_LO_1-27.02.2002","27.02.2002",2002,2,27,"NEMERTEA GEN. SP.",1
"FRA_014_MZB_LO_1","FRA_014_MZB_LO_1-27.02.2002","27.02.2002",2002,2,27,"OLIGOCHAETA GEN. SP.",43
"FRA_014_MZB_LO_1","FRA_014_MZB_LO_1-27.02.2002","27.02.2002",2002,2,27,"POTAMOPYRGUS ANTIPODARUM",11
"FRA_014_MZB_LO_1","FRA_014_MZB_LO_1-27.02.2002","27.02.2002",2002,2,27,"SIMULIIDAE GEN. SP.",3
"FRA_014_MZB_LO_1","FRA_014_MZB_LO_1-27.02.2002","27.02.2002",2002,2,27,"STRATIOMYIDAE GEN. SP.",3
"FRA_014_MZB_LO_1","FRA_014_MZB_LO_1-23.04.2003","23.04.2003",2003,4,23,"BAETIDAE GEN. SP.",1
"FRA_014_MZB_LO_1","FRA_014_MZB_LO_1-23.04.2003","23.04.2003",2003,4,23,"CERATOPOGONIDAE GEN. SP.",1
"FRA_014_MZB_LO_1","FRA_014_MZB_LO_1-23.04.2003","23.04.2003",2003,4,23,"CHIRONOMIDAE GEN. SP.",711
"FRA_014_MZB_LO_1","FRA_014_MZB_LO_1-23.04.2003","23.04.2003",2003,4,23,"DENDROCOELUM SP.",2
"FRA_014_MZB_LO_1","FRA_014_MZB_LO_1-23.04.2003","23.04.2003",2003,4,23,"DUGESIA SP.",219
"FRA_014_MZB_LO_1","FRA_014_MZB_LO_1-23.04.2003","23.04.2003",2003,4,23,"ERPOBDELLIDAE GEN. SP.",1
"FRA_014_MZB_LO_1","FRA_014_MZB_LO_1-23.04.2003","23.04.2003",2003,4,23,"GAMMARIDAE GEN. SP.",30630
"FRA_014_MZB_LO_1","FRA_014_MZB_LO_1-23.04.2003","23.04.2003",2003,4,23,"GLOSSIPHONIA SP.",1
"FRA_014_MZB_LO_1","FRA_014_MZB_LO_1-23.04.2003","23.04.2003",2003,4,23,"HEPTAGENIA SP.",2
"FRA_014_MZB_LO_1","FRA_014_MZB_LO_1-23.04.2003","23.04.2003",2003,4,23,"NEMATODA GEN. SP.",3
"FRA_014_MZB_LO_1","FRA_014_MZB_LO_1-23.04.2003","23.04.2003",2003,4,23,"OLIGOCHAETA GEN. SP.",24
"FRA_014_MZB_LO_1","FRA_014_MZB_LO_1-23.04.2003","23.04.2003",2003,4,23,"PISCICOLA GEOMETRA",2
"FRA_014_MZB_LO_1","FRA_014_MZB_LO_1-23.04.2003","23.04.2003",2003,4,23,"SERRATELLA IGNITA",17
"FRA_014_MZB_LO_1","FRA_014_MZB_LO_1-23.04.2003","23.04.2003",2003,4,23,"THEODOXUS FLUVIATILIS SSP.",5
"FRA_014_MZB_LO_1","FRA_014_MZB_LO_1-26.02.2004","26.02.2004",2004,2,26,"ASELLIDAE GEN. SP.",6
"FRA_014_MZB_LO_1","FRA_014_MZB_LO_1-26.02.2004","26.02.2004",2004,2,26,"ATHERIX IBIS",1
"FRA_014_MZB_LO_1","FRA_014_MZB_LO_1-26.02.2004","26.02.2004",2004,2,26,"BAETIDAE GEN. SP.",1
"FRA_014_MZB_LO_1","FRA_014_MZB_LO_1-26.02.2004","26.02.2004",2004,2,26,"CALOPTERYX SP.",3
"FRA_014_MZB_LO_1","FRA_014_MZB_LO_1-26.02.2004","26.02.2004",2004,2,26,"CHIRONOMIDAE GEN. SP.",109
"FRA_014_MZB_LO_1","FRA_014_MZB_LO_1-26.02.2004","26.02.2004",2004,2,26,"CORBICULA SP.",90
"FRA_014_MZB_LO_1","FRA_014_MZB_LO_1-26.02.2004","26.02.2004",2004,2,26,"CORIXIDAE GEN. SP.",5
"FRA_014_MZB_LO_1","FRA_014_MZB_LO_1-26.02.2004","26.02.2004",2004,2,26,"DENDROCOELUM SP.",3
"FRA_014_MZB_LO_1","FRA_014_MZB_LO_1-26.02.2004","26.02.2004",2004,2,26,"EPHEMERA SP.",3
"FRA_014_MZB_LO_1","FRA_014_MZB_LO_1-26.02.2004","26.02.2004",2004,2,26,"ERPOBDELLIDAE GEN. SP.",1
"FRA_014_MZB_LO_1","FRA_014_MZB_LO_1-26.02.2004","26.02.2004",2004,2,26,"ESOLUS SP.",1
"FRA_014_MZB_LO_1","FRA_014_MZB_LO_1-26.02.2004","26.02.2004",2004,2,26,"GAMMARIDAE GEN. SP.",2163
"FRA_014_MZB_LO_1","FRA_014_MZB_LO_1-26.02.2004","26.02.2004",2004,2,26,"HEPTAGENIA SP.",1
"FRA_014_MZB_LO_1","FRA_014_MZB_LO_1-26.02.2004","26.02.2004",2004,2,26,"HYDRACHNIDAE GEN. SP.",7
"FRA_014_MZB_LO_1","FRA_014_MZB_LO_1-26.02.2004","26.02.2004",2004,2,26,"HYDROPSYCHE SP.",6
"FRA_014_MZB_LO_1","FRA_014_MZB_LO_1-26.02.2004","26.02.2004",2004,2,26,"LIMNEPHILIDAE GEN. SP.",1
"FRA_014_MZB_LO_1","FRA_014_MZB_LO_1-26.02.2004","26.02.2004",2004,2,26,"MACRONYCHUS QUADRITUBERCULATUS",1
"FRA_014_MZB_LO_1","FRA_014_MZB_LO_1-26.02.2004","26.02.2004",2004,2,26,"NEURECLIPSIS BIMACULATA",4
"FRA_014_MZB_LO_1","FRA_014_MZB_LO_1-26.02.2004","26.02.2004",2004,2,26,"OLIGOCHAETA GEN. SP.",601
"FRA_014_MZB_LO_1","FRA_014_MZB_LO_1-26.02.2004","26.02.2004",2004,2,26,"PISIDIUM SP.",1
"FRA_014_MZB_LO_1","FRA_014_MZB_LO_1-26.02.2004","26.02.2004",2004,2,26,"PLATAMBUS MACULATUS",1
"FRA_014_MZB_LO_1","FRA_014_MZB_LO_1-26.02.2004","26.02.2004",2004,2,26,"PLATYCNEMIS SP.",1
"FRA_014_MZB_LO_1","FRA_014_MZB_LO_1-26.02.2004","26.02.2004",2004,2,26,"POLYCELIS SP.",1
"FRA_014_MZB_LO_1","FRA_014_MZB_LO_1-26.02.2004","26.02.2004",2004,2,26,"POTAMANTHUS LUTEUS",2
"FRA_014_MZB_LO_1","FRA_014_MZB_LO_1-26.02.2004","26.02.2004",2004,2,26,"POTAMOPYRGUS ANTIPODARUM",1
"FRA_014_MZB_LO_1","FRA_014_MZB_LO_1-26.02.2004","26.02.2004",2004,2,26,"SIMULIIDAE GEN. SP.",1
"FRA_014_MZB_LO_1","FRA_014_MZB_LO_1-26.02.2004","26.02.2004",2004,2,26,"THEODOXUS FLUVIATILIS SSP.",2
"FRA_014_MZB_LO_1","FRA_014_MZB_LO_1-24.02.2005","24.02.2005",2005,2,24,"ATHERIX IBIS",2
"FRA_014_MZB_LO_1","FRA_014_MZB_LO_1-24.02.2005","24.02.2005",2005,2,24,"BAETIDAE GEN. SP.",1
"FRA_014_MZB_LO_1","FRA_014_MZB_LO_1-24.02.2005","24.02.2005",2005,2,24,"CHIRONOMIDAE GEN. SP.",88
"FRA_014_MZB_LO_1","FRA_014_MZB_LO_1-24.02.2005","24.02.2005",2005,2,24,"CORBICULA SP.",121
"FRA_014_MZB_LO_1","FRA_014_MZB_LO_1-24.02.2005","24.02.2005",2005,2,24,"CORIXIDAE GEN. SP.",1
"FRA_014_MZB_LO_1","FRA_014_MZB_LO_1-24.02.2005","24.02.2005",2005,2,24,"DUGESIA SP.",4
"FRA_014_MZB_LO_1","FRA_014_MZB_LO_1-24.02.2005","24.02.2005",2005,2,24,"FERRISSIA CLESSINIANA",1
"FRA_014_MZB_LO_1","FRA_014_MZB_LO_1-24.02.2005","24.02.2005",2005,2,24,"GAMMARIDAE GEN. SP.",3240
"FRA_014_MZB_LO_1","FRA_014_MZB_LO_1-24.02.2005","24.02.2005",2005,2,24,"HEPTAGENIA SP.",4
"FRA_014_MZB_LO_1","FRA_014_MZB_LO_1-24.02.2005","24.02.2005",2005,2,24,"HIPPEUTIS COMPLANATUS",1
"FRA_014_MZB_LO_1","FRA_014_MZB_LO_1-24.02.2005","24.02.2005",2005,2,24,"HYDRACHNIDAE GEN. SP.",2
"FRA_014_MZB_LO_1","FRA_014_MZB_LO_1-24.02.2005","24.02.2005",2005,2,24,"LIMNEPHILIDAE GEN. SP.",1
"FRA_014_MZB_LO_1","FRA_014_MZB_LO_1-24.02.2005","24.02.2005",2005,2,24,"LIMNIUS SP.",1
"FRA_014_MZB_LO_1","FRA_014_MZB_LO_1-24.02.2005","24.02.2005",2005,2,24,"MACRONYCHUS QUADRITUBERCULATUS",1
"FRA_014_MZB_LO_1","FRA_014_MZB_LO_1-24.02.2005","24.02.2005",2005,2,24,"NEMERTEA GEN. SP.",4
"FRA_014_MZB_LO_1","FRA_014_MZB_LO_1-24.02.2005","24.02.2005",2005,2,24,"NEMOURA SP.",3
"FRA_014_MZB_LO_1","FRA_014_MZB_LO_1-24.02.2005","24.02.2005",2005,2,24,"OLIGOCHAETA GEN. SP.",149
"FRA_014_MZB_LO_1","FRA_014_MZB_LO_1-24.02.2005","24.02.2005",2005,2,24,"PISIDIUM SP.",18
"FRA_014_MZB_LO_1","FRA_014_MZB_LO_1-24.02.2005","24.02.2005",2005,2,24,"POLYCENTROPUS FLAVOMACULATUS SSP.",1
"FRA_014_MZB_LO_1","FRA_014_MZB_LO_1-24.02.2005","24.02.2005",2005,2,24,"POTAMOPYRGUS ANTIPODARUM",1
"FRA_014_MZB_LO_1","FRA_014_MZB_LO_1-24.02.2005","24.02.2005",2005,2,24,"RADIX AURICULARIA",1
"FRA_014_MZB_LO_1","FRA_014_MZB_LO_1-24.02.2005","24.02.2005",2005,2,24,"SETODES SP.",1
"FRA_014_MZB_LO_1","FRA_014_MZB_LO_1-24.02.2005","24.02.2005",2005,2,24,"SIMULIIDAE GEN. SP.",3
"FRA_014_MZB_LO_1","FRA_014_MZB_LO_1-24.02.2005","24.02.2005",2005,2,24,"SPHAERIUM CORNEUM",1
"FRA_014_MZB_LO_1","FRA_014_MZB_LO_1-22.02.2006","22.02.2006",2006,2,22,"BAETIDAE GEN. SP.",1
"FRA_014_MZB_LO_1","FRA_014_MZB_LO_1-22.02.2006","22.02.2006",2006,2,22,"CERATOPOGONIDAE GEN. SP.",1
"FRA_014_MZB_LO_1","FRA_014_MZB_LO_1-22.02.2006","22.02.2006",2006,2,22,"CHIRONOMIDAE GEN. SP.",261
"FRA_014_MZB_LO_1","FRA_014_MZB_LO_1-22.02.2006","22.02.2006",2006,2,22,"CORBICULA SP.",65
"FRA_014_MZB_LO_1","FRA_014_MZB_LO_1-22.02.2006","22.02.2006",2006,2,22,"DENDROCOELUM SP.",1
"FRA_014_MZB_LO_1","FRA_014_MZB_LO_1-22.02.2006","22.02.2006",2006,2,22,"DUGESIA SP.",7
"FRA_014_MZB_LO_1","FRA_014_MZB_LO_1-22.02.2006","22.02.2006",2006,2,22,"ESOLUS SP.",4
"FRA_014_MZB_LO_1","FRA_014_MZB_LO_1-22.02.2006","22.02.2006",2006,2,22,"GAMMARIDAE GEN. SP.",7969
"FRA_014_MZB_LO_1","FRA_014_MZB_LO_1-22.02.2006","22.02.2006",2006,2,22,"GOMPHUS SP.",2
"FRA_014_MZB_LO_1","FRA_014_MZB_LO_1-22.02.2006","22.02.2006",2006,2,22,"GYRAULUS SP.",1
"FRA_014_MZB_LO_1","FRA_014_MZB_LO_1-22.02.2006","22.02.2006",2006,2,22,"HEPTAGENIA SP.",6
"FRA_014_MZB_LO_1","FRA_014_MZB_LO_1-22.02.2006","22.02.2006",2006,2,22,"HYDRA SP.",2
"FRA_014_MZB_LO_1","FRA_014_MZB_LO_1-22.02.2006","22.02.2006",2006,2,22,"LEPIDOSTOMA HIRTUM",1
"FRA_014_MZB_LO_1","FRA_014_MZB_LO_1-22.02.2006","22.02.2006",2006,2,22,"MENETUS DILATATUS",1
"FRA_014_MZB_LO_1","FRA_014_MZB_LO_1-22.02.2006","22.02.2006",2006,2,22,"OLIGOCHAETA GEN. SP.",140
"FRA_014_MZB_LO_1","FRA_014_MZB_LO_1-22.02.2006","22.02.2006",2006,2,22,"OXYETHIRA SP.",1
"FRA_014_MZB_LO_1","FRA_014_MZB_LO_1-22.02.2006","22.02.2006",2006,2,22,"PISCICOLA GEOMETRA",3
"FRA_014_MZB_LO_1","FRA_014_MZB_LO_1-22.02.2006","22.02.2006",2006,2,22,"PISIDIUM SP.",2
"FRA_014_MZB_LO_1","FRA_014_MZB_LO_1-22.02.2006","22.02.2006",2006,2,22,"POTAMOPYRGUS ANTIPODARUM",12
"FRA_014_MZB_LO_1","FRA_014_MZB_LO_1-22.02.2006","22.02.2006",2006,2,22,"PSYCHODIDAE GEN. SP.",1
"FRA_014_MZB_LO_1","FRA_014_MZB_LO_1-22.02.2006","22.02.2006",2006,2,22,"SIMULIIDAE GEN. SP.",2
"FRA_014_MZB_LO_1","FRA_014_MZB_LO_1-22.02.2006","22.02.2006",2006,2,22,"THEODOXUS FLUVIATILIS SSP.",6
"FRA_014_MZB_LO_1","FRA_014_MZB_LO_1-27.02.2007","27.02.2007",2007,2,27,"ATRICHOPS CRASSIPES",3
"FRA_014_MZB_LO_1","FRA_014_MZB_LO_1-27.02.2007","27.02.2007",2007,2,27,"BAETIDAE GEN. SP.",2
"FRA_014_MZB_LO_1","FRA_014_MZB_LO_1-27.02.2007","27.02.2007",2007,2,27,"BRACHYPTERA SP.",1
"FRA_014_MZB_LO_1","FRA_014_MZB_LO_1-27.02.2007","27.02.2007",2007,2,27,"CAENIS SP.",2
"FRA_014_MZB_LO_1","FRA_014_MZB_LO_1-27.02.2007","27.02.2007",2007,2,27,"CALOPTERYX SP.",1
"FRA_014_MZB_LO_1","FRA_014_MZB_LO_1-27.02.2007","27.02.2007",2007,2,27,"CHEUMATOPSYCHE LEPIDA",1
"FRA_014_MZB_LO_1","FRA_014_MZB_LO_1-27.02.2007","27.02.2007",2007,2,27,"CHIRONOMIDAE GEN. SP.",73
"FRA_014_MZB_LO_1","FRA_014_MZB_LO_1-27.02.2007","27.02.2007",2007,2,27,"COENAGRIONIDAE GEN. SP.",13
"FRA_014_MZB_LO_1","FRA_014_MZB_LO_1-27.02.2007","27.02.2007",2007,2,27,"CORBICULA SP.",305
"FRA_014_MZB_LO_1","FRA_014_MZB_LO_1-27.02.2007","27.02.2007",2007,2,27,"DUGESIA SP.",61
"FRA_014_MZB_LO_1","FRA_014_MZB_LO_1-27.02.2007","27.02.2007",2007,2,27,"ELMIS SP.",13
"FRA_014_MZB_LO_1","FRA_014_MZB_LO_1-27.02.2007","27.02.2007",2007,2,27,"EMPIDIDAE GEN. SP.",1
"FRA_014_MZB_LO_1","FRA_014_MZB_LO_1-27.02.2007","27.02.2007",2007,2,27,"EPHEMERA SP.",1
"FRA_014_MZB_LO_1","FRA_014_MZB_LO_1-27.02.2007","27.02.2007",2007,2,27,"ERPOBDELLIDAE GEN. SP.",1
"FRA_014_MZB_LO_1","FRA_014_MZB_LO_1-27.02.2007","27.02.2007",2007,2,27,"ESOLUS SP.",8
"FRA_014_MZB_LO_1","FRA_014_MZB_LO_1-27.02.2007","27.02.2007",2007,2,27,"GAMMARIDAE GEN. SP.",19922
"FRA_014_MZB_LO_1","FRA_014_MZB_LO_1-27.02.2007","27.02.2007",2007,2,27,"GOMPHUS SP.",1
"FRA_014_MZB_LO_1","FRA_014_MZB_LO_1-27.02.2007","27.02.2007",2007,2,27,"GYRAULUS SP.",1
"FRA_014_MZB_LO_1","FRA_014_MZB_LO_1-27.02.2007","27.02.2007",2007,2,27,"HEPTAGENIA SP.",51
"FRA_014_MZB_LO_1","FRA_014_MZB_LO_1-27.02.2007","27.02.2007",2007,2,27,"HYDRA SP.",4
"FRA_014_MZB_LO_1","FRA_014_MZB_LO_1-27.02.2007","27.02.2007",2007,2,27,"HYDRACHNIDAE GEN. SP.",1
"FRA_014_MZB_LO_1","FRA_014_MZB_LO_1-27.02.2007","27.02.2007",2007,2,27,"HYDROPSYCHE SP.",13
"FRA_014_MZB_LO_1","FRA_014_MZB_LO_1-27.02.2007","27.02.2007",2007,2,27,"HYDROPTILA SP.",12
"FRA_014_MZB_LO_1","FRA_014_MZB_LO_1-27.02.2007","27.02.2007",2007,2,27,"LEPIDOSTOMA HIRTUM",4
"FRA_014_MZB_LO_1","FRA_014_MZB_LO_1-27.02.2007","27.02.2007",2007,2,27,"LIMNIUS SP.",4
"FRA_014_MZB_LO_1","FRA_014_MZB_LO_1-27.02.2007","27.02.2007",2007,2,27,"MACRONYCHUS QUADRITUBERCULATUS",2
"FRA_014_MZB_LO_1","FRA_014_MZB_LO_1-27.02.2007","27.02.2007",2007,2,27,"NEMERTEA GEN. SP.",13
"FRA_014_MZB_LO_1","FRA_014_MZB_LO_1-27.02.2007","27.02.2007",2007,2,27,"OECETIS SP.",4
"FRA_014_MZB_LO_1","FRA_014_MZB_LO_1-27.02.2007","27.02.2007",2007,2,27,"OLIGOCHAETA GEN. SP.",80
"FRA_014_MZB_LO_1","FRA_014_MZB_LO_1-27.02.2007","27.02.2007",2007,2,27,"OULIMNIUS SP.",3
"FRA_014_MZB_LO_1","FRA_014_MZB_LO_1-27.02.2007","27.02.2007",2007,2,27,"PISCICOLA GEOMETRA",1
"FRA_014_MZB_LO_1","FRA_014_MZB_LO_1-27.02.2007","27.02.2007",2007,2,27,"PISIDIUM SP.",1
"FRA_014_MZB_LO_1","FRA_014_MZB_LO_1-27.02.2007","27.02.2007",2007,2,27,"POTAMANTHUS LUTEUS",3
"FRA_014_MZB_LO_1","FRA_014_MZB_LO_1-27.02.2007","27.02.2007",2007,2,27,"POTAMOPYRGUS ANTIPODARUM",1
"FRA_014_MZB_LO_1","FRA_014_MZB_LO_1-27.02.2007","27.02.2007",2007,2,27,"PSYCHOMYIA PUSILLA",3
"FRA_014_MZB_LO_1","FRA_014_MZB_LO_1-27.02.2007","27.02.2007",2007,2,27,"RIOLUS SP.",2
"FRA_014_MZB_LO_1","FRA_014_MZB_LO_1-27.02.2007","27.02.2007",2007,2,27,"SETODES SP.",1
"FRA_014_MZB_LO_1","FRA_014_MZB_LO_1-27.02.2007","27.02.2007",2007,2,27,"SIMULIIDAE GEN. SP.",13
"FRA_014_MZB_LO_1","FRA_014_MZB_LO_1-27.02.2007","27.02.2007",2007,2,27,"THEODOXUS FLUVIATILIS SSP.",64
"FRA_014_MZB_LO_1","FRA_014_MZB_LO_1-27.02.2007","27.02.2007",2007,2,27,"TIPULIDAE GEN. SP.",1
"FRA_014_MZB_LO_1","FRA_014_MZB_LO_1-27.02.2007","27.02.2007",2007,2,27,"VALVATA SP.",1
"FRA_014_MZB_LO_1","FRA_014_MZB_LO_1-05.02.2008","05.02.2008",2008,2,5,"ASELLIDAE GEN. SP.",2
"FRA_014_MZB_LO_1","FRA_014_MZB_LO_1-05.02.2008","05.02.2008",2008,2,5,"BAETIDAE GEN. SP.",4
"FRA_014_MZB_LO_1","FRA_014_MZB_LO_1-05.02.2008","05.02.2008",2008,2,5,"CHIRONOMIDAE GEN. SP.",293
"FRA_014_MZB_LO_1","FRA_014_MZB_LO_1-05.02.2008","05.02.2008",2008,2,5,"CORBICULA SP.",2
"FRA_014_MZB_LO_1","FRA_014_MZB_LO_1-05.02.2008","05.02.2008",2008,2,5,"DUGESIA SP.",9
"FRA_014_MZB_LO_1","FRA_014_MZB_LO_1-05.02.2008","05.02.2008",2008,2,5,"GALBA TRUNCATULA",1
"FRA_014_MZB_LO_1","FRA_014_MZB_LO_1-05.02.2008","05.02.2008",2008,2,5,"GAMMARIDAE GEN. SP.",2926
"FRA_014_MZB_LO_1","FRA_014_MZB_LO_1-05.02.2008","05.02.2008",2008,2,5,"HEPTAGENIA SP.",20
"FRA_014_MZB_LO_1","FRA_014_MZB_LO_1-05.02.2008","05.02.2008",2008,2,5,"HYDRA SP.",27
"FRA_014_MZB_LO_1","FRA_014_MZB_LO_1-05.02.2008","05.02.2008",2008,2,5,"HYDRACHNIDAE GEN. SP.",1
"FRA_014_MZB_LO_1","FRA_014_MZB_LO_1-05.02.2008","05.02.2008",2008,2,5,"HYDROPSYCHE SP.",5
"FRA_014_MZB_LO_1","FRA_014_MZB_LO_1-05.02.2008","05.02.2008",2008,2,5,"HYDROPTILA SP.",2
"FRA_014_MZB_LO_1","FRA_014_MZB_LO_1-05.02.2008","05.02.2008",2008,2,5,"LEUCTRA SP.",2
"FRA_014_MZB_LO_1","FRA_014_MZB_LO_1-05.02.2008","05.02.2008",2008,2,5,"NEMATODA GEN. SP.",1
"FRA_014_MZB_LO_1","FRA_014_MZB_LO_1-05.02.2008","05.02.2008",2008,2,5,"NEMERTEA GEN. SP.",1
"FRA_014_MZB_LO_1","FRA_014_MZB_LO_1-05.02.2008","05.02.2008",2008,2,5,"OLIGOCHAETA GEN. SP.",36
"FRA_014_MZB_LO_1","FRA_014_MZB_LO_1-05.02.2008","05.02.2008",2008,2,5,"ORECTOCHILUS VILLOSUS",1
"FRA_014_MZB_LO_1","FRA_014_MZB_LO_1-05.02.2008","05.02.2008",2008,2,5,"POTAMANTHUS LUTEUS",3
"FRA_014_MZB_LO_1","FRA_014_MZB_LO_1-05.02.2008","05.02.2008",2008,2,5,"POTAMOPYRGUS ANTIPODARUM",17
"FRA_014_MZB_LO_1","FRA_014_MZB_LO_1-05.02.2008","05.02.2008",2008,2,5,"SIMULIIDAE GEN. SP.",29
"FRA_014_MZB_LO_1","FRA_014_MZB_LO_1-05.02.2008","05.02.2008",2008,2,5,"TIPULIDAE GEN. SP.",4
"FRA_014_MZB_LO_1","FRA_014_MZB_LO_1-05.02.2009","05.02.2009",2009,2,5,"ANCYLUS FLUVIATILIS",2
"FRA_014_MZB_LO_1","FRA_014_MZB_LO_1-05.02.2009","05.02.2009",2009,2,5,"ASELLIDAE GEN. SP.",3
"FRA_014_MZB_LO_1","FRA_014_MZB_LO_1-05.02.2009","05.02.2009",2009,2,5,"BAETIDAE GEN. SP.",1
"FRA_014_MZB_LO_1","FRA_014_MZB_LO_1-05.02.2009","05.02.2009",2009,2,5,"CALOPTERYX SP.",2
"FRA_014_MZB_LO_1","FRA_014_MZB_LO_1-05.02.2009","05.02.2009",2009,2,5,"CHIRONOMIDAE GEN. SP.",99
"FRA_014_MZB_LO_1","FRA_014_MZB_LO_1-05.02.2009","05.02.2009",2009,2,5,"COENAGRIONIDAE GEN. SP.",1
"FRA_014_MZB_LO_1","FRA_014_MZB_LO_1-05.02.2009","05.02.2009",2009,2,5,"CORBICULA SP.",3
"FRA_014_MZB_LO_1","FRA_014_MZB_LO_1-05.02.2009","05.02.2009",2009,2,5,"DENDROCOELUM SP.",1
"FRA_014_MZB_LO_1","FRA_014_MZB_LO_1-05.02.2009","05.02.2009",2009,2,5,"ERPOBDELLIDAE GEN. SP.",2
"FRA_014_MZB_LO_1","FRA_014_MZB_LO_1-05.02.2009","05.02.2009",2009,2,5,"ESOLUS SP.",1
"FRA_014_MZB_LO_1","FRA_014_MZB_LO_1-05.02.2009","05.02.2009",2009,2,5,"GAMMARIDAE GEN. SP.",2758
"FRA_014_MZB_LO_1","FRA_014_MZB_LO_1-05.02.2009","05.02.2009",2009,2,5,"GLOSSIPHONIA SP.",1
"FRA_014_MZB_LO_1","FRA_014_MZB_LO_1-05.02.2009","05.02.2009",2009,2,5,"GOMPHUS SP.",1
"FRA_014_MZB_LO_1","FRA_014_MZB_LO_1-05.02.2009","05.02.2009",2009,2,5,"HEPTAGENIA SP.",10
"FRA_014_MZB_LO_1","FRA_014_MZB_LO_1-05.02.2009","05.02.2009",2009,2,5,"HYDROPSYCHE SP.",1
"FRA_014_MZB_LO_1","FRA_014_MZB_LO_1-05.02.2009","05.02.2009",2009,2,5,"HYDROPTILA SP.",1
"FRA_014_MZB_LO_1","FRA_014_MZB_LO_1-05.02.2009","05.02.2009",2009,2,5,"LEPIDOPTERA GEN. SP.",1
"FRA_014_MZB_LO_1","FRA_014_MZB_LO_1-05.02.2009","05.02.2009",2009,2,5,"LEUCTRA SP.",1
"FRA_014_MZB_LO_1","FRA_014_MZB_LO_1-05.02.2009","05.02.2009",2009,2,5,"LIMNEPHILIDAE GEN. SP.",3
"FRA_014_MZB_LO_1","FRA_014_MZB_LO_1-05.02.2009","05.02.2009",2009,2,5,"LIMNIUS SP.",1
"FRA_014_MZB_LO_1","FRA_014_MZB_LO_1-05.02.2009","05.02.2009",2009,2,5,"LIMONIIDAE GEN. SP.",1
"FRA_014_MZB_LO_1","FRA_014_MZB_LO_1-05.02.2009","05.02.2009",2009,2,5,"NEMATODA GEN. SP.",3
"FRA_014_MZB_LO_1","FRA_014_MZB_LO_1-05.02.2009","05.02.2009",2009,2,5,"NEMERTEA GEN. SP.",1
"FRA_014_MZB_LO_1","FRA_014_MZB_LO_1-05.02.2009","05.02.2009",2009,2,5,"OLIGOCHAETA GEN. SP.",25
"FRA_014_MZB_LO_1","FRA_014_MZB_LO_1-05.02.2009","05.02.2009",2009,2,5,"PISCICOLA GEOMETRA",2
"FRA_014_MZB_LO_1","FRA_014_MZB_LO_1-05.02.2009","05.02.2009",2009,2,5,"PISIDIUM SP.",2
"FRA_014_MZB_LO_1","FRA_014_MZB_LO_1-05.02.2009","05.02.2009",2009,2,5,"PLATYCNEMIS SP.",2
"FRA_014_MZB_LO_1","FRA_014_MZB_LO_1-05.02.2009","05.02.2009",2009,2,5,"POLYCENTROPUS FLAVOMACULATUS SSP.",1
"FRA_014_MZB_LO_1","FRA_014_MZB_LO_1-05.02.2009","05.02.2009",2009,2,5,"POTAMOPYRGUS ANTIPODARUM",4
"FRA_014_MZB_LO_1","FRA_014_MZB_LO_1-05.02.2009","05.02.2009",2009,2,5,"PSYCHOMYIA PUSILLA",1
"FRA_014_MZB_LO_1","FRA_014_MZB_LO_1-05.02.2009","05.02.2009",2009,2,5,"SIMULIIDAE GEN. SP.",5
"FRA_014_MZB_LO_1","FRA_014_MZB_LO_1-05.02.2009","05.02.2009",2009,2,5,"THEODOXUS FLUVIATILIS SSP.",2
"FRA_014_MZB_LO_1","FRA_014_MZB_LO_1-05.02.2009","05.02.2009",2009,2,5,"TIPULIDAE GEN. SP.",1
"FRA_014_MZB_LO_1","FRA_014_MZB_LO_1-05.02.2009","05.02.2009",2009,2,5,"VALVATA SP.",1
"FRA_014_MZB_LO_1","FRA_014_MZB_LO_1-11.03.2010","11.03.2010",2010,3,11,"ASELLIDAE GEN. SP.",4
"FRA_014_MZB_LO_1","FRA_014_MZB_LO_1-11.03.2010","11.03.2010",2010,3,11,"CAENIS SP.",3
"FRA_014_MZB_LO_1","FRA_014_MZB_LO_1-11.03.2010","11.03.2010",2010,3,11,"CERACLEA SP.",1
"FRA_014_MZB_LO_1","FRA_014_MZB_LO_1-11.03.2010","11.03.2010",2010,3,11,"CHIRONOMIDAE GEN. SP.",124
"FRA_014_MZB_LO_1","FRA_014_MZB_LO_1-11.03.2010","11.03.2010",2010,3,11,"COENAGRIONIDAE GEN. SP.",2
"FRA_014_MZB_LO_1","FRA_014_MZB_LO_1-11.03.2010","11.03.2010",2010,3,11,"CORBICULA SP.",40
"FRA_014_MZB_LO_1","FRA_014_MZB_LO_1-11.03.2010","11.03.2010",2010,3,11,"DUGESIA SP.",4
"FRA_014_MZB_LO_1","FRA_014_MZB_LO_1-11.03.2010","11.03.2010",2010,3,11,"ELMIS SP.",1
"FRA_014_MZB_LO_1","FRA_014_MZB_LO_1-11.03.2010","11.03.2010",2010,3,11,"ESOLUS SP.",4
"FRA_014_MZB_LO_1","FRA_014_MZB_LO_1-11.03.2010","11.03.2010",2010,3,11,"GAMMARIDAE GEN. SP.",881
"FRA_014_MZB_LO_1","FRA_014_MZB_LO_1-11.03.2010","11.03.2010",2010,3,11,"GOMPHUS SP.",1
"FRA_014_MZB_LO_1","FRA_014_MZB_LO_1-11.03.2010","11.03.2010",2010,3,11,"HEMIMYSIS SP.",3
"FRA_014_MZB_LO_1","FRA_014_MZB_LO_1-11.03.2010","11.03.2010",2010,3,11,"HEPTAGENIA SP.",2
"FRA_014_MZB_LO_1","FRA_014_MZB_LO_1-11.03.2010","11.03.2010",2010,3,11,"HYDRA SP.",30
"FRA_014_MZB_LO_1","FRA_014_MZB_LO_1-11.03.2010","11.03.2010",2010,3,11,"HYDROPSYCHE SP.",2
"FRA_014_MZB_LO_1","FRA_014_MZB_LO_1-11.03.2010","11.03.2010",2010,3,11,"HYDROPTILA SP.",6
"FRA_014_MZB_LO_1","FRA_014_MZB_LO_1-11.03.2010","11.03.2010",2010,3,11,"LEPIDOSTOMA HIRTUM",3
"FRA_014_MZB_LO_1","FRA_014_MZB_LO_1-11.03.2010","11.03.2010",2010,3,11,"LIMNEPHILIDAE GEN. SP.",1
"FRA_014_MZB_LO_1","FRA_014_MZB_LO_1-11.03.2010","11.03.2010",2010,3,11,"MYSTACIDES SP.",2
"FRA_014_MZB_LO_1","FRA_014_MZB_LO_1-11.03.2010","11.03.2010",2010,3,11,"NEMERTEA GEN. SP.",5
"FRA_014_MZB_LO_1","FRA_014_MZB_LO_1-11.03.2010","11.03.2010",2010,3,11,"OLIGOCHAETA GEN. SP.",44
"FRA_014_MZB_LO_1","FRA_014_MZB_LO_1-11.03.2010","11.03.2010",2010,3,11,"PISCICOLA GEOMETRA",1
"FRA_014_MZB_LO_1","FRA_014_MZB_LO_1-11.03.2010","11.03.2010",2010,3,11,"POLYCENTROPUS FLAVOMACULATUS SSP.",1
"FRA_014_MZB_LO_1","FRA_014_MZB_LO_1-11.03.2010","11.03.2010",2010,3,11,"POTAMANTHUS LUTEUS",1
"FRA_014_MZB_LO_1","FRA_014_MZB_LO_1-11.03.2010","11.03.2010",2010,3,11,"POTAMOPYRGUS ANTIPODARUM",26
"FRA_014_MZB_LO_1","FRA_014_MZB_LO_1-11.03.2010","11.03.2010",2010,3,11,"RHYACOPHILA SP.",1
"FRA_014_MZB_LO_1","FRA_014_MZB_LO_1-11.03.2010","11.03.2010",2010,3,11,"SIMULIIDAE GEN. SP.",7
"FRA_014_MZB_LO_1","FRA_014_MZB_LO_1-11.03.2010","11.03.2010",2010,3,11,"THEODOXUS FLUVIATILIS SSP.",2
"FRA_014_MZB_LO_1","FRA_014_MZB_LO_1-11.03.2010","11.03.2010",2010,3,11,"TIPULIDAE GEN. SP.",3
"FRA_014_MZB_LO_1","FRA_014_MZB_LO_1-10.02.2011","10.02.2011",2011,2,10,"ASELLIDAE GEN. SP.",1
"FRA_014_MZB_LO_1","FRA_014_MZB_LO_1-10.02.2011","10.02.2011",2011,2,10,"CAENIS SP.",2
"FRA_014_MZB_LO_1","FRA_014_MZB_LO_1-10.02.2011","10.02.2011",2011,2,10,"CHIRONOMIDAE GEN. SP.",80
"FRA_014_MZB_LO_1","FRA_014_MZB_LO_1-10.02.2011","10.02.2011",2011,2,10,"COENAGRIONIDAE GEN. SP.",6
"FRA_014_MZB_LO_1","FRA_014_MZB_LO_1-10.02.2011","10.02.2011",2011,2,10,"CORBICULA SP.",125
"FRA_014_MZB_LO_1","FRA_014_MZB_LO_1-10.02.2011","10.02.2011",2011,2,10,"DENDROCOELUM SP.",5
"FRA_014_MZB_LO_1","FRA_014_MZB_LO_1-10.02.2011","10.02.2011",2011,2,10,"DUGESIA SP.",28
"FRA_014_MZB_LO_1","FRA_014_MZB_LO_1-10.02.2011","10.02.2011",2011,2,10,"EMPIDIDAE GEN. SP.",2
"FRA_014_MZB_LO_1","FRA_014_MZB_LO_1-10.02.2011","10.02.2011",2011,2,10,"GALBA TRUNCATULA",5
"FRA_014_MZB_LO_1","FRA_014_MZB_LO_1-10.02.2011","10.02.2011",2011,2,10,"GAMMARIDAE GEN. SP.",4473
"FRA_014_MZB_LO_1","FRA_014_MZB_LO_1-10.02.2011","10.02.2011",2011,2,10,"GOMPHUS SP.",2
"FRA_014_MZB_LO_1","FRA_014_MZB_LO_1-10.02.2011","10.02.2011",2011,2,10,"GYRAULUS SP.",1
"FRA_014_MZB_LO_1","FRA_014_MZB_LO_1-10.02.2011","10.02.2011",2011,2,10,"HALIPLUS SP.",1
"FRA_014_MZB_LO_1","FRA_014_MZB_LO_1-10.02.2011","10.02.2011",2011,2,10,"HEMIMYSIS SP.",3
"FRA_014_MZB_LO_1","FRA_014_MZB_LO_1-10.02.2011","10.02.2011",2011,2,10,"HEPTAGENIA SP.",121
"FRA_014_MZB_LO_1","FRA_014_MZB_LO_1-10.02.2011","10.02.2011",2011,2,10,"HYDRA SP.",1
"FRA_014_MZB_LO_1","FRA_014_MZB_LO_1-10.02.2011","10.02.2011",2011,2,10,"HYDRACHNIDAE GEN. SP.",4
"FRA_014_MZB_LO_1","FRA_014_MZB_LO_1-10.02.2011","10.02.2011",2011,2,10,"HYDROPSYCHE SP.",2
"FRA_014_MZB_LO_1","FRA_014_MZB_LO_1-10.02.2011","10.02.2011",2011,2,10,"HYDROPTILA SP.",3
"FRA_014_MZB_LO_1","FRA_014_MZB_LO_1-10.02.2011","10.02.2011",2011,2,10,"HYPANIA INVALIDA",6
"FRA_014_MZB_LO_1","FRA_014_MZB_LO_1-10.02.2011","10.02.2011",2011,2,10,"LEPIDOSTOMA HIRTUM",12
"FRA_014_MZB_LO_1","FRA_014_MZB_LO_1-10.02.2011","10.02.2011",2011,2,10,"LIMNEPHILIDAE GEN. SP.",1
"FRA_014_MZB_LO_1","FRA_014_MZB_LO_1-10.02.2011","10.02.2011",2011,2,10,"MYSTACIDES SP.",2
"FRA_014_MZB_LO_1","FRA_014_MZB_LO_1-10.02.2011","10.02.2011",2011,2,10,"NEMERTEA GEN. SP.",3
"FRA_014_MZB_LO_1","FRA_014_MZB_LO_1-10.02.2011","10.02.2011",2011,2,10,"OECETIS SP.",1
"FRA_014_MZB_LO_1","FRA_014_MZB_LO_1-10.02.2011","10.02.2011",2011,2,10,"OLIGOCHAETA GEN. SP.",21
"FRA_014_MZB_LO_1","FRA_014_MZB_LO_1-10.02.2011","10.02.2011",2011,2,10,"ORECTOCHILUS VILLOSUS",3
"FRA_014_MZB_LO_1","FRA_014_MZB_LO_1-10.02.2011","10.02.2011",2011,2,10,"PHYSELLA ACUTA",1
"FRA_014_MZB_LO_1","FRA_014_MZB_LO_1-10.02.2011","10.02.2011",2011,2,10,"PISCICOLA GEOMETRA",3
"FRA_014_MZB_LO_1","FRA_014_MZB_LO_1-10.02.2011","10.02.2011",2011,2,10,"PISIDIUM SP.",5
"FRA_014_MZB_LO_1","FRA_014_MZB_LO_1-10.02.2011","10.02.2011",2011,2,10,"PLATYCNEMIS SP.",3
"FRA_014_MZB_LO_1","FRA_014_MZB_LO_1-10.02.2011","10.02.2011",2011,2,10,"POTAMANTHUS LUTEUS",3
"FRA_014_MZB_LO_1","FRA_014_MZB_LO_1-10.02.2011","10.02.2011",2011,2,10,"POTAMOPYRGUS ANTIPODARUM",301
"FRA_014_MZB_LO_1","FRA_014_MZB_LO_1-10.02.2011","10.02.2011",2011,2,10,"RHYACOPHILA SP.",1
"FRA_014_MZB_LO_1","FRA_014_MZB_LO_1-10.02.2011","10.02.2011",2011,2,10,"SIALIS SP.",1
"FRA_014_MZB_LO_1","FRA_014_MZB_LO_1-10.02.2011","10.02.2011",2011,2,10,"SIMULIIDAE GEN. SP.",34
"FRA_014_MZB_LO_1","FRA_014_MZB_LO_1-10.02.2011","10.02.2011",2011,2,10,"THEODOXUS FLUVIATILIS SSP.",7
"FRA_014_MZB_LO_1","FRA_014_MZB_LO_1-10.02.2011","10.02.2011",2011,2,10,"TIPULIDAE GEN. SP.",3
"FRA_014_MZB_LO_1","FRA_014_MZB_LO_1-10.02.2011","10.02.2011",2011,2,10,"VALVATA SP.",2
"FRA_014_MZB_LO_1","FRA_014_MZB_LO_1-15.03.2012","15.03.2012",2012,3,15,"ANCYLUS FLUVIATILIS",3
"FRA_014_MZB_LO_1","FRA_014_MZB_LO_1-15.03.2012","15.03.2012",2012,3,15,"ASELLIDAE GEN. SP.",2
"FRA_014_MZB_LO_1","FRA_014_MZB_LO_1-15.03.2012","15.03.2012",2012,3,15,"CAENIS SP.",6
"FRA_014_MZB_LO_1","FRA_014_MZB_LO_1-15.03.2012","15.03.2012",2012,3,15,"CALOPTERYX SP.",1
"FRA_014_MZB_LO_1","FRA_014_MZB_LO_1-15.03.2012","15.03.2012",2012,3,15,"CHIRONOMIDAE GEN. SP.",1222
"FRA_014_MZB_LO_1","FRA_014_MZB_LO_1-15.03.2012","15.03.2012",2012,3,15,"COENAGRIONIDAE GEN. SP.",3
"FRA_014_MZB_LO_1","FRA_014_MZB_LO_1-15.03.2012","15.03.2012",2012,3,15,"CORBICULA SP.",3
"FRA_014_MZB_LO_1","FRA_014_MZB_LO_1-15.03.2012","15.03.2012",2012,3,15,"DENDROCOELUM SP.",5
"FRA_014_MZB_LO_1","FRA_014_MZB_LO_1-15.03.2012","15.03.2012",2012,3,15,"DUGESIA SP.",16
"FRA_014_MZB_LO_1","FRA_014_MZB_LO_1-15.03.2012","15.03.2012",2012,3,15,"GAMMARIDAE GEN. SP.",3229
"FRA_014_MZB_LO_1","FRA_014_MZB_LO_1-15.03.2012","15.03.2012",2012,3,15,"HEMIMYSIS SP.",291
"FRA_014_MZB_LO_1","FRA_014_MZB_LO_1-15.03.2012","15.03.2012",2012,3,15,"HEPTAGENIA SP.",22
"FRA_014_MZB_LO_1","FRA_014_MZB_LO_1-15.03.2012","15.03.2012",2012,3,15,"HYDRA SP.",1
"FRA_014_MZB_LO_1","FRA_014_MZB_LO_1-15.03.2012","15.03.2012",2012,3,15,"HYDRACHNIDAE GEN. SP.",2
"FRA_014_MZB_LO_1","FRA_014_MZB_LO_1-15.03.2012","15.03.2012",2012,3,15,"HYDROPTILA SP.",7
"FRA_014_MZB_LO_1","FRA_014_MZB_LO_1-15.03.2012","15.03.2012",2012,3,15,"LEPIDOSTOMA HIRTUM",21
"FRA_014_MZB_LO_1","FRA_014_MZB_LO_1-15.03.2012","15.03.2012",2012,3,15,"LEUCTRA SP.",2
"FRA_014_MZB_LO_1","FRA_014_MZB_LO_1-15.03.2012","15.03.2012",2012,3,15,"MYSTACIDES SP.",5
"FRA_014_MZB_LO_1","FRA_014_MZB_LO_1-15.03.2012","15.03.2012",2012,3,15,"NEMERTEA GEN. SP.",1
"FRA_014_MZB_LO_1","FRA_014_MZB_LO_1-15.03.2012","15.03.2012",2012,3,15,"OECETIS SP.",4
"FRA_014_MZB_LO_1","FRA_014_MZB_LO_1-15.03.2012","15.03.2012",2012,3,15,"OLIGOCHAETA GEN. SP.",4
"FRA_014_MZB_LO_1","FRA_014_MZB_LO_1-15.03.2012","15.03.2012",2012,3,15,"ORECTOCHILUS VILLOSUS",1
"FRA_014_MZB_LO_1","FRA_014_MZB_LO_1-15.03.2012","15.03.2012",2012,3,15,"OULIMNIUS SP.",1
"FRA_014_MZB_LO_1","FRA_014_MZB_LO_1-15.03.2012","15.03.2012",2012,3,15,"PHYSELLA ACUTA",3
"FRA_014_MZB_LO_1","FRA_014_MZB_LO_1-15.03.2012","15.03.2012",2012,3,15,"PISCICOLA GEOMETRA",1
"FRA_014_MZB_LO_1","FRA_014_MZB_LO_1-15.03.2012","15.03.2012",2012,3,15,"PLATYCNEMIS SP.",1
"FRA_014_MZB_LO_1","FRA_014_MZB_LO_1-15.03.2012","15.03.2012",2012,3,15,"POTAMANTHUS LUTEUS",7
"FRA_014_MZB_LO_1","FRA_014_MZB_LO_1-15.03.2012","15.03.2012",2012,3,15,"POTAMOPYRGUS ANTIPODARUM",18
"FRA_014_MZB_LO_1","FRA_014_MZB_LO_1-15.03.2012","15.03.2012",2012,3,15,"PSYCHOMYIA PUSILLA",1
"FRA_014_MZB_LO_1","FRA_014_MZB_LO_1-15.03.2012","15.03.2012",2012,3,15,"SERRATELLA IGNITA",2
"FRA_014_MZB_LO_1","FRA_014_MZB_LO_1-15.03.2012","15.03.2012",2012,3,15,"SIMULIIDAE GEN. SP.",245
"FRA_014_MZB_LO_1","FRA_014_MZB_LO_1-15.03.2012","15.03.2012",2012,3,15,"VALVATA SP.",2
"FRA_014_MZB_LO_1","FRA_014_MZB_LO_1-20.02.2013","20.02.2013",2013,2,20,"BAETIDAE GEN. SP.",4
"FRA_014_MZB_LO_1","FRA_014_MZB_LO_1-20.02.2013","20.02.2013",2013,2,20,"CERATOPOGONIDAE GEN. SP.",1
"FRA_014_MZB_LO_1","FRA_014_MZB_LO_1-20.02.2013","20.02.2013",2013,2,20,"CHIRONOMIDAE GEN. SP.",178
"FRA_014_MZB_LO_1","FRA_014_MZB_LO_1-20.02.2013","20.02.2013",2013,2,20,"CORBICULA SP.",4
"FRA_014_MZB_LO_1","FRA_014_MZB_LO_1-20.02.2013","20.02.2013",2013,2,20,"DUGESIA SP.",15
"FRA_014_MZB_LO_1","FRA_014_MZB_LO_1-20.02.2013","20.02.2013",2013,2,20,"ELMIS SP.",3
"FRA_014_MZB_LO_1","FRA_014_MZB_LO_1-20.02.2013","20.02.2013",2013,2,20,"EMPIDIDAE GEN. SP.",1
"FRA_014_MZB_LO_1","FRA_014_MZB_LO_1-20.02.2013","20.02.2013",2013,2,20,"ESOLUS SP.",7
"FRA_014_MZB_LO_1","FRA_014_MZB_LO_1-20.02.2013","20.02.2013",2013,2,20,"GAMMARIDAE GEN. SP.",4910
"FRA_014_MZB_LO_1","FRA_014_MZB_LO_1-20.02.2013","20.02.2013",2013,2,20,"GOMPHUS SP.",1
"FRA_014_MZB_LO_1","FRA_014_MZB_LO_1-20.02.2013","20.02.2013",2013,2,20,"HEPTAGENIA SP.",13
"FRA_014_MZB_LO_1","FRA_014_MZB_LO_1-20.02.2013","20.02.2013",2013,2,20,"HYDRA SP.",55
"FRA_014_MZB_LO_1","FRA_014_MZB_LO_1-20.02.2013","20.02.2013",2013,2,20,"HYDROPSYCHE SP.",1
"FRA_014_MZB_LO_1","FRA_014_MZB_LO_1-20.02.2013","20.02.2013",2013,2,20,"HYDROPTILA SP.",2
"FRA_014_MZB_LO_1","FRA_014_MZB_LO_1-20.02.2013","20.02.2013",2013,2,20,"LIMNEPHILIDAE GEN. SP.",1
"FRA_014_MZB_LO_1","FRA_014_MZB_LO_1-20.02.2013","20.02.2013",2013,2,20,"LIMNIUS SP.",8
"FRA_014_MZB_LO_1","FRA_014_MZB_LO_1-20.02.2013","20.02.2013",2013,2,20,"NEMATODA GEN. SP.",3
"FRA_014_MZB_LO_1","FRA_014_MZB_LO_1-20.02.2013","20.02.2013",2013,2,20,"OLIGOCHAETA GEN. SP.",18
"FRA_014_MZB_LO_1","FRA_014_MZB_LO_1-20.02.2013","20.02.2013",2013,2,20,"OULIMNIUS SP.",1
"FRA_014_MZB_LO_1","FRA_014_MZB_LO_1-20.02.2013","20.02.2013",2013,2,20,"PISCICOLA GEOMETRA",1
"FRA_014_MZB_LO_1","FRA_014_MZB_LO_1-20.02.2013","20.02.2013",2013,2,20,"PISIDIUM SP.",1
"FRA_014_MZB_LO_1","FRA_014_MZB_LO_1-20.02.2013","20.02.2013",2013,2,20,"POLYCELIS SP.",2
"FRA_014_MZB_LO_1","FRA_014_MZB_LO_1-20.02.2013","20.02.2013",2013,2,20,"POTAMANTHUS LUTEUS",1
"FRA_014_MZB_LO_1","FRA_014_MZB_LO_1-20.02.2013","20.02.2013",2013,2,20,"POTAMOPYRGUS ANTIPODARUM",2
"FRA_014_MZB_LO_1","FRA_014_MZB_LO_1-20.02.2013","20.02.2013",2013,2,20,"PSYCHOMYIA PUSILLA",2
"FRA_014_MZB_LO_1","FRA_014_MZB_LO_1-20.02.2013","20.02.2013",2013,2,20,"SIMULIIDAE GEN. SP.",45
"FRA_014_MZB_LO_1","FRA_014_MZB_LO_1-20.02.2013","20.02.2013",2013,2,20,"VALVATA SP.",1
"FRA_014_MZB_LO_1","FRA_014_MZB_LO_1-04.03.2014","04.03.2014",2014,3,4,"AGAPETINAE GEN. SP.",2
"FRA_014_MZB_LO_1","FRA_014_MZB_LO_1-04.03.2014","04.03.2014",2014,3,4,"ASELLIDAE GEN. SP.",2
"FRA_014_MZB_LO_1","FRA_014_MZB_LO_1-04.03.2014","04.03.2014",2014,3,4,"BAETIDAE GEN. SP.",1
"FRA_014_MZB_LO_1","FRA_014_MZB_LO_1-04.03.2014","04.03.2014",2014,3,4,"BRACHYPTERA SP.",1
"FRA_014_MZB_LO_1","FRA_014_MZB_LO_1-04.03.2014","04.03.2014",2014,3,4,"CHIRONOMIDAE GEN. SP.",14
"FRA_014_MZB_LO_1","FRA_014_MZB_LO_1-04.03.2014","04.03.2014",2014,3,4,"CORBICULA SP.",1
"FRA_014_MZB_LO_1","FRA_014_MZB_LO_1-04.03.2014","04.03.2014",2014,3,4,"DENDROCOELUM SP.",4
"FRA_014_MZB_LO_1","FRA_014_MZB_LO_1-04.03.2014","04.03.2014",2014,3,4,"DREISSENA POLYMORPHA",1
"FRA_014_MZB_LO_1","FRA_014_MZB_LO_1-04.03.2014","04.03.2014",2014,3,4,"DUGESIA SP.",11
"FRA_014_MZB_LO_1","FRA_014_MZB_LO_1-04.03.2014","04.03.2014",2014,3,4,"ESOLUS SP.",2
"FRA_014_MZB_LO_1","FRA_014_MZB_LO_1-04.03.2014","04.03.2014",2014,3,4,"GAMMARIDAE GEN. SP.",3492
"FRA_014_MZB_LO_1","FRA_014_MZB_LO_1-04.03.2014","04.03.2014",2014,3,4,"GOERIDAE GEN. SP.",1
"FRA_014_MZB_LO_1","FRA_014_MZB_LO_1-04.03.2014","04.03.2014",2014,3,4,"GOMPHUS SP.",1
"FRA_014_MZB_LO_1","FRA_014_MZB_LO_1-04.03.2014","04.03.2014",2014,3,4,"HEPTAGENIA SP.",25
"FRA_014_MZB_LO_1","FRA_014_MZB_LO_1-04.03.2014","04.03.2014",2014,3,4,"HYDRA SP.",104
"FRA_014_MZB_LO_1","FRA_014_MZB_LO_1-04.03.2014","04.03.2014",2014,3,4,"HYDROPSYCHE SP.",5
"FRA_014_MZB_LO_1","FRA_014_MZB_LO_1-04.03.2014","04.03.2014",2014,3,4,"HYDROPTILA SP.",1
"FRA_014_MZB_LO_1","FRA_014_MZB_LO_1-04.03.2014","04.03.2014",2014,3,4,"LEUCTRA SP.",2
"FRA_014_MZB_LO_1","FRA_014_MZB_LO_1-04.03.2014","04.03.2014",2014,3,4,"LIMNIUS SP.",1
"FRA_014_MZB_LO_1","FRA_014_MZB_LO_1-04.03.2014","04.03.2014",2014,3,4,"MACRONYCHUS QUADRITUBERCULATUS",1
"FRA_014_MZB_LO_1","FRA_014_MZB_LO_1-04.03.2014","04.03.2014",2014,3,4,"NEMOURA SP.",1
"FRA_014_MZB_LO_1","FRA_014_MZB_LO_1-04.03.2014","04.03.2014",2014,3,4,"OLIGOCHAETA GEN. SP.",4
"FRA_014_MZB_LO_1","FRA_014_MZB_LO_1-04.03.2014","04.03.2014",2014,3,4,"PISIDIUM SP.",4
"FRA_014_MZB_LO_1","FRA_014_MZB_LO_1-04.03.2014","04.03.2014",2014,3,4,"POTAMANTHUS LUTEUS",1
"FRA_014_MZB_LO_1","FRA_014_MZB_LO_1-04.03.2014","04.03.2014",2014,3,4,"POTAMOPYRGUS ANTIPODARUM",7
