"Unique.ID","Samp.ID","Sampling.date","year","month","day","Taxon.name","Abundance"
"GER_047_MZB_LO_1","GER_047_MZB_LO_1-10.03.2005","10.03.2005",2005,3,10,"ANCYLUS FLUVIATILIS",33
"GER_047_MZB_LO_1","GER_047_MZB_LO_1-10.03.2005","10.03.2005",2005,3,10,"BAETIS SP.",168
"GER_047_MZB_LO_1","GER_047_MZB_LO_1-10.03.2005","10.03.2005",2005,3,10,"BRACHYPTERA SP.",105
"GER_047_MZB_LO_1","GER_047_MZB_LO_1-10.03.2005","10.03.2005",2005,3,10,"CAENIS BESKIDENSIS",27
"GER_047_MZB_LO_1","GER_047_MZB_LO_1-10.03.2005","10.03.2005",2005,3,10,"CERATOPOGONIDAE GEN. SP.",12
"GER_047_MZB_LO_1","GER_047_MZB_LO_1-10.03.2005","10.03.2005",2005,3,10,"CHIRONOMIDAE GEN. SP.",900
"GER_047_MZB_LO_1","GER_047_MZB_LO_1-10.03.2005","10.03.2005",2005,3,10,"DICRANOTA SP.",60
"GER_047_MZB_LO_1","GER_047_MZB_LO_1-10.03.2005","10.03.2005",2005,3,10,"ECDYONURUS SP.",30
"GER_047_MZB_LO_1","GER_047_MZB_LO_1-10.03.2005","10.03.2005",2005,3,10,"ELMIS SP.",111
"GER_047_MZB_LO_1","GER_047_MZB_LO_1-10.03.2005","10.03.2005",2005,3,10,"EPEORUS ASSIMILIS",81
"GER_047_MZB_LO_1","GER_047_MZB_LO_1-10.03.2005","10.03.2005",2005,3,10,"EPHEMERA SP.",48
"GER_047_MZB_LO_1","GER_047_MZB_LO_1-10.03.2005","10.03.2005",2005,3,10,"EPHEMERELLIDAE GEN. SP.",141
"GER_047_MZB_LO_1","GER_047_MZB_LO_1-10.03.2005","10.03.2005",2005,3,10,"ESOLUS SP.",12
"GER_047_MZB_LO_1","GER_047_MZB_LO_1-10.03.2005","10.03.2005",2005,3,10,"GAMMARUS SP.",159
"GER_047_MZB_LO_1","GER_047_MZB_LO_1-10.03.2005","10.03.2005",2005,3,10,"GLOSSIPHONIA SP.",60
"GER_047_MZB_LO_1","GER_047_MZB_LO_1-10.03.2005","10.03.2005",2005,3,10,"GLOSSOSOMATIDAE GEN. SP.",12
"GER_047_MZB_LO_1","GER_047_MZB_LO_1-10.03.2005","10.03.2005",2005,3,10,"GOERIDAE GEN. SP.",21
"GER_047_MZB_LO_1","GER_047_MZB_LO_1-10.03.2005","10.03.2005",2005,3,10,"HYDRAENA SP.",39
"GER_047_MZB_LO_1","GER_047_MZB_LO_1-10.03.2005","10.03.2005",2005,3,10,"HYDROPSYCHE SP.",39
"GER_047_MZB_LO_1","GER_047_MZB_LO_1-10.03.2005","10.03.2005",2005,3,10,"ISOPERLA SP.",93
"GER_047_MZB_LO_1","GER_047_MZB_LO_1-10.03.2005","10.03.2005",2005,3,10,"LEPTOPHLEBIIDAE GEN. SP.",153
"GER_047_MZB_LO_1","GER_047_MZB_LO_1-10.03.2005","10.03.2005",2005,3,10,"LEUCTRA SP.",108
"GER_047_MZB_LO_1","GER_047_MZB_LO_1-10.03.2005","10.03.2005",2005,3,10,"LIMNEPHILIDAE GEN. SP.",222
"GER_047_MZB_LO_1","GER_047_MZB_LO_1-10.03.2005","10.03.2005",2005,3,10,"LIMNIUS SP.",69
"GER_047_MZB_LO_1","GER_047_MZB_LO_1-10.03.2005","10.03.2005",2005,3,10,"MICRASEMA LONGULUM",9
"GER_047_MZB_LO_1","GER_047_MZB_LO_1-10.03.2005","10.03.2005",2005,3,10,"NEMOURA SP.",141
"GER_047_MZB_LO_1","GER_047_MZB_LO_1-10.03.2005","10.03.2005",2005,3,10,"ODONTOCERUM ALBICORNE",12
"GER_047_MZB_LO_1","GER_047_MZB_LO_1-10.03.2005","10.03.2005",2005,3,10,"OLIGOCHAETA GEN. SP.",12
"GER_047_MZB_LO_1","GER_047_MZB_LO_1-10.03.2005","10.03.2005",2005,3,10,"ORECTOCHILUS VILLOSUS",21
"GER_047_MZB_LO_1","GER_047_MZB_LO_1-10.03.2005","10.03.2005",2005,3,10,"PERLA SP.",12
"GER_047_MZB_LO_1","GER_047_MZB_LO_1-10.03.2005","10.03.2005",2005,3,10,"PERLODES SP.",9
"GER_047_MZB_LO_1","GER_047_MZB_LO_1-10.03.2005","10.03.2005",2005,3,10,"PISIDIUM SP.",33
"GER_047_MZB_LO_1","GER_047_MZB_LO_1-10.03.2005","10.03.2005",2005,3,10,"POLYCENTROPUS FLAVOMACULATUS FLAVOMACULATUS",15
"GER_047_MZB_LO_1","GER_047_MZB_LO_1-10.03.2005","10.03.2005",2005,3,10,"PROSIMULIUM SP.",213
"GER_047_MZB_LO_1","GER_047_MZB_LO_1-10.03.2005","10.03.2005",2005,3,10,"RHITHROGENA SP.",171
"GER_047_MZB_LO_1","GER_047_MZB_LO_1-10.03.2005","10.03.2005",2005,3,10,"RHYACOPHILA SP.",12
"GER_047_MZB_LO_1","GER_047_MZB_LO_1-10.03.2005","10.03.2005",2005,3,10,"SERICOSTOMA SP.",141
"GER_047_MZB_LO_1","GER_047_MZB_LO_1-10.03.2005","10.03.2005",2005,3,10,"SIPHONOPERLA SP.",12
"GER_047_MZB_LO_1","GER_047_MZB_LO_1-10.03.2005","10.03.2005",2005,3,10,"TROCHETA BYKOWSKII",12
"GER_047_MZB_LO_1","GER_047_MZB_LO_1-02.05.2016","02.05.2016",2016,5,2,"ANCYLUS FLUVIATILIS",6
"GER_047_MZB_LO_1","GER_047_MZB_LO_1-02.05.2016","02.05.2016",2016,5,2,"BAETIS SP.",200
"GER_047_MZB_LO_1","GER_047_MZB_LO_1-02.05.2016","02.05.2016",2016,5,2,"BRACHYPTERA SP.",4
"GER_047_MZB_LO_1","GER_047_MZB_LO_1-02.05.2016","02.05.2016",2016,5,2,"CHIRONOMIDAE GEN. SP.",69
"GER_047_MZB_LO_1","GER_047_MZB_LO_1-02.05.2016","02.05.2016",2016,5,2,"DICRANOTA SP.",5
"GER_047_MZB_LO_1","GER_047_MZB_LO_1-02.05.2016","02.05.2016",2016,5,2,"DUGESIA SP.",1
"GER_047_MZB_LO_1","GER_047_MZB_LO_1-02.05.2016","02.05.2016",2016,5,2,"ECDYONURUS SP.",36
"GER_047_MZB_LO_1","GER_047_MZB_LO_1-02.05.2016","02.05.2016",2016,5,2,"ELMIS SP.",63
"GER_047_MZB_LO_1","GER_047_MZB_LO_1-02.05.2016","02.05.2016",2016,5,2,"EPEORUS ASSIMILIS",65
"GER_047_MZB_LO_1","GER_047_MZB_LO_1-02.05.2016","02.05.2016",2016,5,2,"EPHEMERA SP.",20
"GER_047_MZB_LO_1","GER_047_MZB_LO_1-02.05.2016","02.05.2016",2016,5,2,"EPHEMERELLIDAE GEN. SP.",20
"GER_047_MZB_LO_1","GER_047_MZB_LO_1-02.05.2016","02.05.2016",2016,5,2,"ESOLUS SP.",1
"GER_047_MZB_LO_1","GER_047_MZB_LO_1-02.05.2016","02.05.2016",2016,5,2,"GAMMARUS SP.",200
"GER_047_MZB_LO_1","GER_047_MZB_LO_1-02.05.2016","02.05.2016",2016,5,2,"GLOSSIPHONIA SP.",3
"GER_047_MZB_LO_1","GER_047_MZB_LO_1-02.05.2016","02.05.2016",2016,5,2,"GLOSSOSOMATIDAE GEN. SP.",76
"GER_047_MZB_LO_1","GER_047_MZB_LO_1-02.05.2016","02.05.2016",2016,5,2,"GOERIDAE GEN. SP.",112
"GER_047_MZB_LO_1","GER_047_MZB_LO_1-02.05.2016","02.05.2016",2016,5,2,"HYDRAENA SP.",8
"GER_047_MZB_LO_1","GER_047_MZB_LO_1-02.05.2016","02.05.2016",2016,5,2,"HYDROPSYCHE SP.",30
"GER_047_MZB_LO_1","GER_047_MZB_LO_1-02.05.2016","02.05.2016",2016,5,2,"ISOPERLA SP.",65
"GER_047_MZB_LO_1","GER_047_MZB_LO_1-02.05.2016","02.05.2016",2016,5,2,"LEPIDOSTOMA HIRTUM",3
"GER_047_MZB_LO_1","GER_047_MZB_LO_1-02.05.2016","02.05.2016",2016,5,2,"LEPTOPHLEBIIDAE GEN. SP.",300
"GER_047_MZB_LO_1","GER_047_MZB_LO_1-02.05.2016","02.05.2016",2016,5,2,"LEUCTRA SP.",12
"GER_047_MZB_LO_1","GER_047_MZB_LO_1-02.05.2016","02.05.2016",2016,5,2,"LIMNEPHILIDAE GEN. SP.",16
"GER_047_MZB_LO_1","GER_047_MZB_LO_1-02.05.2016","02.05.2016",2016,5,2,"LIMNIUS SP.",27
"GER_047_MZB_LO_1","GER_047_MZB_LO_1-02.05.2016","02.05.2016",2016,5,2,"LIPONEURA BREVIROSTRIS/DECIPIENS/VIMMERI",56
"GER_047_MZB_LO_1","GER_047_MZB_LO_1-02.05.2016","02.05.2016",2016,5,2,"LIPONEURA VIMMERI",9
"GER_047_MZB_LO_1","GER_047_MZB_LO_1-02.05.2016","02.05.2016",2016,5,2,"MICRONECTA SP.",1
"GER_047_MZB_LO_1","GER_047_MZB_LO_1-02.05.2016","02.05.2016",2016,5,2,"NECTOPORUS SANMARKII",1
"GER_047_MZB_LO_1","GER_047_MZB_LO_1-02.05.2016","02.05.2016",2016,5,2,"ODONTOCERUM ALBICORNE",2
"GER_047_MZB_LO_1","GER_047_MZB_LO_1-02.05.2016","02.05.2016",2016,5,2,"OLIGOCHAETA GEN. SP.",125
"GER_047_MZB_LO_1","GER_047_MZB_LO_1-02.05.2016","02.05.2016",2016,5,2,"ORECTOCHILUS VILLOSUS",6
"GER_047_MZB_LO_1","GER_047_MZB_LO_1-02.05.2016","02.05.2016",2016,5,2,"PERLA SP.",8
"GER_047_MZB_LO_1","GER_047_MZB_LO_1-02.05.2016","02.05.2016",2016,5,2,"POLYCENTROPUS FLAVOMACULATUS FLAVOMACULATUS",1
"GER_047_MZB_LO_1","GER_047_MZB_LO_1-02.05.2016","02.05.2016",2016,5,2,"PROSIMULIUM SP.",2
"GER_047_MZB_LO_1","GER_047_MZB_LO_1-02.05.2016","02.05.2016",2016,5,2,"PROTONEMURA SP.",12
"GER_047_MZB_LO_1","GER_047_MZB_LO_1-02.05.2016","02.05.2016",2016,5,2,"RHITHROGENA SP.",350
"GER_047_MZB_LO_1","GER_047_MZB_LO_1-02.05.2016","02.05.2016",2016,5,2,"RHYACOPHILA SP.",12
"GER_047_MZB_LO_1","GER_047_MZB_LO_1-02.05.2016","02.05.2016",2016,5,2,"SERICOSTOMA SP.",65
"GER_047_MZB_LO_1","GER_047_MZB_LO_1-02.05.2016","02.05.2016",2016,5,2,"SIMULIUM SP.",15
"GER_047_MZB_LO_1","GER_047_MZB_LO_1-02.05.2016","02.05.2016",2016,5,2,"SIPHONOPERLA SP.",1
"GER_047_MZB_LO_1","GER_047_MZB_LO_1-02.05.2016","02.05.2016",2016,5,2,"TROCHETA BYKOWSKII",3
"GER_047_MZB_LO_1","GER_047_MZB_LO_1-18.05.2017","18.05.2017",2017,5,18,"ANCYLUS FLUVIATILIS",26
"GER_047_MZB_LO_1","GER_047_MZB_LO_1-18.05.2017","18.05.2017",2017,5,18,"BAETIS SP.",225
"GER_047_MZB_LO_1","GER_047_MZB_LO_1-18.05.2017","18.05.2017",2017,5,18,"BRACHYPTERA SP.",25
"GER_047_MZB_LO_1","GER_047_MZB_LO_1-18.05.2017","18.05.2017",2017,5,18,"CHIRONOMIDAE GEN. SP.",25
"GER_047_MZB_LO_1","GER_047_MZB_LO_1-18.05.2017","18.05.2017",2017,5,18,"DICRANOTA SP.",55
"GER_047_MZB_LO_1","GER_047_MZB_LO_1-18.05.2017","18.05.2017",2017,5,18,"DUGESIA SP.",18
"GER_047_MZB_LO_1","GER_047_MZB_LO_1-18.05.2017","18.05.2017",2017,5,18,"ECDYONURUS SP.",14
"GER_047_MZB_LO_1","GER_047_MZB_LO_1-18.05.2017","18.05.2017",2017,5,18,"ELMIS SP.",54
"GER_047_MZB_LO_1","GER_047_MZB_LO_1-18.05.2017","18.05.2017",2017,5,18,"EPEORUS ASSIMILIS",45
"GER_047_MZB_LO_1","GER_047_MZB_LO_1-18.05.2017","18.05.2017",2017,5,18,"EPHEMERA SP.",15
"GER_047_MZB_LO_1","GER_047_MZB_LO_1-18.05.2017","18.05.2017",2017,5,18,"EPHEMERELLIDAE GEN. SP.",39
"GER_047_MZB_LO_1","GER_047_MZB_LO_1-18.05.2017","18.05.2017",2017,5,18,"ESOLUS SP.",86
"GER_047_MZB_LO_1","GER_047_MZB_LO_1-18.05.2017","18.05.2017",2017,5,18,"GAMMARUS SP.",100
"GER_047_MZB_LO_1","GER_047_MZB_LO_1-18.05.2017","18.05.2017",2017,5,18,"GLOSSIPHONIA SP.",3
"GER_047_MZB_LO_1","GER_047_MZB_LO_1-18.05.2017","18.05.2017",2017,5,18,"GOERIDAE GEN. SP.",44
"GER_047_MZB_LO_1","GER_047_MZB_LO_1-18.05.2017","18.05.2017",2017,5,18,"HYDRAENA SP.",6
"GER_047_MZB_LO_1","GER_047_MZB_LO_1-18.05.2017","18.05.2017",2017,5,18,"HYDROPSYCHE SP.",12
"GER_047_MZB_LO_1","GER_047_MZB_LO_1-18.05.2017","18.05.2017",2017,5,18,"IBISIA MARGINATA",1
"GER_047_MZB_LO_1","GER_047_MZB_LO_1-18.05.2017","18.05.2017",2017,5,18,"ISOPERLA SP.",22
"GER_047_MZB_LO_1","GER_047_MZB_LO_1-18.05.2017","18.05.2017",2017,5,18,"LEPTOPHLEBIIDAE GEN. SP.",15
"GER_047_MZB_LO_1","GER_047_MZB_LO_1-18.05.2017","18.05.2017",2017,5,18,"LEUCTRA SP.",30
"GER_047_MZB_LO_1","GER_047_MZB_LO_1-18.05.2017","18.05.2017",2017,5,18,"LIMNEPHILIDAE GEN. SP.",52
"GER_047_MZB_LO_1","GER_047_MZB_LO_1-18.05.2017","18.05.2017",2017,5,18,"LIMNIUS SP.",52
"GER_047_MZB_LO_1","GER_047_MZB_LO_1-18.05.2017","18.05.2017",2017,5,18,"LIPONEURA DECIPIENS",2
"GER_047_MZB_LO_1","GER_047_MZB_LO_1-18.05.2017","18.05.2017",2017,5,18,"ODONTOCERUM ALBICORNE",18
"GER_047_MZB_LO_1","GER_047_MZB_LO_1-18.05.2017","18.05.2017",2017,5,18,"OLIGOCHAETA GEN. SP.",4
"GER_047_MZB_LO_1","GER_047_MZB_LO_1-18.05.2017","18.05.2017",2017,5,18,"ORECTOCHILUS VILLOSUS",5
"GER_047_MZB_LO_1","GER_047_MZB_LO_1-18.05.2017","18.05.2017",2017,5,18,"PERLA SP.",42
"GER_047_MZB_LO_1","GER_047_MZB_LO_1-18.05.2017","18.05.2017",2017,5,18,"PROSIMULIUM SP.",110
"GER_047_MZB_LO_1","GER_047_MZB_LO_1-18.05.2017","18.05.2017",2017,5,18,"PROTONEMURA SP.",90
"GER_047_MZB_LO_1","GER_047_MZB_LO_1-18.05.2017","18.05.2017",2017,5,18,"RHITHROGENA SP.",200
"GER_047_MZB_LO_1","GER_047_MZB_LO_1-18.05.2017","18.05.2017",2017,5,18,"RHYACOPHILA SP.",28
"GER_047_MZB_LO_1","GER_047_MZB_LO_1-18.05.2017","18.05.2017",2017,5,18,"SERICOSTOMA SP.",15
"GER_047_MZB_LO_1","GER_047_MZB_LO_1-18.05.2017","18.05.2017",2017,5,18,"SIMULIUM SP.",18
"GER_047_MZB_LO_1","GER_047_MZB_LO_1-18.05.2017","18.05.2017",2017,5,18,"TROCHETA BYKOWSKII",5
"GER_047_MZB_LO_1","GER_047_MZB_LO_1-25.03.2018","25.03.2018",2018,3,25,"ANCYLUS FLUVIATILIS",3
"GER_047_MZB_LO_1","GER_047_MZB_LO_1-25.03.2018","25.03.2018",2018,3,25,"BAETIS SP.",39
"GER_047_MZB_LO_1","GER_047_MZB_LO_1-25.03.2018","25.03.2018",2018,3,25,"BRACHYPTERA SP.",57
"GER_047_MZB_LO_1","GER_047_MZB_LO_1-25.03.2018","25.03.2018",2018,3,25,"CHIRONOMIDAE GEN. SP.",21
"GER_047_MZB_LO_1","GER_047_MZB_LO_1-25.03.2018","25.03.2018",2018,3,25,"DICRANOTA SP.",3
"GER_047_MZB_LO_1","GER_047_MZB_LO_1-25.03.2018","25.03.2018",2018,3,25,"DUGESIA SP.",3
"GER_047_MZB_LO_1","GER_047_MZB_LO_1-25.03.2018","25.03.2018",2018,3,25,"ECDYONURUS SP.",6
"GER_047_MZB_LO_1","GER_047_MZB_LO_1-25.03.2018","25.03.2018",2018,3,25,"ELMIS SP.",3
"GER_047_MZB_LO_1","GER_047_MZB_LO_1-25.03.2018","25.03.2018",2018,3,25,"EPEORUS ASSIMILIS",75
"GER_047_MZB_LO_1","GER_047_MZB_LO_1-25.03.2018","25.03.2018",2018,3,25,"EPHEMERA SP.",9
"GER_047_MZB_LO_1","GER_047_MZB_LO_1-25.03.2018","25.03.2018",2018,3,25,"ERPOBDELLA SP.",6
"GER_047_MZB_LO_1","GER_047_MZB_LO_1-25.03.2018","25.03.2018",2018,3,25,"GAMMARUS SP.",861
"GER_047_MZB_LO_1","GER_047_MZB_LO_1-25.03.2018","25.03.2018",2018,3,25,"GLOSSIPHONIA SP.",3
"GER_047_MZB_LO_1","GER_047_MZB_LO_1-25.03.2018","25.03.2018",2018,3,25,"HYDROPSYCHE SP.",15
"GER_047_MZB_LO_1","GER_047_MZB_LO_1-25.03.2018","25.03.2018",2018,3,25,"ISOPERLA SP.",27
"GER_047_MZB_LO_1","GER_047_MZB_LO_1-25.03.2018","25.03.2018",2018,3,25,"LEPTOPHLEBIIDAE GEN. SP.",15
"GER_047_MZB_LO_1","GER_047_MZB_LO_1-25.03.2018","25.03.2018",2018,3,25,"LIMNEPHILIDAE GEN. SP.",9
"GER_047_MZB_LO_1","GER_047_MZB_LO_1-25.03.2018","25.03.2018",2018,3,25,"LIMNIUS SP.",3
"GER_047_MZB_LO_1","GER_047_MZB_LO_1-25.03.2018","25.03.2018",2018,3,25,"OECISMUS MONEDULA MONEDULA",3
"GER_047_MZB_LO_1","GER_047_MZB_LO_1-25.03.2018","25.03.2018",2018,3,25,"OLIGOCHAETA GEN. SP.",117
"GER_047_MZB_LO_1","GER_047_MZB_LO_1-25.03.2018","25.03.2018",2018,3,25,"ORECTOCHILUS VILLOSUS",6
"GER_047_MZB_LO_1","GER_047_MZB_LO_1-25.03.2018","25.03.2018",2018,3,25,"PERLA SP.",45
"GER_047_MZB_LO_1","GER_047_MZB_LO_1-25.03.2018","25.03.2018",2018,3,25,"PISIDIUM SP.",6
"GER_047_MZB_LO_1","GER_047_MZB_LO_1-25.03.2018","25.03.2018",2018,3,25,"PROSIMULIUM SP.",27
"GER_047_MZB_LO_1","GER_047_MZB_LO_1-25.03.2018","25.03.2018",2018,3,25,"PTYCHOPTERA SP.",3
"GER_047_MZB_LO_1","GER_047_MZB_LO_1-25.03.2018","25.03.2018",2018,3,25,"RHITHROGENA SP.",216
"GER_047_MZB_LO_1","GER_047_MZB_LO_1-25.03.2018","25.03.2018",2018,3,25,"SERICOSTOMA SP.",30
"GER_047_MZB_LO_1","GER_047_MZB_LO_1-25.03.2018","25.03.2018",2018,3,25,"SIMULIUM SP.",21
"GER_047_MZB_LO_1","GER_047_MZB_LO_1-25.03.2018","25.03.2018",2018,3,25,"SIPHONOPERLA SP.",3
"GER_047_MZB_LO_1","GER_047_MZB_LO_1-25.03.2018","25.03.2018",2018,3,25,"TABANIDAE GEN. SP.",3
"GER_047_MZB_LO_1","GER_047_MZB_LO_1-27.03.2020","27.03.2020",2020,3,27,"ANCYLUS FLUVIATILIS",4
"GER_047_MZB_LO_1","GER_047_MZB_LO_1-27.03.2020","27.03.2020",2020,3,27,"BAETIS SP.",56
"GER_047_MZB_LO_1","GER_047_MZB_LO_1-27.03.2020","27.03.2020",2020,3,27,"BRACHYPTERA SP.",93
"GER_047_MZB_LO_1","GER_047_MZB_LO_1-27.03.2020","27.03.2020",2020,3,27,"CHIRONOMIDAE GEN. SP.",6
"GER_047_MZB_LO_1","GER_047_MZB_LO_1-27.03.2020","27.03.2020",2020,3,27,"DICRANOTA SP.",13
"GER_047_MZB_LO_1","GER_047_MZB_LO_1-27.03.2020","27.03.2020",2020,3,27,"DUGESIA SP.",4
"GER_047_MZB_LO_1","GER_047_MZB_LO_1-27.03.2020","27.03.2020",2020,3,27,"ECDYONURUS SP.",9
"GER_047_MZB_LO_1","GER_047_MZB_LO_1-27.03.2020","27.03.2020",2020,3,27,"ELMIS SP.",92
"GER_047_MZB_LO_1","GER_047_MZB_LO_1-27.03.2020","27.03.2020",2020,3,27,"EPHEMERELLIDAE GEN. SP.",74
"GER_047_MZB_LO_1","GER_047_MZB_LO_1-27.03.2020","27.03.2020",2020,3,27,"GAMMARUS SP.",141
"GER_047_MZB_LO_1","GER_047_MZB_LO_1-27.03.2020","27.03.2020",2020,3,27,"GLOSSOSOMATIDAE GEN. SP.",5
"GER_047_MZB_LO_1","GER_047_MZB_LO_1-27.03.2020","27.03.2020",2020,3,27,"GOERIDAE GEN. SP.",28
"GER_047_MZB_LO_1","GER_047_MZB_LO_1-27.03.2020","27.03.2020",2020,3,27,"HYDRAENA SP.",72
"GER_047_MZB_LO_1","GER_047_MZB_LO_1-27.03.2020","27.03.2020",2020,3,27,"HYDROPSYCHE SP.",12
"GER_047_MZB_LO_1","GER_047_MZB_LO_1-27.03.2020","27.03.2020",2020,3,27,"ISOPERLA SP.",33
"GER_047_MZB_LO_1","GER_047_MZB_LO_1-27.03.2020","27.03.2020",2020,3,27,"LEPIDOSTOMA BASALE",2
"GER_047_MZB_LO_1","GER_047_MZB_LO_1-27.03.2020","27.03.2020",2020,3,27,"LEPTOPHLEBIIDAE GEN. SP.",106
"GER_047_MZB_LO_1","GER_047_MZB_LO_1-27.03.2020","27.03.2020",2020,3,27,"LIMNEPHILIDAE GEN. SP.",27
"GER_047_MZB_LO_1","GER_047_MZB_LO_1-27.03.2020","27.03.2020",2020,3,27,"ODONTOCERUM ALBICORNE",2
"GER_047_MZB_LO_1","GER_047_MZB_LO_1-27.03.2020","27.03.2020",2020,3,27,"OLIGOCHAETA GEN. SP.",78
"GER_047_MZB_LO_1","GER_047_MZB_LO_1-27.03.2020","27.03.2020",2020,3,27,"PERLA SP.",24
"GER_047_MZB_LO_1","GER_047_MZB_LO_1-27.03.2020","27.03.2020",2020,3,27,"PHILOPOTAMUS MONTANUS MONTANUS",3
"GER_047_MZB_LO_1","GER_047_MZB_LO_1-27.03.2020","27.03.2020",2020,3,27,"PROSIMULIUM SP.",103
"GER_047_MZB_LO_1","GER_047_MZB_LO_1-27.03.2020","27.03.2020",2020,3,27,"PROTONEMURA SP.",19
"GER_047_MZB_LO_1","GER_047_MZB_LO_1-27.03.2020","27.03.2020",2020,3,27,"RHITHROGENA SP.",93
"GER_047_MZB_LO_1","GER_047_MZB_LO_1-27.03.2020","27.03.2020",2020,3,27,"RHYACOPHILA SP.",3
"GER_047_MZB_LO_1","GER_047_MZB_LO_1-27.03.2020","27.03.2020",2020,3,27,"SERICOSTOMA SP.",5
"GER_047_MZB_LO_1","GER_047_MZB_LO_1-27.03.2020","27.03.2020",2020,3,27,"SIMULIUM SP.",10
"GER_047_MZB_LO_1","GER_047_MZB_LO_1-15.05.2022","15.05.2022",2022,5,15,"ANCYLUS FLUVIATILIS",8
"GER_047_MZB_LO_1","GER_047_MZB_LO_1-15.05.2022","15.05.2022",2022,5,15,"AQUARIUS NAJAS",5
"GER_047_MZB_LO_1","GER_047_MZB_LO_1-15.05.2022","15.05.2022",2022,5,15,"BAETIS SP.",74
"GER_047_MZB_LO_1","GER_047_MZB_LO_1-15.05.2022","15.05.2022",2022,5,15,"BRACHYPTERA SP.",1
"GER_047_MZB_LO_1","GER_047_MZB_LO_1-15.05.2022","15.05.2022",2022,5,15,"BYTHINELLA RUFESCENS",7
"GER_047_MZB_LO_1","GER_047_MZB_LO_1-15.05.2022","15.05.2022",2022,5,15,"CALOPTERYX SP.",1
"GER_047_MZB_LO_1","GER_047_MZB_LO_1-15.05.2022","15.05.2022",2022,5,15,"CALOPTERYX SPLENDENS",1
"GER_047_MZB_LO_1","GER_047_MZB_LO_1-15.05.2022","15.05.2022",2022,5,15,"CHIRONOMIDAE GEN. SP.",28
"GER_047_MZB_LO_1","GER_047_MZB_LO_1-15.05.2022","15.05.2022",2022,5,15,"DICRANOTA SP.",8
"GER_047_MZB_LO_1","GER_047_MZB_LO_1-15.05.2022","15.05.2022",2022,5,15,"DUGESIA SP.",21
"GER_047_MZB_LO_1","GER_047_MZB_LO_1-15.05.2022","15.05.2022",2022,5,15,"ECDYONURUS SP.",1
"GER_047_MZB_LO_1","GER_047_MZB_LO_1-15.05.2022","15.05.2022",2022,5,15,"ELMIS SP.",42
"GER_047_MZB_LO_1","GER_047_MZB_LO_1-15.05.2022","15.05.2022",2022,5,15,"EPEORUS ASSIMILIS",14
"GER_047_MZB_LO_1","GER_047_MZB_LO_1-15.05.2022","15.05.2022",2022,5,15,"EPHEMERA SP.",15
"GER_047_MZB_LO_1","GER_047_MZB_LO_1-15.05.2022","15.05.2022",2022,5,15,"EPHEMERELLIDAE GEN. SP.",23
"GER_047_MZB_LO_1","GER_047_MZB_LO_1-15.05.2022","15.05.2022",2022,5,15,"ESOLUS SP.",4
"GER_047_MZB_LO_1","GER_047_MZB_LO_1-15.05.2022","15.05.2022",2022,5,15,"GAMMARUS SP.",82
"GER_047_MZB_LO_1","GER_047_MZB_LO_1-15.05.2022","15.05.2022",2022,5,15,"GLOSSIPHONIA SP.",7
"GER_047_MZB_LO_1","GER_047_MZB_LO_1-15.05.2022","15.05.2022",2022,5,15,"GLOSSOSOMATIDAE GEN. SP.",12
"GER_047_MZB_LO_1","GER_047_MZB_LO_1-15.05.2022","15.05.2022",2022,5,15,"GOERIDAE GEN. SP.",9
"GER_047_MZB_LO_1","GER_047_MZB_LO_1-15.05.2022","15.05.2022",2022,5,15,"GORDIUS SP.",1
"GER_047_MZB_LO_1","GER_047_MZB_LO_1-15.05.2022","15.05.2022",2022,5,15,"HYDRAENA SP.",6
"GER_047_MZB_LO_1","GER_047_MZB_LO_1-15.05.2022","15.05.2022",2022,5,15,"HYDROPSYCHE SP.",14
"GER_047_MZB_LO_1","GER_047_MZB_LO_1-15.05.2022","15.05.2022",2022,5,15,"ISOPERLA SP.",13
"GER_047_MZB_LO_1","GER_047_MZB_LO_1-15.05.2022","15.05.2022",2022,5,15,"LEPIDOSTOMA BASALE",2
"GER_047_MZB_LO_1","GER_047_MZB_LO_1-15.05.2022","15.05.2022",2022,5,15,"LEPTOPHLEBIIDAE GEN. SP.",28
"GER_047_MZB_LO_1","GER_047_MZB_LO_1-15.05.2022","15.05.2022",2022,5,15,"LEUCTRA SP.",3
"GER_047_MZB_LO_1","GER_047_MZB_LO_1-15.05.2022","15.05.2022",2022,5,15,"LIMNEPHILIDAE GEN. SP.",51
"GER_047_MZB_LO_1","GER_047_MZB_LO_1-15.05.2022","15.05.2022",2022,5,15,"LIMNIUS SP.",15
"GER_047_MZB_LO_1","GER_047_MZB_LO_1-15.05.2022","15.05.2022",2022,5,15,"LIMONIIDAE GEN. SP.",1
"GER_047_MZB_LO_1","GER_047_MZB_LO_1-15.05.2022","15.05.2022",2022,5,15,"LIPONEURA BREVIROSTRIS/DECIPIENS/VIMMERI",1
"GER_047_MZB_LO_1","GER_047_MZB_LO_1-15.05.2022","15.05.2022",2022,5,15,"ODONTOCERUM ALBICORNE",8
"GER_047_MZB_LO_1","GER_047_MZB_LO_1-15.05.2022","15.05.2022",2022,5,15,"OLIGOCHAETA GEN. SP.",40
"GER_047_MZB_LO_1","GER_047_MZB_LO_1-15.05.2022","15.05.2022",2022,5,15,"ORECTOCHILUS VILLOSUS",4
"GER_047_MZB_LO_1","GER_047_MZB_LO_1-15.05.2022","15.05.2022",2022,5,15,"PERLA SP.",5
"GER_047_MZB_LO_1","GER_047_MZB_LO_1-15.05.2022","15.05.2022",2022,5,15,"PISCICOLIDAE GEN. SP.",1
"GER_047_MZB_LO_1","GER_047_MZB_LO_1-15.05.2022","15.05.2022",2022,5,15,"PISIDIUM SP.",2
"GER_047_MZB_LO_1","GER_047_MZB_LO_1-15.05.2022","15.05.2022",2022,5,15,"PLATAMBUS MACULATUS",1
"GER_047_MZB_LO_1","GER_047_MZB_LO_1-15.05.2022","15.05.2022",2022,5,15,"POLYCENTROPUS FLAVOMACULATUS FLAVOMACULATUS",3
"GER_047_MZB_LO_1","GER_047_MZB_LO_1-15.05.2022","15.05.2022",2022,5,15,"RHITHROGENA SP.",54
"GER_047_MZB_LO_1","GER_047_MZB_LO_1-15.05.2022","15.05.2022",2022,5,15,"RHYACOPHILA SP.",13
"GER_047_MZB_LO_1","GER_047_MZB_LO_1-15.05.2022","15.05.2022",2022,5,15,"SERICOSTOMA SP.",16
"GER_047_MZB_LO_1","GER_047_MZB_LO_1-15.05.2022","15.05.2022",2022,5,15,"SIALIS FULIGINOSA",1
"GER_047_MZB_LO_1","GER_047_MZB_LO_1-15.05.2022","15.05.2022",2022,5,15,"SIMULIUM SP.",85
"GER_047_MZB_LO_1","GER_047_MZB_LO_1-15.05.2022","15.05.2022",2022,5,15,"TABANIDAE GEN. SP.",7
"GER_047_MZB_LO_1","GER_047_MZB_LO_1-15.05.2022","15.05.2022",2022,5,15,"TROCHETA BYKOWSKII",2
"GER_047_MZB_LO_2","GER_047_MZB_LO_2-09.03.2007","09.03.2007",2007,3,9,"ATHERIX IBIS",9
"GER_047_MZB_LO_2","GER_047_MZB_LO_2-09.03.2007","09.03.2007",2007,3,9,"BAETIS SP.",135
"GER_047_MZB_LO_2","GER_047_MZB_LO_2-09.03.2007","09.03.2007",2007,3,9,"BRACHYCENTRUS MACULATUS",24
"GER_047_MZB_LO_2","GER_047_MZB_LO_2-09.03.2007","09.03.2007",2007,3,9,"BRACHYPTERA SP.",2
"GER_047_MZB_LO_2","GER_047_MZB_LO_2-09.03.2007","09.03.2007",2007,3,9,"CHIRONOMIDAE GEN. SP.",30
"GER_047_MZB_LO_2","GER_047_MZB_LO_2-09.03.2007","09.03.2007",2007,3,9,"DICRANOTA SP.",27
"GER_047_MZB_LO_2","GER_047_MZB_LO_2-09.03.2007","09.03.2007",2007,3,9,"DUGESIA SP.",81
"GER_047_MZB_LO_2","GER_047_MZB_LO_2-09.03.2007","09.03.2007",2007,3,9,"ECDYONURUS SP.",3
"GER_047_MZB_LO_2","GER_047_MZB_LO_2-09.03.2007","09.03.2007",2007,3,9,"EMPIDIDAE GEN. SP.",9
"GER_047_MZB_LO_2","GER_047_MZB_LO_2-09.03.2007","09.03.2007",2007,3,9,"EPEORUS ASSIMILIS",24
"GER_047_MZB_LO_2","GER_047_MZB_LO_2-09.03.2007","09.03.2007",2007,3,9,"EPHEMERA SP.",51
"GER_047_MZB_LO_2","GER_047_MZB_LO_2-09.03.2007","09.03.2007",2007,3,9,"EPHEMERELLIDAE GEN. SP.",57
"GER_047_MZB_LO_2","GER_047_MZB_LO_2-09.03.2007","09.03.2007",2007,3,9,"ERPOBDELLA SP.",9
"GER_047_MZB_LO_2","GER_047_MZB_LO_2-09.03.2007","09.03.2007",2007,3,9,"GAMMARUS SP.",210
"GER_047_MZB_LO_2","GER_047_MZB_LO_2-09.03.2007","09.03.2007",2007,3,9,"GLOSSIPHONIA SP.",3
"GER_047_MZB_LO_2","GER_047_MZB_LO_2-09.03.2007","09.03.2007",2007,3,9,"GLOSSOSOMATIDAE GEN. SP.",9
"GER_047_MZB_LO_2","GER_047_MZB_LO_2-09.03.2007","09.03.2007",2007,3,9,"GOERIDAE GEN. SP.",99
"GER_047_MZB_LO_2","GER_047_MZB_LO_2-09.03.2007","09.03.2007",2007,3,9,"HEPTAGENIA SP.",18
"GER_047_MZB_LO_2","GER_047_MZB_LO_2-09.03.2007","09.03.2007",2007,3,9,"HYDRAENA SP.",6
"GER_047_MZB_LO_2","GER_047_MZB_LO_2-09.03.2007","09.03.2007",2007,3,9,"HYDROPSYCHE SP.",45
"GER_047_MZB_LO_2","GER_047_MZB_LO_2-09.03.2007","09.03.2007",2007,3,9,"ISOPERLA SP.",18
"GER_047_MZB_LO_2","GER_047_MZB_LO_2-09.03.2007","09.03.2007",2007,3,9,"LEPIDOSTOMA BASALE",210
"GER_047_MZB_LO_2","GER_047_MZB_LO_2-09.03.2007","09.03.2007",2007,3,9,"LIMNEPHILIDAE GEN. SP.",78
"GER_047_MZB_LO_2","GER_047_MZB_LO_2-09.03.2007","09.03.2007",2007,3,9,"LIMNIUS SP.",36
"GER_047_MZB_LO_2","GER_047_MZB_LO_2-09.03.2007","09.03.2007",2007,3,9,"LIMONIIDAE GEN. SP.",12
"GER_047_MZB_LO_2","GER_047_MZB_LO_2-09.03.2007","09.03.2007",2007,3,9,"MICRASEMA LONGULUM",105
"GER_047_MZB_LO_2","GER_047_MZB_LO_2-09.03.2007","09.03.2007",2007,3,9,"OLIGOCHAETA GEN. SP.",15
"GER_047_MZB_LO_2","GER_047_MZB_LO_2-09.03.2007","09.03.2007",2007,3,9,"PERLODES SP.",21
"GER_047_MZB_LO_2","GER_047_MZB_LO_2-09.03.2007","09.03.2007",2007,3,9,"PLECTROCNEMIA SP.",16
"GER_047_MZB_LO_2","GER_047_MZB_LO_2-09.03.2007","09.03.2007",2007,3,9,"POLYCENTROPUS IRRORATUS",3
"GER_047_MZB_LO_2","GER_047_MZB_LO_2-09.03.2007","09.03.2007",2007,3,9,"PROSIMULIUM SP.",15
"GER_047_MZB_LO_2","GER_047_MZB_LO_2-09.03.2007","09.03.2007",2007,3,9,"PROTONEMURA SP.",15
"GER_047_MZB_LO_2","GER_047_MZB_LO_2-09.03.2007","09.03.2007",2007,3,9,"RHITHROGENA SP.",33
"GER_047_MZB_LO_2","GER_047_MZB_LO_2-09.03.2007","09.03.2007",2007,3,9,"SERICOSTOMA SP.",75
"GER_047_MZB_LO_2","GER_047_MZB_LO_2-09.03.2007","09.03.2007",2007,3,9,"SIMULIUM SP.",18
"GER_047_MZB_LO_2","GER_047_MZB_LO_2-17.04.2012","17.04.2012",2012,4,17,"AMPULLACEANA BALTHICA",27
"GER_047_MZB_LO_2","GER_047_MZB_LO_2-17.04.2012","17.04.2012",2012,4,17,"ANCYLUS FLUVIATILIS",58
"GER_047_MZB_LO_2","GER_047_MZB_LO_2-17.04.2012","17.04.2012",2012,4,17,"ATHERIX IBIS",39
"GER_047_MZB_LO_2","GER_047_MZB_LO_2-17.04.2012","17.04.2012",2012,4,17,"BAETIS SP.",1531
"GER_047_MZB_LO_2","GER_047_MZB_LO_2-17.04.2012","17.04.2012",2012,4,17,"BRACHYCENTRUS MACULATUS",145
"GER_047_MZB_LO_2","GER_047_MZB_LO_2-17.04.2012","17.04.2012",2012,4,17,"CALOPTERYX SP.",20
"GER_047_MZB_LO_2","GER_047_MZB_LO_2-17.04.2012","17.04.2012",2012,4,17,"CALOPTERYX SPLENDENS",20
"GER_047_MZB_LO_2","GER_047_MZB_LO_2-17.04.2012","17.04.2012",2012,4,17,"CENTROPTILUM LUTEOLUM",31
"GER_047_MZB_LO_2","GER_047_MZB_LO_2-17.04.2012","17.04.2012",2012,4,17,"CERATOPOGONIDAE GEN. SP.",6
"GER_047_MZB_LO_2","GER_047_MZB_LO_2-17.04.2012","17.04.2012",2012,4,17,"CHIRONOMIDAE GEN. SP.",300
"GER_047_MZB_LO_2","GER_047_MZB_LO_2-17.04.2012","17.04.2012",2012,4,17,"DICRANOTA SP.",1
"GER_047_MZB_LO_2","GER_047_MZB_LO_2-17.04.2012","17.04.2012",2012,4,17,"DUGESIA SP.",108
"GER_047_MZB_LO_2","GER_047_MZB_LO_2-17.04.2012","17.04.2012",2012,4,17,"ECDYONURUS SP.",19
"GER_047_MZB_LO_2","GER_047_MZB_LO_2-17.04.2012","17.04.2012",2012,4,17,"ELMIS SP.",696
"GER_047_MZB_LO_2","GER_047_MZB_LO_2-17.04.2012","17.04.2012",2012,4,17,"EMPIDIDAE GEN. SP.",6
"GER_047_MZB_LO_2","GER_047_MZB_LO_2-17.04.2012","17.04.2012",2012,4,17,"EPHEMERA SP.",202
"GER_047_MZB_LO_2","GER_047_MZB_LO_2-17.04.2012","17.04.2012",2012,4,17,"EPHEMERELLIDAE GEN. SP.",143
"GER_047_MZB_LO_2","GER_047_MZB_LO_2-17.04.2012","17.04.2012",2012,4,17,"ERPOBDELLA SP.",4
"GER_047_MZB_LO_2","GER_047_MZB_LO_2-17.04.2012","17.04.2012",2012,4,17,"GAMMARUS SP.",9
"GER_047_MZB_LO_2","GER_047_MZB_LO_2-17.04.2012","17.04.2012",2012,4,17,"GLOSSIPHONIA SP.",1
"GER_047_MZB_LO_2","GER_047_MZB_LO_2-17.04.2012","17.04.2012",2012,4,17,"GLOSSOSOMATIDAE GEN. SP.",485
"GER_047_MZB_LO_2","GER_047_MZB_LO_2-17.04.2012","17.04.2012",2012,4,17,"GOERIDAE GEN. SP.",53
"GER_047_MZB_LO_2","GER_047_MZB_LO_2-17.04.2012","17.04.2012",2012,4,17,"GYRAULUS ALBUS",6
"GER_047_MZB_LO_2","GER_047_MZB_LO_2-17.04.2012","17.04.2012",2012,4,17,"HEPTAGENIA SP.",71
"GER_047_MZB_LO_2","GER_047_MZB_LO_2-17.04.2012","17.04.2012",2012,4,17,"HYDRAENA SP.",43
"GER_047_MZB_LO_2","GER_047_MZB_LO_2-17.04.2012","17.04.2012",2012,4,17,"HYDROPSYCHE SP.",225
"GER_047_MZB_LO_2","GER_047_MZB_LO_2-17.04.2012","17.04.2012",2012,4,17,"ISOPERLA SP.",34
"GER_047_MZB_LO_2","GER_047_MZB_LO_2-17.04.2012","17.04.2012",2012,4,17,"ITHYTRICHIA LAMELLARIS",1379
"GER_047_MZB_LO_2","GER_047_MZB_LO_2-17.04.2012","17.04.2012",2012,4,17,"LEPIDOSTOMA BASALE",99
"GER_047_MZB_LO_2","GER_047_MZB_LO_2-17.04.2012","17.04.2012",2012,4,17,"LEPIDOSTOMA HIRTUM",206
"GER_047_MZB_LO_2","GER_047_MZB_LO_2-17.04.2012","17.04.2012",2012,4,17,"LEPTOPHLEBIIDAE GEN. SP.",8
"GER_047_MZB_LO_2","GER_047_MZB_LO_2-17.04.2012","17.04.2012",2012,4,17,"LIMNEPHILIDAE GEN. SP.",223
"GER_047_MZB_LO_2","GER_047_MZB_LO_2-17.04.2012","17.04.2012",2012,4,17,"LIMNIUS SP.",79
"GER_047_MZB_LO_2","GER_047_MZB_LO_2-17.04.2012","17.04.2012",2012,4,17,"LIMONIIDAE GEN. SP.",6
"GER_047_MZB_LO_2","GER_047_MZB_LO_2-17.04.2012","17.04.2012",2012,4,17,"MICRASEMA LONGULUM",6
"GER_047_MZB_LO_2","GER_047_MZB_LO_2-17.04.2012","17.04.2012",2012,4,17,"MICRASEMA MINIMUM",87
"GER_047_MZB_LO_2","GER_047_MZB_LO_2-17.04.2012","17.04.2012",2012,4,17,"MYSTACIDES AZUREA",2
"GER_047_MZB_LO_2","GER_047_MZB_LO_2-17.04.2012","17.04.2012",2012,4,17,"NEBRIOPORUS ELEGANS",1
"GER_047_MZB_LO_2","GER_047_MZB_LO_2-17.04.2012","17.04.2012",2012,4,17,"NECTOPORUS SANMARKII",9
"GER_047_MZB_LO_2","GER_047_MZB_LO_2-17.04.2012","17.04.2012",2012,4,17,"ODONTOCERUM ALBICORNE",6
"GER_047_MZB_LO_2","GER_047_MZB_LO_2-17.04.2012","17.04.2012",2012,4,17,"OLIGOCHAETA GEN. SP.",55
"GER_047_MZB_LO_2","GER_047_MZB_LO_2-17.04.2012","17.04.2012",2012,4,17,"ORECTOCHILUS VILLOSUS",6
"GER_047_MZB_LO_2","GER_047_MZB_LO_2-17.04.2012","17.04.2012",2012,4,17,"OULIMNIUS TUBERCULATUS",84
"GER_047_MZB_LO_2","GER_047_MZB_LO_2-17.04.2012","17.04.2012",2012,4,17,"PERLODES SP.",2
"GER_047_MZB_LO_2","GER_047_MZB_LO_2-17.04.2012","17.04.2012",2012,4,17,"PISIDIUM SP.",54
"GER_047_MZB_LO_2","GER_047_MZB_LO_2-17.04.2012","17.04.2012",2012,4,17,"POLYCELIS SP.",49
"GER_047_MZB_LO_2","GER_047_MZB_LO_2-17.04.2012","17.04.2012",2012,4,17,"POLYCENTROPUS FLAVOMACULATUS FLAVOMACULATUS",7
"GER_047_MZB_LO_2","GER_047_MZB_LO_2-17.04.2012","17.04.2012",2012,4,17,"PSYCHOMYIA PUSILLA",1
"GER_047_MZB_LO_2","GER_047_MZB_LO_2-17.04.2012","17.04.2012",2012,4,17,"RHITHROGENA SP.",75
"GER_047_MZB_LO_2","GER_047_MZB_LO_2-17.04.2012","17.04.2012",2012,4,17,"RHYACOPHILA SP.",22
"GER_047_MZB_LO_2","GER_047_MZB_LO_2-17.04.2012","17.04.2012",2012,4,17,"SERICOSTOMA SP.",15
"GER_047_MZB_LO_2","GER_047_MZB_LO_2-17.04.2012","17.04.2012",2012,4,17,"SIMULIUM SP.",167
"GER_047_MZB_LO_2","GER_047_MZB_LO_2-17.04.2012","17.04.2012",2012,4,17,"SIPHONOPERLA SP.",1
"GER_047_MZB_LO_2","GER_047_MZB_LO_2-17.04.2012","17.04.2012",2012,4,17,"TABANIDAE GEN. SP.",7
"GER_047_MZB_LO_2","GER_047_MZB_LO_2-06.05.2016","06.05.2016",2016,5,6,"AMPULLACEANA BALTHICA",20
"GER_047_MZB_LO_2","GER_047_MZB_LO_2-06.05.2016","06.05.2016",2016,5,6,"ANCYLUS FLUVIATILIS",1
"GER_047_MZB_LO_2","GER_047_MZB_LO_2-06.05.2016","06.05.2016",2016,5,6,"BAETIS SP.",200
"GER_047_MZB_LO_2","GER_047_MZB_LO_2-06.05.2016","06.05.2016",2016,5,6,"BRACHYCENTRUS MACULATUS",178
"GER_047_MZB_LO_2","GER_047_MZB_LO_2-06.05.2016","06.05.2016",2016,5,6,"CALOPTERYX SP.",7
"GER_047_MZB_LO_2","GER_047_MZB_LO_2-06.05.2016","06.05.2016",2016,5,6,"CALOPTERYX SPLENDENS",7
"GER_047_MZB_LO_2","GER_047_MZB_LO_2-06.05.2016","06.05.2016",2016,5,6,"CHIRONOMIDAE GEN. SP.",219
"GER_047_MZB_LO_2","GER_047_MZB_LO_2-06.05.2016","06.05.2016",2016,5,6,"DERONECTES LATUS",1
"GER_047_MZB_LO_2","GER_047_MZB_LO_2-06.05.2016","06.05.2016",2016,5,6,"DUGESIA SP.",14
"GER_047_MZB_LO_2","GER_047_MZB_LO_2-06.05.2016","06.05.2016",2016,5,6,"ECDYONURUS SP.",21
"GER_047_MZB_LO_2","GER_047_MZB_LO_2-06.05.2016","06.05.2016",2016,5,6,"ELMIS SP.",78
"GER_047_MZB_LO_2","GER_047_MZB_LO_2-06.05.2016","06.05.2016",2016,5,6,"EPEORUS ASSIMILIS",20
"GER_047_MZB_LO_2","GER_047_MZB_LO_2-06.05.2016","06.05.2016",2016,5,6,"EPHEMERA SP.",20
"GER_047_MZB_LO_2","GER_047_MZB_LO_2-06.05.2016","06.05.2016",2016,5,6,"EPHEMERELLIDAE GEN. SP.",33
"GER_047_MZB_LO_2","GER_047_MZB_LO_2-06.05.2016","06.05.2016",2016,5,6,"ERPOBDELLA SP.",26
"GER_047_MZB_LO_2","GER_047_MZB_LO_2-06.05.2016","06.05.2016",2016,5,6,"GAMMARUS SP.",34
"GER_047_MZB_LO_2","GER_047_MZB_LO_2-06.05.2016","06.05.2016",2016,5,6,"GLOSSIPHONIA SP.",2
"GER_047_MZB_LO_2","GER_047_MZB_LO_2-06.05.2016","06.05.2016",2016,5,6,"GLOSSOSOMATIDAE GEN. SP.",300
"GER_047_MZB_LO_2","GER_047_MZB_LO_2-06.05.2016","06.05.2016",2016,5,6,"GOERIDAE GEN. SP.",231
"GER_047_MZB_LO_2","GER_047_MZB_LO_2-06.05.2016","06.05.2016",2016,5,6,"HEPTAGENIA SP.",57
"GER_047_MZB_LO_2","GER_047_MZB_LO_2-06.05.2016","06.05.2016",2016,5,6,"HYDROPSYCHE SP.",200
"GER_047_MZB_LO_2","GER_047_MZB_LO_2-06.05.2016","06.05.2016",2016,5,6,"HYDROPTILA SP.",6
"GER_047_MZB_LO_2","GER_047_MZB_LO_2-06.05.2016","06.05.2016",2016,5,6,"ISOPERLA SP.",20
"GER_047_MZB_LO_2","GER_047_MZB_LO_2-06.05.2016","06.05.2016",2016,5,6,"ITHYTRICHIA LAMELLARIS",65
"GER_047_MZB_LO_2","GER_047_MZB_LO_2-06.05.2016","06.05.2016",2016,5,6,"LEPIDOSTOMA BASALE",33
"GER_047_MZB_LO_2","GER_047_MZB_LO_2-06.05.2016","06.05.2016",2016,5,6,"LEPIDOSTOMA HIRTUM",65
"GER_047_MZB_LO_2","GER_047_MZB_LO_2-06.05.2016","06.05.2016",2016,5,6,"LEPTOPHLEBIIDAE GEN. SP.",2
"GER_047_MZB_LO_2","GER_047_MZB_LO_2-06.05.2016","06.05.2016",2016,5,6,"LIMNEPHILIDAE GEN. SP.",23
"GER_047_MZB_LO_2","GER_047_MZB_LO_2-06.05.2016","06.05.2016",2016,5,6,"LIMNIUS SP.",40
"GER_047_MZB_LO_2","GER_047_MZB_LO_2-06.05.2016","06.05.2016",2016,5,6,"MICRASEMA LONGULUM",24
"GER_047_MZB_LO_2","GER_047_MZB_LO_2-06.05.2016","06.05.2016",2016,5,6,"MICRASEMA MINIMUM",97
"GER_047_MZB_LO_2","GER_047_MZB_LO_2-06.05.2016","06.05.2016",2016,5,6,"MYSTACIDES NIGRA",1
"GER_047_MZB_LO_2","GER_047_MZB_LO_2-06.05.2016","06.05.2016",2016,5,6,"NEBRIOPORUS ELEGANS",1
"GER_047_MZB_LO_2","GER_047_MZB_LO_2-06.05.2016","06.05.2016",2016,5,6,"NECTOPORUS SANMARKII",1
"GER_047_MZB_LO_2","GER_047_MZB_LO_2-06.05.2016","06.05.2016",2016,5,6,"ODONTOCERUM ALBICORNE",14
"GER_047_MZB_LO_2","GER_047_MZB_LO_2-06.05.2016","06.05.2016",2016,5,6,"OLIGOCHAETA GEN. SP.",7
"GER_047_MZB_LO_2","GER_047_MZB_LO_2-06.05.2016","06.05.2016",2016,5,6,"OLIGONEURIELLA RHENANA",1
"GER_047_MZB_LO_2","GER_047_MZB_LO_2-06.05.2016","06.05.2016",2016,5,6,"ORECTOCHILUS VILLOSUS",1
"GER_047_MZB_LO_2","GER_047_MZB_LO_2-06.05.2016","06.05.2016",2016,5,6,"POLYCENTROPUS FLAVOMACULATUS FLAVOMACULATUS",2
"GER_047_MZB_LO_2","GER_047_MZB_LO_2-06.05.2016","06.05.2016",2016,5,6,"POTAMOPYRGUS ANTIPODARUM",1
"GER_047_MZB_LO_2","GER_047_MZB_LO_2-06.05.2016","06.05.2016",2016,5,6,"PSYCHOMYIA PUSILLA",15
"GER_047_MZB_LO_2","GER_047_MZB_LO_2-06.05.2016","06.05.2016",2016,5,6,"RHITHROGENA SP.",54
"GER_047_MZB_LO_2","GER_047_MZB_LO_2-06.05.2016","06.05.2016",2016,5,6,"RHYACOPHILA SP.",17
"GER_047_MZB_LO_2","GER_047_MZB_LO_2-06.05.2016","06.05.2016",2016,5,6,"SERICOSTOMA SP.",168
"GER_047_MZB_LO_2","GER_047_MZB_LO_2-06.05.2016","06.05.2016",2016,5,6,"SIMULIUM SP.",45
"GER_047_MZB_LO_2","GER_047_MZB_LO_2-06.05.2016","06.05.2016",2016,5,6,"TABANIDAE GEN. SP.",1
"GER_047_MZB_LO_2","GER_047_MZB_LO_2-09.04.2018","09.04.2018",2018,4,9,"ANCYLUS FLUVIATILIS",3
"GER_047_MZB_LO_2","GER_047_MZB_LO_2-09.04.2018","09.04.2018",2018,4,9,"BAETIS SP.",271
"GER_047_MZB_LO_2","GER_047_MZB_LO_2-09.04.2018","09.04.2018",2018,4,9,"BRACHYCENTRUS MACULATUS",2
"GER_047_MZB_LO_2","GER_047_MZB_LO_2-09.04.2018","09.04.2018",2018,4,9,"CHIRONOMIDAE GEN. SP.",40
"GER_047_MZB_LO_2","GER_047_MZB_LO_2-09.04.2018","09.04.2018",2018,4,9,"DICRANOTA SP.",3
"GER_047_MZB_LO_2","GER_047_MZB_LO_2-09.04.2018","09.04.2018",2018,4,9,"DUGESIA SP.",8
"GER_047_MZB_LO_2","GER_047_MZB_LO_2-09.04.2018","09.04.2018",2018,4,9,"ELMIS SP.",9
"GER_047_MZB_LO_2","GER_047_MZB_LO_2-09.04.2018","09.04.2018",2018,4,9,"EPHEMERA SP.",8
"GER_047_MZB_LO_2","GER_047_MZB_LO_2-09.04.2018","09.04.2018",2018,4,9,"ERPOBDELLA SP.",24
"GER_047_MZB_LO_2","GER_047_MZB_LO_2-09.04.2018","09.04.2018",2018,4,9,"GLOSSIPHONIA SP.",5
"GER_047_MZB_LO_2","GER_047_MZB_LO_2-09.04.2018","09.04.2018",2018,4,9,"GOERIDAE GEN. SP.",2
"GER_047_MZB_LO_2","GER_047_MZB_LO_2-09.04.2018","09.04.2018",2018,4,9,"HELOBDELLA STAGNALIS",2
"GER_047_MZB_LO_2","GER_047_MZB_LO_2-09.04.2018","09.04.2018",2018,4,9,"HYDROPSYCHE SP.",51
"GER_047_MZB_LO_2","GER_047_MZB_LO_2-09.04.2018","09.04.2018",2018,4,9,"LEPIDOSTOMA BASALE",99
"GER_047_MZB_LO_2","GER_047_MZB_LO_2-09.04.2018","09.04.2018",2018,4,9,"LIMNEPHILIDAE GEN. SP.",15
"GER_047_MZB_LO_2","GER_047_MZB_LO_2-09.04.2018","09.04.2018",2018,4,9,"LIMONIIDAE GEN. SP.",5
"GER_047_MZB_LO_2","GER_047_MZB_LO_2-09.04.2018","09.04.2018",2018,4,9,"OLIGOCHAETA GEN. SP.",20
"GER_047_MZB_LO_2","GER_047_MZB_LO_2-09.04.2018","09.04.2018",2018,4,9,"PISIDIUM SP.",3
"GER_047_MZB_LO_2","GER_047_MZB_LO_2-09.04.2018","09.04.2018",2018,4,9,"RHITHROGENA SP.",4
"GER_047_MZB_LO_2","GER_047_MZB_LO_2-09.04.2018","09.04.2018",2018,4,9,"SERICOSTOMA SP.",60
"GER_047_MZB_LO_2","GER_047_MZB_LO_2-09.04.2018","09.04.2018",2018,4,9,"SIMULIUM SP.",9
"GER_047_MZB_LO_2","GER_047_MZB_LO_2-09.04.2018","09.04.2018",2018,4,9,"SIPHONOPERLA SP.",2
"GER_047_MZB_LO_2","GER_047_MZB_LO_2-09.04.2018","09.04.2018",2018,4,9,"THEODOXUS FLUVIATILIS SSP.",5
"GER_047_MZB_LO_2","GER_047_MZB_LO_2-25.03.2019","25.03.2019",2019,3,25,"ANCYLUS FLUVIATILIS",1
"GER_047_MZB_LO_2","GER_047_MZB_LO_2-25.03.2019","25.03.2019",2019,3,25,"ASELLUS AQUATICUS",1
"GER_047_MZB_LO_2","GER_047_MZB_LO_2-25.03.2019","25.03.2019",2019,3,25,"ATHERIX IBIS",1
"GER_047_MZB_LO_2","GER_047_MZB_LO_2-25.03.2019","25.03.2019",2019,3,25,"BAETIS SP.",11
"GER_047_MZB_LO_2","GER_047_MZB_LO_2-25.03.2019","25.03.2019",2019,3,25,"BRACHYCENTRUS MACULATUS",2
"GER_047_MZB_LO_2","GER_047_MZB_LO_2-25.03.2019","25.03.2019",2019,3,25,"BRACHYPTERA SP.",1
"GER_047_MZB_LO_2","GER_047_MZB_LO_2-25.03.2019","25.03.2019",2019,3,25,"CHIRONOMIDAE GEN. SP.",4
"GER_047_MZB_LO_2","GER_047_MZB_LO_2-25.03.2019","25.03.2019",2019,3,25,"CORDULEGASTER BOLTONII",1
"GER_047_MZB_LO_2","GER_047_MZB_LO_2-25.03.2019","25.03.2019",2019,3,25,"DICRANOTA SP.",2
"GER_047_MZB_LO_2","GER_047_MZB_LO_2-25.03.2019","25.03.2019",2019,3,25,"ECDYONURUS SP.",2
"GER_047_MZB_LO_2","GER_047_MZB_LO_2-25.03.2019","25.03.2019",2019,3,25,"ELMIS SP.",3
"GER_047_MZB_LO_2","GER_047_MZB_LO_2-25.03.2019","25.03.2019",2019,3,25,"ELODES MINUTA-GR.",1
"GER_047_MZB_LO_2","GER_047_MZB_LO_2-25.03.2019","25.03.2019",2019,3,25,"EPHEMERA SP.",54
"GER_047_MZB_LO_2","GER_047_MZB_LO_2-25.03.2019","25.03.2019",2019,3,25,"EPHEMERELLIDAE GEN. SP.",4
"GER_047_MZB_LO_2","GER_047_MZB_LO_2-25.03.2019","25.03.2019",2019,3,25,"ERPOBDELLA SP.",4
"GER_047_MZB_LO_2","GER_047_MZB_LO_2-25.03.2019","25.03.2019",2019,3,25,"GLOSSIPHONIA SP.",3
"GER_047_MZB_LO_2","GER_047_MZB_LO_2-25.03.2019","25.03.2019",2019,3,25,"GLOSSOSOMATIDAE GEN. SP.",5
"GER_047_MZB_LO_2","GER_047_MZB_LO_2-25.03.2019","25.03.2019",2019,3,25,"GOERIDAE GEN. SP.",2
"GER_047_MZB_LO_2","GER_047_MZB_LO_2-25.03.2019","25.03.2019",2019,3,25,"GYRAULUS PARVUS",7
"GER_047_MZB_LO_2","GER_047_MZB_LO_2-25.03.2019","25.03.2019",2019,3,25,"HYDROPSYCHE SP.",7
"GER_047_MZB_LO_2","GER_047_MZB_LO_2-25.03.2019","25.03.2019",2019,3,25,"ISOPERLA SP.",4
"GER_047_MZB_LO_2","GER_047_MZB_LO_2-25.03.2019","25.03.2019",2019,3,25,"LEPIDOSTOMA BASALE",139
"GER_047_MZB_LO_2","GER_047_MZB_LO_2-25.03.2019","25.03.2019",2019,3,25,"LEPIDOSTOMA HIRTUM",2
"GER_047_MZB_LO_2","GER_047_MZB_LO_2-25.03.2019","25.03.2019",2019,3,25,"LEPTOPHLEBIIDAE GEN. SP.",1
"GER_047_MZB_LO_2","GER_047_MZB_LO_2-25.03.2019","25.03.2019",2019,3,25,"LIMNEPHILIDAE GEN. SP.",32
"GER_047_MZB_LO_2","GER_047_MZB_LO_2-25.03.2019","25.03.2019",2019,3,25,"LIMNIUS SP.",11
"GER_047_MZB_LO_2","GER_047_MZB_LO_2-25.03.2019","25.03.2019",2019,3,25,"LIMONIIDAE GEN. SP.",1
"GER_047_MZB_LO_2","GER_047_MZB_LO_2-25.03.2019","25.03.2019",2019,3,25,"NEMOURA SP.",1
"GER_047_MZB_LO_2","GER_047_MZB_LO_2-25.03.2019","25.03.2019",2019,3,25,"NOTIDOBIA CILIARIS",1
"GER_047_MZB_LO_2","GER_047_MZB_LO_2-25.03.2019","25.03.2019",2019,3,25,"ODONTOCERUM ALBICORNE",2
"GER_047_MZB_LO_2","GER_047_MZB_LO_2-25.03.2019","25.03.2019",2019,3,25,"PISIDIUM SP.",4
"GER_047_MZB_LO_2","GER_047_MZB_LO_2-25.03.2019","25.03.2019",2019,3,25,"PROSIMULIUM SP.",2
"GER_047_MZB_LO_2","GER_047_MZB_LO_2-25.03.2019","25.03.2019",2019,3,25,"RADIX BALTHICA/LABIATA",16
"GER_047_MZB_LO_2","GER_047_MZB_LO_2-25.03.2019","25.03.2019",2019,3,25,"RHITHROGENA SP.",4
"GER_047_MZB_LO_2","GER_047_MZB_LO_2-25.03.2019","25.03.2019",2019,3,25,"RHYACOPHILA SP.",1
"GER_047_MZB_LO_2","GER_047_MZB_LO_2-25.03.2019","25.03.2019",2019,3,25,"SERICOSTOMA SP.",54
"GER_047_MZB_LO_2","GER_047_MZB_LO_2-25.03.2019","25.03.2019",2019,3,25,"SIMULIUM SP.",1
"GER_047_MZB_LO_2","GER_047_MZB_LO_2-16.04.2020","16.04.2020",2020,4,16,"ACILIUS CANALICULATUS",20
"GER_047_MZB_LO_2","GER_047_MZB_LO_2-16.04.2020","16.04.2020",2020,4,16,"ANCYLUS FLUVIATILIS",6
"GER_047_MZB_LO_2","GER_047_MZB_LO_2-16.04.2020","16.04.2020",2020,4,16,"BAETIS SP.",433
"GER_047_MZB_LO_2","GER_047_MZB_LO_2-16.04.2020","16.04.2020",2020,4,16,"BRACHYCENTRUS MACULATUS",20
"GER_047_MZB_LO_2","GER_047_MZB_LO_2-16.04.2020","16.04.2020",2020,4,16,"CALOPTERYX SP.",7
"GER_047_MZB_LO_2","GER_047_MZB_LO_2-16.04.2020","16.04.2020",2020,4,16,"CALOPTERYX SPLENDENS",7
"GER_047_MZB_LO_2","GER_047_MZB_LO_2-16.04.2020","16.04.2020",2020,4,16,"CHIRONOMIDAE GEN. SP.",47
"GER_047_MZB_LO_2","GER_047_MZB_LO_2-16.04.2020","16.04.2020",2020,4,16,"DUGESIA SP.",12
"GER_047_MZB_LO_2","GER_047_MZB_LO_2-16.04.2020","16.04.2020",2020,4,16,"ECDYONURUS SP.",8
"GER_047_MZB_LO_2","GER_047_MZB_LO_2-16.04.2020","16.04.2020",2020,4,16,"ELMIS SP.",114
"GER_047_MZB_LO_2","GER_047_MZB_LO_2-16.04.2020","16.04.2020",2020,4,16,"EPEORUS ASSIMILIS",4
"GER_047_MZB_LO_2","GER_047_MZB_LO_2-16.04.2020","16.04.2020",2020,4,16,"EPHEMERA SP.",8
"GER_047_MZB_LO_2","GER_047_MZB_LO_2-16.04.2020","16.04.2020",2020,4,16,"EPHEMERELLIDAE GEN. SP.",66
"GER_047_MZB_LO_2","GER_047_MZB_LO_2-16.04.2020","16.04.2020",2020,4,16,"GLOSSOSOMATIDAE GEN. SP.",20
"GER_047_MZB_LO_2","GER_047_MZB_LO_2-16.04.2020","16.04.2020",2020,4,16,"GOERIDAE GEN. SP.",43
"GER_047_MZB_LO_2","GER_047_MZB_LO_2-16.04.2020","16.04.2020",2020,4,16,"HEPTAGENIA SP.",17
"GER_047_MZB_LO_2","GER_047_MZB_LO_2-16.04.2020","16.04.2020",2020,4,16,"HYDRACHNIDIA GEN. SP.",80
"GER_047_MZB_LO_2","GER_047_MZB_LO_2-16.04.2020","16.04.2020",2020,4,16,"HYDRAENA SP.",11
"GER_047_MZB_LO_2","GER_047_MZB_LO_2-16.04.2020","16.04.2020",2020,4,16,"HYDROPSYCHE SP.",27
"GER_047_MZB_LO_2","GER_047_MZB_LO_2-16.04.2020","16.04.2020",2020,4,16,"ISOPERLA SP.",9
"GER_047_MZB_LO_2","GER_047_MZB_LO_2-16.04.2020","16.04.2020",2020,4,16,"ITHYTRICHIA LAMELLARIS",112
"GER_047_MZB_LO_2","GER_047_MZB_LO_2-16.04.2020","16.04.2020",2020,4,16,"LEPIDOSTOMA BASALE",20
"GER_047_MZB_LO_2","GER_047_MZB_LO_2-16.04.2020","16.04.2020",2020,4,16,"LEPTOPHLEBIIDAE GEN. SP.",2
"GER_047_MZB_LO_2","GER_047_MZB_LO_2-16.04.2020","16.04.2020",2020,4,16,"LIMNEPHILIDAE GEN. SP.",113
"GER_047_MZB_LO_2","GER_047_MZB_LO_2-16.04.2020","16.04.2020",2020,4,16,"LIMNIUS SP.",31
"GER_047_MZB_LO_2","GER_047_MZB_LO_2-16.04.2020","16.04.2020",2020,4,16,"NEMATOMORPHA GEN. SP.",5
"GER_047_MZB_LO_2","GER_047_MZB_LO_2-16.04.2020","16.04.2020",2020,4,16,"OLIGOCHAETA GEN. SP.",40
"GER_047_MZB_LO_2","GER_047_MZB_LO_2-16.04.2020","16.04.2020",2020,4,16,"POLYCELIS SP.",7
"GER_047_MZB_LO_2","GER_047_MZB_LO_2-16.04.2020","16.04.2020",2020,4,16,"RHITHROGENA SP.",9
"GER_047_MZB_LO_2","GER_047_MZB_LO_2-16.04.2020","16.04.2020",2020,4,16,"RHYACOPHILA SP.",14
"GER_047_MZB_LO_2","GER_047_MZB_LO_2-16.04.2020","16.04.2020",2020,4,16,"SERICOSTOMA SP.",40
"GER_047_MZB_LO_2","GER_047_MZB_LO_2-16.04.2020","16.04.2020",2020,4,16,"SIMULIUM SP.",74
"GER_047_MZB_LO_2","GER_047_MZB_LO_2-16.04.2020","16.04.2020",2020,4,16,"SIPHONOPERLA SP.",19
"GER_047_MZB_LO_2","GER_047_MZB_LO_2-16.04.2020","16.04.2020",2020,4,16,"TABANIDAE GEN. SP.",4
"GER_047_MZB_LO_3","GER_047_MZB_LO_3-13.03.2007","13.03.2007",2007,3,13,"ANCYLUS FLUVIATILIS",33
"GER_047_MZB_LO_3","GER_047_MZB_LO_3-13.03.2007","13.03.2007",2007,3,13,"BAETIS SP.",87
"GER_047_MZB_LO_3","GER_047_MZB_LO_3-13.03.2007","13.03.2007",2007,3,13,"CHIRONOMIDAE GEN. SP.",78
"GER_047_MZB_LO_3","GER_047_MZB_LO_3-13.03.2007","13.03.2007",2007,3,13,"DICRANOTA SP.",21
"GER_047_MZB_LO_3","GER_047_MZB_LO_3-13.03.2007","13.03.2007",2007,3,13,"DUGESIA SP.",81
"GER_047_MZB_LO_3","GER_047_MZB_LO_3-13.03.2007","13.03.2007",2007,3,13,"ECDYONURUS SP.",42
"GER_047_MZB_LO_3","GER_047_MZB_LO_3-13.03.2007","13.03.2007",2007,3,13,"ELMIS SP.",12
"GER_047_MZB_LO_3","GER_047_MZB_LO_3-13.03.2007","13.03.2007",2007,3,13,"EMPIDIDAE GEN. SP.",3
"GER_047_MZB_LO_3","GER_047_MZB_LO_3-13.03.2007","13.03.2007",2007,3,13,"EPEORUS ASSIMILIS",120
"GER_047_MZB_LO_3","GER_047_MZB_LO_3-13.03.2007","13.03.2007",2007,3,13,"EPHEMERA SP.",6
"GER_047_MZB_LO_3","GER_047_MZB_LO_3-13.03.2007","13.03.2007",2007,3,13,"EPHEMERELLIDAE GEN. SP.",27
"GER_047_MZB_LO_3","GER_047_MZB_LO_3-13.03.2007","13.03.2007",2007,3,13,"ERPOBDELLA SP.",6
"GER_047_MZB_LO_3","GER_047_MZB_LO_3-13.03.2007","13.03.2007",2007,3,13,"GAMMARUS SP.",306
"GER_047_MZB_LO_3","GER_047_MZB_LO_3-13.03.2007","13.03.2007",2007,3,13,"GLOSSIPHONIA SP.",15
"GER_047_MZB_LO_3","GER_047_MZB_LO_3-13.03.2007","13.03.2007",2007,3,13,"GLOSSOSOMATIDAE GEN. SP.",66
"GER_047_MZB_LO_3","GER_047_MZB_LO_3-13.03.2007","13.03.2007",2007,3,13,"HYDRAENA SP.",6
"GER_047_MZB_LO_3","GER_047_MZB_LO_3-13.03.2007","13.03.2007",2007,3,13,"HYDROPSYCHE SP.",21
"GER_047_MZB_LO_3","GER_047_MZB_LO_3-13.03.2007","13.03.2007",2007,3,13,"LEPIDOSTOMA BASALE",54
"GER_047_MZB_LO_3","GER_047_MZB_LO_3-13.03.2007","13.03.2007",2007,3,13,"LEPTOPHLEBIIDAE GEN. SP.",3
"GER_047_MZB_LO_3","GER_047_MZB_LO_3-13.03.2007","13.03.2007",2007,3,13,"LEUCTRA SP.",18
"GER_047_MZB_LO_3","GER_047_MZB_LO_3-13.03.2007","13.03.2007",2007,3,13,"LIMNEPHILIDAE GEN. SP.",261
"GER_047_MZB_LO_3","GER_047_MZB_LO_3-13.03.2007","13.03.2007",2007,3,13,"LIMNIUS SP.",30
"GER_047_MZB_LO_3","GER_047_MZB_LO_3-13.03.2007","13.03.2007",2007,3,13,"LIMONIIDAE GEN. SP.",6
"GER_047_MZB_LO_3","GER_047_MZB_LO_3-13.03.2007","13.03.2007",2007,3,13,"MICRASEMA MINIMUM",15
"GER_047_MZB_LO_3","GER_047_MZB_LO_3-13.03.2007","13.03.2007",2007,3,13,"OLIGOCHAETA GEN. SP.",9
"GER_047_MZB_LO_3","GER_047_MZB_LO_3-13.03.2007","13.03.2007",2007,3,13,"PERLODES SP.",21
"GER_047_MZB_LO_3","GER_047_MZB_LO_3-13.03.2007","13.03.2007",2007,3,13,"PISIDIUM SP.",6
"GER_047_MZB_LO_3","GER_047_MZB_LO_3-13.03.2007","13.03.2007",2007,3,13,"PLECTROCNEMIA SP.",3
"GER_047_MZB_LO_3","GER_047_MZB_LO_3-13.03.2007","13.03.2007",2007,3,13,"POLYCENTROPUS FLAVOMACULATUS FLAVOMACULATUS",21
"GER_047_MZB_LO_3","GER_047_MZB_LO_3-13.03.2007","13.03.2007",2007,3,13,"POTAMOPYRGUS ANTIPODARUM",30
"GER_047_MZB_LO_3","GER_047_MZB_LO_3-13.03.2007","13.03.2007",2007,3,13,"PROSIMULIUM SP.",21
"GER_047_MZB_LO_3","GER_047_MZB_LO_3-13.03.2007","13.03.2007",2007,3,13,"PROTONEMURA SP.",15
"GER_047_MZB_LO_3","GER_047_MZB_LO_3-13.03.2007","13.03.2007",2007,3,13,"RHITHROGENA SP.",18
"GER_047_MZB_LO_3","GER_047_MZB_LO_3-13.03.2007","13.03.2007",2007,3,13,"RHYACOPHILA SP.",57
"GER_047_MZB_LO_3","GER_047_MZB_LO_3-13.03.2007","13.03.2007",2007,3,13,"SERICOSTOMA SP.",147
"GER_047_MZB_LO_3","GER_047_MZB_LO_3-13.03.2007","13.03.2007",2007,3,13,"SIALIS FULIGINOSA",3
"GER_047_MZB_LO_3","GER_047_MZB_LO_3-13.03.2007","13.03.2007",2007,3,13,"SIMULIUM SP.",24
"GER_047_MZB_LO_3","GER_047_MZB_LO_3-13.03.2007","13.03.2007",2007,3,13,"SIPHONOPERLA SP.",15
"GER_047_MZB_LO_3","GER_047_MZB_LO_3-13.03.2007","13.03.2007",2007,3,13,"TINODES SP.",66
"GER_047_MZB_LO_3","GER_047_MZB_LO_3-13.03.2007","13.03.2007",2007,3,13,"TIPULIDAE GEN. SP.",3
"GER_047_MZB_LO_3","GER_047_MZB_LO_3-04.05.2016","04.05.2016",2016,5,4,"ANCYLUS FLUVIATILIS",40
"GER_047_MZB_LO_3","GER_047_MZB_LO_3-04.05.2016","04.05.2016",2016,5,4,"BAETIS SP.",200
"GER_047_MZB_LO_3","GER_047_MZB_LO_3-04.05.2016","04.05.2016",2016,5,4,"CHIRONOMIDAE GEN. SP.",78
"GER_047_MZB_LO_3","GER_047_MZB_LO_3-04.05.2016","04.05.2016",2016,5,4,"ECDYONURUS SP.",30
"GER_047_MZB_LO_3","GER_047_MZB_LO_3-04.05.2016","04.05.2016",2016,5,4,"ELMIS SP.",24
"GER_047_MZB_LO_3","GER_047_MZB_LO_3-04.05.2016","04.05.2016",2016,5,4,"ELODES MINUTUS-GR.",20
"GER_047_MZB_LO_3","GER_047_MZB_LO_3-04.05.2016","04.05.2016",2016,5,4,"EMPIDIDAE GEN. SP.",1
"GER_047_MZB_LO_3","GER_047_MZB_LO_3-04.05.2016","04.05.2016",2016,5,4,"EPEORUS ASSIMILIS",20
"GER_047_MZB_LO_3","GER_047_MZB_LO_3-04.05.2016","04.05.2016",2016,5,4,"EPHEMERA SP.",2
"GER_047_MZB_LO_3","GER_047_MZB_LO_3-04.05.2016","04.05.2016",2016,5,4,"EPHEMERELLIDAE GEN. SP.",65
"GER_047_MZB_LO_3","GER_047_MZB_LO_3-04.05.2016","04.05.2016",2016,5,4,"GAMMARUS SP.",350
"GER_047_MZB_LO_3","GER_047_MZB_LO_3-04.05.2016","04.05.2016",2016,5,4,"GLOSSOSOMATIDAE GEN. SP.",201
"GER_047_MZB_LO_3","GER_047_MZB_LO_3-04.05.2016","04.05.2016",2016,5,4,"HYDROPSYCHE SP.",23
"GER_047_MZB_LO_3","GER_047_MZB_LO_3-04.05.2016","04.05.2016",2016,5,4,"ISOPERLA SP.",20
"GER_047_MZB_LO_3","GER_047_MZB_LO_3-04.05.2016","04.05.2016",2016,5,4,"LIMNEPHILIDAE GEN. SP.",40
"GER_047_MZB_LO_3","GER_047_MZB_LO_3-04.05.2016","04.05.2016",2016,5,4,"LIMNIUS SP.",56
"GER_047_MZB_LO_3","GER_047_MZB_LO_3-04.05.2016","04.05.2016",2016,5,4,"LIMONIIDAE GEN. SP.",1
"GER_047_MZB_LO_3","GER_047_MZB_LO_3-04.05.2016","04.05.2016",2016,5,4,"ODONTOCERUM ALBICORNE",20
"GER_047_MZB_LO_3","GER_047_MZB_LO_3-04.05.2016","04.05.2016",2016,5,4,"OLIGOCHAETA GEN. SP.",7
"GER_047_MZB_LO_3","GER_047_MZB_LO_3-04.05.2016","04.05.2016",2016,5,4,"PISIDIUM SP.",2
"GER_047_MZB_LO_3","GER_047_MZB_LO_3-04.05.2016","04.05.2016",2016,5,4,"PLECTROCNEMIA SP.",3
"GER_047_MZB_LO_3","GER_047_MZB_LO_3-04.05.2016","04.05.2016",2016,5,4,"POLYCELIS SP.",20
"GER_047_MZB_LO_3","GER_047_MZB_LO_3-04.05.2016","04.05.2016",2016,5,4,"PROSIMULIUM SP.",2
"GER_047_MZB_LO_3","GER_047_MZB_LO_3-04.05.2016","04.05.2016",2016,5,4,"PROTONEMURA SP.",65
"GER_047_MZB_LO_3","GER_047_MZB_LO_3-04.05.2016","04.05.2016",2016,5,4,"RHITHROGENA SP.",100
"GER_047_MZB_LO_3","GER_047_MZB_LO_3-04.05.2016","04.05.2016",2016,5,4,"RHYACOPHILA SP.",12
"GER_047_MZB_LO_3","GER_047_MZB_LO_3-04.05.2016","04.05.2016",2016,5,4,"SERICOSTOMA SP.",10
"GER_047_MZB_LO_3","GER_047_MZB_LO_3-04.05.2016","04.05.2016",2016,5,4,"SIALIS FULIGINOSA",3
"GER_047_MZB_LO_3","GER_047_MZB_LO_3-04.05.2016","04.05.2016",2016,5,4,"SIMULIUM SP.",5
"GER_047_MZB_LO_3","GER_047_MZB_LO_3-04.05.2016","04.05.2016",2016,5,4,"TINODES SP.",65
"GER_047_MZB_LO_3","GER_047_MZB_LO_3-04.05.2016","04.05.2016",2016,5,4,"WORMALDIA SP.",2
"GER_047_MZB_LO_3","GER_047_MZB_LO_3-20.04.2017","20.04.2017",2017,4,20,"AMPULLACEANA BALTHICA",1
"GER_047_MZB_LO_3","GER_047_MZB_LO_3-20.04.2017","20.04.2017",2017,4,20,"ANCYLUS FLUVIATILIS",1
"GER_047_MZB_LO_3","GER_047_MZB_LO_3-20.04.2017","20.04.2017",2017,4,20,"ASELLUS AQUATICUS",6
"GER_047_MZB_LO_3","GER_047_MZB_LO_3-20.04.2017","20.04.2017",2017,4,20,"BAETIS SP.",511
"GER_047_MZB_LO_3","GER_047_MZB_LO_3-20.04.2017","20.04.2017",2017,4,20,"CERATOPOGONIDAE GEN. SP.",18
"GER_047_MZB_LO_3","GER_047_MZB_LO_3-20.04.2017","20.04.2017",2017,4,20,"CHIRONOMIDAE GEN. SP.",2432
"GER_047_MZB_LO_3","GER_047_MZB_LO_3-20.04.2017","20.04.2017",2017,4,20,"DICRANOTA SP.",60
"GER_047_MZB_LO_3","GER_047_MZB_LO_3-20.04.2017","20.04.2017",2017,4,20,"DIXA PUBERULA",1
"GER_047_MZB_LO_3","GER_047_MZB_LO_3-20.04.2017","20.04.2017",2017,4,20,"ECDYONURUS SP.",12
"GER_047_MZB_LO_3","GER_047_MZB_LO_3-20.04.2017","20.04.2017",2017,4,20,"ELMIS SP.",205
"GER_047_MZB_LO_3","GER_047_MZB_LO_3-20.04.2017","20.04.2017",2017,4,20,"EMPIDIDAE GEN. SP.",60
"GER_047_MZB_LO_3","GER_047_MZB_LO_3-20.04.2017","20.04.2017",2017,4,20,"EPEORUS ASSIMILIS",16
"GER_047_MZB_LO_3","GER_047_MZB_LO_3-20.04.2017","20.04.2017",2017,4,20,"EPHEMERA SP.",6
"GER_047_MZB_LO_3","GER_047_MZB_LO_3-20.04.2017","20.04.2017",2017,4,20,"EPHEMERELLIDAE GEN. SP.",300
"GER_047_MZB_LO_3","GER_047_MZB_LO_3-20.04.2017","20.04.2017",2017,4,20,"GAMMARUS SP.",769
"GER_047_MZB_LO_3","GER_047_MZB_LO_3-20.04.2017","20.04.2017",2017,4,20,"GLOSSOSOMATIDAE GEN. SP.",16
"GER_047_MZB_LO_3","GER_047_MZB_LO_3-20.04.2017","20.04.2017",2017,4,20,"GOERIDAE GEN. SP.",28
"GER_047_MZB_LO_3","GER_047_MZB_LO_3-20.04.2017","20.04.2017",2017,4,20,"HYDROPSYCHE SP.",14
"GER_047_MZB_LO_3","GER_047_MZB_LO_3-20.04.2017","20.04.2017",2017,4,20,"LIMNEPHILIDAE GEN. SP.",219
"GER_047_MZB_LO_3","GER_047_MZB_LO_3-20.04.2017","20.04.2017",2017,4,20,"LIMNIUS SP.",331
"GER_047_MZB_LO_3","GER_047_MZB_LO_3-20.04.2017","20.04.2017",2017,4,20,"LIMONIIDAE GEN. SP.",6
"GER_047_MZB_LO_3","GER_047_MZB_LO_3-20.04.2017","20.04.2017",2017,4,20,"MICRASEMA LONGULUM",97
"GER_047_MZB_LO_3","GER_047_MZB_LO_3-20.04.2017","20.04.2017",2017,4,20,"MICRASEMA MINIMUM",365
"GER_047_MZB_LO_3","GER_047_MZB_LO_3-20.04.2017","20.04.2017",2017,4,20,"ODELES MARGINATA",6
"GER_047_MZB_LO_3","GER_047_MZB_LO_3-20.04.2017","20.04.2017",2017,4,20,"ODONTOCERUM ALBICORNE",9
"GER_047_MZB_LO_3","GER_047_MZB_LO_3-20.04.2017","20.04.2017",2017,4,20,"OLIGOCHAETA GEN. SP.",210
"GER_047_MZB_LO_3","GER_047_MZB_LO_3-20.04.2017","20.04.2017",2017,4,20,"PISIDIUM SP.",13
"GER_047_MZB_LO_3","GER_047_MZB_LO_3-20.04.2017","20.04.2017",2017,4,20,"PLECTROCNEMIA SP.",6
"GER_047_MZB_LO_3","GER_047_MZB_LO_3-20.04.2017","20.04.2017",2017,4,20,"POLYCELIS SP.",25
"GER_047_MZB_LO_3","GER_047_MZB_LO_3-20.04.2017","20.04.2017",2017,4,20,"POTAMOPYRGUS ANTIPODARUM",6
"GER_047_MZB_LO_3","GER_047_MZB_LO_3-20.04.2017","20.04.2017",2017,4,20,"PROSIMULIUM SP.",31
"GER_047_MZB_LO_3","GER_047_MZB_LO_3-20.04.2017","20.04.2017",2017,4,20,"PROTONEMURA SP.",31
"GER_047_MZB_LO_3","GER_047_MZB_LO_3-20.04.2017","20.04.2017",2017,4,20,"RHITHROGENA SP.",565
"GER_047_MZB_LO_3","GER_047_MZB_LO_3-20.04.2017","20.04.2017",2017,4,20,"RHYACOPHILA SP.",43
"GER_047_MZB_LO_3","GER_047_MZB_LO_3-20.04.2017","20.04.2017",2017,4,20,"SERICOSTOMA SP.",68
"GER_047_MZB_LO_3","GER_047_MZB_LO_3-20.04.2017","20.04.2017",2017,4,20,"SIMULIUM SP.",225
"GER_047_MZB_LO_3","GER_047_MZB_LO_3-20.04.2017","20.04.2017",2017,4,20,"TIPULIDAE GEN. SP.",2
"GER_047_MZB_LO_3","GER_047_MZB_LO_3-09.04.2018","09.04.2018",2018,4,9,"ANCYLUS FLUVIATILIS",4
"GER_047_MZB_LO_3","GER_047_MZB_LO_3-09.04.2018","09.04.2018",2018,4,9,"BAETIS SP.",120
"GER_047_MZB_LO_3","GER_047_MZB_LO_3-09.04.2018","09.04.2018",2018,4,9,"CERATOPOGONIDAE GEN. SP.",1
"GER_047_MZB_LO_3","GER_047_MZB_LO_3-09.04.2018","09.04.2018",2018,4,9,"CHIRONOMIDAE GEN. SP.",18
"GER_047_MZB_LO_3","GER_047_MZB_LO_3-09.04.2018","09.04.2018",2018,4,9,"DICRANOTA SP.",14
"GER_047_MZB_LO_3","GER_047_MZB_LO_3-09.04.2018","09.04.2018",2018,4,9,"DUGESIA SP.",3
"GER_047_MZB_LO_3","GER_047_MZB_LO_3-09.04.2018","09.04.2018",2018,4,9,"ECDYONURUS SP.",9
"GER_047_MZB_LO_3","GER_047_MZB_LO_3-09.04.2018","09.04.2018",2018,4,9,"ELMIS SP.",25
"GER_047_MZB_LO_3","GER_047_MZB_LO_3-09.04.2018","09.04.2018",2018,4,9,"EPEORUS ASSIMILIS",8
"GER_047_MZB_LO_3","GER_047_MZB_LO_3-09.04.2018","09.04.2018",2018,4,9,"EPHEMERELLIDAE GEN. SP.",23
"GER_047_MZB_LO_3","GER_047_MZB_LO_3-09.04.2018","09.04.2018",2018,4,9,"GAMMARUS SP.",36
"GER_047_MZB_LO_3","GER_047_MZB_LO_3-09.04.2018","09.04.2018",2018,4,9,"GLOSSOSOMATIDAE GEN. SP.",1
"GER_047_MZB_LO_3","GER_047_MZB_LO_3-09.04.2018","09.04.2018",2018,4,9,"GOERIDAE GEN. SP.",6
"GER_047_MZB_LO_3","GER_047_MZB_LO_3-09.04.2018","09.04.2018",2018,4,9,"HYDROPSYCHE SP.",7
"GER_047_MZB_LO_3","GER_047_MZB_LO_3-09.04.2018","09.04.2018",2018,4,9,"ISOPERLA SP.",2
"GER_047_MZB_LO_3","GER_047_MZB_LO_3-09.04.2018","09.04.2018",2018,4,9,"LEPTOPHLEBIIDAE GEN. SP.",1
"GER_047_MZB_LO_3","GER_047_MZB_LO_3-09.04.2018","09.04.2018",2018,4,9,"LEUCTRA SP.",4
"GER_047_MZB_LO_3","GER_047_MZB_LO_3-09.04.2018","09.04.2018",2018,4,9,"LIMNEPHILIDAE GEN. SP.",10
"GER_047_MZB_LO_3","GER_047_MZB_LO_3-09.04.2018","09.04.2018",2018,4,9,"LIMNOPHORA SP.",1
"GER_047_MZB_LO_3","GER_047_MZB_LO_3-09.04.2018","09.04.2018",2018,4,9,"MICRASEMA MINIMUM",21
"GER_047_MZB_LO_3","GER_047_MZB_LO_3-09.04.2018","09.04.2018",2018,4,9,"NEMOURA SP.",1
"GER_047_MZB_LO_3","GER_047_MZB_LO_3-09.04.2018","09.04.2018",2018,4,9,"NIPHARGUS SP.",1
"GER_047_MZB_LO_3","GER_047_MZB_LO_3-09.04.2018","09.04.2018",2018,4,9,"OLIGOCHAETA GEN. SP.",14
"GER_047_MZB_LO_3","GER_047_MZB_LO_3-09.04.2018","09.04.2018",2018,4,9,"PISIDIUM SP.",2
"GER_047_MZB_LO_3","GER_047_MZB_LO_3-09.04.2018","09.04.2018",2018,4,9,"PROTONEMURA SP.",2
"GER_047_MZB_LO_3","GER_047_MZB_LO_3-09.04.2018","09.04.2018",2018,4,9,"RHITHROGENA SP.",83
"GER_047_MZB_LO_3","GER_047_MZB_LO_3-09.04.2018","09.04.2018",2018,4,9,"RHYACOPHILA SP.",13
"GER_047_MZB_LO_3","GER_047_MZB_LO_3-09.04.2018","09.04.2018",2018,4,9,"SERICOSTOMA SP.",11
"GER_047_MZB_LO_3","GER_047_MZB_LO_3-09.04.2018","09.04.2018",2018,4,9,"SIMULIUM SP.",27
"GER_047_MZB_LO_3","GER_047_MZB_LO_3-09.04.2018","09.04.2018",2018,4,9,"SIPHONOPERLA SP.",4
"GER_047_MZB_LO_3","GER_047_MZB_LO_3-21.03.2019","21.03.2019",2019,3,21,"ANCYLUS FLUVIATILIS",24
"GER_047_MZB_LO_3","GER_047_MZB_LO_3-21.03.2019","21.03.2019",2019,3,21,"BAETIS SP.",28
"GER_047_MZB_LO_3","GER_047_MZB_LO_3-21.03.2019","21.03.2019",2019,3,21,"CHIRONOMIDAE GEN. SP.",34
"GER_047_MZB_LO_3","GER_047_MZB_LO_3-21.03.2019","21.03.2019",2019,3,21,"DICRANOTA SP.",10
"GER_047_MZB_LO_3","GER_047_MZB_LO_3-21.03.2019","21.03.2019",2019,3,21,"DUGESIA SP.",18
"GER_047_MZB_LO_3","GER_047_MZB_LO_3-21.03.2019","21.03.2019",2019,3,21,"ECDYONURUS SP.",2
"GER_047_MZB_LO_3","GER_047_MZB_LO_3-21.03.2019","21.03.2019",2019,3,21,"ELMIS SP.",15
"GER_047_MZB_LO_3","GER_047_MZB_LO_3-21.03.2019","21.03.2019",2019,3,21,"EPHEMERA SP.",10
"GER_047_MZB_LO_3","GER_047_MZB_LO_3-21.03.2019","21.03.2019",2019,3,21,"EPHEMERELLIDAE GEN. SP.",30
"GER_047_MZB_LO_3","GER_047_MZB_LO_3-21.03.2019","21.03.2019",2019,3,21,"GAMMARUS SP.",56
"GER_047_MZB_LO_3","GER_047_MZB_LO_3-21.03.2019","21.03.2019",2019,3,21,"GLOSSOSOMATIDAE GEN. SP.",16
"GER_047_MZB_LO_3","GER_047_MZB_LO_3-21.03.2019","21.03.2019",2019,3,21,"HYDROPSYCHE SP.",12
"GER_047_MZB_LO_3","GER_047_MZB_LO_3-21.03.2019","21.03.2019",2019,3,21,"LEPIDOSTOMA BASALE",36
"GER_047_MZB_LO_3","GER_047_MZB_LO_3-21.03.2019","21.03.2019",2019,3,21,"LIMNEPHILIDAE GEN. SP.",35
"GER_047_MZB_LO_3","GER_047_MZB_LO_3-21.03.2019","21.03.2019",2019,3,21,"LIMNIUS SP.",20
"GER_047_MZB_LO_3","GER_047_MZB_LO_3-21.03.2019","21.03.2019",2019,3,21,"LIMONIIDAE GEN. SP.",4
"GER_047_MZB_LO_3","GER_047_MZB_LO_3-21.03.2019","21.03.2019",2019,3,21,"MICRASEMA LONGULUM",14
"GER_047_MZB_LO_3","GER_047_MZB_LO_3-21.03.2019","21.03.2019",2019,3,21,"MICRASEMA MINIMUM",45
"GER_047_MZB_LO_3","GER_047_MZB_LO_3-21.03.2019","21.03.2019",2019,3,21,"MYSTACIDES AZUREA",1
"GER_047_MZB_LO_3","GER_047_MZB_LO_3-21.03.2019","21.03.2019",2019,3,21,"NEMOURA SP.",2
"GER_047_MZB_LO_3","GER_047_MZB_LO_3-21.03.2019","21.03.2019",2019,3,21,"ODONTOCERUM ALBICORNE",6
"GER_047_MZB_LO_3","GER_047_MZB_LO_3-21.03.2019","21.03.2019",2019,3,21,"OLIGOCHAETA GEN. SP.",15
"GER_047_MZB_LO_3","GER_047_MZB_LO_3-21.03.2019","21.03.2019",2019,3,21,"PHYSELLA SP.",1
"GER_047_MZB_LO_3","GER_047_MZB_LO_3-21.03.2019","21.03.2019",2019,3,21,"POLYCENTROPUS FLAVOMACULATUS FLAVOMACULATUS",1
"GER_047_MZB_LO_3","GER_047_MZB_LO_3-21.03.2019","21.03.2019",2019,3,21,"POTAMOPYRGUS ANTIPODARUM",38
"GER_047_MZB_LO_3","GER_047_MZB_LO_3-21.03.2019","21.03.2019",2019,3,21,"RHITHROGENA SP.",34
"GER_047_MZB_LO_3","GER_047_MZB_LO_3-21.03.2019","21.03.2019",2019,3,21,"RHYACOPHILA SP.",5
"GER_047_MZB_LO_3","GER_047_MZB_LO_3-21.03.2019","21.03.2019",2019,3,21,"SERICOSTOMA SP.",22
"GER_047_MZB_LO_3","GER_047_MZB_LO_3-21.03.2019","21.03.2019",2019,3,21,"SIMULIUM SP.",43
"GER_047_MZB_LO_3","GER_047_MZB_LO_3-21.03.2019","21.03.2019",2019,3,21,"SIPHONOPERLA SP.",2
"GER_047_MZB_LO_3","GER_047_MZB_LO_3-21.03.2019","21.03.2019",2019,3,21,"TINODES SP.",1
"GER_047_MZB_LO_3","GER_047_MZB_LO_3-16.04.2020","16.04.2020",2020,4,16,"BAETIS SP.",33
"GER_047_MZB_LO_3","GER_047_MZB_LO_3-16.04.2020","16.04.2020",2020,4,16,"CHIRONOMIDAE GEN. SP.",132
"GER_047_MZB_LO_3","GER_047_MZB_LO_3-16.04.2020","16.04.2020",2020,4,16,"DICRANOTA SP.",10
"GER_047_MZB_LO_3","GER_047_MZB_LO_3-16.04.2020","16.04.2020",2020,4,16,"DUGESIA SP.",4
"GER_047_MZB_LO_3","GER_047_MZB_LO_3-16.04.2020","16.04.2020",2020,4,16,"ELMIS SP.",171
"GER_047_MZB_LO_3","GER_047_MZB_LO_3-16.04.2020","16.04.2020",2020,4,16,"EPHEMERA SP.",4
"GER_047_MZB_LO_3","GER_047_MZB_LO_3-16.04.2020","16.04.2020",2020,4,16,"EPHEMERELLIDAE GEN. SP.",6
"GER_047_MZB_LO_3","GER_047_MZB_LO_3-16.04.2020","16.04.2020",2020,4,16,"GOERIDAE GEN. SP.",77
"GER_047_MZB_LO_3","GER_047_MZB_LO_3-16.04.2020","16.04.2020",2020,4,16,"HYDRACHNIDIA GEN. SP.",100
"GER_047_MZB_LO_3","GER_047_MZB_LO_3-16.04.2020","16.04.2020",2020,4,16,"HYDRAENA SP.",26
"GER_047_MZB_LO_3","GER_047_MZB_LO_3-16.04.2020","16.04.2020",2020,4,16,"HYDROPSYCHE SP.",30
"GER_047_MZB_LO_3","GER_047_MZB_LO_3-16.04.2020","16.04.2020",2020,4,16,"LEUCTRA SP.",3
"GER_047_MZB_LO_3","GER_047_MZB_LO_3-16.04.2020","16.04.2020",2020,4,16,"LIMNEPHILIDAE GEN. SP.",104
"GER_047_MZB_LO_3","GER_047_MZB_LO_3-16.04.2020","16.04.2020",2020,4,16,"LIMNIUS SP.",115
"GER_047_MZB_LO_3","GER_047_MZB_LO_3-16.04.2020","16.04.2020",2020,4,16,"MICRASEMA MINIMUM",260
"GER_047_MZB_LO_3","GER_047_MZB_LO_3-16.04.2020","16.04.2020",2020,4,16,"NECTOPORUS SANMARKII",2
"GER_047_MZB_LO_3","GER_047_MZB_LO_3-16.04.2020","16.04.2020",2020,4,16,"NEMATOMORPHA GEN. SP.",7
"GER_047_MZB_LO_3","GER_047_MZB_LO_3-16.04.2020","16.04.2020",2020,4,16,"OLIGOCHAETA GEN. SP.",80
"GER_047_MZB_LO_3","GER_047_MZB_LO_3-16.04.2020","16.04.2020",2020,4,16,"OULIMNIUS TUBERCULATUS",5
"GER_047_MZB_LO_3","GER_047_MZB_LO_3-16.04.2020","16.04.2020",2020,4,16,"PLECTROCNEMIA SP.",4
"GER_047_MZB_LO_3","GER_047_MZB_LO_3-16.04.2020","16.04.2020",2020,4,16,"POLYCENTROPUS FLAVOMACULATUS FLAVOMACULATUS",4
"GER_047_MZB_LO_3","GER_047_MZB_LO_3-16.04.2020","16.04.2020",2020,4,16,"PROSIMULIUM SP.",15
"GER_047_MZB_LO_3","GER_047_MZB_LO_3-16.04.2020","16.04.2020",2020,4,16,"RHITHROGENA SP.",6
"GER_047_MZB_LO_3","GER_047_MZB_LO_3-16.04.2020","16.04.2020",2020,4,16,"RHYACOPHILA SP.",10
"GER_047_MZB_LO_3","GER_047_MZB_LO_3-16.04.2020","16.04.2020",2020,4,16,"SIMULIUM SP.",54
