"Unique.ID","Samp.ID","Sampling.date","year","month","day","Taxon.name","Abundance"
"GER_017_MZB_LO_1","GER_017_MZB_LO_1-10.06.2009","10.06.2009",2009,6,10,"ALLOGAMUS AURICOLLIS",19.2
"GER_017_MZB_LO_1","GER_017_MZB_LO_1-10.06.2009","10.06.2009",2009,6,10,"ANABOLIA NERVOSA",1.6
"GER_017_MZB_LO_1","GER_017_MZB_LO_1-10.06.2009","10.06.2009",2009,6,10,"ANCYLUS FLUVIATILIS",5.6
"GER_017_MZB_LO_1","GER_017_MZB_LO_1-10.06.2009","10.06.2009",2009,6,10,"ANTOCHA SP.",4.8
"GER_017_MZB_LO_1","GER_017_MZB_LO_1-10.06.2009","10.06.2009",2009,6,10,"ATHERIX/IBISIA SP.",9.6
"GER_017_MZB_LO_1","GER_017_MZB_LO_1-10.06.2009","10.06.2009",2009,6,10,"ATHRIPSODES ALBIFRONS",72
"GER_017_MZB_LO_1","GER_017_MZB_LO_1-10.06.2009","10.06.2009",2009,6,10,"ATHRIPSODES CINEREUS",28.8
"GER_017_MZB_LO_1","GER_017_MZB_LO_1-10.06.2009","10.06.2009",2009,6,10,"BAETIS SP.",153.6
"GER_017_MZB_LO_1","GER_017_MZB_LO_1-10.06.2009","10.06.2009",2009,6,10,"CAENIS LUCTUOSA/MACRURA",9.6
"GER_017_MZB_LO_1","GER_017_MZB_LO_1-10.06.2009","10.06.2009",2009,6,10,"CERATOPOGONINAE GEN. SP.",9.6
"GER_017_MZB_LO_1","GER_017_MZB_LO_1-10.06.2009","10.06.2009",2009,6,10,"CHAETOPTERYX VILLOSA VILLOSA",1.6
"GER_017_MZB_LO_1","GER_017_MZB_LO_1-10.06.2009","10.06.2009",2009,6,10,"CHEUMATOPSYCHE LEPIDA",4.8
"GER_017_MZB_LO_1","GER_017_MZB_LO_1-10.06.2009","10.06.2009",2009,6,10,"CHIRONOMIDAE GEN. SP.",396
"GER_017_MZB_LO_1","GER_017_MZB_LO_1-10.06.2009","10.06.2009",2009,6,10,"DICRANOTA SP.",57.6
"GER_017_MZB_LO_1","GER_017_MZB_LO_1-10.06.2009","10.06.2009",2009,6,10,"ECDYONURUS VENOSUS-GR.",16
"GER_017_MZB_LO_1","GER_017_MZB_LO_1-10.06.2009","10.06.2009",2009,6,10,"ELMIS SP.",91.2
"GER_017_MZB_LO_1","GER_017_MZB_LO_1-10.06.2009","10.06.2009",2009,6,10,"ERPOBDELLA OCTOCULATA",15.2
"GER_017_MZB_LO_1","GER_017_MZB_LO_1-10.06.2009","10.06.2009",2009,6,10,"ESOLUS SP.",140
"GER_017_MZB_LO_1","GER_017_MZB_LO_1-10.06.2009","10.06.2009",2009,6,10,"GAMMARUS PULEX",10.4
"GER_017_MZB_LO_1","GER_017_MZB_LO_1-10.06.2009","10.06.2009",2009,6,10,"GLOSSIPHONIA COMPLANATA",4.8
"GER_017_MZB_LO_1","GER_017_MZB_LO_1-10.06.2009","10.06.2009",2009,6,10,"HALESUS DIGITATUS/TESSELATUS",0.8
"GER_017_MZB_LO_1","GER_017_MZB_LO_1-10.06.2009","10.06.2009",2009,6,10,"HEMERODROMIA SP.",4.8
"GER_017_MZB_LO_1","GER_017_MZB_LO_1-10.06.2009","10.06.2009",2009,6,10,"HYDRAENA GRACILIS",4.8
"GER_017_MZB_LO_1","GER_017_MZB_LO_1-10.06.2009","10.06.2009",2009,6,10,"HYDROPSYCHE INCOGNITA",19.2
"GER_017_MZB_LO_1","GER_017_MZB_LO_1-10.06.2009","10.06.2009",2009,6,10,"HYDROPSYCHE SILTALAI",44
"GER_017_MZB_LO_1","GER_017_MZB_LO_1-10.06.2009","10.06.2009",2009,6,10,"LEPIDOSTOMA HIRTUM",53
"GER_017_MZB_LO_1","GER_017_MZB_LO_1-10.06.2009","10.06.2009",2009,6,10,"LEUCTRA SP.",92.8
"GER_017_MZB_LO_1","GER_017_MZB_LO_1-10.06.2009","10.06.2009",2009,6,10,"LIMNIUS VOLCKMARI",48
"GER_017_MZB_LO_1","GER_017_MZB_LO_1-10.06.2009","10.06.2009",2009,6,10,"MYSTACIDES AZUREA",9.6
"GER_017_MZB_LO_1","GER_017_MZB_LO_1-10.06.2009","10.06.2009",2009,6,10,"OLIGOCHAETA GEN. SP.",25.6
"GER_017_MZB_LO_1","GER_017_MZB_LO_1-10.06.2009","10.06.2009",2009,6,10,"OULIMNIUS TUBERCULATUS",24
"GER_017_MZB_LO_1","GER_017_MZB_LO_1-10.06.2009","10.06.2009",2009,6,10,"POLYCENTROPUS FLAVOMACULATUS SSP.",9.6
"GER_017_MZB_LO_1","GER_017_MZB_LO_1-10.06.2009","10.06.2009",2009,6,10,"PSYCHOMYIA PUSILLA",39.2
"GER_017_MZB_LO_1","GER_017_MZB_LO_1-10.06.2009","10.06.2009",2009,6,10,"RHYACOPHILA DORSALIS/NUBILA",44.8
"GER_017_MZB_LO_1","GER_017_MZB_LO_1-10.06.2009","10.06.2009",2009,6,10,"SERICOSTOMA FLAVICORNE/PERSONATUM",20
"GER_017_MZB_LO_1","GER_017_MZB_LO_1-10.06.2009","10.06.2009",2009,6,10,"SERRATELLA IGNITA",417.6
"GER_017_MZB_LO_1","GER_017_MZB_LO_1-10.06.2009","10.06.2009",2009,6,10,"SIMULIUM SP.",163.2
"GER_017_MZB_LO_1","GER_017_MZB_LO_1-24.06.2010","24.06.2010",2010,6,24,"AGAPETUS OCHRIPES",7.2
"GER_017_MZB_LO_1","GER_017_MZB_LO_1-24.06.2010","24.06.2010",2010,6,24,"AMPULLACEANA BALTHICA",12.8
"GER_017_MZB_LO_1","GER_017_MZB_LO_1-24.06.2010","24.06.2010",2010,6,24,"ANABOLIA NERVOSA",0.8
"GER_017_MZB_LO_1","GER_017_MZB_LO_1-24.06.2010","24.06.2010",2010,6,24,"ATHERIX/IBISIA SP.",2.4
"GER_017_MZB_LO_1","GER_017_MZB_LO_1-24.06.2010","24.06.2010",2010,6,24,"ATHRIPSODES ALBIFRONS",72.8
"GER_017_MZB_LO_1","GER_017_MZB_LO_1-24.06.2010","24.06.2010",2010,6,24,"ATHRIPSODES CINEREUS",28.8
"GER_017_MZB_LO_1","GER_017_MZB_LO_1-24.06.2010","24.06.2010",2010,6,24,"BAETIS SP.",32.8
"GER_017_MZB_LO_1","GER_017_MZB_LO_1-24.06.2010","24.06.2010",2010,6,24,"CAENIS LUCTUOSA/MACRURA",50.4
"GER_017_MZB_LO_1","GER_017_MZB_LO_1-24.06.2010","24.06.2010",2010,6,24,"CAENIS RIVULORUM",2.4
"GER_017_MZB_LO_1","GER_017_MZB_LO_1-24.06.2010","24.06.2010",2010,6,24,"CERATOPOGONINAE GEN. SP.",7.2
"GER_017_MZB_LO_1","GER_017_MZB_LO_1-24.06.2010","24.06.2010",2010,6,24,"CHAETOPTERYX VILLOSA VILLOSA",2.4
"GER_017_MZB_LO_1","GER_017_MZB_LO_1-24.06.2010","24.06.2010",2010,6,24,"CHIRONOMIDAE GEN. SP.",168
"GER_017_MZB_LO_1","GER_017_MZB_LO_1-24.06.2010","24.06.2010",2010,6,24,"DICRANOTA SP.",2.4
"GER_017_MZB_LO_1","GER_017_MZB_LO_1-24.06.2010","24.06.2010",2010,6,24,"ECDYONURUS VENOSUS-GR.",11.2
"GER_017_MZB_LO_1","GER_017_MZB_LO_1-24.06.2010","24.06.2010",2010,6,24,"ELMIS SP.",28
"GER_017_MZB_LO_1","GER_017_MZB_LO_1-24.06.2010","24.06.2010",2010,6,24,"EPHEMERA DANICA",0.8
"GER_017_MZB_LO_1","GER_017_MZB_LO_1-24.06.2010","24.06.2010",2010,6,24,"ERPOBDELLA OCTOCULATA",5.6
"GER_017_MZB_LO_1","GER_017_MZB_LO_1-24.06.2010","24.06.2010",2010,6,24,"ESOLUS SP.",26.4
"GER_017_MZB_LO_1","GER_017_MZB_LO_1-24.06.2010","24.06.2010",2010,6,24,"GAMMARUS PULEX",21.6
"GER_017_MZB_LO_1","GER_017_MZB_LO_1-24.06.2010","24.06.2010",2010,6,24,"GOERA PILOSA",0.8
"GER_017_MZB_LO_1","GER_017_MZB_LO_1-24.06.2010","24.06.2010",2010,6,24,"HYDROPSYCHE INCOGNITA",2.4
"GER_017_MZB_LO_1","GER_017_MZB_LO_1-24.06.2010","24.06.2010",2010,6,24,"HYDROPSYCHE SILTALAI",12
"GER_017_MZB_LO_1","GER_017_MZB_LO_1-24.06.2010","24.06.2010",2010,6,24,"LEPIDOSTOMA HIRTUM",5.6
"GER_017_MZB_LO_1","GER_017_MZB_LO_1-24.06.2010","24.06.2010",2010,6,24,"LEUCTRA SP.",20.8
"GER_017_MZB_LO_1","GER_017_MZB_LO_1-24.06.2010","24.06.2010",2010,6,24,"LIMNIUS VOLCKMARI",19.2
"GER_017_MZB_LO_1","GER_017_MZB_LO_1-24.06.2010","24.06.2010",2010,6,24,"OULIMNIUS TUBERCULATUS",12
"GER_017_MZB_LO_1","GER_017_MZB_LO_1-24.06.2010","24.06.2010",2010,6,24,"POLYCENTROPUS FLAVOMACULATUS SSP.",7.2
"GER_017_MZB_LO_1","GER_017_MZB_LO_1-24.06.2010","24.06.2010",2010,6,24,"PSYCHOMYIA PUSILLA",12
"GER_017_MZB_LO_1","GER_017_MZB_LO_1-24.06.2010","24.06.2010",2010,6,24,"RHYACOPHILA DORSALIS/NUBILA",10.4
"GER_017_MZB_LO_1","GER_017_MZB_LO_1-24.06.2010","24.06.2010",2010,6,24,"SERICOSTOMA FLAVICORNE/PERSONATUM",22.4
"GER_017_MZB_LO_1","GER_017_MZB_LO_1-24.06.2010","24.06.2010",2010,6,24,"SERRATELLA IGNITA",296.8
"GER_017_MZB_LO_1","GER_017_MZB_LO_1-24.06.2010","24.06.2010",2010,6,24,"SIMULIUM SP.",17.6
"GER_017_MZB_LO_1","GER_017_MZB_LO_1-14.06.2011","14.06.2011",2011,6,14,"ANOMALOPTERYGELLA CHAUVINIANA",8.8
"GER_017_MZB_LO_1","GER_017_MZB_LO_1-14.06.2011","14.06.2011",2011,6,14,"APHELOCHEIRUS AESTIVALIS",0.8
"GER_017_MZB_LO_1","GER_017_MZB_LO_1-14.06.2011","14.06.2011",2011,6,14,"ATHRIPSODES ALBIFRONS",48
"GER_017_MZB_LO_1","GER_017_MZB_LO_1-14.06.2011","14.06.2011",2011,6,14,"ATHRIPSODES CINEREUS",40
"GER_017_MZB_LO_1","GER_017_MZB_LO_1-14.06.2011","14.06.2011",2011,6,14,"BAETIS SP.",102.4
"GER_017_MZB_LO_1","GER_017_MZB_LO_1-14.06.2011","14.06.2011",2011,6,14,"CAENIS LUCTUOSA/MACRURA",173.6
"GER_017_MZB_LO_1","GER_017_MZB_LO_1-14.06.2011","14.06.2011",2011,6,14,"CAENIS RIVULORUM",4
"GER_017_MZB_LO_1","GER_017_MZB_LO_1-14.06.2011","14.06.2011",2011,6,14,"CHEUMATOPSYCHE LEPIDA",4
"GER_017_MZB_LO_1","GER_017_MZB_LO_1-14.06.2011","14.06.2011",2011,6,14,"CHIRONOMIDAE GEN. SP.",578.8
"GER_017_MZB_LO_1","GER_017_MZB_LO_1-14.06.2011","14.06.2011",2011,6,14,"DICRANOTA SP.",24
"GER_017_MZB_LO_1","GER_017_MZB_LO_1-14.06.2011","14.06.2011",2011,6,14,"ECDYONURUS VENOSUS-GR.",88.8
"GER_017_MZB_LO_1","GER_017_MZB_LO_1-14.06.2011","14.06.2011",2011,6,14,"ELMIS SP.",20.8
"GER_017_MZB_LO_1","GER_017_MZB_LO_1-14.06.2011","14.06.2011",2011,6,14,"EPHEMERA DANICA",0.8
"GER_017_MZB_LO_1","GER_017_MZB_LO_1-14.06.2011","14.06.2011",2011,6,14,"ERPOBDELLA OCTOCULATA",4
"GER_017_MZB_LO_1","GER_017_MZB_LO_1-14.06.2011","14.06.2011",2011,6,14,"ESOLUS SP.",40
"GER_017_MZB_LO_1","GER_017_MZB_LO_1-14.06.2011","14.06.2011",2011,6,14,"GAMMARUS PULEX",4
"GER_017_MZB_LO_1","GER_017_MZB_LO_1-14.06.2011","14.06.2011",2011,6,14,"HYDROPSYCHE INCOGNITA",14.6
"GER_017_MZB_LO_1","GER_017_MZB_LO_1-14.06.2011","14.06.2011",2011,6,14,"HYDROPSYCHE SILTALAI",11.8
"GER_017_MZB_LO_1","GER_017_MZB_LO_1-14.06.2011","14.06.2011",2011,6,14,"LEPIDOSTOMA HIRTUM",4.8
"GER_017_MZB_LO_1","GER_017_MZB_LO_1-14.06.2011","14.06.2011",2011,6,14,"LEUCTRA SP.",62.4
"GER_017_MZB_LO_1","GER_017_MZB_LO_1-14.06.2011","14.06.2011",2011,6,14,"LIMNIUS VOLCKMARI",4
"GER_017_MZB_LO_1","GER_017_MZB_LO_1-14.06.2011","14.06.2011",2011,6,14,"NEBRIOPORUS ELEGANS",1.6
"GER_017_MZB_LO_1","GER_017_MZB_LO_1-14.06.2011","14.06.2011",2011,6,14,"OLIGOCHAETA GEN. SP.",1.6
"GER_017_MZB_LO_1","GER_017_MZB_LO_1-14.06.2011","14.06.2011",2011,6,14,"OULIMNIUS TUBERCULATUS",20
"GER_017_MZB_LO_1","GER_017_MZB_LO_1-14.06.2011","14.06.2011",2011,6,14,"RHYACOPHILA DORSALIS/NUBILA",24
"GER_017_MZB_LO_1","GER_017_MZB_LO_1-14.06.2011","14.06.2011",2011,6,14,"SERICOSTOMA FLAVICORNE/PERSONATUM",17.6
"GER_017_MZB_LO_1","GER_017_MZB_LO_1-14.06.2011","14.06.2011",2011,6,14,"SERRATELLA IGNITA",297.6
"GER_017_MZB_LO_1","GER_017_MZB_LO_1-14.06.2011","14.06.2011",2011,6,14,"SIMULIUM SP.",12
"GER_017_MZB_LO_1","GER_017_MZB_LO_1-12.06.2012","12.06.2012",2012,6,12,"ALLOGAMUS AURICOLLIS",16
"GER_017_MZB_LO_1","GER_017_MZB_LO_1-12.06.2012","12.06.2012",2012,6,12,"AMPULLACEANA BALTHICA",8
"GER_017_MZB_LO_1","GER_017_MZB_LO_1-12.06.2012","12.06.2012",2012,6,12,"ANABOLIA NERVOSA",28
"GER_017_MZB_LO_1","GER_017_MZB_LO_1-12.06.2012","12.06.2012",2012,6,12,"ANOMALOPTERYGELLA CHAUVINIANA",8.8
"GER_017_MZB_LO_1","GER_017_MZB_LO_1-12.06.2012","12.06.2012",2012,6,12,"APHELOCHEIRUS AESTIVALIS",0.8
"GER_017_MZB_LO_1","GER_017_MZB_LO_1-12.06.2012","12.06.2012",2012,6,12,"ATHERIX/IBISIA SP.",12
"GER_017_MZB_LO_1","GER_017_MZB_LO_1-12.06.2012","12.06.2012",2012,6,12,"ATHRIPSODES ALBIFRONS",60
"GER_017_MZB_LO_1","GER_017_MZB_LO_1-12.06.2012","12.06.2012",2012,6,12,"ATHRIPSODES CINEREUS",32
"GER_017_MZB_LO_1","GER_017_MZB_LO_1-12.06.2012","12.06.2012",2012,6,12,"BAETIS SP.",24.800004
"GER_017_MZB_LO_1","GER_017_MZB_LO_1-12.06.2012","12.06.2012",2012,6,12,"CAENIS LUCTUOSA/MACRURA",224.00003
"GER_017_MZB_LO_1","GER_017_MZB_LO_1-12.06.2012","12.06.2012",2012,6,12,"CERATOPOGONINAE GEN. SP.",4
"GER_017_MZB_LO_1","GER_017_MZB_LO_1-12.06.2012","12.06.2012",2012,6,12,"CHEUMATOPSYCHE LEPIDA",12
"GER_017_MZB_LO_1","GER_017_MZB_LO_1-12.06.2012","12.06.2012",2012,6,12,"CHIRONOMIDAE GEN. SP.",356.8
"GER_017_MZB_LO_1","GER_017_MZB_LO_1-12.06.2012","12.06.2012",2012,6,12,"DICRANOTA SP.",12
"GER_017_MZB_LO_1","GER_017_MZB_LO_1-12.06.2012","12.06.2012",2012,6,12,"ECDYONURUS VENOSUS-GR.",43.2
"GER_017_MZB_LO_1","GER_017_MZB_LO_1-12.06.2012","12.06.2012",2012,6,12,"ELMIS SP.",16
"GER_017_MZB_LO_1","GER_017_MZB_LO_1-12.06.2012","12.06.2012",2012,6,12,"EPHEMERA DANICA",4.8
"GER_017_MZB_LO_1","GER_017_MZB_LO_1-12.06.2012","12.06.2012",2012,6,12,"ERPOBDELLA OCTOCULATA",4
"GER_017_MZB_LO_1","GER_017_MZB_LO_1-12.06.2012","12.06.2012",2012,6,12,"ESOLUS SP.",99.44615
"GER_017_MZB_LO_1","GER_017_MZB_LO_1-12.06.2012","12.06.2012",2012,6,12,"GAMMARUS PULEX",17.35385
"GER_017_MZB_LO_1","GER_017_MZB_LO_1-12.06.2012","12.06.2012",2012,6,12,"GLOSSIPHONIA COMPLANATA",4
"GER_017_MZB_LO_1","GER_017_MZB_LO_1-12.06.2012","12.06.2012",2012,6,12,"HYDROPSYCHE INCOGNITA",27
"GER_017_MZB_LO_1","GER_017_MZB_LO_1-12.06.2012","12.06.2012",2012,6,12,"HYDROPSYCHE SILTALAI",9
"GER_017_MZB_LO_1","GER_017_MZB_LO_1-12.06.2012","12.06.2012",2012,6,12,"LEPIDOSTOMA HIRTUM",32.8
"GER_017_MZB_LO_1","GER_017_MZB_LO_1-12.06.2012","12.06.2012",2012,6,12,"LEUCTRA SP.",97.6
"GER_017_MZB_LO_1","GER_017_MZB_LO_1-12.06.2012","12.06.2012",2012,6,12,"LIMNIUS VOLCKMARI",12
"GER_017_MZB_LO_1","GER_017_MZB_LO_1-12.06.2012","12.06.2012",2012,6,12,"MICRONECTINAE GEN. SP.",8
"GER_017_MZB_LO_1","GER_017_MZB_LO_1-12.06.2012","12.06.2012",2012,6,12,"OULIMNIUS TUBERCULATUS",14.4
"GER_017_MZB_LO_1","GER_017_MZB_LO_1-12.06.2012","12.06.2012",2012,6,12,"PEDICIA SP.",4
"GER_017_MZB_LO_1","GER_017_MZB_LO_1-12.06.2012","12.06.2012",2012,6,12,"PISIDIUM SP.",12
"GER_017_MZB_LO_1","GER_017_MZB_LO_1-12.06.2012","12.06.2012",2012,6,12,"POLYCENTROPUS FLAVOMACULATUS SSP.",8
"GER_017_MZB_LO_1","GER_017_MZB_LO_1-12.06.2012","12.06.2012",2012,6,12,"PROCLOEON SP.",0.8
"GER_017_MZB_LO_1","GER_017_MZB_LO_1-12.06.2012","12.06.2012",2012,6,12,"PSYCHOMYIA PUSILLA",4
"GER_017_MZB_LO_1","GER_017_MZB_LO_1-12.06.2012","12.06.2012",2012,6,12,"RHYACOPHILA DORSALIS/NUBILA",12
"GER_017_MZB_LO_1","GER_017_MZB_LO_1-12.06.2012","12.06.2012",2012,6,12,"SERICOSTOMA FLAVICORNE/PERSONATUM",32
"GER_017_MZB_LO_1","GER_017_MZB_LO_1-12.06.2012","12.06.2012",2012,6,12,"SERRATELLA IGNITA",229.6
"GER_017_MZB_LO_1","GER_017_MZB_LO_1-12.06.2012","12.06.2012",2012,6,12,"SIMULIUM SP.",4
"GER_017_MZB_LO_1","GER_017_MZB_LO_1-12.06.2012","12.06.2012",2012,6,12,"TIPULA SP.",4
"GER_017_MZB_LO_1","GER_017_MZB_LO_1-26.06.2013","26.06.2013",2013,6,26,"AMPULLACEANA BALTHICA",0.8
"GER_017_MZB_LO_1","GER_017_MZB_LO_1-26.06.2013","26.06.2013",2013,6,26,"ANABOLIA NERVOSA",34.4
"GER_017_MZB_LO_1","GER_017_MZB_LO_1-26.06.2013","26.06.2013",2013,6,26,"APHELOCHEIRUS AESTIVALIS",8
"GER_017_MZB_LO_1","GER_017_MZB_LO_1-26.06.2013","26.06.2013",2013,6,26,"ATHRIPSODES ALBIFRONS",33.5
"GER_017_MZB_LO_1","GER_017_MZB_LO_1-26.06.2013","26.06.2013",2013,6,26,"ATHRIPSODES BILINEATUS BILINEATUS",51.2
"GER_017_MZB_LO_1","GER_017_MZB_LO_1-26.06.2013","26.06.2013",2013,6,26,"ATHRIPSODES CINEREUS",33.5
"GER_017_MZB_LO_1","GER_017_MZB_LO_1-26.06.2013","26.06.2013",2013,6,26,"BAETIS SP.",33.6
"GER_017_MZB_LO_1","GER_017_MZB_LO_1-26.06.2013","26.06.2013",2013,6,26,"CAENIS LUCTUOSA/MACRURA",211.2
"GER_017_MZB_LO_1","GER_017_MZB_LO_1-26.06.2013","26.06.2013",2013,6,26,"CERACLEA DISSIMILIS",4.8
"GER_017_MZB_LO_1","GER_017_MZB_LO_1-26.06.2013","26.06.2013",2013,6,26,"CERATOPOGONINAE GEN. SP.",9.6
"GER_017_MZB_LO_1","GER_017_MZB_LO_1-26.06.2013","26.06.2013",2013,6,26,"CHEUMATOPSYCHE LEPIDA",24
"GER_017_MZB_LO_1","GER_017_MZB_LO_1-26.06.2013","26.06.2013",2013,6,26,"CHIRONOMIDAE GEN. SP.",578.4
"GER_017_MZB_LO_1","GER_017_MZB_LO_1-26.06.2013","26.06.2013",2013,6,26,"ECDYONURUS VENOSUS-GR.",55.2
"GER_017_MZB_LO_1","GER_017_MZB_LO_1-26.06.2013","26.06.2013",2013,6,26,"EPHEMERA DANICA",21.6
"GER_017_MZB_LO_1","GER_017_MZB_LO_1-26.06.2013","26.06.2013",2013,6,26,"ERPOBDELLA OCTOCULATA",34.4
"GER_017_MZB_LO_1","GER_017_MZB_LO_1-26.06.2013","26.06.2013",2013,6,26,"ESOLUS SP.",9.6
"GER_017_MZB_LO_1","GER_017_MZB_LO_1-26.06.2013","26.06.2013",2013,6,26,"GAMMARUS PULEX",107.2
"GER_017_MZB_LO_1","GER_017_MZB_LO_1-26.06.2013","26.06.2013",2013,6,26,"HYDROPSYCHE INCOGNITA",34.4
"GER_017_MZB_LO_1","GER_017_MZB_LO_1-26.06.2013","26.06.2013",2013,6,26,"HYDROPSYCHE SILTALAI",5.6
"GER_017_MZB_LO_1","GER_017_MZB_LO_1-26.06.2013","26.06.2013",2013,6,26,"LEPIDOSTOMA HIRTUM",26.4
"GER_017_MZB_LO_1","GER_017_MZB_LO_1-26.06.2013","26.06.2013",2013,6,26,"LEUCTRA SP.",213.6
"GER_017_MZB_LO_1","GER_017_MZB_LO_1-26.06.2013","26.06.2013",2013,6,26,"LIMNIUS VOLCKMARI",19.2
"GER_017_MZB_LO_1","GER_017_MZB_LO_1-26.06.2013","26.06.2013",2013,6,26,"OLIGOCHAETA GEN. SP.",19.2
"GER_017_MZB_LO_1","GER_017_MZB_LO_1-26.06.2013","26.06.2013",2013,6,26,"ORECTOCHILUS VILLOSUS",0.8
"GER_017_MZB_LO_1","GER_017_MZB_LO_1-26.06.2013","26.06.2013",2013,6,26,"OULIMNIUS TUBERCULATUS",4.8
"GER_017_MZB_LO_1","GER_017_MZB_LO_1-26.06.2013","26.06.2013",2013,6,26,"PISIDIUM SP.",9.6
"GER_017_MZB_LO_1","GER_017_MZB_LO_1-26.06.2013","26.06.2013",2013,6,26,"POLYCENTROPUS FLAVOMACULATUS SSP.",68.8
"GER_017_MZB_LO_1","GER_017_MZB_LO_1-26.06.2013","26.06.2013",2013,6,26,"POTAMOPHYLAX CINGULATUS/LATIPENNIS/LUCTUOSUS",4.8
"GER_017_MZB_LO_1","GER_017_MZB_LO_1-26.06.2013","26.06.2013",2013,6,26,"PSYCHOMYIA PUSILLA",14.4
"GER_017_MZB_LO_1","GER_017_MZB_LO_1-26.06.2013","26.06.2013",2013,6,26,"RHYACOPHILA DORSALIS/NUBILA",4.8
"GER_017_MZB_LO_1","GER_017_MZB_LO_1-26.06.2013","26.06.2013",2013,6,26,"SERICOSTOMA FLAVICORNE/PERSONATUM",14.4
"GER_017_MZB_LO_1","GER_017_MZB_LO_1-26.06.2013","26.06.2013",2013,6,26,"SERRATELLA IGNITA",572.8
"GER_017_MZB_LO_1","GER_017_MZB_LO_1-26.06.2013","26.06.2013",2013,6,26,"SPHAERIUM CORNEUM",0.8
"GER_017_MZB_LO_1","GER_017_MZB_LO_1-11.06.2015","11.06.2015",2015,6,11,"AGAPETUS OCHRIPES",4.8
"GER_017_MZB_LO_1","GER_017_MZB_LO_1-11.06.2015","11.06.2015",2015,6,11,"AMPULLACEANA BALTHICA",14.4
"GER_017_MZB_LO_1","GER_017_MZB_LO_1-11.06.2015","11.06.2015",2015,6,11,"ANABOLIA NERVOSA",5.6
"GER_017_MZB_LO_1","GER_017_MZB_LO_1-11.06.2015","11.06.2015",2015,6,11,"ANCYLUS FLUVIATILIS",57.6
"GER_017_MZB_LO_1","GER_017_MZB_LO_1-11.06.2015","11.06.2015",2015,6,11,"APHELOCHEIRUS AESTIVALIS",10.4
"GER_017_MZB_LO_1","GER_017_MZB_LO_1-11.06.2015","11.06.2015",2015,6,11,"ATHRIPSODES ALBIFRONS",24
"GER_017_MZB_LO_1","GER_017_MZB_LO_1-11.06.2015","11.06.2015",2015,6,11,"ATHRIPSODES BILINEATUS BILINEATUS",14.4
"GER_017_MZB_LO_1","GER_017_MZB_LO_1-11.06.2015","11.06.2015",2015,6,11,"ATHRIPSODES CINEREUS",4.8
"GER_017_MZB_LO_1","GER_017_MZB_LO_1-11.06.2015","11.06.2015",2015,6,11,"BAETIS SP.",397.6
"GER_017_MZB_LO_1","GER_017_MZB_LO_1-11.06.2015","11.06.2015",2015,6,11,"CAENIS LUCTUOSA/MACRURA",92
"GER_017_MZB_LO_1","GER_017_MZB_LO_1-11.06.2015","11.06.2015",2015,6,11,"CHEUMATOPSYCHE LEPIDA",24
"GER_017_MZB_LO_1","GER_017_MZB_LO_1-11.06.2015","11.06.2015",2015,6,11,"CHIRONOMIDAE GEN. SP.",332.8
"GER_017_MZB_LO_1","GER_017_MZB_LO_1-11.06.2015","11.06.2015",2015,6,11,"DICRANOTA SP.",9.6
"GER_017_MZB_LO_1","GER_017_MZB_LO_1-11.06.2015","11.06.2015",2015,6,11,"DUGESIA SP.",0.8
"GER_017_MZB_LO_1","GER_017_MZB_LO_1-11.06.2015","11.06.2015",2015,6,11,"ECDYONURUS VENOSUS-GR.",3.2
"GER_017_MZB_LO_1","GER_017_MZB_LO_1-11.06.2015","11.06.2015",2015,6,11,"ELMIS SP.",91.2
"GER_017_MZB_LO_1","GER_017_MZB_LO_1-11.06.2015","11.06.2015",2015,6,11,"EPHEMERA DANICA",9.6
"GER_017_MZB_LO_1","GER_017_MZB_LO_1-11.06.2015","11.06.2015",2015,6,11,"ERPOBDELLA OCTOCULATA",4.8
"GER_017_MZB_LO_1","GER_017_MZB_LO_1-11.06.2015","11.06.2015",2015,6,11,"ESOLUS SP.",225.6
"GER_017_MZB_LO_1","GER_017_MZB_LO_1-11.06.2015","11.06.2015",2015,6,11,"GAMMARUS PULEX",86.4
"GER_017_MZB_LO_1","GER_017_MZB_LO_1-11.06.2015","11.06.2015",2015,6,11,"GYRAULUS ALBUS",14.4
"GER_017_MZB_LO_1","GER_017_MZB_LO_1-11.06.2015","11.06.2015",2015,6,11,"HALESUS DIGITATUS/TESSELATUS",0.8
"GER_017_MZB_LO_1","GER_017_MZB_LO_1-11.06.2015","11.06.2015",2015,6,11,"HYDROPSYCHE INCOGNITA",24
"GER_017_MZB_LO_1","GER_017_MZB_LO_1-11.06.2015","11.06.2015",2015,6,11,"HYDROPSYCHE SILTALAI",19.2
"GER_017_MZB_LO_1","GER_017_MZB_LO_1-11.06.2015","11.06.2015",2015,6,11,"LEPIDOSTOMA HIRTUM",9.6
"GER_017_MZB_LO_1","GER_017_MZB_LO_1-11.06.2015","11.06.2015",2015,6,11,"LEUCTRA SP.",72
"GER_017_MZB_LO_1","GER_017_MZB_LO_1-11.06.2015","11.06.2015",2015,6,11,"LIMNIUS VOLCKMARI",57.6
"GER_017_MZB_LO_1","GER_017_MZB_LO_1-11.06.2015","11.06.2015",2015,6,11,"OULIMNIUS TUBERCULATUS",4.8
"GER_017_MZB_LO_1","GER_017_MZB_LO_1-11.06.2015","11.06.2015",2015,6,11,"POLYCENTROPUS FLAVOMACULATUS SSP.",9.6
"GER_017_MZB_LO_1","GER_017_MZB_LO_1-11.06.2015","11.06.2015",2015,6,11,"PSYCHOMYIA PUSILLA",19.2
"GER_017_MZB_LO_1","GER_017_MZB_LO_1-11.06.2015","11.06.2015",2015,6,11,"RHYACOPHILA DORSALIS/NUBILA",4.8
"GER_017_MZB_LO_1","GER_017_MZB_LO_1-11.06.2015","11.06.2015",2015,6,11,"SERICOSTOMA FLAVICORNE/PERSONATUM",9.6
"GER_017_MZB_LO_1","GER_017_MZB_LO_1-11.06.2015","11.06.2015",2015,6,11,"SERRATELLA IGNITA",405.6
"GER_017_MZB_LO_1","GER_017_MZB_LO_1-11.06.2015","11.06.2015",2015,6,11,"SIMULIUM SP.",139.2
"GER_017_MZB_LO_1","GER_017_MZB_LO_1-12.07.2016","12.07.2016",2016,7,12,"AGAPETUS OCHRIPES",15.2
"GER_017_MZB_LO_1","GER_017_MZB_LO_1-12.07.2016","12.07.2016",2016,7,12,"ANCYLUS FLUVIATILIS",14.4
"GER_017_MZB_LO_1","GER_017_MZB_LO_1-12.07.2016","12.07.2016",2016,7,12,"APHELOCHEIRUS AESTIVALIS",24.8
"GER_017_MZB_LO_1","GER_017_MZB_LO_1-12.07.2016","12.07.2016",2016,7,12,"ASELLUS AQUATICUS",4.8
"GER_017_MZB_LO_1","GER_017_MZB_LO_1-12.07.2016","12.07.2016",2016,7,12,"ATHRIPSODES ALBIFRONS",9.6
"GER_017_MZB_LO_1","GER_017_MZB_LO_1-12.07.2016","12.07.2016",2016,7,12,"ATHRIPSODES BILINEATUS BILINEATUS",4.8
"GER_017_MZB_LO_1","GER_017_MZB_LO_1-12.07.2016","12.07.2016",2016,7,12,"BAETIS SP.",129.6
"GER_017_MZB_LO_1","GER_017_MZB_LO_1-12.07.2016","12.07.2016",2016,7,12,"CAENIS LUCTUOSA/MACRURA",62.4
"GER_017_MZB_LO_1","GER_017_MZB_LO_1-12.07.2016","12.07.2016",2016,7,12,"CHIRONOMIDAE GEN. SP.",491.2
"GER_017_MZB_LO_1","GER_017_MZB_LO_1-12.07.2016","12.07.2016",2016,7,12,"ECDYONURUS VENOSUS-GR.",57.6
"GER_017_MZB_LO_1","GER_017_MZB_LO_1-12.07.2016","12.07.2016",2016,7,12,"ELMIS SP.",62.4
"GER_017_MZB_LO_1","GER_017_MZB_LO_1-12.07.2016","12.07.2016",2016,7,12,"EPHEMERA DANICA",0.8
"GER_017_MZB_LO_1","GER_017_MZB_LO_1-12.07.2016","12.07.2016",2016,7,12,"ERPOBDELLA OCTOCULATA",0.8
"GER_017_MZB_LO_1","GER_017_MZB_LO_1-12.07.2016","12.07.2016",2016,7,12,"ESOLUS SP.",393.6
"GER_017_MZB_LO_1","GER_017_MZB_LO_1-12.07.2016","12.07.2016",2016,7,12,"GAMMARUS PULEX",283.2
"GER_017_MZB_LO_1","GER_017_MZB_LO_1-12.07.2016","12.07.2016",2016,7,12,"HYDROPSYCHE INCOGNITA",62
"GER_017_MZB_LO_1","GER_017_MZB_LO_1-12.07.2016","12.07.2016",2016,7,12,"LEPIDOSTOMA HIRTUM",10.4
"GER_017_MZB_LO_1","GER_017_MZB_LO_1-12.07.2016","12.07.2016",2016,7,12,"LEUCTRA SP.",212
"GER_017_MZB_LO_1","GER_017_MZB_LO_1-12.07.2016","12.07.2016",2016,7,12,"LIMNIUS VOLCKMARI",72
"GER_017_MZB_LO_1","GER_017_MZB_LO_1-12.07.2016","12.07.2016",2016,7,12,"PISIDIUM SP.",4.8
"GER_017_MZB_LO_1","GER_017_MZB_LO_1-12.07.2016","12.07.2016",2016,7,12,"POLYCENTROPUS FLAVOMACULATUS SSP.",9.6
"GER_017_MZB_LO_1","GER_017_MZB_LO_1-12.07.2016","12.07.2016",2016,7,12,"RHYACOPHILA DORSALIS/NUBILA",24.8
"GER_017_MZB_LO_1","GER_017_MZB_LO_1-12.07.2016","12.07.2016",2016,7,12,"SERRATELLA IGNITA",540.8
"GER_017_MZB_LO_1","GER_017_MZB_LO_1-12.07.2016","12.07.2016",2016,7,12,"SIMULIUM SP.",225.6
"GER_017_MZB_LO_1","GER_017_MZB_LO_1-18.07.2017","18.07.2017",2017,7,18,"AGAPETUS OCHRIPES",62.4
"GER_017_MZB_LO_1","GER_017_MZB_LO_1-18.07.2017","18.07.2017",2017,7,18,"AMPULLACEANA BALTHICA",0.8
"GER_017_MZB_LO_1","GER_017_MZB_LO_1-18.07.2017","18.07.2017",2017,7,18,"ANTOCHA SP.",38.4
"GER_017_MZB_LO_1","GER_017_MZB_LO_1-18.07.2017","18.07.2017",2017,7,18,"APHELOCHEIRUS AESTIVALIS",55.2
"GER_017_MZB_LO_1","GER_017_MZB_LO_1-18.07.2017","18.07.2017",2017,7,18,"ATHRIPSODES ALBIFRONS",9.6
"GER_017_MZB_LO_1","GER_017_MZB_LO_1-18.07.2017","18.07.2017",2017,7,18,"BAETIS SP.",90.4
"GER_017_MZB_LO_1","GER_017_MZB_LO_1-18.07.2017","18.07.2017",2017,7,18,"CAENIS LUCTUOSA/MACRURA",28.8
"GER_017_MZB_LO_1","GER_017_MZB_LO_1-18.07.2017","18.07.2017",2017,7,18,"CHEUMATOPSYCHE LEPIDA",145.6
"GER_017_MZB_LO_1","GER_017_MZB_LO_1-18.07.2017","18.07.2017",2017,7,18,"CHIRONOMIDAE GEN. SP.",456.8
"GER_017_MZB_LO_1","GER_017_MZB_LO_1-18.07.2017","18.07.2017",2017,7,18,"DICRANOTA SP.",19.2
"GER_017_MZB_LO_1","GER_017_MZB_LO_1-18.07.2017","18.07.2017",2017,7,18,"DUGESIA SP.",0.8
"GER_017_MZB_LO_1","GER_017_MZB_LO_1-18.07.2017","18.07.2017",2017,7,18,"ECDYONURUS VENOSUS-GR.",28.8
"GER_017_MZB_LO_1","GER_017_MZB_LO_1-18.07.2017","18.07.2017",2017,7,18,"ELMIS SP.",124.8
"GER_017_MZB_LO_1","GER_017_MZB_LO_1-18.07.2017","18.07.2017",2017,7,18,"ERPOBDELLA OCTOCULATA",0.8
"GER_017_MZB_LO_1","GER_017_MZB_LO_1-18.07.2017","18.07.2017",2017,7,18,"ESOLUS SP.",466.4
"GER_017_MZB_LO_1","GER_017_MZB_LO_1-18.07.2017","18.07.2017",2017,7,18,"GAMMARUS PULEX",292.8
"GER_017_MZB_LO_1","GER_017_MZB_LO_1-18.07.2017","18.07.2017",2017,7,18,"GLOSSIPHONIA COMPLANATA",0.8
"GER_017_MZB_LO_1","GER_017_MZB_LO_1-18.07.2017","18.07.2017",2017,7,18,"HELOBDELLA STAGNALIS",10.4
"GER_017_MZB_LO_1","GER_017_MZB_LO_1-18.07.2017","18.07.2017",2017,7,18,"HYDROPSYCHE INCOGNITA",68
"GER_017_MZB_LO_1","GER_017_MZB_LO_1-18.07.2017","18.07.2017",2017,7,18,"HYDROPSYCHE PELLUCIDULA",31
"GER_017_MZB_LO_1","GER_017_MZB_LO_1-18.07.2017","18.07.2017",2017,7,18,"LEUCTRA SP.",84
"GER_017_MZB_LO_1","GER_017_MZB_LO_1-18.07.2017","18.07.2017",2017,7,18,"LIMNIUS VOLCKMARI",38.4
"GER_017_MZB_LO_1","GER_017_MZB_LO_1-18.07.2017","18.07.2017",2017,7,18,"OLIGOCHAETA GEN. SP.",5.6
"GER_017_MZB_LO_1","GER_017_MZB_LO_1-18.07.2017","18.07.2017",2017,7,18,"OULIMNIUS TUBERCULATUS",96
"GER_017_MZB_LO_1","GER_017_MZB_LO_1-18.07.2017","18.07.2017",2017,7,18,"POLYCENTROPUS FLAVOMACULATUS SSP.",46.4
"GER_017_MZB_LO_1","GER_017_MZB_LO_1-18.07.2017","18.07.2017",2017,7,18,"PSYCHOMYIA PUSILLA",11.2
"GER_017_MZB_LO_1","GER_017_MZB_LO_1-18.07.2017","18.07.2017",2017,7,18,"RHYACOPHILA DORSALIS/NUBILA",11.2
"GER_017_MZB_LO_1","GER_017_MZB_LO_1-18.07.2017","18.07.2017",2017,7,18,"SERICOSTOMA FLAVICORNE/PERSONATUM",14.4
"GER_017_MZB_LO_1","GER_017_MZB_LO_1-18.07.2017","18.07.2017",2017,7,18,"SERRATELLA IGNITA",106.4
"GER_017_MZB_LO_1","GER_017_MZB_LO_1-18.07.2017","18.07.2017",2017,7,18,"SIMULIUM SP.",499.2
"GER_017_MZB_LO_1","GER_017_MZB_LO_1-18.07.2017","18.07.2017",2017,7,18,"SPHAERIUM CORNEUM",0.8
"GER_017_MZB_LO_1","GER_017_MZB_LO_1-26.06.2018","26.06.2018",2018,6,26,"AMPULLACEANA BALTHICA",5.6
"GER_017_MZB_LO_1","GER_017_MZB_LO_1-26.06.2018","26.06.2018",2018,6,26,"ANABOLIA NERVOSA",0.8
"GER_017_MZB_LO_1","GER_017_MZB_LO_1-26.06.2018","26.06.2018",2018,6,26,"ANCYLUS FLUVIATILIS",67.2
"GER_017_MZB_LO_1","GER_017_MZB_LO_1-26.06.2018","26.06.2018",2018,6,26,"ANOMALOPTERYGELLA CHAUVINIANA",4.8
"GER_017_MZB_LO_1","GER_017_MZB_LO_1-26.06.2018","26.06.2018",2018,6,26,"ANTOCHA SP.",57.6
"GER_017_MZB_LO_1","GER_017_MZB_LO_1-26.06.2018","26.06.2018",2018,6,26,"APHELOCHEIRUS AESTIVALIS",88
"GER_017_MZB_LO_1","GER_017_MZB_LO_1-26.06.2018","26.06.2018",2018,6,26,"ATHERIX/IBISIA SP.",14.4
"GER_017_MZB_LO_1","GER_017_MZB_LO_1-26.06.2018","26.06.2018",2018,6,26,"ATHRIPSODES BILINEATUS BILINEATUS",4.8
"GER_017_MZB_LO_1","GER_017_MZB_LO_1-26.06.2018","26.06.2018",2018,6,26,"BAETIS SP.",209.6
"GER_017_MZB_LO_1","GER_017_MZB_LO_1-26.06.2018","26.06.2018",2018,6,26,"CAENIS LUCTUOSA/MACRURA",72
"GER_017_MZB_LO_1","GER_017_MZB_LO_1-26.06.2018","26.06.2018",2018,6,26,"CHEUMATOPSYCHE LEPIDA",24
"GER_017_MZB_LO_1","GER_017_MZB_LO_1-26.06.2018","26.06.2018",2018,6,26,"CHIRONOMIDAE GEN. SP.",865.6
"GER_017_MZB_LO_1","GER_017_MZB_LO_1-26.06.2018","26.06.2018",2018,6,26,"DUGESIA SP.",9.6
"GER_017_MZB_LO_1","GER_017_MZB_LO_1-26.06.2018","26.06.2018",2018,6,26,"ECDYONURUS VENOSUS-GR.",31.2
"GER_017_MZB_LO_1","GER_017_MZB_LO_1-26.06.2018","26.06.2018",2018,6,26,"ELMIS SP.",76.8
"GER_017_MZB_LO_1","GER_017_MZB_LO_1-26.06.2018","26.06.2018",2018,6,26,"EPHEMERA DANICA",20.8
"GER_017_MZB_LO_1","GER_017_MZB_LO_1-26.06.2018","26.06.2018",2018,6,26,"ERPOBDELLA OCTOCULATA",1.6
"GER_017_MZB_LO_1","GER_017_MZB_LO_1-26.06.2018","26.06.2018",2018,6,26,"ESOLUS SP.",523.2
"GER_017_MZB_LO_1","GER_017_MZB_LO_1-26.06.2018","26.06.2018",2018,6,26,"GAMMARUS PULEX",217.6
"GER_017_MZB_LO_1","GER_017_MZB_LO_1-26.06.2018","26.06.2018",2018,6,26,"GLOSSIPHONIA COMPLANATA",4.8
"GER_017_MZB_LO_1","GER_017_MZB_LO_1-26.06.2018","26.06.2018",2018,6,26,"GYRAULUS ALBUS",9.6
"GER_017_MZB_LO_1","GER_017_MZB_LO_1-26.06.2018","26.06.2018",2018,6,26,"HYDROPSYCHE INCOGNITA",117
"GER_017_MZB_LO_1","GER_017_MZB_LO_1-26.06.2018","26.06.2018",2018,6,26,"HYDROPSYCHE PELLUCIDULA",33.6
"GER_017_MZB_LO_1","GER_017_MZB_LO_1-26.06.2018","26.06.2018",2018,6,26,"HYDROPSYCHE SILTALAI",5.6
"GER_017_MZB_LO_1","GER_017_MZB_LO_1-26.06.2018","26.06.2018",2018,6,26,"HYDROPTILA SP.",4.8
"GER_017_MZB_LO_1","GER_017_MZB_LO_1-26.06.2018","26.06.2018",2018,6,26,"LEUCTRA SP.",43.2
"GER_017_MZB_LO_1","GER_017_MZB_LO_1-26.06.2018","26.06.2018",2018,6,26,"LIMNIUS VOLCKMARI",28.8
"GER_017_MZB_LO_1","GER_017_MZB_LO_1-26.06.2018","26.06.2018",2018,6,26,"MYSTACIDES AZUREA",33.6
"GER_017_MZB_LO_1","GER_017_MZB_LO_1-26.06.2018","26.06.2018",2018,6,26,"OLIGOCHAETA GEN. SP.",24
"GER_017_MZB_LO_1","GER_017_MZB_LO_1-26.06.2018","26.06.2018",2018,6,26,"OULIMNIUS TUBERCULATUS",19.2
"GER_017_MZB_LO_1","GER_017_MZB_LO_1-26.06.2018","26.06.2018",2018,6,26,"POLYCENTROPUS FLAVOMACULATUS SSP.",4.8
"GER_017_MZB_LO_1","GER_017_MZB_LO_1-26.06.2018","26.06.2018",2018,6,26,"POTAMOPYRGUS ANTIPODARUM",9.6
"GER_017_MZB_LO_1","GER_017_MZB_LO_1-26.06.2018","26.06.2018",2018,6,26,"PSYCHOMYIA PUSILLA",28.8
"GER_017_MZB_LO_1","GER_017_MZB_LO_1-26.06.2018","26.06.2018",2018,6,26,"RHYACOPHILA DORSALIS/NUBILA",41.6
"GER_017_MZB_LO_1","GER_017_MZB_LO_1-26.06.2018","26.06.2018",2018,6,26,"SERICOSTOMA FLAVICORNE/PERSONATUM",0.8
"GER_017_MZB_LO_1","GER_017_MZB_LO_1-26.06.2018","26.06.2018",2018,6,26,"SERRATELLA IGNITA",204
"GER_017_MZB_LO_1","GER_017_MZB_LO_1-26.06.2018","26.06.2018",2018,6,26,"SIMULIUM SP.",505.6
"GER_017_MZB_LO_1","GER_017_MZB_LO_1-08.07.2019","08.07.2019",2019,7,8,"AMPULLACEANA BALTHICA",3.428571429
"GER_017_MZB_LO_1","GER_017_MZB_LO_1-08.07.2019","08.07.2019",2019,7,8,"ANABOLIA NERVOSA",3.428571429
"GER_017_MZB_LO_1","GER_017_MZB_LO_1-08.07.2019","08.07.2019",2019,7,8,"ANCYLUS FLUVIATILIS",3.428571429
"GER_017_MZB_LO_1","GER_017_MZB_LO_1-08.07.2019","08.07.2019",2019,7,8,"APHELOCHEIRUS AESTIVALIS",21.37142857
"GER_017_MZB_LO_1","GER_017_MZB_LO_1-08.07.2019","08.07.2019",2019,7,8,"BAETIS SP.",32.457142858
"GER_017_MZB_LO_1","GER_017_MZB_LO_1-08.07.2019","08.07.2019",2019,7,8,"CAENIS LUCTUOSA/MACRURA",30.9
"GER_017_MZB_LO_1","GER_017_MZB_LO_1-08.07.2019","08.07.2019",2019,7,8,"CENTROPTILUM LUTEOLUM",3.428571429
"GER_017_MZB_LO_1","GER_017_MZB_LO_1-08.07.2019","08.07.2019",2019,7,8,"CERATOPOGONINAE GEN. SP.",3.4
"GER_017_MZB_LO_1","GER_017_MZB_LO_1-08.07.2019","08.07.2019",2019,7,8,"CHEUMATOPSYCHE LEPIDA",6.857142857
"GER_017_MZB_LO_1","GER_017_MZB_LO_1-08.07.2019","08.07.2019",2019,7,8,"CHIRONOMIDAE GEN. SP.",452.57142852
"GER_017_MZB_LO_1","GER_017_MZB_LO_1-08.07.2019","08.07.2019",2019,7,8,"DICRANOTA SP.",13.71428571
"GER_017_MZB_LO_1","GER_017_MZB_LO_1-08.07.2019","08.07.2019",2019,7,8,"DUGESIA SP.",3.428571429
"GER_017_MZB_LO_1","GER_017_MZB_LO_1-08.07.2019","08.07.2019",2019,7,8,"ECDYONURUS VENOSUS-GR.",37.5
"GER_017_MZB_LO_1","GER_017_MZB_LO_1-08.07.2019","08.07.2019",2019,7,8,"ELMIS SP.",6.857142857
"GER_017_MZB_LO_1","GER_017_MZB_LO_1-08.07.2019","08.07.2019",2019,7,8,"EPHEMERA DANICA",1.6
"GER_017_MZB_LO_1","GER_017_MZB_LO_1-08.07.2019","08.07.2019",2019,7,8,"ESOLUS SP.",78.85714286
"GER_017_MZB_LO_1","GER_017_MZB_LO_1-08.07.2019","08.07.2019",2019,7,8,"GAMMARUS PULEX",113.1428571
"GER_017_MZB_LO_1","GER_017_MZB_LO_1-08.07.2019","08.07.2019",2019,7,8,"GYRAULUS ALBUS",6.857142857
"GER_017_MZB_LO_1","GER_017_MZB_LO_1-08.07.2019","08.07.2019",2019,7,8,"HELOBDELLA STAGNALIS",0.8
"GER_017_MZB_LO_1","GER_017_MZB_LO_1-08.07.2019","08.07.2019",2019,7,8,"HYDROPSYCHE INCOGNITA",62.4
"GER_017_MZB_LO_1","GER_017_MZB_LO_1-08.07.2019","08.07.2019",2019,7,8,"HYDROPSYCHE PELLUCIDULA",11.1
"GER_017_MZB_LO_1","GER_017_MZB_LO_1-08.07.2019","08.07.2019",2019,7,8,"LEPIDOSTOMA HIRTUM",0.8
"GER_017_MZB_LO_1","GER_017_MZB_LO_1-08.07.2019","08.07.2019",2019,7,8,"LEUCTRA SP.",28.22857143
"GER_017_MZB_LO_1","GER_017_MZB_LO_1-08.07.2019","08.07.2019",2019,7,8,"LIMNIUS VOLCKMARI",20.57142857
"GER_017_MZB_LO_1","GER_017_MZB_LO_1-08.07.2019","08.07.2019",2019,7,8,"MYSTACIDES AZUREA",24
"GER_017_MZB_LO_1","GER_017_MZB_LO_1-08.07.2019","08.07.2019",2019,7,8,"NEBRIOPORUS ELEGANS",0.8
"GER_017_MZB_LO_1","GER_017_MZB_LO_1-08.07.2019","08.07.2019",2019,7,8,"OLIGOCHAETA GEN. SP.",11.085714286
"GER_017_MZB_LO_1","GER_017_MZB_LO_1-08.07.2019","08.07.2019",2019,7,8,"OULIMNIUS TUBERCULATUS",6.857142858
"GER_017_MZB_LO_1","GER_017_MZB_LO_1-08.07.2019","08.07.2019",2019,7,8,"POLYCENTROPUS FLAVOMACULATUS SSP.",3.428571429
"GER_017_MZB_LO_1","GER_017_MZB_LO_1-08.07.2019","08.07.2019",2019,7,8,"PSYCHOMYIA PUSILLA",6.857142857
"GER_017_MZB_LO_1","GER_017_MZB_LO_1-08.07.2019","08.07.2019",2019,7,8,"RHYACOPHILA DORSALIS/NUBILA",22.1
"GER_017_MZB_LO_1","GER_017_MZB_LO_1-08.07.2019","08.07.2019",2019,7,8,"SERICOSTOMA FLAVICORNE/PERSONATUM",1.6
"GER_017_MZB_LO_1","GER_017_MZB_LO_1-08.07.2019","08.07.2019",2019,7,8,"SERRATELLA IGNITA",58.05714286
"GER_017_MZB_LO_1","GER_017_MZB_LO_1-08.07.2019","08.07.2019",2019,7,8,"SIALIS SP.",10.28571429
"GER_017_MZB_LO_1","GER_017_MZB_LO_1-08.07.2019","08.07.2019",2019,7,8,"SIMULIUM SP.",176.4571429
"GER_017_MZB_LO_1","GER_017_MZB_LO_1-08.07.2019","08.07.2019",2019,7,8,"SPHAERIUM CORNEUM",3.4
"GER_017_MZB_LO_1","GER_017_MZB_LO_1-08.07.2019","08.07.2019",2019,7,8,"TIPULA SP.",3.428571429
"GER_017_MZB_LO_2","GER_017_MZB_LO_2-11.07.2008","11.07.2008",2008,7,11,"AGAPETUS OCHRIPES",4.8
"GER_017_MZB_LO_2","GER_017_MZB_LO_2-11.07.2008","11.07.2008",2008,7,11,"ATHERIX/IBISIA SP.",6
"GER_017_MZB_LO_2","GER_017_MZB_LO_2-11.07.2008","11.07.2008",2008,7,11,"BAETIS SP.",14.4
"GER_017_MZB_LO_2","GER_017_MZB_LO_2-11.07.2008","11.07.2008",2008,7,11,"CERATOPOGONINAE GEN. SP.",1.2
"GER_017_MZB_LO_2","GER_017_MZB_LO_2-11.07.2008","11.07.2008",2008,7,11,"CHIRONOMIDAE GEN. SP.",321.2
"GER_017_MZB_LO_2","GER_017_MZB_LO_2-11.07.2008","11.07.2008",2008,7,11,"DICRANOTA SP.",1.2
"GER_017_MZB_LO_2","GER_017_MZB_LO_2-11.07.2008","11.07.2008",2008,7,11,"ECDYONURUS VENOSUS-GR.",5.2
"GER_017_MZB_LO_2","GER_017_MZB_LO_2-11.07.2008","11.07.2008",2008,7,11,"ELMIS SP.",1.2
"GER_017_MZB_LO_2","GER_017_MZB_LO_2-11.07.2008","11.07.2008",2008,7,11,"ESOLUS SP.",21.6
"GER_017_MZB_LO_2","GER_017_MZB_LO_2-11.07.2008","11.07.2008",2008,7,11,"GAMMARUS PULEX",0.8
"GER_017_MZB_LO_2","GER_017_MZB_LO_2-11.07.2008","11.07.2008",2008,7,11,"HYDROPSYCHE INCOGNITA",13.6
"GER_017_MZB_LO_2","GER_017_MZB_LO_2-11.07.2008","11.07.2008",2008,7,11,"LEUCTRA SP.",151.2
"GER_017_MZB_LO_2","GER_017_MZB_LO_2-11.07.2008","11.07.2008",2008,7,11,"LIMNIUS VOLCKMARI",1.2
"GER_017_MZB_LO_2","GER_017_MZB_LO_2-11.07.2008","11.07.2008",2008,7,11,"ORECTOCHILUS VILLOSUS",0.8
"GER_017_MZB_LO_2","GER_017_MZB_LO_2-11.07.2008","11.07.2008",2008,7,11,"OULIMNIUS TUBERCULATUS",1.2
"GER_017_MZB_LO_2","GER_017_MZB_LO_2-11.07.2008","11.07.2008",2008,7,11,"POLYCENTROPUS FLAVOMACULATUS SSP.",1.2
"GER_017_MZB_LO_2","GER_017_MZB_LO_2-11.07.2008","11.07.2008",2008,7,11,"RHYACOPHILA DORSALIS/NUBILA",19.2
"GER_017_MZB_LO_2","GER_017_MZB_LO_2-11.07.2008","11.07.2008",2008,7,11,"SERRATELLA IGNITA",16.4
"GER_017_MZB_LO_2","GER_017_MZB_LO_2-11.07.2008","11.07.2008",2008,7,11,"SIMULIUM SP.",3.6
"GER_017_MZB_LO_2","GER_017_MZB_LO_2-11.07.2008","11.07.2008",2008,7,11,"TIPULA SP.",2.8
"GER_017_MZB_LO_2","GER_017_MZB_LO_2-10.06.2009","10.06.2009",2009,6,10,"AGAPETUS OCHRIPES",4.8
"GER_017_MZB_LO_2","GER_017_MZB_LO_2-10.06.2009","10.06.2009",2009,6,10,"ALLOGAMUS AURICOLLIS",0.8
"GER_017_MZB_LO_2","GER_017_MZB_LO_2-10.06.2009","10.06.2009",2009,6,10,"AMPULLACEANA BALTHICA",5.6
"GER_017_MZB_LO_2","GER_017_MZB_LO_2-10.06.2009","10.06.2009",2009,6,10,"ANCYLUS FLUVIATILIS",10.4
"GER_017_MZB_LO_2","GER_017_MZB_LO_2-10.06.2009","10.06.2009",2009,6,10,"ATHERIX/IBISIA SP.",0.8
"GER_017_MZB_LO_2","GER_017_MZB_LO_2-10.06.2009","10.06.2009",2009,6,10,"ATHRIPSODES ALBIFRONS",76.8
"GER_017_MZB_LO_2","GER_017_MZB_LO_2-10.06.2009","10.06.2009",2009,6,10,"ATHRIPSODES CINEREUS",4.8
"GER_017_MZB_LO_2","GER_017_MZB_LO_2-10.06.2009","10.06.2009",2009,6,10,"BAETIS SP.",58.4
"GER_017_MZB_LO_2","GER_017_MZB_LO_2-10.06.2009","10.06.2009",2009,6,10,"CAENIS LUCTUOSA/MACRURA",9.6
"GER_017_MZB_LO_2","GER_017_MZB_LO_2-10.06.2009","10.06.2009",2009,6,10,"CERATOPOGONINAE GEN. SP.",14.4
"GER_017_MZB_LO_2","GER_017_MZB_LO_2-10.06.2009","10.06.2009",2009,6,10,"CHIRONOMIDAE GEN. SP.",1247.2
"GER_017_MZB_LO_2","GER_017_MZB_LO_2-10.06.2009","10.06.2009",2009,6,10,"DICRANOTA SP.",9.6
"GER_017_MZB_LO_2","GER_017_MZB_LO_2-10.06.2009","10.06.2009",2009,6,10,"ECDYONURUS VENOSUS-GR.",21.6
"GER_017_MZB_LO_2","GER_017_MZB_LO_2-10.06.2009","10.06.2009",2009,6,10,"ELMIS SP.",91.2
"GER_017_MZB_LO_2","GER_017_MZB_LO_2-10.06.2009","10.06.2009",2009,6,10,"EPHEMERA DANICA",1.6
"GER_017_MZB_LO_2","GER_017_MZB_LO_2-10.06.2009","10.06.2009",2009,6,10,"ERPOBDELLA OCTOCULATA",9.6
"GER_017_MZB_LO_2","GER_017_MZB_LO_2-10.06.2009","10.06.2009",2009,6,10,"ESOLUS SP.",265.6
"GER_017_MZB_LO_2","GER_017_MZB_LO_2-10.06.2009","10.06.2009",2009,6,10,"GAMMARUS PULEX",255.2
"GER_017_MZB_LO_2","GER_017_MZB_LO_2-10.06.2009","10.06.2009",2009,6,10,"GLOSSIPHONIA COMPLANATA",4.8
"GER_017_MZB_LO_2","GER_017_MZB_LO_2-10.06.2009","10.06.2009",2009,6,10,"HALESUS DIGITATUS/TESSELATUS",1.6
"GER_017_MZB_LO_2","GER_017_MZB_LO_2-10.06.2009","10.06.2009",2009,6,10,"HYDRAENA GRACILIS",9.6
"GER_017_MZB_LO_2","GER_017_MZB_LO_2-10.06.2009","10.06.2009",2009,6,10,"HYDROPSYCHE INCOGNITA",39.2
"GER_017_MZB_LO_2","GER_017_MZB_LO_2-10.06.2009","10.06.2009",2009,6,10,"HYDROPSYCHE SILTALAI",38.4
"GER_017_MZB_LO_2","GER_017_MZB_LO_2-10.06.2009","10.06.2009",2009,6,10,"HYDROPTILA SP.",0.8
"GER_017_MZB_LO_2","GER_017_MZB_LO_2-10.06.2009","10.06.2009",2009,6,10,"LEPIDOSTOMA HIRTUM",107.2
"GER_017_MZB_LO_2","GER_017_MZB_LO_2-10.06.2009","10.06.2009",2009,6,10,"LEUCTRA SP.",198.4
"GER_017_MZB_LO_2","GER_017_MZB_LO_2-10.06.2009","10.06.2009",2009,6,10,"LIMNIUS VOLCKMARI",4.8
"GER_017_MZB_LO_2","GER_017_MZB_LO_2-10.06.2009","10.06.2009",2009,6,10,"MYSTACIDES AZUREA",4.8
"GER_017_MZB_LO_2","GER_017_MZB_LO_2-10.06.2009","10.06.2009",2009,6,10,"OLIGOCHAETA GEN. SP.",14.4
"GER_017_MZB_LO_2","GER_017_MZB_LO_2-10.06.2009","10.06.2009",2009,6,10,"OULIMNIUS TUBERCULATUS",9.6
"GER_017_MZB_LO_2","GER_017_MZB_LO_2-10.06.2009","10.06.2009",2009,6,10,"PISIDIUM SP.",9.6
"GER_017_MZB_LO_2","GER_017_MZB_LO_2-10.06.2009","10.06.2009",2009,6,10,"POLYCENTROPUS FLAVOMACULATUS SSP.",20
"GER_017_MZB_LO_2","GER_017_MZB_LO_2-10.06.2009","10.06.2009",2009,6,10,"POTAMOPHYLAX CINGULATUS/LATIPENNIS/LUCTUOSUS",4.8
"GER_017_MZB_LO_2","GER_017_MZB_LO_2-10.06.2009","10.06.2009",2009,6,10,"PSYCHOMYIA PUSILLA",19.2
"GER_017_MZB_LO_2","GER_017_MZB_LO_2-10.06.2009","10.06.2009",2009,6,10,"RHYACOPHILA DORSALIS/NUBILA",24
"GER_017_MZB_LO_2","GER_017_MZB_LO_2-10.06.2009","10.06.2009",2009,6,10,"SERICOSTOMA FLAVICORNE/PERSONATUM",29.6
"GER_017_MZB_LO_2","GER_017_MZB_LO_2-10.06.2009","10.06.2009",2009,6,10,"SERRATELLA IGNITA",452.8
"GER_017_MZB_LO_2","GER_017_MZB_LO_2-10.06.2009","10.06.2009",2009,6,10,"SIALIS SP.",4.8
"GER_017_MZB_LO_2","GER_017_MZB_LO_2-10.06.2009","10.06.2009",2009,6,10,"SIMULIUM SP.",38.4
"GER_017_MZB_LO_2","GER_017_MZB_LO_2-10.06.2009","10.06.2009",2009,6,10,"SPHAERIUM CORNEUM",0.8
"GER_017_MZB_LO_2","GER_017_MZB_LO_2-24.06.2010","24.06.2010",2010,6,24,"AGAPETUS OCHRIPES",5.6
"GER_017_MZB_LO_2","GER_017_MZB_LO_2-24.06.2010","24.06.2010",2010,6,24,"ALLOGAMUS AURICOLLIS",20
"GER_017_MZB_LO_2","GER_017_MZB_LO_2-24.06.2010","24.06.2010",2010,6,24,"AMPULLACEANA BALTHICA",9.6
"GER_017_MZB_LO_2","GER_017_MZB_LO_2-24.06.2010","24.06.2010",2010,6,24,"ANABOLIA NERVOSA",4.8
"GER_017_MZB_LO_2","GER_017_MZB_LO_2-24.06.2010","24.06.2010",2010,6,24,"ANOMALOPTERYGELLA CHAUVINIANA",9.6
"GER_017_MZB_LO_2","GER_017_MZB_LO_2-24.06.2010","24.06.2010",2010,6,24,"ANTOCHA SP.",4.8
"GER_017_MZB_LO_2","GER_017_MZB_LO_2-24.06.2010","24.06.2010",2010,6,24,"ASELLUS AQUATICUS",9.6
"GER_017_MZB_LO_2","GER_017_MZB_LO_2-24.06.2010","24.06.2010",2010,6,24,"ATHERIX/IBISIA SP.",44.8
"GER_017_MZB_LO_2","GER_017_MZB_LO_2-24.06.2010","24.06.2010",2010,6,24,"ATHRIPSODES ALBIFRONS",62.4
"GER_017_MZB_LO_2","GER_017_MZB_LO_2-24.06.2010","24.06.2010",2010,6,24,"ATHRIPSODES CINEREUS",4.8
"GER_017_MZB_LO_2","GER_017_MZB_LO_2-24.06.2010","24.06.2010",2010,6,24,"BAETIS SP.",89.6
"GER_017_MZB_LO_2","GER_017_MZB_LO_2-24.06.2010","24.06.2010",2010,6,24,"CAENIS LUCTUOSA/MACRURA",4.8
"GER_017_MZB_LO_2","GER_017_MZB_LO_2-24.06.2010","24.06.2010",2010,6,24,"CERATOPOGONINAE GEN. SP.",4.8
"GER_017_MZB_LO_2","GER_017_MZB_LO_2-24.06.2010","24.06.2010",2010,6,24,"CHAETOPTERYX VILLOSA VILLOSA",14.4
"GER_017_MZB_LO_2","GER_017_MZB_LO_2-24.06.2010","24.06.2010",2010,6,24,"CHIRONOMIDAE GEN. SP.",620
"GER_017_MZB_LO_2","GER_017_MZB_LO_2-24.06.2010","24.06.2010",2010,6,24,"DICRANOTA SP.",24
"GER_017_MZB_LO_2","GER_017_MZB_LO_2-24.06.2010","24.06.2010",2010,6,24,"DUGESIA SP.",0.8
"GER_017_MZB_LO_2","GER_017_MZB_LO_2-24.06.2010","24.06.2010",2010,6,24,"ECDYONURUS VENOSUS-GR.",16
"GER_017_MZB_LO_2","GER_017_MZB_LO_2-24.06.2010","24.06.2010",2010,6,24,"ELMIS SP.",51.2
"GER_017_MZB_LO_2","GER_017_MZB_LO_2-24.06.2010","24.06.2010",2010,6,24,"ERPOBDELLA OCTOCULATA",40
"GER_017_MZB_LO_2","GER_017_MZB_LO_2-24.06.2010","24.06.2010",2010,6,24,"ESOLUS SP.",82.4
"GER_017_MZB_LO_2","GER_017_MZB_LO_2-24.06.2010","24.06.2010",2010,6,24,"GAMMARUS PULEX",44
"GER_017_MZB_LO_2","GER_017_MZB_LO_2-24.06.2010","24.06.2010",2010,6,24,"HELOBDELLA STAGNALIS",4.8
"GER_017_MZB_LO_2","GER_017_MZB_LO_2-24.06.2010","24.06.2010",2010,6,24,"HYDROPSYCHE INCOGNITA",5.2
"GER_017_MZB_LO_2","GER_017_MZB_LO_2-24.06.2010","24.06.2010",2010,6,24,"HYDROPSYCHE SILTALAI",34.4
"GER_017_MZB_LO_2","GER_017_MZB_LO_2-24.06.2010","24.06.2010",2010,6,24,"LEPIDOSTOMA HIRTUM",5.6
"GER_017_MZB_LO_2","GER_017_MZB_LO_2-24.06.2010","24.06.2010",2010,6,24,"LEUCTRA SP.",48
"GER_017_MZB_LO_2","GER_017_MZB_LO_2-24.06.2010","24.06.2010",2010,6,24,"LIMNIUS VOLCKMARI",14.4
"GER_017_MZB_LO_2","GER_017_MZB_LO_2-24.06.2010","24.06.2010",2010,6,24,"OULIMNIUS TUBERCULATUS",24
"GER_017_MZB_LO_2","GER_017_MZB_LO_2-24.06.2010","24.06.2010",2010,6,24,"PISIDIUM SP.",0.8
"GER_017_MZB_LO_2","GER_017_MZB_LO_2-24.06.2010","24.06.2010",2010,6,24,"POLYCENTROPUS FLAVOMACULATUS SSP.",16
"GER_017_MZB_LO_2","GER_017_MZB_LO_2-24.06.2010","24.06.2010",2010,6,24,"RHYACOPHILA DORSALIS/NUBILA",24.8
"GER_017_MZB_LO_2","GER_017_MZB_LO_2-24.06.2010","24.06.2010",2010,6,24,"SERICOSTOMA FLAVICORNE/PERSONATUM",6.4
"GER_017_MZB_LO_2","GER_017_MZB_LO_2-24.06.2010","24.06.2010",2010,6,24,"SERRATELLA IGNITA",335.2
"GER_017_MZB_LO_2","GER_017_MZB_LO_2-24.06.2010","24.06.2010",2010,6,24,"SIMULIUM SP.",312
"GER_017_MZB_LO_2","GER_017_MZB_LO_2-14.06.2011","14.06.2011",2011,6,14,"AGAPETUS OCHRIPES",14.4
"GER_017_MZB_LO_2","GER_017_MZB_LO_2-14.06.2011","14.06.2011",2011,6,14,"ANOMALOPTERYGELLA CHAUVINIANA",0.8
"GER_017_MZB_LO_2","GER_017_MZB_LO_2-14.06.2011","14.06.2011",2011,6,14,"ATHERIX/IBISIA SP.",24.8
"GER_017_MZB_LO_2","GER_017_MZB_LO_2-14.06.2011","14.06.2011",2011,6,14,"ATHRIPSODES CINEREUS",14.4
"GER_017_MZB_LO_2","GER_017_MZB_LO_2-14.06.2011","14.06.2011",2011,6,14,"BAETIS SP.",214.4
"GER_017_MZB_LO_2","GER_017_MZB_LO_2-14.06.2011","14.06.2011",2011,6,14,"CAENIS LUCTUOSA/MACRURA",43.2
"GER_017_MZB_LO_2","GER_017_MZB_LO_2-14.06.2011","14.06.2011",2011,6,14,"CHIRONOMIDAE GEN. SP.",572.4
"GER_017_MZB_LO_2","GER_017_MZB_LO_2-14.06.2011","14.06.2011",2011,6,14,"DICRANOTA SP.",14.4
"GER_017_MZB_LO_2","GER_017_MZB_LO_2-14.06.2011","14.06.2011",2011,6,14,"ECDYONURUS VENOSUS-GR.",247.2
"GER_017_MZB_LO_2","GER_017_MZB_LO_2-14.06.2011","14.06.2011",2011,6,14,"ECHINOGAMMARUS BERILLONI",0.8
"GER_017_MZB_LO_2","GER_017_MZB_LO_2-14.06.2011","14.06.2011",2011,6,14,"ELMIS SP.",5.6
"GER_017_MZB_LO_2","GER_017_MZB_LO_2-14.06.2011","14.06.2011",2011,6,14,"ESOLUS SP.",172.8
"GER_017_MZB_LO_2","GER_017_MZB_LO_2-14.06.2011","14.06.2011",2011,6,14,"HYDROPSYCHE INCOGNITA",27
"GER_017_MZB_LO_2","GER_017_MZB_LO_2-14.06.2011","14.06.2011",2011,6,14,"HYDROPSYCHE SILTALAI",37
"GER_017_MZB_LO_2","GER_017_MZB_LO_2-14.06.2011","14.06.2011",2011,6,14,"LEPIDOSTOMA HIRTUM",0.8
"GER_017_MZB_LO_2","GER_017_MZB_LO_2-14.06.2011","14.06.2011",2011,6,14,"LEUCTRA SP.",131.2
"GER_017_MZB_LO_2","GER_017_MZB_LO_2-14.06.2011","14.06.2011",2011,6,14,"LIMNIUS VOLCKMARI",4.8
"GER_017_MZB_LO_2","GER_017_MZB_LO_2-14.06.2011","14.06.2011",2011,6,14,"OULIMNIUS TUBERCULATUS",10.4
"GER_017_MZB_LO_2","GER_017_MZB_LO_2-14.06.2011","14.06.2011",2011,6,14,"POTAMOPHYLAX CINGULATUS/LATIPENNIS/LUCTUOSUS",0.8
"GER_017_MZB_LO_2","GER_017_MZB_LO_2-14.06.2011","14.06.2011",2011,6,14,"PSYCHOMYIA PUSILLA",43.2
"GER_017_MZB_LO_2","GER_017_MZB_LO_2-14.06.2011","14.06.2011",2011,6,14,"RHYACOPHILA DORSALIS/NUBILA",11.2
"GER_017_MZB_LO_2","GER_017_MZB_LO_2-14.06.2011","14.06.2011",2011,6,14,"SERRATELLA IGNITA",502.4
"GER_017_MZB_LO_2","GER_017_MZB_LO_2-14.06.2011","14.06.2011",2011,6,14,"SIMULIUM SP.",20
"GER_017_MZB_LO_2","GER_017_MZB_LO_2-14.06.2011","14.06.2011",2011,6,14,"SPHAERIUM CORNEUM",4.8
"GER_017_MZB_LO_2","GER_017_MZB_LO_2-14.06.2011","14.06.2011",2011,6,14,"TIPULA SP.",4.8
"GER_017_MZB_LO_2","GER_017_MZB_LO_2-12.06.2012","12.06.2012",2012,6,12,"AMPULLACEANA BALTHICA",9.6
"GER_017_MZB_LO_2","GER_017_MZB_LO_2-12.06.2012","12.06.2012",2012,6,12,"ANCYLUS FLUVIATILIS",24
"GER_017_MZB_LO_2","GER_017_MZB_LO_2-12.06.2012","12.06.2012",2012,6,12,"ASELLUS AQUATICUS",4.8
"GER_017_MZB_LO_2","GER_017_MZB_LO_2-12.06.2012","12.06.2012",2012,6,12,"ATHRIPSODES ALBIFRONS",62.4
"GER_017_MZB_LO_2","GER_017_MZB_LO_2-12.06.2012","12.06.2012",2012,6,12,"ATHRIPSODES CINEREUS",9.6
"GER_017_MZB_LO_2","GER_017_MZB_LO_2-12.06.2012","12.06.2012",2012,6,12,"BAETIS SP.",96.8
"GER_017_MZB_LO_2","GER_017_MZB_LO_2-12.06.2012","12.06.2012",2012,6,12,"CAENIS LUCTUOSA/MACRURA",322.285
"GER_017_MZB_LO_2","GER_017_MZB_LO_2-12.06.2012","12.06.2012",2012,6,12,"CHEUMATOPSYCHE LEPIDA",4.8
"GER_017_MZB_LO_2","GER_017_MZB_LO_2-12.06.2012","12.06.2012",2012,6,12,"CHIRONOMIDAE GEN. SP.",1401.6
"GER_017_MZB_LO_2","GER_017_MZB_LO_2-12.06.2012","12.06.2012",2012,6,12,"DICRANOTA SP.",4.8
"GER_017_MZB_LO_2","GER_017_MZB_LO_2-12.06.2012","12.06.2012",2012,6,12,"ECDYONURUS VENOSUS-GR.",111.2
"GER_017_MZB_LO_2","GER_017_MZB_LO_2-12.06.2012","12.06.2012",2012,6,12,"ELMIS SP.",4.8
"GER_017_MZB_LO_2","GER_017_MZB_LO_2-12.06.2012","12.06.2012",2012,6,12,"EPHEMERA DANICA",6.4
"GER_017_MZB_LO_2","GER_017_MZB_LO_2-12.06.2012","12.06.2012",2012,6,12,"ERPOBDELLA OCTOCULATA",4.8
"GER_017_MZB_LO_2","GER_017_MZB_LO_2-12.06.2012","12.06.2012",2012,6,12,"ESOLUS SP.",278.4
"GER_017_MZB_LO_2","GER_017_MZB_LO_2-12.06.2012","12.06.2012",2012,6,12,"GAMMARUS PULEX",10.4
"GER_017_MZB_LO_2","GER_017_MZB_LO_2-12.06.2012","12.06.2012",2012,6,12,"GYRAULUS ALBUS",3.2
"GER_017_MZB_LO_2","GER_017_MZB_LO_2-12.06.2012","12.06.2012",2012,6,12,"HYDROPSYCHE INCOGNITA",26.6
"GER_017_MZB_LO_2","GER_017_MZB_LO_2-12.06.2012","12.06.2012",2012,6,12,"HYDROPSYCHE SILTALAI",26.6
"GER_017_MZB_LO_2","GER_017_MZB_LO_2-12.06.2012","12.06.2012",2012,6,12,"LEPIDOSTOMA HIRTUM",15.2
"GER_017_MZB_LO_2","GER_017_MZB_LO_2-12.06.2012","12.06.2012",2012,6,12,"LEUCTRA SP.",399.2
"GER_017_MZB_LO_2","GER_017_MZB_LO_2-12.06.2012","12.06.2012",2012,6,12,"LIMNIUS VOLCKMARI",19.2
"GER_017_MZB_LO_2","GER_017_MZB_LO_2-12.06.2012","12.06.2012",2012,6,12,"MICRONECTINAE GEN. SP.",19.2
"GER_017_MZB_LO_2","GER_017_MZB_LO_2-12.06.2012","12.06.2012",2012,6,12,"MYSTACIDES AZUREA",4.8
"GER_017_MZB_LO_2","GER_017_MZB_LO_2-12.06.2012","12.06.2012",2012,6,12,"OLIGOCHAETA GEN. SP.",19.2
"GER_017_MZB_LO_2","GER_017_MZB_LO_2-12.06.2012","12.06.2012",2012,6,12,"ORECTOCHILUS VILLOSUS",5.6
"GER_017_MZB_LO_2","GER_017_MZB_LO_2-12.06.2012","12.06.2012",2012,6,12,"OULIMNIUS TUBERCULATUS",20
"GER_017_MZB_LO_2","GER_017_MZB_LO_2-12.06.2012","12.06.2012",2012,6,12,"PEDICIA SP.",9.6
"GER_017_MZB_LO_2","GER_017_MZB_LO_2-12.06.2012","12.06.2012",2012,6,12,"PISIDIUM SP.",9.6
"GER_017_MZB_LO_2","GER_017_MZB_LO_2-12.06.2012","12.06.2012",2012,6,12,"POLYCENTROPUS FLAVOMACULATUS SSP.",19.2
"GER_017_MZB_LO_2","GER_017_MZB_LO_2-12.06.2012","12.06.2012",2012,6,12,"PSYCHODIDAE GEN. SP.",4.8
"GER_017_MZB_LO_2","GER_017_MZB_LO_2-12.06.2012","12.06.2012",2012,6,12,"RHYACOPHILA DORSALIS/NUBILA",10.4
"GER_017_MZB_LO_2","GER_017_MZB_LO_2-12.06.2012","12.06.2012",2012,6,12,"SERICOSTOMA FLAVICORNE/PERSONATUM",9.6
"GER_017_MZB_LO_2","GER_017_MZB_LO_2-12.06.2012","12.06.2012",2012,6,12,"SERRATELLA IGNITA",586.4
"GER_017_MZB_LO_2","GER_017_MZB_LO_2-12.06.2012","12.06.2012",2012,6,12,"SIMULIUM SP.",9.6
"GER_017_MZB_LO_2","GER_017_MZB_LO_2-12.06.2012","12.06.2012",2012,6,12,"TIPULA SP.",4.8
"GER_017_MZB_LO_2","GER_017_MZB_LO_2-21.06.2013","21.06.2013",2013,6,21,"AMPULLACEANA BALTHICA",11.2
"GER_017_MZB_LO_2","GER_017_MZB_LO_2-21.06.2013","21.06.2013",2013,6,21,"ANCYLUS FLUVIATILIS",10.4
"GER_017_MZB_LO_2","GER_017_MZB_LO_2-21.06.2013","21.06.2013",2013,6,21,"APHELOCHEIRUS AESTIVALIS",0.8
"GER_017_MZB_LO_2","GER_017_MZB_LO_2-21.06.2013","21.06.2013",2013,6,21,"ASELLUS AQUATICUS",4.8
"GER_017_MZB_LO_2","GER_017_MZB_LO_2-21.06.2013","21.06.2013",2013,6,21,"ATHERIX/IBISIA SP.",1.6
"GER_017_MZB_LO_2","GER_017_MZB_LO_2-21.06.2013","21.06.2013",2013,6,21,"ATHRIPSODES ALBIFRONS",48.3
"GER_017_MZB_LO_2","GER_017_MZB_LO_2-21.06.2013","21.06.2013",2013,6,21,"ATHRIPSODES CINEREUS",24.1
"GER_017_MZB_LO_2","GER_017_MZB_LO_2-21.06.2013","21.06.2013",2013,6,21,"BAETIS SP.",48
"GER_017_MZB_LO_2","GER_017_MZB_LO_2-21.06.2013","21.06.2013",2013,6,21,"CAENIS LUCTUOSA/MACRURA",384
"GER_017_MZB_LO_2","GER_017_MZB_LO_2-21.06.2013","21.06.2013",2013,6,21,"CERATOPOGONINAE GEN. SP.",9.6
"GER_017_MZB_LO_2","GER_017_MZB_LO_2-21.06.2013","21.06.2013",2013,6,21,"CHEUMATOPSYCHE LEPIDA",14.4
"GER_017_MZB_LO_2","GER_017_MZB_LO_2-21.06.2013","21.06.2013",2013,6,21,"CHIRONOMIDAE GEN. SP.",265.6
"GER_017_MZB_LO_2","GER_017_MZB_LO_2-21.06.2013","21.06.2013",2013,6,21,"ECDYONURUS VENOSUS-GR.",50.4
"GER_017_MZB_LO_2","GER_017_MZB_LO_2-21.06.2013","21.06.2013",2013,6,21,"EPHEMERA DANICA",10.4
"GER_017_MZB_LO_2","GER_017_MZB_LO_2-21.06.2013","21.06.2013",2013,6,21,"ERPOBDELLA OCTOCULATA",29.6
"GER_017_MZB_LO_2","GER_017_MZB_LO_2-21.06.2013","21.06.2013",2013,6,21,"ESOLUS SP.",48.8
"GER_017_MZB_LO_2","GER_017_MZB_LO_2-21.06.2013","21.06.2013",2013,6,21,"GAMMARUS PULEX",32
"GER_017_MZB_LO_2","GER_017_MZB_LO_2-21.06.2013","21.06.2013",2013,6,21,"HYDROPSYCHE INCOGNITA",24.8
"GER_017_MZB_LO_2","GER_017_MZB_LO_2-21.06.2013","21.06.2013",2013,6,21,"LEPIDOSTOMA HIRTUM",16
"GER_017_MZB_LO_2","GER_017_MZB_LO_2-21.06.2013","21.06.2013",2013,6,21,"LEUCTRA SP.",40
"GER_017_MZB_LO_2","GER_017_MZB_LO_2-21.06.2013","21.06.2013",2013,6,21,"LIMNIUS VOLCKMARI",4.8
"GER_017_MZB_LO_2","GER_017_MZB_LO_2-21.06.2013","21.06.2013",2013,6,21,"NEBRIOPORUS ELEGANS",0.8
"GER_017_MZB_LO_2","GER_017_MZB_LO_2-21.06.2013","21.06.2013",2013,6,21,"OLIGOCHAETA GEN. SP.",4.8
"GER_017_MZB_LO_2","GER_017_MZB_LO_2-21.06.2013","21.06.2013",2013,6,21,"POLYCENTROPUS FLAVOMACULATUS SSP.",25.6
"GER_017_MZB_LO_2","GER_017_MZB_LO_2-21.06.2013","21.06.2013",2013,6,21,"POTAMOPYRGUS ANTIPODARUM",4.8
"GER_017_MZB_LO_2","GER_017_MZB_LO_2-21.06.2013","21.06.2013",2013,6,21,"PROCLOEON SP.",9.6
"GER_017_MZB_LO_2","GER_017_MZB_LO_2-21.06.2013","21.06.2013",2013,6,21,"PSYCHOMYIA PUSILLA",9.6
"GER_017_MZB_LO_2","GER_017_MZB_LO_2-21.06.2013","21.06.2013",2013,6,21,"RHYACOPHILA DORSALIS/NUBILA",14.4
"GER_017_MZB_LO_2","GER_017_MZB_LO_2-21.06.2013","21.06.2013",2013,6,21,"SERICOSTOMA FLAVICORNE/PERSONATUM",4.8
"GER_017_MZB_LO_2","GER_017_MZB_LO_2-21.06.2013","21.06.2013",2013,6,21,"SERRATELLA IGNITA",408.8
"GER_017_MZB_LO_2","GER_017_MZB_LO_2-21.06.2013","21.06.2013",2013,6,21,"SIMULIUM SP.",24
"GER_017_MZB_LO_2","GER_017_MZB_LO_2-21.06.2013","21.06.2013",2013,6,21,"TIPULA SP.",19.2
"GER_017_MZB_LO_2","GER_017_MZB_LO_2-11.06.2015","11.06.2015",2015,6,11,"AGABUS UNDULATUS",5.6
"GER_017_MZB_LO_2","GER_017_MZB_LO_2-11.06.2015","11.06.2015",2015,6,11,"ANABOLIA NERVOSA",4.8
"GER_017_MZB_LO_2","GER_017_MZB_LO_2-11.06.2015","11.06.2015",2015,6,11,"ANCYLUS FLUVIATILIS",9.6
"GER_017_MZB_LO_2","GER_017_MZB_LO_2-11.06.2015","11.06.2015",2015,6,11,"ATHRIPSODES ALBIFRONS",28.8
"GER_017_MZB_LO_2","GER_017_MZB_LO_2-11.06.2015","11.06.2015",2015,6,11,"ATHRIPSODES BILINEATUS BILINEATUS",19.2
"GER_017_MZB_LO_2","GER_017_MZB_LO_2-11.06.2015","11.06.2015",2015,6,11,"ATHRIPSODES CINEREUS",4.8
"GER_017_MZB_LO_2","GER_017_MZB_LO_2-11.06.2015","11.06.2015",2015,6,11,"BAETIS SP.",236
"GER_017_MZB_LO_2","GER_017_MZB_LO_2-11.06.2015","11.06.2015",2015,6,11,"CAENIS LUCTUOSA/MACRURA",19.2
"GER_017_MZB_LO_2","GER_017_MZB_LO_2-11.06.2015","11.06.2015",2015,6,11,"CALOPTERYX SPLENDENS",4.8
"GER_017_MZB_LO_2","GER_017_MZB_LO_2-11.06.2015","11.06.2015",2015,6,11,"CHEUMATOPSYCHE LEPIDA",52.8
"GER_017_MZB_LO_2","GER_017_MZB_LO_2-11.06.2015","11.06.2015",2015,6,11,"CHIRONOMIDAE GEN. SP.",63.2
"GER_017_MZB_LO_2","GER_017_MZB_LO_2-11.06.2015","11.06.2015",2015,6,11,"DICRANOTA SP.",33.6
"GER_017_MZB_LO_2","GER_017_MZB_LO_2-11.06.2015","11.06.2015",2015,6,11,"ECDYONURUS VENOSUS-GR.",12.8
"GER_017_MZB_LO_2","GER_017_MZB_LO_2-11.06.2015","11.06.2015",2015,6,11,"ECHINOGAMMARUS BERILLONI",894.4
"GER_017_MZB_LO_2","GER_017_MZB_LO_2-11.06.2015","11.06.2015",2015,6,11,"ELMIS SP.",24
"GER_017_MZB_LO_2","GER_017_MZB_LO_2-11.06.2015","11.06.2015",2015,6,11,"EPHEMERA DANICA",48
"GER_017_MZB_LO_2","GER_017_MZB_LO_2-11.06.2015","11.06.2015",2015,6,11,"ERPOBDELLA OCTOCULATA",4.8
"GER_017_MZB_LO_2","GER_017_MZB_LO_2-11.06.2015","11.06.2015",2015,6,11,"ESOLUS SP.",144
"GER_017_MZB_LO_2","GER_017_MZB_LO_2-11.06.2015","11.06.2015",2015,6,11,"GAMMARUS PULEX",57.6
"GER_017_MZB_LO_2","GER_017_MZB_LO_2-11.06.2015","11.06.2015",2015,6,11,"GLOSSIPHONIA COMPLANATA",1.6
"GER_017_MZB_LO_2","GER_017_MZB_LO_2-11.06.2015","11.06.2015",2015,6,11,"GOERA PILOSA",9.6
"GER_017_MZB_LO_2","GER_017_MZB_LO_2-11.06.2015","11.06.2015",2015,6,11,"HYDROPSYCHE INCOGNITA",6.4
"GER_017_MZB_LO_2","GER_017_MZB_LO_2-11.06.2015","11.06.2015",2015,6,11,"HYDROPSYCHE SILTALAI",4.8
"GER_017_MZB_LO_2","GER_017_MZB_LO_2-11.06.2015","11.06.2015",2015,6,11,"LEPIDOSTOMA HIRTUM",7.2
"GER_017_MZB_LO_2","GER_017_MZB_LO_2-11.06.2015","11.06.2015",2015,6,11,"LEUCTRA SP.",36
"GER_017_MZB_LO_2","GER_017_MZB_LO_2-11.06.2015","11.06.2015",2015,6,11,"LIMNIUS VOLCKMARI",24
"GER_017_MZB_LO_2","GER_017_MZB_LO_2-11.06.2015","11.06.2015",2015,6,11,"ORECTOCHILUS VILLOSUS",14.4
"GER_017_MZB_LO_2","GER_017_MZB_LO_2-11.06.2015","11.06.2015",2015,6,11,"POLYCENTROPUS FLAVOMACULATUS SSP.",14.4
"GER_017_MZB_LO_2","GER_017_MZB_LO_2-11.06.2015","11.06.2015",2015,6,11,"POTAMOPHYLAX CINGULATUS/LATIPENNIS/LUCTUOSUS",4.8
"GER_017_MZB_LO_2","GER_017_MZB_LO_2-11.06.2015","11.06.2015",2015,6,11,"RHYACOPHILA DORSALIS/NUBILA",10.4
"GER_017_MZB_LO_2","GER_017_MZB_LO_2-11.06.2015","11.06.2015",2015,6,11,"SERICOSTOMA FLAVICORNE/PERSONATUM",0.8
"GER_017_MZB_LO_2","GER_017_MZB_LO_2-11.06.2015","11.06.2015",2015,6,11,"SERRATELLA IGNITA",396
"GER_017_MZB_LO_2","GER_017_MZB_LO_2-11.06.2015","11.06.2015",2015,6,11,"SIMULIUM SP.",14.4
"GER_017_MZB_LO_2","GER_017_MZB_LO_2-12.07.2016","12.07.2016",2016,7,12,"AGAPETUS OCHRIPES",115.2
"GER_017_MZB_LO_2","GER_017_MZB_LO_2-12.07.2016","12.07.2016",2016,7,12,"ANABOLIA NERVOSA",4.8
"GER_017_MZB_LO_2","GER_017_MZB_LO_2-12.07.2016","12.07.2016",2016,7,12,"ASELLUS AQUATICUS",4.8
"GER_017_MZB_LO_2","GER_017_MZB_LO_2-12.07.2016","12.07.2016",2016,7,12,"ATHERIX/IBISIA SP.",20
"GER_017_MZB_LO_2","GER_017_MZB_LO_2-12.07.2016","12.07.2016",2016,7,12,"ATHRIPSODES ALBIFRONS",14.4
"GER_017_MZB_LO_2","GER_017_MZB_LO_2-12.07.2016","12.07.2016",2016,7,12,"BAETIS SP.",153.6
"GER_017_MZB_LO_2","GER_017_MZB_LO_2-12.07.2016","12.07.2016",2016,7,12,"CAENIS LUCTUOSA/MACRURA",24
"GER_017_MZB_LO_2","GER_017_MZB_LO_2-12.07.2016","12.07.2016",2016,7,12,"CALOPTERYX SPLENDENS",15.2
"GER_017_MZB_LO_2","GER_017_MZB_LO_2-12.07.2016","12.07.2016",2016,7,12,"CHIRONOMIDAE GEN. SP.",297.6
"GER_017_MZB_LO_2","GER_017_MZB_LO_2-12.07.2016","12.07.2016",2016,7,12,"DICRANOTA SP.",4.8
"GER_017_MZB_LO_2","GER_017_MZB_LO_2-12.07.2016","12.07.2016",2016,7,12,"ECDYONURUS VENOSUS-GR.",48.8
"GER_017_MZB_LO_2","GER_017_MZB_LO_2-12.07.2016","12.07.2016",2016,7,12,"ECHINOGAMMARUS BERILLONI",1228.8
"GER_017_MZB_LO_2","GER_017_MZB_LO_2-12.07.2016","12.07.2016",2016,7,12,"ELMIS SP.",62.4
"GER_017_MZB_LO_2","GER_017_MZB_LO_2-12.07.2016","12.07.2016",2016,7,12,"EPHEMERA DANICA",9.6
"GER_017_MZB_LO_2","GER_017_MZB_LO_2-12.07.2016","12.07.2016",2016,7,12,"ESOLUS SP.",393.6
"GER_017_MZB_LO_2","GER_017_MZB_LO_2-12.07.2016","12.07.2016",2016,7,12,"GAMMARUS PULEX",48
"GER_017_MZB_LO_2","GER_017_MZB_LO_2-12.07.2016","12.07.2016",2016,7,12,"GLOSSIPHONIA COMPLANATA",1.6
"GER_017_MZB_LO_2","GER_017_MZB_LO_2-12.07.2016","12.07.2016",2016,7,12,"GOERA PILOSA",4.8
"GER_017_MZB_LO_2","GER_017_MZB_LO_2-12.07.2016","12.07.2016",2016,7,12,"HYDROPSYCHE INCOGNITA",58
"GER_017_MZB_LO_2","GER_017_MZB_LO_2-12.07.2016","12.07.2016",2016,7,12,"LEPIDOSTOMA HIRTUM",4.8
"GER_017_MZB_LO_2","GER_017_MZB_LO_2-12.07.2016","12.07.2016",2016,7,12,"LEUCTRA SP.",64
"GER_017_MZB_LO_2","GER_017_MZB_LO_2-12.07.2016","12.07.2016",2016,7,12,"LIMNIUS VOLCKMARI",72
"GER_017_MZB_LO_2","GER_017_MZB_LO_2-12.07.2016","12.07.2016",2016,7,12,"MYSTACIDES AZUREA",15.2
"GER_017_MZB_LO_2","GER_017_MZB_LO_2-12.07.2016","12.07.2016",2016,7,12,"OLIGOCHAETA GEN. SP.",4.8
"GER_017_MZB_LO_2","GER_017_MZB_LO_2-12.07.2016","12.07.2016",2016,7,12,"PISIDIUM SP.",4.8
"GER_017_MZB_LO_2","GER_017_MZB_LO_2-12.07.2016","12.07.2016",2016,7,12,"RHYACOPHILA DORSALIS/NUBILA",53.6
"GER_017_MZB_LO_2","GER_017_MZB_LO_2-12.07.2016","12.07.2016",2016,7,12,"SERICOSTOMA FLAVICORNE/PERSONATUM",9.6
"GER_017_MZB_LO_2","GER_017_MZB_LO_2-12.07.2016","12.07.2016",2016,7,12,"SERRATELLA IGNITA",380
"GER_017_MZB_LO_2","GER_017_MZB_LO_2-12.07.2016","12.07.2016",2016,7,12,"SIALIS SP.",0.8
"GER_017_MZB_LO_2","GER_017_MZB_LO_2-12.07.2016","12.07.2016",2016,7,12,"SIMULIUM SP.",9.6
"GER_017_MZB_LO_2","GER_017_MZB_LO_2-18.07.2017","18.07.2017",2017,7,18,"AGAPETUS OCHRIPES",39.2
"GER_017_MZB_LO_2","GER_017_MZB_LO_2-18.07.2017","18.07.2017",2017,7,18,"AMPULLACEANA BALTHICA",58.4
"GER_017_MZB_LO_2","GER_017_MZB_LO_2-18.07.2017","18.07.2017",2017,7,18,"ANCYLUS FLUVIATILIS",5.6
"GER_017_MZB_LO_2","GER_017_MZB_LO_2-18.07.2017","18.07.2017",2017,7,18,"ANTOCHA SP.",33.6
"GER_017_MZB_LO_2","GER_017_MZB_LO_2-18.07.2017","18.07.2017",2017,7,18,"APHELOCHEIRUS AESTIVALIS",16
"GER_017_MZB_LO_2","GER_017_MZB_LO_2-18.07.2017","18.07.2017",2017,7,18,"ASELLUS AQUATICUS",10.4
"GER_017_MZB_LO_2","GER_017_MZB_LO_2-18.07.2017","18.07.2017",2017,7,18,"BAETIS SP.",18.4
"GER_017_MZB_LO_2","GER_017_MZB_LO_2-18.07.2017","18.07.2017",2017,7,18,"CAENIS LUCTUOSA/MACRURA",24.8
"GER_017_MZB_LO_2","GER_017_MZB_LO_2-18.07.2017","18.07.2017",2017,7,18,"CALOPTERYX SPLENDENS",12.8
"GER_017_MZB_LO_2","GER_017_MZB_LO_2-18.07.2017","18.07.2017",2017,7,18,"CHEUMATOPSYCHE LEPIDA",53.6
"GER_017_MZB_LO_2","GER_017_MZB_LO_2-18.07.2017","18.07.2017",2017,7,18,"CHIRONOMIDAE GEN. SP.",557.6
"GER_017_MZB_LO_2","GER_017_MZB_LO_2-18.07.2017","18.07.2017",2017,7,18,"CLINOCERINAE GEN. SP.",4.8
"GER_017_MZB_LO_2","GER_017_MZB_LO_2-18.07.2017","18.07.2017",2017,7,18,"ECDYONURUS VENOSUS-GR.",16.8
"GER_017_MZB_LO_2","GER_017_MZB_LO_2-18.07.2017","18.07.2017",2017,7,18,"ECHINOGAMMARUS BERILLONI",855.2
"GER_017_MZB_LO_2","GER_017_MZB_LO_2-18.07.2017","18.07.2017",2017,7,18,"ELMIS SP.",62.4
"GER_017_MZB_LO_2","GER_017_MZB_LO_2-18.07.2017","18.07.2017",2017,7,18,"EPHEMERA DANICA",15.2
"GER_017_MZB_LO_2","GER_017_MZB_LO_2-18.07.2017","18.07.2017",2017,7,18,"ERPOBDELLA OCTOCULATA",11.2
"GER_017_MZB_LO_2","GER_017_MZB_LO_2-18.07.2017","18.07.2017",2017,7,18,"ESOLUS SP.",193.6
"GER_017_MZB_LO_2","GER_017_MZB_LO_2-18.07.2017","18.07.2017",2017,7,18,"GAMMARUS PULEX",14.4
"GER_017_MZB_LO_2","GER_017_MZB_LO_2-18.07.2017","18.07.2017",2017,7,18,"GLOSSIPHONIA COMPLANATA",4.8
"GER_017_MZB_LO_2","GER_017_MZB_LO_2-18.07.2017","18.07.2017",2017,7,18,"GYRAULUS ALBUS",9.6
"GER_017_MZB_LO_2","GER_017_MZB_LO_2-18.07.2017","18.07.2017",2017,7,18,"HYDROPSYCHE INCOGNITA",65
"GER_017_MZB_LO_2","GER_017_MZB_LO_2-18.07.2017","18.07.2017",2017,7,18,"HYDROPSYCHE PELLUCIDULA",38
"GER_017_MZB_LO_2","GER_017_MZB_LO_2-18.07.2017","18.07.2017",2017,7,18,"LEUCTRA SP.",62.4
"GER_017_MZB_LO_2","GER_017_MZB_LO_2-18.07.2017","18.07.2017",2017,7,18,"LIMNIUS VOLCKMARI",28.8
"GER_017_MZB_LO_2","GER_017_MZB_LO_2-18.07.2017","18.07.2017",2017,7,18,"MYSTACIDES AZUREA",9.6
"GER_017_MZB_LO_2","GER_017_MZB_LO_2-18.07.2017","18.07.2017",2017,7,18,"OULIMNIUS TUBERCULATUS",24.8
"GER_017_MZB_LO_2","GER_017_MZB_LO_2-18.07.2017","18.07.2017",2017,7,18,"POLYCENTROPUS FLAVOMACULATUS SSP.",5.6
"GER_017_MZB_LO_2","GER_017_MZB_LO_2-18.07.2017","18.07.2017",2017,7,18,"RHYACOPHILA DORSALIS/NUBILA",12.8
"GER_017_MZB_LO_2","GER_017_MZB_LO_2-18.07.2017","18.07.2017",2017,7,18,"SERRATELLA IGNITA",36
"GER_017_MZB_LO_2","GER_017_MZB_LO_2-18.07.2017","18.07.2017",2017,7,18,"SIMULIUM SP.",24
"GER_017_MZB_LO_2","GER_017_MZB_LO_2-18.07.2017","18.07.2017",2017,7,18,"STAGNICOLA SP.",9.6
"GER_017_MZB_LO_2","GER_017_MZB_LO_2-18.07.2017","18.07.2017",2017,7,18,"TIPULA SP.",0.8
"GER_017_MZB_LO_2","GER_017_MZB_LO_2-26.06.2018","26.06.2018",2018,6,26,"AGAPETUS OCHRIPES",22.4
"GER_017_MZB_LO_2","GER_017_MZB_LO_2-26.06.2018","26.06.2018",2018,6,26,"AMPULLACEANA BALTHICA",68
"GER_017_MZB_LO_2","GER_017_MZB_LO_2-26.06.2018","26.06.2018",2018,6,26,"ANABOLIA NERVOSA",4.8
"GER_017_MZB_LO_2","GER_017_MZB_LO_2-26.06.2018","26.06.2018",2018,6,26,"ANCYLUS FLUVIATILIS",10.4
"GER_017_MZB_LO_2","GER_017_MZB_LO_2-26.06.2018","26.06.2018",2018,6,26,"ANTOCHA SP.",48.8
"GER_017_MZB_LO_2","GER_017_MZB_LO_2-26.06.2018","26.06.2018",2018,6,26,"APHELOCHEIRUS AESTIVALIS",29.4
"GER_017_MZB_LO_2","GER_017_MZB_LO_2-26.06.2018","26.06.2018",2018,6,26,"ATHERIX/IBISIA SP.",67.2
"GER_017_MZB_LO_2","GER_017_MZB_LO_2-26.06.2018","26.06.2018",2018,6,26,"ATHRIPSODES ALBIFRONS",4.8
"GER_017_MZB_LO_2","GER_017_MZB_LO_2-26.06.2018","26.06.2018",2018,6,26,"BAETIS SP.",158.4
"GER_017_MZB_LO_2","GER_017_MZB_LO_2-26.06.2018","26.06.2018",2018,6,26,"CAENIS LUCTUOSA/MACRURA",121
"GER_017_MZB_LO_2","GER_017_MZB_LO_2-26.06.2018","26.06.2018",2018,6,26,"CALOPTERYX SPLENDENS",7.2
"GER_017_MZB_LO_2","GER_017_MZB_LO_2-26.06.2018","26.06.2018",2018,6,26,"CHEUMATOPSYCHE LEPIDA",111.2
"GER_017_MZB_LO_2","GER_017_MZB_LO_2-26.06.2018","26.06.2018",2018,6,26,"CHIRONOMIDAE GEN. SP.",1084.8
"GER_017_MZB_LO_2","GER_017_MZB_LO_2-26.06.2018","26.06.2018",2018,6,26,"CLINOCERINAE GEN. SP.",4.8
"GER_017_MZB_LO_2","GER_017_MZB_LO_2-26.06.2018","26.06.2018",2018,6,26,"ECDYONURUS VENOSUS-GR.",7.2
"GER_017_MZB_LO_2","GER_017_MZB_LO_2-26.06.2018","26.06.2018",2018,6,26,"ECHINOGAMMARUS BERILLONI",927.2
"GER_017_MZB_LO_2","GER_017_MZB_LO_2-26.06.2018","26.06.2018",2018,6,26,"ELMIS SP.",38.4
"GER_017_MZB_LO_2","GER_017_MZB_LO_2-26.06.2018","26.06.2018",2018,6,26,"EPHEMERA DANICA",4
"GER_017_MZB_LO_2","GER_017_MZB_LO_2-26.06.2018","26.06.2018",2018,6,26,"ERPOBDELLA OCTOCULATA",0.8
"GER_017_MZB_LO_2","GER_017_MZB_LO_2-26.06.2018","26.06.2018",2018,6,26,"ESOLUS SP.",484.8
"GER_017_MZB_LO_2","GER_017_MZB_LO_2-26.06.2018","26.06.2018",2018,6,26,"GAMMAROIDEA GEN. SP.",38.4
"GER_017_MZB_LO_2","GER_017_MZB_LO_2-26.06.2018","26.06.2018",2018,6,26,"GAMMARUS PULEX",4.8
"GER_017_MZB_LO_2","GER_017_MZB_LO_2-26.06.2018","26.06.2018",2018,6,26,"GLOSSIPHONIA COMPLANATA",4.8
"GER_017_MZB_LO_2","GER_017_MZB_LO_2-26.06.2018","26.06.2018",2018,6,26,"HYDROPSYCHE INCOGNITA",154.4
"GER_017_MZB_LO_2","GER_017_MZB_LO_2-26.06.2018","26.06.2018",2018,6,26,"HYDROPSYCHE PELLUCIDULA",14.8
"GER_017_MZB_LO_2","GER_017_MZB_LO_2-26.06.2018","26.06.2018",2018,6,26,"HYDROPSYCHE SILTALAI",9.6
"GER_017_MZB_LO_2","GER_017_MZB_LO_2-26.06.2018","26.06.2018",2018,6,26,"HYDROPTILA SP.",4.8
"GER_017_MZB_LO_2","GER_017_MZB_LO_2-26.06.2018","26.06.2018",2018,6,26,"LEPIDOSTOMA HIRTUM",0.8
"GER_017_MZB_LO_2","GER_017_MZB_LO_2-26.06.2018","26.06.2018",2018,6,26,"LEUCTRA SP.",16
"GER_017_MZB_LO_2","GER_017_MZB_LO_2-26.06.2018","26.06.2018",2018,6,26,"LIMNIUS VOLCKMARI",38.4
"GER_017_MZB_LO_2","GER_017_MZB_LO_2-26.06.2018","26.06.2018",2018,6,26,"MYSTACIDES AZUREA",7.2
"GER_017_MZB_LO_2","GER_017_MZB_LO_2-26.06.2018","26.06.2018",2018,6,26,"OULIMNIUS TUBERCULATUS",19.2
"GER_017_MZB_LO_2","GER_017_MZB_LO_2-26.06.2018","26.06.2018",2018,6,26,"PISIDIUM SP.",4.8
"GER_017_MZB_LO_2","GER_017_MZB_LO_2-26.06.2018","26.06.2018",2018,6,26,"PLECTROCNEMIA CONSPERSA CONSPERSA",0.8
"GER_017_MZB_LO_2","GER_017_MZB_LO_2-26.06.2018","26.06.2018",2018,6,26,"PSYCHOMYIA PUSILLA",14.4
"GER_017_MZB_LO_2","GER_017_MZB_LO_2-26.06.2018","26.06.2018",2018,6,26,"RHYACOPHILA DORSALIS/NUBILA",41.6
"GER_017_MZB_LO_2","GER_017_MZB_LO_2-26.06.2018","26.06.2018",2018,6,26,"SERRATELLA IGNITA",138.2
"GER_017_MZB_LO_2","GER_017_MZB_LO_2-26.06.2018","26.06.2018",2018,6,26,"SIALIS SP.",4.8
"GER_017_MZB_LO_2","GER_017_MZB_LO_2-26.06.2018","26.06.2018",2018,6,26,"SIMULIUM SP.",72.8
"GER_017_MZB_LO_2","GER_017_MZB_LO_2-26.06.2018","26.06.2018",2018,6,26,"STAGNICOLA SP.",4.8
"GER_017_MZB_LO_2","GER_017_MZB_LO_2-08.07.2019","08.07.2019",2019,7,8,"AGAPETUS OCHRIPES",2.4
"GER_017_MZB_LO_2","GER_017_MZB_LO_2-08.07.2019","08.07.2019",2019,7,8,"AMPULLACEANA BALTHICA",9.6
"GER_017_MZB_LO_2","GER_017_MZB_LO_2-08.07.2019","08.07.2019",2019,7,8,"ANCYLUS FLUVIATILIS",9.6
"GER_017_MZB_LO_2","GER_017_MZB_LO_2-08.07.2019","08.07.2019",2019,7,8,"ANOMALOPTERYGELLA CHAUVINIANA",4.8
"GER_017_MZB_LO_2","GER_017_MZB_LO_2-08.07.2019","08.07.2019",2019,7,8,"ANTOCHA SP.",14.4
"GER_017_MZB_LO_2","GER_017_MZB_LO_2-08.07.2019","08.07.2019",2019,7,8,"APHELOCHEIRUS AESTIVALIS",24.8
"GER_017_MZB_LO_2","GER_017_MZB_LO_2-08.07.2019","08.07.2019",2019,7,8,"ATHERIX/IBISIA SP.",19.2
"GER_017_MZB_LO_2","GER_017_MZB_LO_2-08.07.2019","08.07.2019",2019,7,8,"BAETIS SP.",48.8
"GER_017_MZB_LO_2","GER_017_MZB_LO_2-08.07.2019","08.07.2019",2019,7,8,"CAENIS LUCTUOSA/MACRURA",32.6
"GER_017_MZB_LO_2","GER_017_MZB_LO_2-08.07.2019","08.07.2019",2019,7,8,"CENTROPTILUM LUTEOLUM",4.8
"GER_017_MZB_LO_2","GER_017_MZB_LO_2-08.07.2019","08.07.2019",2019,7,8,"CHIRONOMIDAE GEN. SP.",700.8
"GER_017_MZB_LO_2","GER_017_MZB_LO_2-08.07.2019","08.07.2019",2019,7,8,"ECDYONURUS VENOSUS-GR.",23.2
"GER_017_MZB_LO_2","GER_017_MZB_LO_2-08.07.2019","08.07.2019",2019,7,8,"ECHINOGAMMARUS BERILLONI",604.8
"GER_017_MZB_LO_2","GER_017_MZB_LO_2-08.07.2019","08.07.2019",2019,7,8,"EPHEMERA DANICA",10.4
"GER_017_MZB_LO_2","GER_017_MZB_LO_2-08.07.2019","08.07.2019",2019,7,8,"ERPOBDELLA OCTOCULATA",9.6
"GER_017_MZB_LO_2","GER_017_MZB_LO_2-08.07.2019","08.07.2019",2019,7,8,"ESOLUS SP.",67.2
"GER_017_MZB_LO_2","GER_017_MZB_LO_2-08.07.2019","08.07.2019",2019,7,8,"GAMMAROIDEA GEN. SP.",9.6
"GER_017_MZB_LO_2","GER_017_MZB_LO_2-08.07.2019","08.07.2019",2019,7,8,"GAMMARUS PULEX",9.6
"GER_017_MZB_LO_2","GER_017_MZB_LO_2-08.07.2019","08.07.2019",2019,7,8,"HELOBDELLA STAGNALIS",9.6
"GER_017_MZB_LO_2","GER_017_MZB_LO_2-08.07.2019","08.07.2019",2019,7,8,"HYDROPSYCHE INCOGNITA",68.8
"GER_017_MZB_LO_2","GER_017_MZB_LO_2-08.07.2019","08.07.2019",2019,7,8,"LEUCTRA SP.",28.8
"GER_017_MZB_LO_2","GER_017_MZB_LO_2-08.07.2019","08.07.2019",2019,7,8,"LIMNIUS PERRISI",4.8
"GER_017_MZB_LO_2","GER_017_MZB_LO_2-08.07.2019","08.07.2019",2019,7,8,"LIMNIUS VOLCKMARI",24
"GER_017_MZB_LO_2","GER_017_MZB_LO_2-08.07.2019","08.07.2019",2019,7,8,"MYSTACIDES AZUREA",9.6
"GER_017_MZB_LO_2","GER_017_MZB_LO_2-08.07.2019","08.07.2019",2019,7,8,"NEBRIOPORUS ELEGANS",1.6
"GER_017_MZB_LO_2","GER_017_MZB_LO_2-08.07.2019","08.07.2019",2019,7,8,"OLIGOCHAETA GEN. SP.",1.6
"GER_017_MZB_LO_2","GER_017_MZB_LO_2-08.07.2019","08.07.2019",2019,7,8,"PHYSELLA ACUTA",4.8
"GER_017_MZB_LO_2","GER_017_MZB_LO_2-08.07.2019","08.07.2019",2019,7,8,"PISIDIUM SP.",4.8
"GER_017_MZB_LO_2","GER_017_MZB_LO_2-08.07.2019","08.07.2019",2019,7,8,"POLYCENTROPUS FLAVOMACULATUS SSP.",4.8
"GER_017_MZB_LO_2","GER_017_MZB_LO_2-08.07.2019","08.07.2019",2019,7,8,"PSYCHOMYIA PUSILLA",9.6
"GER_017_MZB_LO_2","GER_017_MZB_LO_2-08.07.2019","08.07.2019",2019,7,8,"RHYACOPHILA DORSALIS/NUBILA",20
"GER_017_MZB_LO_2","GER_017_MZB_LO_2-08.07.2019","08.07.2019",2019,7,8,"SERICOSTOMA FLAVICORNE/PERSONATUM",4.8
"GER_017_MZB_LO_2","GER_017_MZB_LO_2-08.07.2019","08.07.2019",2019,7,8,"SERRATELLA IGNITA",74.4
"GER_017_MZB_LO_2","GER_017_MZB_LO_2-08.07.2019","08.07.2019",2019,7,8,"SIALIS SP.",14.4
"GER_017_MZB_LO_2","GER_017_MZB_LO_2-08.07.2019","08.07.2019",2019,7,8,"SIMULIUM SP.",4.8
"GER_017_MZB_LO_2","GER_017_MZB_LO_2-08.07.2019","08.07.2019",2019,7,8,"SPHAERIUM CORNEUM",5.6
"GER_017_MZB_LO_2","GER_017_MZB_LO_2-08.07.2019","08.07.2019",2019,7,8,"TIPULA SP.",4.8
