"Unique.ID","Samp.ID","Sampling.date","year","month","day","Taxon.name","Abundance"
"GER_021_MZB_LO_1","GER_021_MZB_LO_1-09.06.1983","09.06.1983",1983,6,9,"AGABUS STURMII",6
"GER_021_MZB_LO_1","GER_021_MZB_LO_1-09.06.1983","09.06.1983",1983,6,9,"AMPHINEMURA SP.",6
"GER_021_MZB_LO_1","GER_021_MZB_LO_1-09.06.1983","09.06.1983",1983,6,9,"APATANIA SP.",6
"GER_021_MZB_LO_1","GER_021_MZB_LO_1-09.06.1983","09.06.1983",1983,6,9,"BRACHYPTERA SP.",6
"GER_021_MZB_LO_1","GER_021_MZB_LO_1-09.06.1983","09.06.1983",1983,6,9,"ELMIS SP.",6
"GER_021_MZB_LO_1","GER_021_MZB_LO_1-09.06.1983","09.06.1983",1983,6,9,"ESOLUS ANGUSTATUS",6
"GER_021_MZB_LO_1","GER_021_MZB_LO_1-09.06.1983","09.06.1983",1983,6,9,"LEUCTRA SP.",6
"GER_021_MZB_LO_1","GER_021_MZB_LO_1-09.06.1983","09.06.1983",1983,6,9,"LIMNEPHILIDAE GEN. SP.",38
"GER_021_MZB_LO_1","GER_021_MZB_LO_1-09.06.1983","09.06.1983",1983,6,9,"LIMNIUS PERRISI",6
"GER_021_MZB_LO_1","GER_021_MZB_LO_1-09.06.1983","09.06.1983",1983,6,9,"NECTOPORUS SANMARKII",20
"GER_021_MZB_LO_1","GER_021_MZB_LO_1-09.06.1983","09.06.1983",1983,6,9,"NEMOURA SP.",1
"GER_021_MZB_LO_1","GER_021_MZB_LO_1-09.06.1983","09.06.1983",1983,6,9,"POLYCELIS FELINA",6
"GER_021_MZB_LO_1","GER_021_MZB_LO_1-09.06.1983","09.06.1983",1983,6,9,"PROTONEMURA SP.",20
"GER_021_MZB_LO_1","GER_021_MZB_LO_1-09.06.1983","09.06.1983",1983,6,9,"RHYACOPHILA SP.",20
"GER_021_MZB_LO_1","GER_021_MZB_LO_1-09.06.1983","09.06.1983",1983,6,9,"SERICOSTOMATIDAE GEN. SP.",6
"GER_021_MZB_LO_1","GER_021_MZB_LO_1-09.06.1983","09.06.1983",1983,6,9,"SILO SP.",20
"GER_021_MZB_LO_1","GER_021_MZB_LO_1-09.06.1983","09.06.1983",1983,6,9,"SIMULIIDAE GEN. SP.",6
"GER_021_MZB_LO_1","GER_021_MZB_LO_1-15.04.1987","15.04.1987",1987,4,15,"APATANIA SP.",6
"GER_021_MZB_LO_1","GER_021_MZB_LO_1-15.04.1987","15.04.1987",1987,4,15,"BRACHYPTERA SP.",20
"GER_021_MZB_LO_1","GER_021_MZB_LO_1-15.04.1987","15.04.1987",1987,4,15,"DIURA BICAUDATA",6
"GER_021_MZB_LO_1","GER_021_MZB_LO_1-15.04.1987","15.04.1987",1987,4,15,"ELMIS SP.",1
"GER_021_MZB_LO_1","GER_021_MZB_LO_1-15.04.1987","15.04.1987",1987,4,15,"GLOSSOSOMATIDAE GEN. SP.",20
"GER_021_MZB_LO_1","GER_021_MZB_LO_1-15.04.1987","15.04.1987",1987,4,15,"ISOPERLA SP.",20
"GER_021_MZB_LO_1","GER_021_MZB_LO_1-15.04.1987","15.04.1987",1987,4,15,"LEUCTRA SP.",6
"GER_021_MZB_LO_1","GER_021_MZB_LO_1-15.04.1987","15.04.1987",1987,4,15,"LIMNEPHILIDAE GEN. SP.",30
"GER_021_MZB_LO_1","GER_021_MZB_LO_1-15.04.1987","15.04.1987",1987,4,15,"MICRASEMA LONGULUM",6
"GER_021_MZB_LO_1","GER_021_MZB_LO_1-15.04.1987","15.04.1987",1987,4,15,"MICRASEMA MINIMUM",6
"GER_021_MZB_LO_1","GER_021_MZB_LO_1-15.04.1987","15.04.1987",1987,4,15,"PERLODES SP.",1
"GER_021_MZB_LO_1","GER_021_MZB_LO_1-15.04.1987","15.04.1987",1987,4,15,"PHILOPOTAMUS LUDIFICATUS",6
"GER_021_MZB_LO_1","GER_021_MZB_LO_1-15.04.1987","15.04.1987",1987,4,15,"PROTONEMURA SP.",6
"GER_021_MZB_LO_1","GER_021_MZB_LO_1-15.04.1987","15.04.1987",1987,4,15,"RHYACOPHILA SP.",18
"GER_021_MZB_LO_1","GER_021_MZB_LO_1-15.04.1987","15.04.1987",1987,4,15,"SERICOSTOMATIDAE GEN. SP.",6
"GER_021_MZB_LO_1","GER_021_MZB_LO_1-15.04.1987","15.04.1987",1987,4,15,"SILO SP.",20
"GER_021_MZB_LO_1","GER_021_MZB_LO_1-12.06.1989","12.06.1989",1989,6,12,"AMPHINEMURA SP.",7
"GER_021_MZB_LO_1","GER_021_MZB_LO_1-12.06.1989","12.06.1989",1989,6,12,"APATANIA SP.",6
"GER_021_MZB_LO_1","GER_021_MZB_LO_1-12.06.1989","12.06.1989",1989,6,12,"BRACHYPTERA SP.",6
"GER_021_MZB_LO_1","GER_021_MZB_LO_1-12.06.1989","12.06.1989",1989,6,12,"CHIRONOMIDAE GEN. SP.",200
"GER_021_MZB_LO_1","GER_021_MZB_LO_1-12.06.1989","12.06.1989",1989,6,12,"CHLOROPERLIDAE GEN. SP.",6
"GER_021_MZB_LO_1","GER_021_MZB_LO_1-12.06.1989","12.06.1989",1989,6,12,"ELMIS SP.",1
"GER_021_MZB_LO_1","GER_021_MZB_LO_1-12.06.1989","12.06.1989",1989,6,12,"LEUCTRA SP.",7
"GER_021_MZB_LO_1","GER_021_MZB_LO_1-12.06.1989","12.06.1989",1989,6,12,"LIMNEPHILIDAE GEN. SP.",32
"GER_021_MZB_LO_1","GER_021_MZB_LO_1-12.06.1989","12.06.1989",1989,6,12,"LIMNIUS PERRISI",6
"GER_021_MZB_LO_1","GER_021_MZB_LO_1-12.06.1989","12.06.1989",1989,6,12,"ODONTOCERUM ALBICORNE",6
"GER_021_MZB_LO_1","GER_021_MZB_LO_1-12.06.1989","12.06.1989",1989,6,12,"OLIGOCHAETA GEN. SP.",6
"GER_021_MZB_LO_1","GER_021_MZB_LO_1-12.06.1989","12.06.1989",1989,6,12,"PLECTROCNEMIA SP.",1
"GER_021_MZB_LO_1","GER_021_MZB_LO_1-12.06.1989","12.06.1989",1989,6,12,"PROTONEMURA SP.",20
"GER_021_MZB_LO_1","GER_021_MZB_LO_1-12.06.1989","12.06.1989",1989,6,12,"RHYACOPHILA SP.",6
"GER_021_MZB_LO_1","GER_021_MZB_LO_1-12.06.1989","12.06.1989",1989,6,12,"SILO SP.",6
"GER_021_MZB_LO_1","GER_021_MZB_LO_1-12.06.1989","12.06.1989",1989,6,12,"SIMULIIDAE GEN. SP.",20
"GER_021_MZB_LO_1","GER_021_MZB_LO_1-12.06.1989","12.06.1989",1989,6,12,"TIPULIDAE GEN. SP.",1
"GER_021_MZB_LO_1","GER_021_MZB_LO_1-17.06.1991","17.06.1991",1991,6,17,"AMELETUS INOPINATUS",65
"GER_021_MZB_LO_1","GER_021_MZB_LO_1-17.06.1991","17.06.1991",1991,6,17,"AMPHINEMURA SP.",21
"GER_021_MZB_LO_1","GER_021_MZB_LO_1-17.06.1991","17.06.1991",1991,6,17,"APATANIA SP.",6
"GER_021_MZB_LO_1","GER_021_MZB_LO_1-17.06.1991","17.06.1991",1991,6,17,"CERATOPOGONINAE GEN. SP.",1
"GER_021_MZB_LO_1","GER_021_MZB_LO_1-17.06.1991","17.06.1991",1991,6,17,"CHIRONOMIDAE GEN. SP.",20
"GER_021_MZB_LO_1","GER_021_MZB_LO_1-17.06.1991","17.06.1991",1991,6,17,"CHLOROPERLIDAE GEN. SP.",20
"GER_021_MZB_LO_1","GER_021_MZB_LO_1-17.06.1991","17.06.1991",1991,6,17,"DIURA BICAUDATA",6
"GER_021_MZB_LO_1","GER_021_MZB_LO_1-17.06.1991","17.06.1991",1991,6,17,"ISOPERLA SP.",6
"GER_021_MZB_LO_1","GER_021_MZB_LO_1-17.06.1991","17.06.1991",1991,6,17,"LEUCTRA SP.",21
"GER_021_MZB_LO_1","GER_021_MZB_LO_1-17.06.1991","17.06.1991",1991,6,17,"LIMNEPHILIDAE GEN. SP.",106
"GER_021_MZB_LO_1","GER_021_MZB_LO_1-17.06.1991","17.06.1991",1991,6,17,"LIMNIUS PERRISI",20
"GER_021_MZB_LO_1","GER_021_MZB_LO_1-17.06.1991","17.06.1991",1991,6,17,"NECTOPORUS SANMARKII",6
"GER_021_MZB_LO_1","GER_021_MZB_LO_1-17.06.1991","17.06.1991",1991,6,17,"OLIGOCHAETA GEN. SP.",6
"GER_021_MZB_LO_1","GER_021_MZB_LO_1-17.06.1991","17.06.1991",1991,6,17,"PHILOPOTAMUS LUDIFICATUS",6
"GER_021_MZB_LO_1","GER_021_MZB_LO_1-17.06.1991","17.06.1991",1991,6,17,"PROTONEMURA SP.",7
"GER_021_MZB_LO_1","GER_021_MZB_LO_1-17.06.1991","17.06.1991",1991,6,17,"RHITHROGENA SP.",1
"GER_021_MZB_LO_1","GER_021_MZB_LO_1-17.06.1991","17.06.1991",1991,6,17,"RHYACOPHILA SP.",7
"GER_021_MZB_LO_1","GER_021_MZB_LO_1-17.06.1991","17.06.1991",1991,6,17,"SIALIS FULIGINOSA",1
"GER_021_MZB_LO_1","GER_021_MZB_LO_1-17.06.1991","17.06.1991",1991,6,17,"SILO SP.",6
"GER_021_MZB_LO_1","GER_021_MZB_LO_1-17.06.1991","17.06.1991",1991,6,17,"SIMULIIDAE GEN. SP.",12
"GER_021_MZB_LO_1","GER_021_MZB_LO_1-20.06.1994","20.06.1994",1994,6,20,"AMELETUS INOPINATUS",6
"GER_021_MZB_LO_1","GER_021_MZB_LO_1-20.06.1994","20.06.1994",1994,6,20,"AMPHINEMURA SP.",20
"GER_021_MZB_LO_1","GER_021_MZB_LO_1-20.06.1994","20.06.1994",1994,6,20,"APATANIA SP.",65
"GER_021_MZB_LO_1","GER_021_MZB_LO_1-20.06.1994","20.06.1994",1994,6,20,"BAETIS SP.",20
"GER_021_MZB_LO_1","GER_021_MZB_LO_1-20.06.1994","20.06.1994",1994,6,20,"BRACHYPTERA SP.",20
"GER_021_MZB_LO_1","GER_021_MZB_LO_1-20.06.1994","20.06.1994",1994,6,20,"CHIRONOMIDAE GEN. SP.",20
"GER_021_MZB_LO_1","GER_021_MZB_LO_1-20.06.1994","20.06.1994",1994,6,20,"CHLOROPERLIDAE GEN. SP.",6
"GER_021_MZB_LO_1","GER_021_MZB_LO_1-20.06.1994","20.06.1994",1994,6,20,"DIURA BICAUDATA",6
"GER_021_MZB_LO_1","GER_021_MZB_LO_1-20.06.1994","20.06.1994",1994,6,20,"ELODES SP.",12
"GER_021_MZB_LO_1","GER_021_MZB_LO_1-20.06.1994","20.06.1994",1994,6,20,"GLOSSOSOMATIDAE GEN. SP.",6
"GER_021_MZB_LO_1","GER_021_MZB_LO_1-20.06.1994","20.06.1994",1994,6,20,"ISOPERLA SP.",20
"GER_021_MZB_LO_1","GER_021_MZB_LO_1-20.06.1994","20.06.1994",1994,6,20,"LEUCTRA SP.",201
"GER_021_MZB_LO_1","GER_021_MZB_LO_1-20.06.1994","20.06.1994",1994,6,20,"LIMNEPHILIDAE GEN. SP.",185
"GER_021_MZB_LO_1","GER_021_MZB_LO_1-20.06.1994","20.06.1994",1994,6,20,"LIMNIUS PERRISI",200
"GER_021_MZB_LO_1","GER_021_MZB_LO_1-20.06.1994","20.06.1994",1994,6,20,"LIMONIIDAE GEN. SP.",6
"GER_021_MZB_LO_1","GER_021_MZB_LO_1-20.06.1994","20.06.1994",1994,6,20,"MICRASEMA LONGULUM",6
"GER_021_MZB_LO_1","GER_021_MZB_LO_1-20.06.1994","20.06.1994",1994,6,20,"NECTOPORUS SANMARKII",20
"GER_021_MZB_LO_1","GER_021_MZB_LO_1-20.06.1994","20.06.1994",1994,6,20,"ODONTOCERUM ALBICORNE",20
"GER_021_MZB_LO_1","GER_021_MZB_LO_1-20.06.1994","20.06.1994",1994,6,20,"OLIGOCHAETA GEN. SP.",65
"GER_021_MZB_LO_1","GER_021_MZB_LO_1-20.06.1994","20.06.1994",1994,6,20,"PHILOPOTAMUS LUDIFICATUS",6
"GER_021_MZB_LO_1","GER_021_MZB_LO_1-20.06.1994","20.06.1994",1994,6,20,"PLECTROCNEMIA SP.",6
"GER_021_MZB_LO_1","GER_021_MZB_LO_1-20.06.1994","20.06.1994",1994,6,20,"POLYCELIS FELINA",6
"GER_021_MZB_LO_1","GER_021_MZB_LO_1-20.06.1994","20.06.1994",1994,6,20,"PROTONEMURA SP.",202
"GER_021_MZB_LO_1","GER_021_MZB_LO_1-20.06.1994","20.06.1994",1994,6,20,"RHYACOPHILA SP.",72
"GER_021_MZB_LO_1","GER_021_MZB_LO_1-20.06.1994","20.06.1994",1994,6,20,"SERICOSTOMATIDAE GEN. SP.",6
"GER_021_MZB_LO_1","GER_021_MZB_LO_1-20.06.1994","20.06.1994",1994,6,20,"SIALIS FULIGINOSA",6
"GER_021_MZB_LO_1","GER_021_MZB_LO_1-20.06.1994","20.06.1994",1994,6,20,"SILO SP.",65
"GER_021_MZB_LO_1","GER_021_MZB_LO_1-20.06.1994","20.06.1994",1994,6,20,"SIMULIIDAE GEN. SP.",7
"GER_021_MZB_LO_1","GER_021_MZB_LO_1-07.06.1995","07.06.1995",1995,6,7,"AMELETUS INOPINATUS",20
"GER_021_MZB_LO_1","GER_021_MZB_LO_1-07.06.1995","07.06.1995",1995,6,7,"AMPHINEMURA SP.",2
"GER_021_MZB_LO_1","GER_021_MZB_LO_1-07.06.1995","07.06.1995",1995,6,7,"APATANIA SP.",65
"GER_021_MZB_LO_1","GER_021_MZB_LO_1-07.06.1995","07.06.1995",1995,6,7,"BRACHYPTERA SP.",20
"GER_021_MZB_LO_1","GER_021_MZB_LO_1-07.06.1995","07.06.1995",1995,6,7,"CHIRONOMIDAE GEN. SP.",6
"GER_021_MZB_LO_1","GER_021_MZB_LO_1-07.06.1995","07.06.1995",1995,6,7,"CHLOROPERLIDAE GEN. SP.",1
"GER_021_MZB_LO_1","GER_021_MZB_LO_1-07.06.1995","07.06.1995",1995,6,7,"DICRANOTA SP.",6
"GER_021_MZB_LO_1","GER_021_MZB_LO_1-07.06.1995","07.06.1995",1995,6,7,"DIURA BICAUDATA",20
"GER_021_MZB_LO_1","GER_021_MZB_LO_1-07.06.1995","07.06.1995",1995,6,7,"ELMIS SP.",6
"GER_021_MZB_LO_1","GER_021_MZB_LO_1-07.06.1995","07.06.1995",1995,6,7,"ISOPERLA SP.",65
"GER_021_MZB_LO_1","GER_021_MZB_LO_1-07.06.1995","07.06.1995",1995,6,7,"LEUCTRA SP.",24
"GER_021_MZB_LO_1","GER_021_MZB_LO_1-07.06.1995","07.06.1995",1995,6,7,"LIMNEPHILIDAE GEN. SP.",171
"GER_021_MZB_LO_1","GER_021_MZB_LO_1-07.06.1995","07.06.1995",1995,6,7,"LIMNIUS PERRISI",6
"GER_021_MZB_LO_1","GER_021_MZB_LO_1-07.06.1995","07.06.1995",1995,6,7,"ODONTOCERUM ALBICORNE",20
"GER_021_MZB_LO_1","GER_021_MZB_LO_1-07.06.1995","07.06.1995",1995,6,7,"OLIGOCHAETA GEN. SP.",1
"GER_021_MZB_LO_1","GER_021_MZB_LO_1-07.06.1995","07.06.1995",1995,6,7,"PHILOPOTAMUS LUDIFICATUS",6
"GER_021_MZB_LO_1","GER_021_MZB_LO_1-07.06.1995","07.06.1995",1995,6,7,"POLYCELIS FELINA",20
"GER_021_MZB_LO_1","GER_021_MZB_LO_1-07.06.1995","07.06.1995",1995,6,7,"PROTONEMURA SP.",23
"GER_021_MZB_LO_1","GER_021_MZB_LO_1-07.06.1995","07.06.1995",1995,6,7,"RHYACOPHILA SP.",7
"GER_021_MZB_LO_1","GER_021_MZB_LO_1-07.06.1995","07.06.1995",1995,6,7,"SERICOSTOMATIDAE GEN. SP.",6
"GER_021_MZB_LO_1","GER_021_MZB_LO_1-07.06.1995","07.06.1995",1995,6,7,"SIALIS FULIGINOSA",65
"GER_021_MZB_LO_1","GER_021_MZB_LO_1-07.06.1995","07.06.1995",1995,6,7,"SILO SP.",20
"GER_021_MZB_LO_1","GER_021_MZB_LO_1-07.06.1995","07.06.1995",1995,6,7,"TIPULIDAE GEN. SP.",6
"GER_021_MZB_LO_1","GER_021_MZB_LO_1-07.06.1995","07.06.1995",1995,6,7,"VELIA CAPRAI SSP.",6
"GER_021_MZB_LO_1","GER_021_MZB_LO_1-28.05.1996","28.05.1996",1996,5,28,"AGRIOTYPUS ARMATUS",1
"GER_021_MZB_LO_1","GER_021_MZB_LO_1-28.05.1996","28.05.1996",1996,5,28,"AMELETUS INOPINATUS",20
"GER_021_MZB_LO_1","GER_021_MZB_LO_1-28.05.1996","28.05.1996",1996,5,28,"ANACAENA GLOBULUS",1
"GER_021_MZB_LO_1","GER_021_MZB_LO_1-28.05.1996","28.05.1996",1996,5,28,"APATANIA SP.",6
"GER_021_MZB_LO_1","GER_021_MZB_LO_1-28.05.1996","28.05.1996",1996,5,28,"BRACHYPTERA SP.",200
"GER_021_MZB_LO_1","GER_021_MZB_LO_1-28.05.1996","28.05.1996",1996,5,28,"CHIRONOMIDAE GEN. SP.",6
"GER_021_MZB_LO_1","GER_021_MZB_LO_1-28.05.1996","28.05.1996",1996,5,28,"CHLOROPERLIDAE GEN. SP.",20
"GER_021_MZB_LO_1","GER_021_MZB_LO_1-28.05.1996","28.05.1996",1996,5,28,"DICRANOTA SP.",6
"GER_021_MZB_LO_1","GER_021_MZB_LO_1-28.05.1996","28.05.1996",1996,5,28,"DIURA BICAUDATA",6
"GER_021_MZB_LO_1","GER_021_MZB_LO_1-28.05.1996","28.05.1996",1996,5,28,"ISOPERLA SP.",20
"GER_021_MZB_LO_1","GER_021_MZB_LO_1-28.05.1996","28.05.1996",1996,5,28,"LEUCTRA SP.",24
"GER_021_MZB_LO_1","GER_021_MZB_LO_1-28.05.1996","28.05.1996",1996,5,28,"LIMNEPHILIDAE GEN. SP.",97
"GER_021_MZB_LO_1","GER_021_MZB_LO_1-28.05.1996","28.05.1996",1996,5,28,"LIMNIUS PERRISI",65
"GER_021_MZB_LO_1","GER_021_MZB_LO_1-28.05.1996","28.05.1996",1996,5,28,"LITHAX NIGER",1
"GER_021_MZB_LO_1","GER_021_MZB_LO_1-28.05.1996","28.05.1996",1996,5,28,"MICRASEMA LONGULUM",20
"GER_021_MZB_LO_1","GER_021_MZB_LO_1-28.05.1996","28.05.1996",1996,5,28,"NECTOPORUS SANMARKII",1
"GER_021_MZB_LO_1","GER_021_MZB_LO_1-28.05.1996","28.05.1996",1996,5,28,"NEMOURA SP.",1
"GER_021_MZB_LO_1","GER_021_MZB_LO_1-28.05.1996","28.05.1996",1996,5,28,"ODONTOCERUM ALBICORNE",6
"GER_021_MZB_LO_1","GER_021_MZB_LO_1-28.05.1996","28.05.1996",1996,5,28,"OLIGOCHAETA GEN. SP.",6
"GER_021_MZB_LO_1","GER_021_MZB_LO_1-28.05.1996","28.05.1996",1996,5,28,"PERLODES SP.",1
"GER_021_MZB_LO_1","GER_021_MZB_LO_1-28.05.1996","28.05.1996",1996,5,28,"PHILOPOTAMUS LUDIFICATUS",1
"GER_021_MZB_LO_1","GER_021_MZB_LO_1-28.05.1996","28.05.1996",1996,5,28,"PLECTROCNEMIA SP.",20
"GER_021_MZB_LO_1","GER_021_MZB_LO_1-28.05.1996","28.05.1996",1996,5,28,"PROTONEMURA SP.",21
"GER_021_MZB_LO_1","GER_021_MZB_LO_1-28.05.1996","28.05.1996",1996,5,28,"RHYACOPHILA SP.",21
"GER_021_MZB_LO_1","GER_021_MZB_LO_1-28.05.1996","28.05.1996",1996,5,28,"SERICOSTOMATIDAE GEN. SP.",6
"GER_021_MZB_LO_1","GER_021_MZB_LO_1-28.05.1996","28.05.1996",1996,5,28,"SILO SP.",20
"GER_021_MZB_LO_1","GER_021_MZB_LO_1-28.05.1996","28.05.1996",1996,5,28,"SIMULIIDAE GEN. SP.",6
"GER_021_MZB_LO_1","GER_021_MZB_LO_1-15.05.1997","15.05.1997",1997,5,15,"AMELETUS INOPINATUS",6
"GER_021_MZB_LO_1","GER_021_MZB_LO_1-15.05.1997","15.05.1997",1997,5,15,"AMPHINEMURA SP.",20
"GER_021_MZB_LO_1","GER_021_MZB_LO_1-15.05.1997","15.05.1997",1997,5,15,"APATANIA SP.",20
"GER_021_MZB_LO_1","GER_021_MZB_LO_1-15.05.1997","15.05.1997",1997,5,15,"BAETIS SP.",7
"GER_021_MZB_LO_1","GER_021_MZB_LO_1-15.05.1997","15.05.1997",1997,5,15,"BRACHYPTERA SP.",65
"GER_021_MZB_LO_1","GER_021_MZB_LO_1-15.05.1997","15.05.1997",1997,5,15,"CAPNIA VIDUA SSP.",6
"GER_021_MZB_LO_1","GER_021_MZB_LO_1-15.05.1997","15.05.1997",1997,5,15,"CHIRONOMIDAE GEN. SP.",6
"GER_021_MZB_LO_1","GER_021_MZB_LO_1-15.05.1997","15.05.1997",1997,5,15,"CHLOROPERLIDAE GEN. SP.",20
"GER_021_MZB_LO_1","GER_021_MZB_LO_1-15.05.1997","15.05.1997",1997,5,15,"CRUNOECIA SP.",1
"GER_021_MZB_LO_1","GER_021_MZB_LO_1-15.05.1997","15.05.1997",1997,5,15,"DICRANOTA SP.",6
"GER_021_MZB_LO_1","GER_021_MZB_LO_1-15.05.1997","15.05.1997",1997,5,15,"DIURA BICAUDATA",6
"GER_021_MZB_LO_1","GER_021_MZB_LO_1-15.05.1997","15.05.1997",1997,5,15,"ECDYONURUS SP.",1
"GER_021_MZB_LO_1","GER_021_MZB_LO_1-15.05.1997","15.05.1997",1997,5,15,"ELMIS SP.",6
"GER_021_MZB_LO_1","GER_021_MZB_LO_1-15.05.1997","15.05.1997",1997,5,15,"HYDRAENA SP.",6
"GER_021_MZB_LO_1","GER_021_MZB_LO_1-15.05.1997","15.05.1997",1997,5,15,"ISOPERLA SP.",20
"GER_021_MZB_LO_1","GER_021_MZB_LO_1-15.05.1997","15.05.1997",1997,5,15,"LEUCTRA SP.",132
"GER_021_MZB_LO_1","GER_021_MZB_LO_1-15.05.1997","15.05.1997",1997,5,15,"LIMNEPHILIDAE GEN. SP.",112
"GER_021_MZB_LO_1","GER_021_MZB_LO_1-15.05.1997","15.05.1997",1997,5,15,"LIMNIUS PERRISI",20
"GER_021_MZB_LO_1","GER_021_MZB_LO_1-15.05.1997","15.05.1997",1997,5,15,"LITHAX NIGER",6
"GER_021_MZB_LO_1","GER_021_MZB_LO_1-15.05.1997","15.05.1997",1997,5,15,"MICRASEMA LONGULUM",20
"GER_021_MZB_LO_1","GER_021_MZB_LO_1-15.05.1997","15.05.1997",1997,5,15,"MICRASEMA MINIMUM",1
"GER_021_MZB_LO_1","GER_021_MZB_LO_1-15.05.1997","15.05.1997",1997,5,15,"NECTOPORUS SANMARKII",20
"GER_021_MZB_LO_1","GER_021_MZB_LO_1-15.05.1997","15.05.1997",1997,5,15,"ODONTOCERUM ALBICORNE",6
"GER_021_MZB_LO_1","GER_021_MZB_LO_1-15.05.1997","15.05.1997",1997,5,15,"OLIGOCHAETA GEN. SP.",6
"GER_021_MZB_LO_1","GER_021_MZB_LO_1-15.05.1997","15.05.1997",1997,5,15,"PERLODES SP.",6
"GER_021_MZB_LO_1","GER_021_MZB_LO_1-15.05.1997","15.05.1997",1997,5,15,"PHILOPOTAMUS LUDIFICATUS",6
"GER_021_MZB_LO_1","GER_021_MZB_LO_1-15.05.1997","15.05.1997",1997,5,15,"PLECTROCNEMIA SP.",6
"GER_021_MZB_LO_1","GER_021_MZB_LO_1-15.05.1997","15.05.1997",1997,5,15,"PROTONEMURA SP.",20
"GER_021_MZB_LO_1","GER_021_MZB_LO_1-15.05.1997","15.05.1997",1997,5,15,"RHYACOPHILA SP.",22
"GER_021_MZB_LO_1","GER_021_MZB_LO_1-15.05.1997","15.05.1997",1997,5,15,"SERICOSTOMATIDAE GEN. SP.",20
"GER_021_MZB_LO_1","GER_021_MZB_LO_1-15.05.1997","15.05.1997",1997,5,15,"SILO SP.",20
"GER_021_MZB_LO_1","GER_021_MZB_LO_1-15.05.1997","15.05.1997",1997,5,15,"SIMULIIDAE GEN. SP.",1
"GER_021_MZB_LO_1","GER_021_MZB_LO_1-14.05.1998","14.05.1998",1998,5,14,"AMELETUS INOPINATUS",6
"GER_021_MZB_LO_1","GER_021_MZB_LO_1-14.05.1998","14.05.1998",1998,5,14,"APATANIA SP.",1
"GER_021_MZB_LO_1","GER_021_MZB_LO_1-14.05.1998","14.05.1998",1998,5,14,"BAETIS SP.",6
"GER_021_MZB_LO_1","GER_021_MZB_LO_1-14.05.1998","14.05.1998",1998,5,14,"BRACHYPTERA SP.",65
"GER_021_MZB_LO_1","GER_021_MZB_LO_1-14.05.1998","14.05.1998",1998,5,14,"CHIRONOMIDAE GEN. SP.",6
"GER_021_MZB_LO_1","GER_021_MZB_LO_1-14.05.1998","14.05.1998",1998,5,14,"CHLOROPERLIDAE GEN. SP.",6
"GER_021_MZB_LO_1","GER_021_MZB_LO_1-14.05.1998","14.05.1998",1998,5,14,"DICRANOTA SP.",6
"GER_021_MZB_LO_1","GER_021_MZB_LO_1-14.05.1998","14.05.1998",1998,5,14,"DIURA BICAUDATA",6
"GER_021_MZB_LO_1","GER_021_MZB_LO_1-14.05.1998","14.05.1998",1998,5,14,"ELMIS SP.",6
"GER_021_MZB_LO_1","GER_021_MZB_LO_1-14.05.1998","14.05.1998",1998,5,14,"GERRIS SP.",6
"GER_021_MZB_LO_1","GER_021_MZB_LO_1-14.05.1998","14.05.1998",1998,5,14,"HYDROPSYCHE TENUIS",6
"GER_021_MZB_LO_1","GER_021_MZB_LO_1-14.05.1998","14.05.1998",1998,5,14,"ISOPERLA SP.",20
"GER_021_MZB_LO_1","GER_021_MZB_LO_1-14.05.1998","14.05.1998",1998,5,14,"LEUCTRA SP.",22
"GER_021_MZB_LO_1","GER_021_MZB_LO_1-14.05.1998","14.05.1998",1998,5,14,"LIMNEPHILIDAE GEN. SP.",60
"GER_021_MZB_LO_1","GER_021_MZB_LO_1-14.05.1998","14.05.1998",1998,5,14,"LIMNIUS PERRISI",20
"GER_021_MZB_LO_1","GER_021_MZB_LO_1-14.05.1998","14.05.1998",1998,5,14,"LITHAX NIGER",1
"GER_021_MZB_LO_1","GER_021_MZB_LO_1-14.05.1998","14.05.1998",1998,5,14,"MICRASEMA LONGULUM",20
"GER_021_MZB_LO_1","GER_021_MZB_LO_1-14.05.1998","14.05.1998",1998,5,14,"NEMOURA SP.",1
"GER_021_MZB_LO_1","GER_021_MZB_LO_1-14.05.1998","14.05.1998",1998,5,14,"ODONTOCERUM ALBICORNE",6
"GER_021_MZB_LO_1","GER_021_MZB_LO_1-14.05.1998","14.05.1998",1998,5,14,"OLIGOCHAETA GEN. SP.",6
"GER_021_MZB_LO_1","GER_021_MZB_LO_1-14.05.1998","14.05.1998",1998,5,14,"PERLODES SP.",6
"GER_021_MZB_LO_1","GER_021_MZB_LO_1-14.05.1998","14.05.1998",1998,5,14,"PHILOPOTAMUS LUDIFICATUS",6
"GER_021_MZB_LO_1","GER_021_MZB_LO_1-14.05.1998","14.05.1998",1998,5,14,"PROTONEMURA SP.",21
"GER_021_MZB_LO_1","GER_021_MZB_LO_1-14.05.1998","14.05.1998",1998,5,14,"RHYACOPHILA SP.",20
"GER_021_MZB_LO_1","GER_021_MZB_LO_1-14.05.1998","14.05.1998",1998,5,14,"SERICOSTOMATIDAE GEN. SP.",6
"GER_021_MZB_LO_1","GER_021_MZB_LO_1-14.05.1998","14.05.1998",1998,5,14,"SILO SP.",6
"GER_021_MZB_LO_1","GER_021_MZB_LO_1-14.05.1998","14.05.1998",1998,5,14,"SIMULIIDAE GEN. SP.",6
"GER_021_MZB_LO_1","GER_021_MZB_LO_1-25.05.1999","25.05.1999",1999,5,25,"AMPHINEMURA SP.",6
"GER_021_MZB_LO_1","GER_021_MZB_LO_1-25.05.1999","25.05.1999",1999,5,25,"APATANIA SP.",20
"GER_021_MZB_LO_1","GER_021_MZB_LO_1-25.05.1999","25.05.1999",1999,5,25,"BAETIS SP.",6
"GER_021_MZB_LO_1","GER_021_MZB_LO_1-25.05.1999","25.05.1999",1999,5,25,"BRACHYPTERA SP.",200
"GER_021_MZB_LO_1","GER_021_MZB_LO_1-25.05.1999","25.05.1999",1999,5,25,"CHIRONOMIDAE GEN. SP.",20
"GER_021_MZB_LO_1","GER_021_MZB_LO_1-25.05.1999","25.05.1999",1999,5,25,"CHLOROPERLIDAE GEN. SP.",20
"GER_021_MZB_LO_1","GER_021_MZB_LO_1-25.05.1999","25.05.1999",1999,5,25,"ELMIS SP.",6
"GER_021_MZB_LO_1","GER_021_MZB_LO_1-25.05.1999","25.05.1999",1999,5,25,"ESOLUS ANGUSTATUS",6
"GER_021_MZB_LO_1","GER_021_MZB_LO_1-25.05.1999","25.05.1999",1999,5,25,"HYDRACHNIDIA GEN. SP.",6
"GER_021_MZB_LO_1","GER_021_MZB_LO_1-25.05.1999","25.05.1999",1999,5,25,"ISOPERLA SP.",20
"GER_021_MZB_LO_1","GER_021_MZB_LO_1-25.05.1999","25.05.1999",1999,5,25,"LEUCTRA SP.",70
"GER_021_MZB_LO_1","GER_021_MZB_LO_1-25.05.1999","25.05.1999",1999,5,25,"LIMNEPHILIDAE GEN. SP.",97
"GER_021_MZB_LO_1","GER_021_MZB_LO_1-25.05.1999","25.05.1999",1999,5,25,"LIMNIUS PERRISI",65
"GER_021_MZB_LO_1","GER_021_MZB_LO_1-25.05.1999","25.05.1999",1999,5,25,"LIMONIIDAE GEN. SP.",6
"GER_021_MZB_LO_1","GER_021_MZB_LO_1-25.05.1999","25.05.1999",1999,5,25,"LITHAX NIGER",6
"GER_021_MZB_LO_1","GER_021_MZB_LO_1-25.05.1999","25.05.1999",1999,5,25,"MICRASEMA LONGULUM",6
"GER_021_MZB_LO_1","GER_021_MZB_LO_1-25.05.1999","25.05.1999",1999,5,25,"ODONTOCERUM ALBICORNE",20
"GER_021_MZB_LO_1","GER_021_MZB_LO_1-25.05.1999","25.05.1999",1999,5,25,"OLIGOCHAETA GEN. SP.",6
"GER_021_MZB_LO_1","GER_021_MZB_LO_1-25.05.1999","25.05.1999",1999,5,25,"PEDICIA SP.",6
"GER_021_MZB_LO_1","GER_021_MZB_LO_1-25.05.1999","25.05.1999",1999,5,25,"PISIDIUM SP.",1
"GER_021_MZB_LO_1","GER_021_MZB_LO_1-25.05.1999","25.05.1999",1999,5,25,"PLECTROCNEMIA SP.",6
"GER_021_MZB_LO_1","GER_021_MZB_LO_1-25.05.1999","25.05.1999",1999,5,25,"PROTONEMURA SP.",67
"GER_021_MZB_LO_1","GER_021_MZB_LO_1-25.05.1999","25.05.1999",1999,5,25,"RHYACOPHILA SP.",65
"GER_021_MZB_LO_1","GER_021_MZB_LO_1-25.05.1999","25.05.1999",1999,5,25,"SERICOSTOMATIDAE GEN. SP.",20
"GER_021_MZB_LO_1","GER_021_MZB_LO_1-25.05.1999","25.05.1999",1999,5,25,"SIALIS FULIGINOSA",1
"GER_021_MZB_LO_1","GER_021_MZB_LO_1-25.05.1999","25.05.1999",1999,5,25,"SILO SP.",65
"GER_021_MZB_LO_1","GER_021_MZB_LO_1-25.05.1999","25.05.1999",1999,5,25,"SIMULIIDAE GEN. SP.",6
"GER_021_MZB_LO_1","GER_021_MZB_LO_1-15.06.2000","15.06.2000",2000,6,15,"AMELETUS INOPINATUS",1
"GER_021_MZB_LO_1","GER_021_MZB_LO_1-15.06.2000","15.06.2000",2000,6,15,"AMPHINEMURA SP.",20
"GER_021_MZB_LO_1","GER_021_MZB_LO_1-15.06.2000","15.06.2000",2000,6,15,"APATANIA SP.",20
"GER_021_MZB_LO_1","GER_021_MZB_LO_1-15.06.2000","15.06.2000",2000,6,15,"BAETIS SP.",7
"GER_021_MZB_LO_1","GER_021_MZB_LO_1-15.06.2000","15.06.2000",2000,6,15,"BRACHYPTERA SP.",1
"GER_021_MZB_LO_1","GER_021_MZB_LO_1-15.06.2000","15.06.2000",2000,6,15,"CHIRONOMIDAE GEN. SP.",20
"GER_021_MZB_LO_1","GER_021_MZB_LO_1-15.06.2000","15.06.2000",2000,6,15,"CHLOROPERLIDAE GEN. SP.",7
"GER_021_MZB_LO_1","GER_021_MZB_LO_1-15.06.2000","15.06.2000",2000,6,15,"DICRANOTA SP.",6
"GER_021_MZB_LO_1","GER_021_MZB_LO_1-15.06.2000","15.06.2000",2000,6,15,"ELMIS SP.",6
"GER_021_MZB_LO_1","GER_021_MZB_LO_1-15.06.2000","15.06.2000",2000,6,15,"ELODES SP.",6
"GER_021_MZB_LO_1","GER_021_MZB_LO_1-15.06.2000","15.06.2000",2000,6,15,"ESOLUS ANGUSTATUS",6
"GER_021_MZB_LO_1","GER_021_MZB_LO_1-15.06.2000","15.06.2000",2000,6,15,"GERRIS SP.",6
"GER_021_MZB_LO_1","GER_021_MZB_LO_1-15.06.2000","15.06.2000",2000,6,15,"HYDRAENA SP.",6
"GER_021_MZB_LO_1","GER_021_MZB_LO_1-15.06.2000","15.06.2000",2000,6,15,"LEUCTRA SP.",67
"GER_021_MZB_LO_1","GER_021_MZB_LO_1-15.06.2000","15.06.2000",2000,6,15,"LIMNEPHILIDAE GEN. SP.",178
"GER_021_MZB_LO_1","GER_021_MZB_LO_1-15.06.2000","15.06.2000",2000,6,15,"LIMNIUS PERRISI",65
"GER_021_MZB_LO_1","GER_021_MZB_LO_1-15.06.2000","15.06.2000",2000,6,15,"LIMONIIDAE GEN. SP.",6
"GER_021_MZB_LO_1","GER_021_MZB_LO_1-15.06.2000","15.06.2000",2000,6,15,"LITHAX NIGER",1
"GER_021_MZB_LO_1","GER_021_MZB_LO_1-15.06.2000","15.06.2000",2000,6,15,"MICRASEMA LONGULUM",20
"GER_021_MZB_LO_1","GER_021_MZB_LO_1-15.06.2000","15.06.2000",2000,6,15,"NECTOPORUS SANMARKII",6
"GER_021_MZB_LO_1","GER_021_MZB_LO_1-15.06.2000","15.06.2000",2000,6,15,"ODONTOCERUM ALBICORNE",6
"GER_021_MZB_LO_1","GER_021_MZB_LO_1-15.06.2000","15.06.2000",2000,6,15,"OLIGOCHAETA GEN. SP.",6
"GER_021_MZB_LO_1","GER_021_MZB_LO_1-15.06.2000","15.06.2000",2000,6,15,"PLECTROCNEMIA SP.",7
"GER_021_MZB_LO_1","GER_021_MZB_LO_1-15.06.2000","15.06.2000",2000,6,15,"PROTONEMURA SP.",67
"GER_021_MZB_LO_1","GER_021_MZB_LO_1-15.06.2000","15.06.2000",2000,6,15,"PTILOCOLEPUS GRANULATUS GRANULATUS",1
"GER_021_MZB_LO_1","GER_021_MZB_LO_1-15.06.2000","15.06.2000",2000,6,15,"RHITHROGENA SP.",1
"GER_021_MZB_LO_1","GER_021_MZB_LO_1-15.06.2000","15.06.2000",2000,6,15,"RHYACOPHILA SP.",26
"GER_021_MZB_LO_1","GER_021_MZB_LO_1-15.06.2000","15.06.2000",2000,6,15,"SERICOSTOMATIDAE GEN. SP.",20
"GER_021_MZB_LO_1","GER_021_MZB_LO_1-15.06.2000","15.06.2000",2000,6,15,"SILO SP.",200
"GER_021_MZB_LO_1","GER_021_MZB_LO_1-15.06.2000","15.06.2000",2000,6,15,"SIMULIIDAE GEN. SP.",27
"GER_021_MZB_LO_1","GER_021_MZB_LO_1-15.05.2001","15.05.2001",2001,5,15,"AMELETUS INOPINATUS",20
"GER_021_MZB_LO_1","GER_021_MZB_LO_1-15.05.2001","15.05.2001",2001,5,15,"AMPHINEMURA SP.",6
"GER_021_MZB_LO_1","GER_021_MZB_LO_1-15.05.2001","15.05.2001",2001,5,15,"APATANIA SP.",65
"GER_021_MZB_LO_1","GER_021_MZB_LO_1-15.05.2001","15.05.2001",2001,5,15,"BAETIS SP.",6
"GER_021_MZB_LO_1","GER_021_MZB_LO_1-15.05.2001","15.05.2001",2001,5,15,"BRACHYPTERA SP.",200
"GER_021_MZB_LO_1","GER_021_MZB_LO_1-15.05.2001","15.05.2001",2001,5,15,"CAPNIA VIDUA SSP.",1
"GER_021_MZB_LO_1","GER_021_MZB_LO_1-15.05.2001","15.05.2001",2001,5,15,"CHIRONOMIDAE GEN. SP.",20
"GER_021_MZB_LO_1","GER_021_MZB_LO_1-15.05.2001","15.05.2001",2001,5,15,"CHLOROPERLIDAE GEN. SP.",20
"GER_021_MZB_LO_1","GER_021_MZB_LO_1-15.05.2001","15.05.2001",2001,5,15,"CRUNOECIA SP.",1
"GER_021_MZB_LO_1","GER_021_MZB_LO_1-15.05.2001","15.05.2001",2001,5,15,"DICRANOTA SP.",6
"GER_021_MZB_LO_1","GER_021_MZB_LO_1-15.05.2001","15.05.2001",2001,5,15,"DIURA BICAUDATA",20
"GER_021_MZB_LO_1","GER_021_MZB_LO_1-15.05.2001","15.05.2001",2001,5,15,"GERRIS SP.",6
"GER_021_MZB_LO_1","GER_021_MZB_LO_1-15.05.2001","15.05.2001",2001,5,15,"GLOSSOSOMATIDAE GEN. SP.",6
"GER_021_MZB_LO_1","GER_021_MZB_LO_1-15.05.2001","15.05.2001",2001,5,15,"HYDRAENA SP.",1
"GER_021_MZB_LO_1","GER_021_MZB_LO_1-15.05.2001","15.05.2001",2001,5,15,"ISOPERLA SP.",20
"GER_021_MZB_LO_1","GER_021_MZB_LO_1-15.05.2001","15.05.2001",2001,5,15,"LEUCTRA SP.",69
"GER_021_MZB_LO_1","GER_021_MZB_LO_1-15.05.2001","15.05.2001",2001,5,15,"LIMNEPHILIDAE GEN. SP.",357
"GER_021_MZB_LO_1","GER_021_MZB_LO_1-15.05.2001","15.05.2001",2001,5,15,"LIMNIUS PERRISI",200
"GER_021_MZB_LO_1","GER_021_MZB_LO_1-15.05.2001","15.05.2001",2001,5,15,"LIMONIIDAE GEN. SP.",6
"GER_021_MZB_LO_1","GER_021_MZB_LO_1-15.05.2001","15.05.2001",2001,5,15,"LITHAX NIGER",20
"GER_021_MZB_LO_1","GER_021_MZB_LO_1-15.05.2001","15.05.2001",2001,5,15,"MICRASEMA LONGULUM",20
"GER_021_MZB_LO_1","GER_021_MZB_LO_1-15.05.2001","15.05.2001",2001,5,15,"NECTOPORUS SANMARKII",20
"GER_021_MZB_LO_1","GER_021_MZB_LO_1-15.05.2001","15.05.2001",2001,5,15,"NEMOURA SP.",1
"GER_021_MZB_LO_1","GER_021_MZB_LO_1-15.05.2001","15.05.2001",2001,5,15,"NIPHARGUS SP.",1
"GER_021_MZB_LO_1","GER_021_MZB_LO_1-15.05.2001","15.05.2001",2001,5,15,"ODONTOCERUM ALBICORNE",6
"GER_021_MZB_LO_1","GER_021_MZB_LO_1-15.05.2001","15.05.2001",2001,5,15,"OLIGOCHAETA GEN. SP.",6
"GER_021_MZB_LO_1","GER_021_MZB_LO_1-15.05.2001","15.05.2001",2001,5,15,"PERLODES SP.",1
"GER_021_MZB_LO_1","GER_021_MZB_LO_1-15.05.2001","15.05.2001",2001,5,15,"PHILOPOTAMUS LUDIFICATUS",1
"GER_021_MZB_LO_1","GER_021_MZB_LO_1-15.05.2001","15.05.2001",2001,5,15,"PLECTROCNEMIA SP.",6
"GER_021_MZB_LO_1","GER_021_MZB_LO_1-15.05.2001","15.05.2001",2001,5,15,"POLYCELIS FELINA",6
"GER_021_MZB_LO_1","GER_021_MZB_LO_1-15.05.2001","15.05.2001",2001,5,15,"PROTONEMURA SP.",65
"GER_021_MZB_LO_1","GER_021_MZB_LO_1-15.05.2001","15.05.2001",2001,5,15,"RHYACOPHILA SP.",71
"GER_021_MZB_LO_1","GER_021_MZB_LO_1-15.05.2001","15.05.2001",2001,5,15,"SERICOSTOMATIDAE GEN. SP.",20
"GER_021_MZB_LO_1","GER_021_MZB_LO_1-15.05.2001","15.05.2001",2001,5,15,"SILO SP.",200
"GER_021_MZB_LO_1","GER_021_MZB_LO_1-15.05.2001","15.05.2001",2001,5,15,"SIMULIIDAE GEN. SP.",12
"GER_021_MZB_LO_1","GER_021_MZB_LO_1-21.05.2002","21.05.2002",2002,5,21,"AMELETUS INOPINATUS",20
"GER_021_MZB_LO_1","GER_021_MZB_LO_1-21.05.2002","21.05.2002",2002,5,21,"AMPHINEMURA SP.",20
"GER_021_MZB_LO_1","GER_021_MZB_LO_1-21.05.2002","21.05.2002",2002,5,21,"APATANIA SP.",20
"GER_021_MZB_LO_1","GER_021_MZB_LO_1-21.05.2002","21.05.2002",2002,5,21,"BAETIS SP.",6
"GER_021_MZB_LO_1","GER_021_MZB_LO_1-21.05.2002","21.05.2002",2002,5,21,"BRACHYPTERA SP.",200
"GER_021_MZB_LO_1","GER_021_MZB_LO_1-21.05.2002","21.05.2002",2002,5,21,"CAPNIA VIDUA SSP.",1
"GER_021_MZB_LO_1","GER_021_MZB_LO_1-21.05.2002","21.05.2002",2002,5,21,"CHIRONOMIDAE GEN. SP.",20
"GER_021_MZB_LO_1","GER_021_MZB_LO_1-21.05.2002","21.05.2002",2002,5,21,"CHLOROPERLIDAE GEN. SP.",20
"GER_021_MZB_LO_1","GER_021_MZB_LO_1-21.05.2002","21.05.2002",2002,5,21,"DIURA BICAUDATA",1
"GER_021_MZB_LO_1","GER_021_MZB_LO_1-21.05.2002","21.05.2002",2002,5,21,"ELMIS SP.",6
"GER_021_MZB_LO_1","GER_021_MZB_LO_1-21.05.2002","21.05.2002",2002,5,21,"ESOLUS ANGUSTATUS",65
"GER_021_MZB_LO_1","GER_021_MZB_LO_1-21.05.2002","21.05.2002",2002,5,21,"ISOPERLA SP.",20
"GER_021_MZB_LO_1","GER_021_MZB_LO_1-21.05.2002","21.05.2002",2002,5,21,"LEUCTRA SP.",205
"GER_021_MZB_LO_1","GER_021_MZB_LO_1-21.05.2002","21.05.2002",2002,5,21,"LIMNEPHILIDAE GEN. SP.",143
"GER_021_MZB_LO_1","GER_021_MZB_LO_1-21.05.2002","21.05.2002",2002,5,21,"LIMNIUS PERRISI",200
"GER_021_MZB_LO_1","GER_021_MZB_LO_1-21.05.2002","21.05.2002",2002,5,21,"LITHAX NIGER",20
"GER_021_MZB_LO_1","GER_021_MZB_LO_1-21.05.2002","21.05.2002",2002,5,21,"MICRASEMA LONGULUM",6
"GER_021_MZB_LO_1","GER_021_MZB_LO_1-21.05.2002","21.05.2002",2002,5,21,"NECTOPORUS SANMARKII",20
"GER_021_MZB_LO_1","GER_021_MZB_LO_1-21.05.2002","21.05.2002",2002,5,21,"NEMOURA SP.",7
"GER_021_MZB_LO_1","GER_021_MZB_LO_1-21.05.2002","21.05.2002",2002,5,21,"ODONTOCERUM ALBICORNE",20
"GER_021_MZB_LO_1","GER_021_MZB_LO_1-21.05.2002","21.05.2002",2002,5,21,"OLIGOCHAETA GEN. SP.",6
"GER_021_MZB_LO_1","GER_021_MZB_LO_1-21.05.2002","21.05.2002",2002,5,21,"PEDICIA SP.",20
"GER_021_MZB_LO_1","GER_021_MZB_LO_1-21.05.2002","21.05.2002",2002,5,21,"PERLODES SP.",1
"GER_021_MZB_LO_1","GER_021_MZB_LO_1-21.05.2002","21.05.2002",2002,5,21,"PROTONEMURA SP.",203
"GER_021_MZB_LO_1","GER_021_MZB_LO_1-21.05.2002","21.05.2002",2002,5,21,"RHYACOPHILA SP.",65
"GER_021_MZB_LO_1","GER_021_MZB_LO_1-21.05.2002","21.05.2002",2002,5,21,"SERICOSTOMATIDAE GEN. SP.",6
"GER_021_MZB_LO_1","GER_021_MZB_LO_1-21.05.2002","21.05.2002",2002,5,21,"SILO SP.",65
"GER_021_MZB_LO_1","GER_021_MZB_LO_1-21.05.2002","21.05.2002",2002,5,21,"SIMULIIDAE GEN. SP.",26
"GER_021_MZB_LO_1","GER_021_MZB_LO_1-17.06.2003","17.06.2003",2003,6,17,"AGRIOTYPUS ARMATUS",1
"GER_021_MZB_LO_1","GER_021_MZB_LO_1-17.06.2003","17.06.2003",2003,6,17,"AMPHINEMURA SP.",7
"GER_021_MZB_LO_1","GER_021_MZB_LO_1-17.06.2003","17.06.2003",2003,6,17,"BAETIS SP.",85
"GER_021_MZB_LO_1","GER_021_MZB_LO_1-17.06.2003","17.06.2003",2003,6,17,"BRACHYPTERA SP.",1
"GER_021_MZB_LO_1","GER_021_MZB_LO_1-17.06.2003","17.06.2003",2003,6,17,"CHIRONOMIDAE GEN. SP.",65
"GER_021_MZB_LO_1","GER_021_MZB_LO_1-17.06.2003","17.06.2003",2003,6,17,"CHLOROPERLIDAE GEN. SP.",1
"GER_021_MZB_LO_1","GER_021_MZB_LO_1-17.06.2003","17.06.2003",2003,6,17,"DICRANOTA SP.",6
"GER_021_MZB_LO_1","GER_021_MZB_LO_1-17.06.2003","17.06.2003",2003,6,17,"ELMIS SP.",6
"GER_021_MZB_LO_1","GER_021_MZB_LO_1-17.06.2003","17.06.2003",2003,6,17,"ESOLUS ANGUSTATUS",20
"GER_021_MZB_LO_1","GER_021_MZB_LO_1-17.06.2003","17.06.2003",2003,6,17,"GAMMARUS FOSSARUM",1
"GER_021_MZB_LO_1","GER_021_MZB_LO_1-17.06.2003","17.06.2003",2003,6,17,"GERRIS SP.",6
"GER_021_MZB_LO_1","GER_021_MZB_LO_1-17.06.2003","17.06.2003",2003,6,17,"GLOSSOSOMATIDAE GEN. SP.",6
"GER_021_MZB_LO_1","GER_021_MZB_LO_1-17.06.2003","17.06.2003",2003,6,17,"HABROPHLEBIA LAUTA",1
"GER_021_MZB_LO_1","GER_021_MZB_LO_1-17.06.2003","17.06.2003",2003,6,17,"HYDRAENA SP.",6
"GER_021_MZB_LO_1","GER_021_MZB_LO_1-17.06.2003","17.06.2003",2003,6,17,"ISOPERLA SP.",6
"GER_021_MZB_LO_1","GER_021_MZB_LO_1-17.06.2003","17.06.2003",2003,6,17,"LEUCTRA SP.",23
"GER_021_MZB_LO_1","GER_021_MZB_LO_1-17.06.2003","17.06.2003",2003,6,17,"LIMNEPHILIDAE GEN. SP.",101
"GER_021_MZB_LO_1","GER_021_MZB_LO_1-17.06.2003","17.06.2003",2003,6,17,"LIMNIUS PERRISI",65
"GER_021_MZB_LO_1","GER_021_MZB_LO_1-17.06.2003","17.06.2003",2003,6,17,"LIMONIIDAE GEN. SP.",6
"GER_021_MZB_LO_1","GER_021_MZB_LO_1-17.06.2003","17.06.2003",2003,6,17,"LITHAX NIGER",6
"GER_021_MZB_LO_1","GER_021_MZB_LO_1-17.06.2003","17.06.2003",2003,6,17,"MICRASEMA LONGULUM",6
"GER_021_MZB_LO_1","GER_021_MZB_LO_1-17.06.2003","17.06.2003",2003,6,17,"NECTOPORUS SANMARKII",20
"GER_021_MZB_LO_1","GER_021_MZB_LO_1-17.06.2003","17.06.2003",2003,6,17,"NEMURELLA PICTETII",1
"GER_021_MZB_LO_1","GER_021_MZB_LO_1-17.06.2003","17.06.2003",2003,6,17,"ODONTOCERUM ALBICORNE",6
"GER_021_MZB_LO_1","GER_021_MZB_LO_1-17.06.2003","17.06.2003",2003,6,17,"OLIGOCHAETA GEN. SP.",6
"GER_021_MZB_LO_1","GER_021_MZB_LO_1-17.06.2003","17.06.2003",2003,6,17,"PROTONEMURA SP.",67
"GER_021_MZB_LO_1","GER_021_MZB_LO_1-17.06.2003","17.06.2003",2003,6,17,"PTILOCOLEPUS GRANULATUS GRANULATUS",1
"GER_021_MZB_LO_1","GER_021_MZB_LO_1-17.06.2003","17.06.2003",2003,6,17,"RHYACOPHILA SP.",85
"GER_021_MZB_LO_1","GER_021_MZB_LO_1-17.06.2003","17.06.2003",2003,6,17,"SERICOSTOMATIDAE GEN. SP.",6
"GER_021_MZB_LO_1","GER_021_MZB_LO_1-17.06.2003","17.06.2003",2003,6,17,"SILO SP.",20
"GER_021_MZB_LO_1","GER_021_MZB_LO_1-17.06.2003","17.06.2003",2003,6,17,"SIMULIIDAE GEN. SP.",77
"GER_021_MZB_LO_1","GER_021_MZB_LO_1-17.06.2003","17.06.2003",2003,6,17,"SIPHLONURUS LACUSTRIS",20
"GER_021_MZB_LO_1","GER_021_MZB_LO_1-17.06.2003","17.06.2003",2003,6,17,"TIPULIDAE GEN. SP.",1
"GER_021_MZB_LO_1","GER_021_MZB_LO_1-26.04.2004","26.04.2004",2004,4,26,"AMELETUS INOPINATUS",20
"GER_021_MZB_LO_1","GER_021_MZB_LO_1-26.04.2004","26.04.2004",2004,4,26,"AMPHINEMURA SP.",6
"GER_021_MZB_LO_1","GER_021_MZB_LO_1-26.04.2004","26.04.2004",2004,4,26,"BAETIS SP.",6
"GER_021_MZB_LO_1","GER_021_MZB_LO_1-26.04.2004","26.04.2004",2004,4,26,"BRACHYPTERA SP.",65
"GER_021_MZB_LO_1","GER_021_MZB_LO_1-26.04.2004","26.04.2004",2004,4,26,"CHIRONOMIDAE GEN. SP.",6
"GER_021_MZB_LO_1","GER_021_MZB_LO_1-26.04.2004","26.04.2004",2004,4,26,"CHLOROPERLIDAE GEN. SP.",6
"GER_021_MZB_LO_1","GER_021_MZB_LO_1-26.04.2004","26.04.2004",2004,4,26,"DERONECTES PLATYNOTUS",6
"GER_021_MZB_LO_1","GER_021_MZB_LO_1-26.04.2004","26.04.2004",2004,4,26,"DICRANOTA SP.",6
"GER_021_MZB_LO_1","GER_021_MZB_LO_1-26.04.2004","26.04.2004",2004,4,26,"DIURA BICAUDATA",1
"GER_021_MZB_LO_1","GER_021_MZB_LO_1-26.04.2004","26.04.2004",2004,4,26,"ECDYONURUS SP.",6
"GER_021_MZB_LO_1","GER_021_MZB_LO_1-26.04.2004","26.04.2004",2004,4,26,"ELMIS SP.",6
"GER_021_MZB_LO_1","GER_021_MZB_LO_1-26.04.2004","26.04.2004",2004,4,26,"HYDROPSYCHE TENUIS",6
"GER_021_MZB_LO_1","GER_021_MZB_LO_1-26.04.2004","26.04.2004",2004,4,26,"ISOPERLA SP.",6
"GER_021_MZB_LO_1","GER_021_MZB_LO_1-26.04.2004","26.04.2004",2004,4,26,"LEUCTRA SP.",28
"GER_021_MZB_LO_1","GER_021_MZB_LO_1-26.04.2004","26.04.2004",2004,4,26,"LIMNEPHILIDAE GEN. SP.",36
"GER_021_MZB_LO_1","GER_021_MZB_LO_1-26.04.2004","26.04.2004",2004,4,26,"LIMNIUS PERRISI",65
"GER_021_MZB_LO_1","GER_021_MZB_LO_1-26.04.2004","26.04.2004",2004,4,26,"LITHAX NIGER",1
"GER_021_MZB_LO_1","GER_021_MZB_LO_1-26.04.2004","26.04.2004",2004,4,26,"MICRASEMA LONGULUM",20
"GER_021_MZB_LO_1","GER_021_MZB_LO_1-26.04.2004","26.04.2004",2004,4,26,"MICRASEMA MINIMUM",6
"GER_021_MZB_LO_1","GER_021_MZB_LO_1-26.04.2004","26.04.2004",2004,4,26,"NECTOPORUS SANMARKII",20
"GER_021_MZB_LO_1","GER_021_MZB_LO_1-26.04.2004","26.04.2004",2004,4,26,"NEMOURA SP.",7
"GER_021_MZB_LO_1","GER_021_MZB_LO_1-26.04.2004","26.04.2004",2004,4,26,"ODONTOCERUM ALBICORNE",20
"GER_021_MZB_LO_1","GER_021_MZB_LO_1-26.04.2004","26.04.2004",2004,4,26,"PERLODES SP.",6
"GER_021_MZB_LO_1","GER_021_MZB_LO_1-26.04.2004","26.04.2004",2004,4,26,"PLECTROCNEMIA SP.",6
"GER_021_MZB_LO_1","GER_021_MZB_LO_1-26.04.2004","26.04.2004",2004,4,26,"PROTONEMURA SP.",21
"GER_021_MZB_LO_1","GER_021_MZB_LO_1-26.04.2004","26.04.2004",2004,4,26,"RHITHROGENA SP.",6
"GER_021_MZB_LO_1","GER_021_MZB_LO_1-26.04.2004","26.04.2004",2004,4,26,"RHYACOPHILA SP.",26
"GER_021_MZB_LO_1","GER_021_MZB_LO_1-26.04.2004","26.04.2004",2004,4,26,"SERICOSTOMATIDAE GEN. SP.",6
"GER_021_MZB_LO_1","GER_021_MZB_LO_1-26.04.2004","26.04.2004",2004,4,26,"SILO SP.",20
"GER_021_MZB_LO_1","GER_021_MZB_LO_1-26.04.2004","26.04.2004",2004,4,26,"SIMULIIDAE GEN. SP.",27
"GER_021_MZB_LO_1","GER_021_MZB_LO_1-23.05.2017","23.05.2017",2017,5,23,"AMELETUS INOPINATUS",6
"GER_021_MZB_LO_1","GER_021_MZB_LO_1-23.05.2017","23.05.2017",2017,5,23,"AMPHINEMURA SP.",6
"GER_021_MZB_LO_1","GER_021_MZB_LO_1-23.05.2017","23.05.2017",2017,5,23,"BAETIS SP.",91
"GER_021_MZB_LO_1","GER_021_MZB_LO_1-23.05.2017","23.05.2017",2017,5,23,"CHIRONOMIDAE GEN. SP.",6
"GER_021_MZB_LO_1","GER_021_MZB_LO_1-23.05.2017","23.05.2017",2017,5,23,"DERONECTES PLATYNOTUS",6
"GER_021_MZB_LO_1","GER_021_MZB_LO_1-23.05.2017","23.05.2017",2017,5,23,"DICRANOTA SP.",6
"GER_021_MZB_LO_1","GER_021_MZB_LO_1-23.05.2017","23.05.2017",2017,5,23,"ECDYONURUS SP.",6
"GER_021_MZB_LO_1","GER_021_MZB_LO_1-23.05.2017","23.05.2017",2017,5,23,"ELMIS SP.",20
"GER_021_MZB_LO_1","GER_021_MZB_LO_1-23.05.2017","23.05.2017",2017,5,23,"GAMMARUS FOSSARUM",200
"GER_021_MZB_LO_1","GER_021_MZB_LO_1-23.05.2017","23.05.2017",2017,5,23,"GLOSSOSOMATIDAE GEN. SP.",206
"GER_021_MZB_LO_1","GER_021_MZB_LO_1-23.05.2017","23.05.2017",2017,5,23,"HYDROPSYCHE TENUIS",6
"GER_021_MZB_LO_1","GER_021_MZB_LO_1-23.05.2017","23.05.2017",2017,5,23,"ISOPERLA SP.",6
"GER_021_MZB_LO_1","GER_021_MZB_LO_1-23.05.2017","23.05.2017",2017,5,23,"LEUCTRA SP.",20
"GER_021_MZB_LO_1","GER_021_MZB_LO_1-23.05.2017","23.05.2017",2017,5,23,"LIMNEPHILIDAE GEN. SP.",47
"GER_021_MZB_LO_1","GER_021_MZB_LO_1-23.05.2017","23.05.2017",2017,5,23,"LIMNIUS PERRISI",65
"GER_021_MZB_LO_1","GER_021_MZB_LO_1-23.05.2017","23.05.2017",2017,5,23,"NECTOPORUS SANMARKII",6
"GER_021_MZB_LO_1","GER_021_MZB_LO_1-23.05.2017","23.05.2017",2017,5,23,"ODONTOCERUM ALBICORNE",20
"GER_021_MZB_LO_1","GER_021_MZB_LO_1-23.05.2017","23.05.2017",2017,5,23,"OLIGOCHAETA GEN. SP.",1
"GER_021_MZB_LO_1","GER_021_MZB_LO_1-23.05.2017","23.05.2017",2017,5,23,"POLYCELIS FELINA",1
"GER_021_MZB_LO_1","GER_021_MZB_LO_1-23.05.2017","23.05.2017",2017,5,23,"PROTONEMURA SP.",20
"GER_021_MZB_LO_1","GER_021_MZB_LO_1-23.05.2017","23.05.2017",2017,5,23,"RHITHROGENA SP.",20
"GER_021_MZB_LO_1","GER_021_MZB_LO_1-23.05.2017","23.05.2017",2017,5,23,"RHYACOPHILA SP.",6
"GER_021_MZB_LO_1","GER_021_MZB_LO_1-23.05.2017","23.05.2017",2017,5,23,"SERICOSTOMATIDAE GEN. SP.",6
"GER_021_MZB_LO_1","GER_021_MZB_LO_1-23.05.2017","23.05.2017",2017,5,23,"SILO SP.",6
