"Unique.ID","Samp.ID","Sampling.date","year","month","day","Taxon.name","Abundance"
"ITA_025_MZB_LO_14","ITA_025_MZB_LO_14-24.04.2009","24.04.2009",2009,4,24,"ASELLIDAE GEN. SP.",62
"ITA_025_MZB_LO_14","ITA_025_MZB_LO_14-24.04.2009","24.04.2009",2009,4,24,"BAETIDAE GEN. SP.",6
"ITA_025_MZB_LO_14","ITA_025_MZB_LO_14-24.04.2009","24.04.2009",2009,4,24,"CHIRONOMIDAE GEN. SP.",400
"ITA_025_MZB_LO_14","ITA_025_MZB_LO_14-24.04.2009","24.04.2009",2009,4,24,"DUGESIIDAE GEN. SP.",2
"ITA_025_MZB_LO_14","ITA_025_MZB_LO_14-24.04.2009","24.04.2009",2009,4,24,"ERPOBDELLIDAE GEN. SP.",10
"ITA_025_MZB_LO_14","ITA_025_MZB_LO_14-24.04.2009","24.04.2009",2009,4,24,"GLOSSIPHONIIDAE GEN. SP.",4
"ITA_025_MZB_LO_14","ITA_025_MZB_LO_14-24.04.2009","24.04.2009",2009,4,24,"OLIGOCHAETA GEN. SP.",10
"ITA_025_MZB_LO_14","ITA_025_MZB_LO_14-08.03.2012","08.03.2012",2012,3,8,"ASELLIDAE GEN. SP.",280
"ITA_025_MZB_LO_14","ITA_025_MZB_LO_14-08.03.2012","08.03.2012",2012,3,8,"BAETIDAE GEN. SP.",2
"ITA_025_MZB_LO_14","ITA_025_MZB_LO_14-08.03.2012","08.03.2012",2012,3,8,"CAENIDAE GEN. SP.",2
"ITA_025_MZB_LO_14","ITA_025_MZB_LO_14-08.03.2012","08.03.2012",2012,3,8,"CHIRONOMIDAE GEN. SP.",444
"ITA_025_MZB_LO_14","ITA_025_MZB_LO_14-08.03.2012","08.03.2012",2012,3,8,"DUGESIIDAE GEN. SP.",4
"ITA_025_MZB_LO_14","ITA_025_MZB_LO_14-08.03.2012","08.03.2012",2012,3,8,"ERPOBDELLIDAE GEN. SP.",38
"ITA_025_MZB_LO_14","ITA_025_MZB_LO_14-08.03.2012","08.03.2012",2012,3,8,"HYDRACHNIDIA GEN. SP.",44
"ITA_025_MZB_LO_14","ITA_025_MZB_LO_14-08.03.2012","08.03.2012",2012,3,8,"OLIGOCHAETA GEN. SP.",54
"ITA_025_MZB_LO_14","ITA_025_MZB_LO_14-08.03.2012","08.03.2012",2012,3,8,"PLANARIIDAE GEN. SP.",58
"ITA_025_MZB_LO_14","ITA_025_MZB_LO_14-08.03.2012","08.03.2012",2012,3,8,"VALVATIDAE GEN. SP.",2
"ITA_025_MZB_LO_14","ITA_025_MZB_LO_14-11.03.2013","11.03.2013",2013,3,11,"ANTHOMYIIDAE GEN. SP.",6
"ITA_025_MZB_LO_14","ITA_025_MZB_LO_14-11.03.2013","11.03.2013",2013,3,11,"ASELLIDAE GEN. SP.",2236
"ITA_025_MZB_LO_14","ITA_025_MZB_LO_14-11.03.2013","11.03.2013",2013,3,11,"BAETIDAE GEN. SP.",8
"ITA_025_MZB_LO_14","ITA_025_MZB_LO_14-11.03.2013","11.03.2013",2013,3,11,"CHIRONOMIDAE GEN. SP.",38
"ITA_025_MZB_LO_14","ITA_025_MZB_LO_14-11.03.2013","11.03.2013",2013,3,11,"ERPOBDELLIDAE GEN. SP.",224
"ITA_025_MZB_LO_14","ITA_025_MZB_LO_14-11.03.2013","11.03.2013",2013,3,11,"GLOSSIPHONIIDAE GEN. SP.",18
"ITA_025_MZB_LO_14","ITA_025_MZB_LO_14-11.03.2013","11.03.2013",2013,3,11,"HYDROPSYCHIDAE GEN. SP.",4
"ITA_025_MZB_LO_14","ITA_025_MZB_LO_14-11.03.2013","11.03.2013",2013,3,11,"MERMITHIDAE GEN. SP.",4
"ITA_025_MZB_LO_14","ITA_025_MZB_LO_14-11.03.2013","11.03.2013",2013,3,11,"OLIGOCHAETA GEN. SP.",288
"ITA_025_MZB_LO_14","ITA_025_MZB_LO_14-11.03.2013","11.03.2013",2013,3,11,"SIMULIIDAE GEN. SP.",4
"ITA_025_MZB_LO_14","ITA_025_MZB_LO_14-11.03.2013","11.03.2013",2013,3,11,"SPHAERIIDAE GEN. SP.",6
"ITA_025_MZB_LO_14","ITA_025_MZB_LO_14-29.02.2016","29.02.2016",2016,2,29,"ASELLIDAE GEN. SP.",20
"ITA_025_MZB_LO_14","ITA_025_MZB_LO_14-29.02.2016","29.02.2016",2016,2,29,"BAETIDAE GEN. SP.",444
"ITA_025_MZB_LO_14","ITA_025_MZB_LO_14-29.02.2016","29.02.2016",2016,2,29,"CERATOPOGONIDAE GEN. SP.",32
"ITA_025_MZB_LO_14","ITA_025_MZB_LO_14-29.02.2016","29.02.2016",2016,2,29,"CHIRONOMIDAE GEN. SP.",268
"ITA_025_MZB_LO_14","ITA_025_MZB_LO_14-29.02.2016","29.02.2016",2016,2,29,"EMPIDIDAE GEN. SP.",4
"ITA_025_MZB_LO_14","ITA_025_MZB_LO_14-29.02.2016","29.02.2016",2016,2,29,"EPHEMERELLIDAE GEN. SP.",2
"ITA_025_MZB_LO_14","ITA_025_MZB_LO_14-29.02.2016","29.02.2016",2016,2,29,"ERPOBDELLIDAE GEN. SP.",14
"ITA_025_MZB_LO_14","ITA_025_MZB_LO_14-29.02.2016","29.02.2016",2016,2,29,"HYDRACHNIDIA GEN. SP.",44
"ITA_025_MZB_LO_14","ITA_025_MZB_LO_14-29.02.2016","29.02.2016",2016,2,29,"HYDROPSYCHIDAE GEN. SP.",2
"ITA_025_MZB_LO_14","ITA_025_MZB_LO_14-29.02.2016","29.02.2016",2016,2,29,"LEPTOCERIDAE GEN. SP.",2
"ITA_025_MZB_LO_14","ITA_025_MZB_LO_14-29.02.2016","29.02.2016",2016,2,29,"MERMITHIDAE GEN. SP.",2
"ITA_025_MZB_LO_14","ITA_025_MZB_LO_14-29.02.2016","29.02.2016",2016,2,29,"OLIGOCHAETA GEN. SP.",28
"ITA_025_MZB_LO_14","ITA_025_MZB_LO_14-29.02.2016","29.02.2016",2016,2,29,"RHYACOPHILIDAE GEN. SP.",2
"ITA_025_MZB_LO_14","ITA_025_MZB_LO_14-29.02.2016","29.02.2016",2016,2,29,"SIMULIIDAE GEN. SP.",58
"ITA_025_MZB_LO_14","ITA_025_MZB_LO_14-27.02.2018","27.02.2018",2018,2,27,"ASELLIDAE GEN. SP.",142
"ITA_025_MZB_LO_14","ITA_025_MZB_LO_14-27.02.2018","27.02.2018",2018,2,27,"BAETIDAE GEN. SP.",190
"ITA_025_MZB_LO_14","ITA_025_MZB_LO_14-27.02.2018","27.02.2018",2018,2,27,"CAENIDAE GEN. SP.",10
"ITA_025_MZB_LO_14","ITA_025_MZB_LO_14-27.02.2018","27.02.2018",2018,2,27,"CERATOPOGONIDAE GEN. SP.",4
"ITA_025_MZB_LO_14","ITA_025_MZB_LO_14-27.02.2018","27.02.2018",2018,2,27,"CHIRONOMIDAE GEN. SP.",400
"ITA_025_MZB_LO_14","ITA_025_MZB_LO_14-27.02.2018","27.02.2018",2018,2,27,"EPHEMERELLIDAE GEN. SP.",4
"ITA_025_MZB_LO_14","ITA_025_MZB_LO_14-27.02.2018","27.02.2018",2018,2,27,"ERPOBDELLIDAE GEN. SP.",22
"ITA_025_MZB_LO_14","ITA_025_MZB_LO_14-27.02.2018","27.02.2018",2018,2,27,"HEPTAGENIIDAE GEN. SP.",4
"ITA_025_MZB_LO_14","ITA_025_MZB_LO_14-27.02.2018","27.02.2018",2018,2,27,"HYDRACHNIDIA GEN. SP.",34
"ITA_025_MZB_LO_14","ITA_025_MZB_LO_14-27.02.2018","27.02.2018",2018,2,27,"LEPTOCERIDAE GEN. SP.",30
"ITA_025_MZB_LO_14","ITA_025_MZB_LO_14-27.02.2018","27.02.2018",2018,2,27,"OLIGOCHAETA GEN. SP.",14
"ITA_025_MZB_LO_14","ITA_025_MZB_LO_14-27.02.2018","27.02.2018",2018,2,27,"RHYACOPHILIDAE GEN. SP.",14
"ITA_025_MZB_LO_14","ITA_025_MZB_LO_14-27.02.2018","27.02.2018",2018,2,27,"SIMULIIDAE GEN. SP.",8
"ITA_025_MZB_LO_14","ITA_025_MZB_LO_14-27.02.2018","27.02.2018",2018,2,27,"VALVATIDAE GEN. SP.",2
"ITA_025_MZB_LO_20","ITA_025_MZB_LO_20-09.04.2009","09.04.2009",2009,4,9,"ACROLOXIDAE GEN. SP.",2
"ITA_025_MZB_LO_20","ITA_025_MZB_LO_20-09.04.2009","09.04.2009",2009,4,9,"ASELLIDAE GEN. SP.",6
"ITA_025_MZB_LO_20","ITA_025_MZB_LO_20-09.04.2009","09.04.2009",2009,4,9,"BAETIDAE GEN. SP.",210
"ITA_025_MZB_LO_20","ITA_025_MZB_LO_20-09.04.2009","09.04.2009",2009,4,9,"CERATOPOGONIDAE GEN. SP.",2
"ITA_025_MZB_LO_20","ITA_025_MZB_LO_20-09.04.2009","09.04.2009",2009,4,9,"CHIRONOMIDAE GEN. SP.",484
"ITA_025_MZB_LO_20","ITA_025_MZB_LO_20-09.04.2009","09.04.2009",2009,4,9,"DRYOPIDAE GEN. SP.",2
"ITA_025_MZB_LO_20","ITA_025_MZB_LO_20-09.04.2009","09.04.2009",2009,4,9,"ERPOBDELLIDAE GEN. SP.",2
"ITA_025_MZB_LO_20","ITA_025_MZB_LO_20-09.04.2009","09.04.2009",2009,4,9,"GLOSSIPHONIIDAE GEN. SP.",4
"ITA_025_MZB_LO_20","ITA_025_MZB_LO_20-09.04.2009","09.04.2009",2009,4,9,"HEPTAGENIIDAE GEN. SP.",2
"ITA_025_MZB_LO_20","ITA_025_MZB_LO_20-09.04.2009","09.04.2009",2009,4,9,"HYDROPSYCHIDAE GEN. SP.",100
"ITA_025_MZB_LO_20","ITA_025_MZB_LO_20-09.04.2009","09.04.2009",2009,4,9,"HYDROPTILIDAE GEN. SP.",8
"ITA_025_MZB_LO_20","ITA_025_MZB_LO_20-09.04.2009","09.04.2009",2009,4,9,"OLIGOCHAETA GEN. SP.",3458
"ITA_025_MZB_LO_20","ITA_025_MZB_LO_20-09.04.2009","09.04.2009",2009,4,9,"SALIFIDAE GEN. SP.",2
"ITA_025_MZB_LO_20","ITA_025_MZB_LO_20-15.03.2010","15.03.2010",2010,3,15,"ASELLIDAE GEN. SP.",6
"ITA_025_MZB_LO_20","ITA_025_MZB_LO_20-15.03.2010","15.03.2010",2010,3,15,"BAETIDAE GEN. SP.",50
"ITA_025_MZB_LO_20","ITA_025_MZB_LO_20-15.03.2010","15.03.2010",2010,3,15,"CHIRONOMIDAE GEN. SP.",204
"ITA_025_MZB_LO_20","ITA_025_MZB_LO_20-15.03.2010","15.03.2010",2010,3,15,"GLOSSIPHONIIDAE GEN. SP.",2
"ITA_025_MZB_LO_20","ITA_025_MZB_LO_20-15.03.2010","15.03.2010",2010,3,15,"HYDROPSYCHIDAE GEN. SP.",176
"ITA_025_MZB_LO_20","ITA_025_MZB_LO_20-15.03.2010","15.03.2010",2010,3,15,"OLIGOCHAETA GEN. SP.",478
"ITA_025_MZB_LO_20","ITA_025_MZB_LO_20-15.03.2010","15.03.2010",2010,3,15,"PLANORBIDAE GEN. SP.",4
"ITA_025_MZB_LO_20","ITA_025_MZB_LO_20-27.03.2012","27.03.2012",2012,3,27,"ASELLIDAE GEN. SP.",18
"ITA_025_MZB_LO_20","ITA_025_MZB_LO_20-27.03.2012","27.03.2012",2012,3,27,"BAETIDAE GEN. SP.",142
"ITA_025_MZB_LO_20","ITA_025_MZB_LO_20-27.03.2012","27.03.2012",2012,3,27,"CALOPTERYGIDAE GEN. SP.",6
"ITA_025_MZB_LO_20","ITA_025_MZB_LO_20-27.03.2012","27.03.2012",2012,3,27,"CHIRONOMIDAE GEN. SP.",1136
"ITA_025_MZB_LO_20","ITA_025_MZB_LO_20-27.03.2012","27.03.2012",2012,3,27,"HYDROPSYCHIDAE GEN. SP.",190
"ITA_025_MZB_LO_20","ITA_025_MZB_LO_20-27.03.2012","27.03.2012",2012,3,27,"LIMONIIDAE GEN. SP.",16
"ITA_025_MZB_LO_20","ITA_025_MZB_LO_20-27.03.2012","27.03.2012",2012,3,27,"MERMITHIDAE GEN. SP.",4
"ITA_025_MZB_LO_20","ITA_025_MZB_LO_20-27.03.2012","27.03.2012",2012,3,27,"OLIGOCHAETA GEN. SP.",238
"ITA_025_MZB_LO_20","ITA_025_MZB_LO_20-27.03.2012","27.03.2012",2012,3,27,"SIMULIIDAE GEN. SP.",8
"ITA_025_MZB_LO_20","ITA_025_MZB_LO_20-27.03.2012","27.03.2012",2012,3,27,"TABANIDAE GEN. SP.",6
"ITA_025_MZB_LO_20","ITA_025_MZB_LO_20-05.03.2013","05.03.2013",2013,3,5,"ASELLIDAE GEN. SP.",16
"ITA_025_MZB_LO_20","ITA_025_MZB_LO_20-05.03.2013","05.03.2013",2013,3,5,"BAETIDAE GEN. SP.",162
"ITA_025_MZB_LO_20","ITA_025_MZB_LO_20-05.03.2013","05.03.2013",2013,3,5,"CHIRONOMIDAE GEN. SP.",148
"ITA_025_MZB_LO_20","ITA_025_MZB_LO_20-05.03.2013","05.03.2013",2013,3,5,"ERPOBDELLIDAE GEN. SP.",8
"ITA_025_MZB_LO_20","ITA_025_MZB_LO_20-05.03.2013","05.03.2013",2013,3,5,"HYDRACHNIDIA GEN. SP.",12
"ITA_025_MZB_LO_20","ITA_025_MZB_LO_20-05.03.2013","05.03.2013",2013,3,5,"HYDROPSYCHIDAE GEN. SP.",50
"ITA_025_MZB_LO_20","ITA_025_MZB_LO_20-05.03.2013","05.03.2013",2013,3,5,"MERMITHIDAE GEN. SP.",2
"ITA_025_MZB_LO_20","ITA_025_MZB_LO_20-05.03.2013","05.03.2013",2013,3,5,"OLIGOCHAETA GEN. SP.",2260
"ITA_025_MZB_LO_20","ITA_025_MZB_LO_20-05.03.2013","05.03.2013",2013,3,5,"PLANORBIDAE GEN. SP.",22
"ITA_025_MZB_LO_20","ITA_025_MZB_LO_20-05.03.2013","05.03.2013",2013,3,5,"SIMULIIDAE GEN. SP.",6
"ITA_025_MZB_LO_20","ITA_025_MZB_LO_20-02.03.2016","02.03.2016",2016,3,2,"ASELLIDAE GEN. SP.",62
"ITA_025_MZB_LO_20","ITA_025_MZB_LO_20-02.03.2016","02.03.2016",2016,3,2,"BAETIDAE GEN. SP.",10
"ITA_025_MZB_LO_20","ITA_025_MZB_LO_20-02.03.2016","02.03.2016",2016,3,2,"CAENIDAE GEN. SP.",14
"ITA_025_MZB_LO_20","ITA_025_MZB_LO_20-02.03.2016","02.03.2016",2016,3,2,"CHIRONOMIDAE GEN. SP.",248
"ITA_025_MZB_LO_20","ITA_025_MZB_LO_20-02.03.2016","02.03.2016",2016,3,2,"ERPOBDELLIDAE GEN. SP.",2
"ITA_025_MZB_LO_20","ITA_025_MZB_LO_20-02.03.2016","02.03.2016",2016,3,2,"GAMMARIDAE GEN. SP.",2
"ITA_025_MZB_LO_20","ITA_025_MZB_LO_20-02.03.2016","02.03.2016",2016,3,2,"GOMPHIDAE GEN. SP.",4
"ITA_025_MZB_LO_20","ITA_025_MZB_LO_20-02.03.2016","02.03.2016",2016,3,2,"HYDRACHNIDIA GEN. SP.",16
"ITA_025_MZB_LO_20","ITA_025_MZB_LO_20-02.03.2016","02.03.2016",2016,3,2,"HYDROBIIDAE GEN. SP.",4
"ITA_025_MZB_LO_20","ITA_025_MZB_LO_20-02.03.2016","02.03.2016",2016,3,2,"HYDROPSYCHIDAE GEN. SP.",48
"ITA_025_MZB_LO_20","ITA_025_MZB_LO_20-02.03.2016","02.03.2016",2016,3,2,"HYDROPTILIDAE GEN. SP.",4
"ITA_025_MZB_LO_20","ITA_025_MZB_LO_20-02.03.2016","02.03.2016",2016,3,2,"LEPTOCERIDAE GEN. SP.",14
"ITA_025_MZB_LO_20","ITA_025_MZB_LO_20-02.03.2016","02.03.2016",2016,3,2,"LIMONIIDAE GEN. SP.",10
"ITA_025_MZB_LO_20","ITA_025_MZB_LO_20-02.03.2016","02.03.2016",2016,3,2,"LYMNAEIDAE GEN. SP.",4
"ITA_025_MZB_LO_20","ITA_025_MZB_LO_20-02.03.2016","02.03.2016",2016,3,2,"OLIGOCHAETA GEN. SP.",24
"ITA_025_MZB_LO_20","ITA_025_MZB_LO_20-02.03.2016","02.03.2016",2016,3,2,"PLANORBIDAE GEN. SP.",2
"ITA_025_MZB_LO_20","ITA_025_MZB_LO_20-02.03.2016","02.03.2016",2016,3,2,"PSYCHOMYIIDAE GEN. SP.",4
"ITA_025_MZB_LO_20","ITA_025_MZB_LO_20-14.03.2018","14.03.2018",2018,3,14,"ACROLOXIDAE GEN. SP.",2
"ITA_025_MZB_LO_20","ITA_025_MZB_LO_20-14.03.2018","14.03.2018",2018,3,14,"BAETIDAE GEN. SP.",50
"ITA_025_MZB_LO_20","ITA_025_MZB_LO_20-14.03.2018","14.03.2018",2018,3,14,"CAENIDAE GEN. SP.",108
"ITA_025_MZB_LO_20","ITA_025_MZB_LO_20-14.03.2018","14.03.2018",2018,3,14,"CERATOPOGONIDAE GEN. SP.",4
"ITA_025_MZB_LO_20","ITA_025_MZB_LO_20-14.03.2018","14.03.2018",2018,3,14,"CHIRONOMIDAE GEN. SP.",144
"ITA_025_MZB_LO_20","ITA_025_MZB_LO_20-14.03.2018","14.03.2018",2018,3,14,"EMPIDIDAE GEN. SP.",2
"ITA_025_MZB_LO_20","ITA_025_MZB_LO_20-14.03.2018","14.03.2018",2018,3,14,"GOMPHIDAE GEN. SP.",18
"ITA_025_MZB_LO_20","ITA_025_MZB_LO_20-14.03.2018","14.03.2018",2018,3,14,"HYDRACHNIDIA GEN. SP.",140
"ITA_025_MZB_LO_20","ITA_025_MZB_LO_20-14.03.2018","14.03.2018",2018,3,14,"HYDROBIIDAE GEN. SP.",4
"ITA_025_MZB_LO_20","ITA_025_MZB_LO_20-14.03.2018","14.03.2018",2018,3,14,"HYDROPSYCHIDAE GEN. SP.",52
"ITA_025_MZB_LO_20","ITA_025_MZB_LO_20-14.03.2018","14.03.2018",2018,3,14,"HYDROPTILIDAE GEN. SP.",22
"ITA_025_MZB_LO_20","ITA_025_MZB_LO_20-14.03.2018","14.03.2018",2018,3,14,"LEPTOCERIDAE GEN. SP.",6
"ITA_025_MZB_LO_20","ITA_025_MZB_LO_20-14.03.2018","14.03.2018",2018,3,14,"LIMONIIDAE GEN. SP.",38
"ITA_025_MZB_LO_20","ITA_025_MZB_LO_20-14.03.2018","14.03.2018",2018,3,14,"OLIGOCHAETA GEN. SP.",110
"ITA_025_MZB_LO_20","ITA_025_MZB_LO_20-14.03.2018","14.03.2018",2018,3,14,"PHYSIDAE GEN. SP.",6
"ITA_025_MZB_LO_20","ITA_025_MZB_LO_20-14.03.2018","14.03.2018",2018,3,14,"PLANORBIDAE GEN. SP.",4
"ITA_025_MZB_LO_20","ITA_025_MZB_LO_20-14.03.2018","14.03.2018",2018,3,14,"PLATYCNEMIDIDAE GEN. SP.",4
"ITA_025_MZB_LO_20","ITA_025_MZB_LO_20-14.03.2018","14.03.2018",2018,3,14,"PSYCHOMYIIDAE GEN. SP.",12
"ITA_025_MZB_LO_20","ITA_025_MZB_LO_20-14.03.2018","14.03.2018",2018,3,14,"TIPULIDAE GEN. SP.",2
"ITA_025_MZB_LO_23","ITA_025_MZB_LO_23-19.03.2009","19.03.2009",2009,3,19,"APHELOCHEIRIDAE GEN. SP.",4
"ITA_025_MZB_LO_23","ITA_025_MZB_LO_23-19.03.2009","19.03.2009",2009,3,19,"ASELLIDAE GEN. SP.",22
"ITA_025_MZB_LO_23","ITA_025_MZB_LO_23-19.03.2009","19.03.2009",2009,3,19,"BAETIDAE GEN. SP.",250
"ITA_025_MZB_LO_23","ITA_025_MZB_LO_23-19.03.2009","19.03.2009",2009,3,19,"CAENIDAE GEN. SP.",38
"ITA_025_MZB_LO_23","ITA_025_MZB_LO_23-19.03.2009","19.03.2009",2009,3,19,"CALOPTERYGIDAE GEN. SP.",2
"ITA_025_MZB_LO_23","ITA_025_MZB_LO_23-19.03.2009","19.03.2009",2009,3,19,"CERATOPOGONIDAE GEN. SP.",2
"ITA_025_MZB_LO_23","ITA_025_MZB_LO_23-19.03.2009","19.03.2009",2009,3,19,"CHIRONOMIDAE GEN. SP.",108
"ITA_025_MZB_LO_23","ITA_025_MZB_LO_23-19.03.2009","19.03.2009",2009,3,19,"CORBICULIDAE GEN. SP.",2
"ITA_025_MZB_LO_23","ITA_025_MZB_LO_23-19.03.2009","19.03.2009",2009,3,19,"DUGESIIDAE GEN. SP.",4
"ITA_025_MZB_LO_23","ITA_025_MZB_LO_23-19.03.2009","19.03.2009",2009,3,19,"DYTISCIDAE GEN. SP.",2
"ITA_025_MZB_LO_23","ITA_025_MZB_LO_23-19.03.2009","19.03.2009",2009,3,19,"ELMIDAE GEN. SP.",34
"ITA_025_MZB_LO_23","ITA_025_MZB_LO_23-19.03.2009","19.03.2009",2009,3,19,"EPHEMERELLIDAE GEN. SP.",52
"ITA_025_MZB_LO_23","ITA_025_MZB_LO_23-19.03.2009","19.03.2009",2009,3,19,"EPHEMERIDAE GEN. SP.",2
"ITA_025_MZB_LO_23","ITA_025_MZB_LO_23-19.03.2009","19.03.2009",2009,3,19,"ERPOBDELLIDAE GEN. SP.",2
"ITA_025_MZB_LO_23","ITA_025_MZB_LO_23-19.03.2009","19.03.2009",2009,3,19,"GAMMARIDAE GEN. SP.",1422
"ITA_025_MZB_LO_23","ITA_025_MZB_LO_23-19.03.2009","19.03.2009",2009,3,19,"GLOSSIPHONIIDAE GEN. SP.",2
"ITA_025_MZB_LO_23","ITA_025_MZB_LO_23-19.03.2009","19.03.2009",2009,3,19,"GOERIDAE GEN. SP.",48
"ITA_025_MZB_LO_23","ITA_025_MZB_LO_23-19.03.2009","19.03.2009",2009,3,19,"HYDROBIIDAE GEN. SP.",22
"ITA_025_MZB_LO_23","ITA_025_MZB_LO_23-19.03.2009","19.03.2009",2009,3,19,"HYDROPSYCHIDAE GEN. SP.",194
"ITA_025_MZB_LO_23","ITA_025_MZB_LO_23-19.03.2009","19.03.2009",2009,3,19,"LEPIDOSTOMATIDAE GEN. SP.",90
"ITA_025_MZB_LO_23","ITA_025_MZB_LO_23-19.03.2009","19.03.2009",2009,3,19,"LEPTOCERIDAE GEN. SP.",4
"ITA_025_MZB_LO_23","ITA_025_MZB_LO_23-19.03.2009","19.03.2009",2009,3,19,"NERITIDAE GEN. SP.",122
"ITA_025_MZB_LO_23","ITA_025_MZB_LO_23-19.03.2009","19.03.2009",2009,3,19,"OLIGOCHAETA GEN. SP.",54
"ITA_025_MZB_LO_23","ITA_025_MZB_LO_23-19.03.2009","19.03.2009",2009,3,19,"PISCICOLIDAE GEN. SP.",4
"ITA_025_MZB_LO_23","ITA_025_MZB_LO_23-19.03.2009","19.03.2009",2009,3,19,"PLANORBIDAE GEN. SP.",2
"ITA_025_MZB_LO_23","ITA_025_MZB_LO_23-19.03.2009","19.03.2009",2009,3,19,"SPHAERIIDAE GEN. SP.",6
"ITA_025_MZB_LO_23","ITA_025_MZB_LO_23-02.04.2012","02.04.2012",2012,4,2,"ASELLIDAE GEN. SP.",4
"ITA_025_MZB_LO_23","ITA_025_MZB_LO_23-02.04.2012","02.04.2012",2012,4,2,"BAETIDAE GEN. SP.",138
"ITA_025_MZB_LO_23","ITA_025_MZB_LO_23-02.04.2012","02.04.2012",2012,4,2,"CAENIDAE GEN. SP.",178
"ITA_025_MZB_LO_23","ITA_025_MZB_LO_23-02.04.2012","02.04.2012",2012,4,2,"CALOPTERYGIDAE GEN. SP.",22
"ITA_025_MZB_LO_23","ITA_025_MZB_LO_23-02.04.2012","02.04.2012",2012,4,2,"CERATOPOGONIDAE GEN. SP.",4
"ITA_025_MZB_LO_23","ITA_025_MZB_LO_23-02.04.2012","02.04.2012",2012,4,2,"CHIRONOMIDAE GEN. SP.",416
"ITA_025_MZB_LO_23","ITA_025_MZB_LO_23-02.04.2012","02.04.2012",2012,4,2,"DUGESIIDAE GEN. SP.",20
"ITA_025_MZB_LO_23","ITA_025_MZB_LO_23-02.04.2012","02.04.2012",2012,4,2,"ELMIDAE GEN. SP.",48
"ITA_025_MZB_LO_23","ITA_025_MZB_LO_23-02.04.2012","02.04.2012",2012,4,2,"EPHEMERELLIDAE GEN. SP.",608
"ITA_025_MZB_LO_23","ITA_025_MZB_LO_23-02.04.2012","02.04.2012",2012,4,2,"EPHEMERIDAE GEN. SP.",4
"ITA_025_MZB_LO_23","ITA_025_MZB_LO_23-02.04.2012","02.04.2012",2012,4,2,"GAMMARIDAE GEN. SP.",1500
"ITA_025_MZB_LO_23","ITA_025_MZB_LO_23-02.04.2012","02.04.2012",2012,4,2,"GOERIDAE GEN. SP.",8
"ITA_025_MZB_LO_23","ITA_025_MZB_LO_23-02.04.2012","02.04.2012",2012,4,2,"GOMPHIDAE GEN. SP.",4
"ITA_025_MZB_LO_23","ITA_025_MZB_LO_23-02.04.2012","02.04.2012",2012,4,2,"GYRINIDAE GEN. SP.",2
"ITA_025_MZB_LO_23","ITA_025_MZB_LO_23-02.04.2012","02.04.2012",2012,4,2,"HEPTAGENIIDAE GEN. SP.",32
"ITA_025_MZB_LO_23","ITA_025_MZB_LO_23-02.04.2012","02.04.2012",2012,4,2,"HYDROBIIDAE GEN. SP.",10
"ITA_025_MZB_LO_23","ITA_025_MZB_LO_23-02.04.2012","02.04.2012",2012,4,2,"HYDROPSYCHIDAE GEN. SP.",186
"ITA_025_MZB_LO_23","ITA_025_MZB_LO_23-02.04.2012","02.04.2012",2012,4,2,"HYDROPTILIDAE GEN. SP.",74
"ITA_025_MZB_LO_23","ITA_025_MZB_LO_23-02.04.2012","02.04.2012",2012,4,2,"LEPIDOSTOMATIDAE GEN. SP.",226
"ITA_025_MZB_LO_23","ITA_025_MZB_LO_23-02.04.2012","02.04.2012",2012,4,2,"LEPTOCERIDAE GEN. SP.",6
"ITA_025_MZB_LO_23","ITA_025_MZB_LO_23-02.04.2012","02.04.2012",2012,4,2,"LIMNEPHILIDAE GEN. SP.",2
"ITA_025_MZB_LO_23","ITA_025_MZB_LO_23-02.04.2012","02.04.2012",2012,4,2,"NAUCORIDAE GEN. SP.",10
"ITA_025_MZB_LO_23","ITA_025_MZB_LO_23-02.04.2012","02.04.2012",2012,4,2,"NERITIDAE GEN. SP.",10
"ITA_025_MZB_LO_23","ITA_025_MZB_LO_23-02.04.2012","02.04.2012",2012,4,2,"OLIGOCHAETA GEN. SP.",8
"ITA_025_MZB_LO_23","ITA_025_MZB_LO_23-02.04.2012","02.04.2012",2012,4,2,"PHYSIDAE GEN. SP.",2
"ITA_025_MZB_LO_23","ITA_025_MZB_LO_23-02.04.2012","02.04.2012",2012,4,2,"PISCICOLIDAE GEN. SP.",8
"ITA_025_MZB_LO_23","ITA_025_MZB_LO_23-02.04.2012","02.04.2012",2012,4,2,"SIMULIIDAE GEN. SP.",148
"ITA_025_MZB_LO_23","ITA_025_MZB_LO_23-13.04.2013","13.04.2013",2013,4,13,"ASELLIDAE GEN. SP.",4
"ITA_025_MZB_LO_23","ITA_025_MZB_LO_23-13.04.2013","13.04.2013",2013,4,13,"BAETIDAE GEN. SP.",20
"ITA_025_MZB_LO_23","ITA_025_MZB_LO_23-13.04.2013","13.04.2013",2013,4,13,"CAENIDAE GEN. SP.",76
"ITA_025_MZB_LO_23","ITA_025_MZB_LO_23-13.04.2013","13.04.2013",2013,4,13,"CALOPTERYGIDAE GEN. SP.",14
"ITA_025_MZB_LO_23","ITA_025_MZB_LO_23-13.04.2013","13.04.2013",2013,4,13,"CHIRONOMIDAE GEN. SP.",4
"ITA_025_MZB_LO_23","ITA_025_MZB_LO_23-13.04.2013","13.04.2013",2013,4,13,"DUGESIIDAE GEN. SP.",26
"ITA_025_MZB_LO_23","ITA_025_MZB_LO_23-13.04.2013","13.04.2013",2013,4,13,"ELMIDAE GEN. SP.",104
"ITA_025_MZB_LO_23","ITA_025_MZB_LO_23-13.04.2013","13.04.2013",2013,4,13,"EPHEMERELLIDAE GEN. SP.",124
"ITA_025_MZB_LO_23","ITA_025_MZB_LO_23-13.04.2013","13.04.2013",2013,4,13,"EPHEMERIDAE GEN. SP.",20
"ITA_025_MZB_LO_23","ITA_025_MZB_LO_23-13.04.2013","13.04.2013",2013,4,13,"GAMMARIDAE GEN. SP.",2204
"ITA_025_MZB_LO_23","ITA_025_MZB_LO_23-13.04.2013","13.04.2013",2013,4,13,"GOERIDAE GEN. SP.",40
"ITA_025_MZB_LO_23","ITA_025_MZB_LO_23-13.04.2013","13.04.2013",2013,4,13,"GOMPHIDAE GEN. SP.",8
"ITA_025_MZB_LO_23","ITA_025_MZB_LO_23-13.04.2013","13.04.2013",2013,4,13,"HYDROPSYCHIDAE GEN. SP.",106
"ITA_025_MZB_LO_23","ITA_025_MZB_LO_23-13.04.2013","13.04.2013",2013,4,13,"HYDROPTILIDAE GEN. SP.",6
"ITA_025_MZB_LO_23","ITA_025_MZB_LO_23-13.04.2013","13.04.2013",2013,4,13,"LEPIDOSTOMATIDAE GEN. SP.",20
"ITA_025_MZB_LO_23","ITA_025_MZB_LO_23-13.04.2013","13.04.2013",2013,4,13,"LEPTOCERIDAE GEN. SP.",6
"ITA_025_MZB_LO_23","ITA_025_MZB_LO_23-13.04.2013","13.04.2013",2013,4,13,"LEUCTRIDAE GEN. SP.",2
"ITA_025_MZB_LO_23","ITA_025_MZB_LO_23-13.04.2013","13.04.2013",2013,4,13,"LIMONIIDAE GEN. SP.",2
"ITA_025_MZB_LO_23","ITA_025_MZB_LO_23-13.04.2013","13.04.2013",2013,4,13,"NAUCORIDAE GEN. SP.",48
"ITA_025_MZB_LO_23","ITA_025_MZB_LO_23-13.04.2013","13.04.2013",2013,4,13,"PSYCHOMYIIDAE GEN. SP.",2
"ITA_025_MZB_LO_23","ITA_025_MZB_LO_23-13.04.2013","13.04.2013",2013,4,13,"SIMULIIDAE GEN. SP.",4
"ITA_025_MZB_LO_23","ITA_025_MZB_LO_23-02.03.2016","02.03.2016",2016,3,2,"APHELOCHEIRIDAE GEN. SP.",56
"ITA_025_MZB_LO_23","ITA_025_MZB_LO_23-02.03.2016","02.03.2016",2016,3,2,"ASELLIDAE GEN. SP.",2
"ITA_025_MZB_LO_23","ITA_025_MZB_LO_23-02.03.2016","02.03.2016",2016,3,2,"BAETIDAE GEN. SP.",156
"ITA_025_MZB_LO_23","ITA_025_MZB_LO_23-02.03.2016","02.03.2016",2016,3,2,"CAENIDAE GEN. SP.",58
"ITA_025_MZB_LO_23","ITA_025_MZB_LO_23-02.03.2016","02.03.2016",2016,3,2,"CALOPTERYGIDAE GEN. SP.",8
"ITA_025_MZB_LO_23","ITA_025_MZB_LO_23-02.03.2016","02.03.2016",2016,3,2,"CERATOPOGONIDAE GEN. SP.",10
"ITA_025_MZB_LO_23","ITA_025_MZB_LO_23-02.03.2016","02.03.2016",2016,3,2,"CHIRONOMIDAE GEN. SP.",124
"ITA_025_MZB_LO_23","ITA_025_MZB_LO_23-02.03.2016","02.03.2016",2016,3,2,"ELMIDAE GEN. SP.",44
"ITA_025_MZB_LO_23","ITA_025_MZB_LO_23-02.03.2016","02.03.2016",2016,3,2,"EPHEMERELLIDAE GEN. SP.",44
"ITA_025_MZB_LO_23","ITA_025_MZB_LO_23-02.03.2016","02.03.2016",2016,3,2,"EPHEMERIDAE GEN. SP.",44
"ITA_025_MZB_LO_23","ITA_025_MZB_LO_23-02.03.2016","02.03.2016",2016,3,2,"ERPOBDELLIDAE GEN. SP.",2
"ITA_025_MZB_LO_23","ITA_025_MZB_LO_23-02.03.2016","02.03.2016",2016,3,2,"GAMMARIDAE GEN. SP.",4280
"ITA_025_MZB_LO_23","ITA_025_MZB_LO_23-02.03.2016","02.03.2016",2016,3,2,"GOERIDAE GEN. SP.",92
"ITA_025_MZB_LO_23","ITA_025_MZB_LO_23-02.03.2016","02.03.2016",2016,3,2,"HEPTAGENIIDAE GEN. SP.",10
"ITA_025_MZB_LO_23","ITA_025_MZB_LO_23-02.03.2016","02.03.2016",2016,3,2,"HYDRACHNIDIA GEN. SP.",122
"ITA_025_MZB_LO_23","ITA_025_MZB_LO_23-02.03.2016","02.03.2016",2016,3,2,"HYDROBIIDAE GEN. SP.",20
"ITA_025_MZB_LO_23","ITA_025_MZB_LO_23-02.03.2016","02.03.2016",2016,3,2,"HYDROPSYCHIDAE GEN. SP.",168
"ITA_025_MZB_LO_23","ITA_025_MZB_LO_23-02.03.2016","02.03.2016",2016,3,2,"HYDROPTILIDAE GEN. SP.",6
"ITA_025_MZB_LO_23","ITA_025_MZB_LO_23-02.03.2016","02.03.2016",2016,3,2,"LEPIDOSTOMATIDAE GEN. SP.",4
"ITA_025_MZB_LO_23","ITA_025_MZB_LO_23-02.03.2016","02.03.2016",2016,3,2,"LEPTOCERIDAE GEN. SP.",56
"ITA_025_MZB_LO_23","ITA_025_MZB_LO_23-02.03.2016","02.03.2016",2016,3,2,"OLIGOCHAETA GEN. SP.",80
"ITA_025_MZB_LO_23","ITA_025_MZB_LO_23-02.03.2016","02.03.2016",2016,3,2,"PHYSIDAE GEN. SP.",14
"ITA_025_MZB_LO_23","ITA_025_MZB_LO_23-02.03.2016","02.03.2016",2016,3,2,"PISCICOLIDAE GEN. SP.",2
"ITA_025_MZB_LO_23","ITA_025_MZB_LO_23-02.03.2016","02.03.2016",2016,3,2,"PLANORBIDAE GEN. SP.",2
"ITA_025_MZB_LO_23","ITA_025_MZB_LO_23-02.03.2016","02.03.2016",2016,3,2,"PSYCHOMYIIDAE GEN. SP.",4
"ITA_025_MZB_LO_23","ITA_025_MZB_LO_23-02.03.2016","02.03.2016",2016,3,2,"TABANIDAE GEN. SP.",12
"ITA_025_MZB_LO_23","ITA_025_MZB_LO_23-15.03.2018","15.03.2018",2018,3,15,"APHELOCHEIRIDAE GEN. SP.",72
"ITA_025_MZB_LO_23","ITA_025_MZB_LO_23-15.03.2018","15.03.2018",2018,3,15,"BAETIDAE GEN. SP.",344
"ITA_025_MZB_LO_23","ITA_025_MZB_LO_23-15.03.2018","15.03.2018",2018,3,15,"CAENIDAE GEN. SP.",114
"ITA_025_MZB_LO_23","ITA_025_MZB_LO_23-15.03.2018","15.03.2018",2018,3,15,"CALOPTERYGIDAE GEN. SP.",50
"ITA_025_MZB_LO_23","ITA_025_MZB_LO_23-15.03.2018","15.03.2018",2018,3,15,"CERATOPOGONIDAE GEN. SP.",14
"ITA_025_MZB_LO_23","ITA_025_MZB_LO_23-15.03.2018","15.03.2018",2018,3,15,"CHIRONOMIDAE GEN. SP.",128
"ITA_025_MZB_LO_23","ITA_025_MZB_LO_23-15.03.2018","15.03.2018",2018,3,15,"COENAGRIONIDAE GEN. SP.",2
"ITA_025_MZB_LO_23","ITA_025_MZB_LO_23-15.03.2018","15.03.2018",2018,3,15,"DUGESIIDAE GEN. SP.",2
"ITA_025_MZB_LO_23","ITA_025_MZB_LO_23-15.03.2018","15.03.2018",2018,3,15,"ELMIDAE GEN. SP.",40
"ITA_025_MZB_LO_23","ITA_025_MZB_LO_23-15.03.2018","15.03.2018",2018,3,15,"EPHEMERELLIDAE GEN. SP.",72
"ITA_025_MZB_LO_23","ITA_025_MZB_LO_23-15.03.2018","15.03.2018",2018,3,15,"EPHEMERIDAE GEN. SP.",4
"ITA_025_MZB_LO_23","ITA_025_MZB_LO_23-15.03.2018","15.03.2018",2018,3,15,"GAMMARIDAE GEN. SP.",1202
"ITA_025_MZB_LO_23","ITA_025_MZB_LO_23-15.03.2018","15.03.2018",2018,3,15,"GOERIDAE GEN. SP.",66
"ITA_025_MZB_LO_23","ITA_025_MZB_LO_23-15.03.2018","15.03.2018",2018,3,15,"GOMPHIDAE GEN. SP.",8
"ITA_025_MZB_LO_23","ITA_025_MZB_LO_23-15.03.2018","15.03.2018",2018,3,15,"HEPTAGENIIDAE GEN. SP.",2
"ITA_025_MZB_LO_23","ITA_025_MZB_LO_23-15.03.2018","15.03.2018",2018,3,15,"HYDRACHNIDIA GEN. SP.",138
"ITA_025_MZB_LO_23","ITA_025_MZB_LO_23-15.03.2018","15.03.2018",2018,3,15,"HYDROBIIDAE GEN. SP.",16
"ITA_025_MZB_LO_23","ITA_025_MZB_LO_23-15.03.2018","15.03.2018",2018,3,15,"HYDROPSYCHIDAE GEN. SP.",74
"ITA_025_MZB_LO_23","ITA_025_MZB_LO_23-15.03.2018","15.03.2018",2018,3,15,"HYDROPTILIDAE GEN. SP.",12
"ITA_025_MZB_LO_23","ITA_025_MZB_LO_23-15.03.2018","15.03.2018",2018,3,15,"LEPTOCERIDAE GEN. SP.",2
"ITA_025_MZB_LO_23","ITA_025_MZB_LO_23-15.03.2018","15.03.2018",2018,3,15,"OLIGOCHAETA GEN. SP.",10
"ITA_025_MZB_LO_23","ITA_025_MZB_LO_23-15.03.2018","15.03.2018",2018,3,15,"PHILOPOTAMIDAE GEN. SP.",6
"ITA_025_MZB_LO_23","ITA_025_MZB_LO_23-15.03.2018","15.03.2018",2018,3,15,"PHYSIDAE GEN. SP.",10
"ITA_025_MZB_LO_23","ITA_025_MZB_LO_23-15.03.2018","15.03.2018",2018,3,15,"PISCICOLIDAE GEN. SP.",2
"ITA_025_MZB_LO_23","ITA_025_MZB_LO_23-15.03.2018","15.03.2018",2018,3,15,"PLANORBIDAE GEN. SP.",4
"ITA_025_MZB_LO_23","ITA_025_MZB_LO_23-15.03.2018","15.03.2018",2018,3,15,"SIMULIIDAE GEN. SP.",8
"ITA_025_MZB_LO_23","ITA_025_MZB_LO_23-15.03.2018","15.03.2018",2018,3,15,"TABANIDAE GEN. SP.",2
"ITA_025_MZB_LO_31","ITA_025_MZB_LO_31-16.07.2009","16.07.2009",2009,7,16,"BAETIDAE GEN. SP.",54
"ITA_025_MZB_LO_31","ITA_025_MZB_LO_31-16.07.2009","16.07.2009",2009,7,16,"CAENIDAE GEN. SP.",102
"ITA_025_MZB_LO_31","ITA_025_MZB_LO_31-16.07.2009","16.07.2009",2009,7,16,"CHIRONOMIDAE GEN. SP.",370
"ITA_025_MZB_LO_31","ITA_025_MZB_LO_31-16.07.2009","16.07.2009",2009,7,16,"ERPOBDELLIDAE GEN. SP.",8
"ITA_025_MZB_LO_31","ITA_025_MZB_LO_31-16.07.2009","16.07.2009",2009,7,16,"HEPTAGENIIDAE GEN. SP.",2
"ITA_025_MZB_LO_31","ITA_025_MZB_LO_31-16.07.2009","16.07.2009",2009,7,16,"HYDRACHNIDIA GEN. SP.",32
"ITA_025_MZB_LO_31","ITA_025_MZB_LO_31-16.07.2009","16.07.2009",2009,7,16,"HYDROPSYCHIDAE GEN. SP.",102
"ITA_025_MZB_LO_31","ITA_025_MZB_LO_31-16.07.2009","16.07.2009",2009,7,16,"OLIGOCHAETA GEN. SP.",76
"ITA_025_MZB_LO_31","ITA_025_MZB_LO_31-16.07.2009","16.07.2009",2009,7,16,"PSYCHOMYIIDAE GEN. SP.",4
"ITA_025_MZB_LO_31","ITA_025_MZB_LO_31-14.07.2010","14.07.2010",2010,7,14,"BAETIDAE GEN. SP.",24
"ITA_025_MZB_LO_31","ITA_025_MZB_LO_31-14.07.2010","14.07.2010",2010,7,14,"CAENIDAE GEN. SP.",40
"ITA_025_MZB_LO_31","ITA_025_MZB_LO_31-14.07.2010","14.07.2010",2010,7,14,"CHIRONOMIDAE GEN. SP.",108
"ITA_025_MZB_LO_31","ITA_025_MZB_LO_31-14.07.2010","14.07.2010",2010,7,14,"ELMIDAE GEN. SP.",2
"ITA_025_MZB_LO_31","ITA_025_MZB_LO_31-14.07.2010","14.07.2010",2010,7,14,"ERPOBDELLIDAE GEN. SP.",2
"ITA_025_MZB_LO_31","ITA_025_MZB_LO_31-14.07.2010","14.07.2010",2010,7,14,"HYDRACHNIDIA GEN. SP.",56
"ITA_025_MZB_LO_31","ITA_025_MZB_LO_31-14.07.2010","14.07.2010",2010,7,14,"HYDROPSYCHIDAE GEN. SP.",2
"ITA_025_MZB_LO_31","ITA_025_MZB_LO_31-14.07.2010","14.07.2010",2010,7,14,"LEPTOCERIDAE GEN. SP.",2
"ITA_025_MZB_LO_31","ITA_025_MZB_LO_31-14.07.2010","14.07.2010",2010,7,14,"OLIGOCHAETA GEN. SP.",2
"ITA_025_MZB_LO_31","ITA_025_MZB_LO_31-14.07.2010","14.07.2010",2010,7,14,"PHYSIDAE GEN. SP.",2
"ITA_025_MZB_LO_31","ITA_025_MZB_LO_31-14.07.2010","14.07.2010",2010,7,14,"PSYCHOMYIIDAE GEN. SP.",2
"ITA_025_MZB_LO_31","ITA_025_MZB_LO_31-14.07.2010","14.07.2010",2010,7,14,"TIPULIDAE GEN. SP.",2
"ITA_025_MZB_LO_31","ITA_025_MZB_LO_31-31.05.2012","31.05.2012",2012,5,31,"BAETIDAE GEN. SP.",166
"ITA_025_MZB_LO_31","ITA_025_MZB_LO_31-31.05.2012","31.05.2012",2012,5,31,"CAENIDAE GEN. SP.",26
"ITA_025_MZB_LO_31","ITA_025_MZB_LO_31-31.05.2012","31.05.2012",2012,5,31,"CERATOPOGONIDAE GEN. SP.",10
"ITA_025_MZB_LO_31","ITA_025_MZB_LO_31-31.05.2012","31.05.2012",2012,5,31,"CHIRONOMIDAE GEN. SP.",344
"ITA_025_MZB_LO_31","ITA_025_MZB_LO_31-31.05.2012","31.05.2012",2012,5,31,"ELMIDAE GEN. SP.",4
"ITA_025_MZB_LO_31","ITA_025_MZB_LO_31-31.05.2012","31.05.2012",2012,5,31,"ERPOBDELLIDAE GEN. SP.",12
"ITA_025_MZB_LO_31","ITA_025_MZB_LO_31-31.05.2012","31.05.2012",2012,5,31,"GLOSSIPHONIIDAE GEN. SP.",2
"ITA_025_MZB_LO_31","ITA_025_MZB_LO_31-31.05.2012","31.05.2012",2012,5,31,"HYDRACHNIDIA GEN. SP.",84
"ITA_025_MZB_LO_31","ITA_025_MZB_LO_31-31.05.2012","31.05.2012",2012,5,31,"HYDROPSYCHIDAE GEN. SP.",56
"ITA_025_MZB_LO_31","ITA_025_MZB_LO_31-31.05.2012","31.05.2012",2012,5,31,"MERMITHIDAE GEN. SP.",4
"ITA_025_MZB_LO_31","ITA_025_MZB_LO_31-31.05.2012","31.05.2012",2012,5,31,"OLIGOCHAETA GEN. SP.",116
"ITA_025_MZB_LO_31","ITA_025_MZB_LO_31-31.05.2012","31.05.2012",2012,5,31,"SIMULIIDAE GEN. SP.",14
"ITA_025_MZB_LO_31","ITA_025_MZB_LO_31-26.06.2013","26.06.2013",2013,6,26,"BAETIDAE GEN. SP.",144
"ITA_025_MZB_LO_31","ITA_025_MZB_LO_31-26.06.2013","26.06.2013",2013,6,26,"CAENIDAE GEN. SP.",6
"ITA_025_MZB_LO_31","ITA_025_MZB_LO_31-26.06.2013","26.06.2013",2013,6,26,"CHIRONOMIDAE GEN. SP.",216
"ITA_025_MZB_LO_31","ITA_025_MZB_LO_31-26.06.2013","26.06.2013",2013,6,26,"ELMIDAE GEN. SP.",16
"ITA_025_MZB_LO_31","ITA_025_MZB_LO_31-26.06.2013","26.06.2013",2013,6,26,"ERPOBDELLIDAE GEN. SP.",6
"ITA_025_MZB_LO_31","ITA_025_MZB_LO_31-26.06.2013","26.06.2013",2013,6,26,"HYDRACHNIDIA GEN. SP.",12
"ITA_025_MZB_LO_31","ITA_025_MZB_LO_31-26.06.2013","26.06.2013",2013,6,26,"HYDROPSYCHIDAE GEN. SP.",196
"ITA_025_MZB_LO_31","ITA_025_MZB_LO_31-26.06.2013","26.06.2013",2013,6,26,"OLIGOCHAETA GEN. SP.",40
"ITA_025_MZB_LO_31","ITA_025_MZB_LO_31-26.06.2013","26.06.2013",2013,6,26,"PSYCHOMYIIDAE GEN. SP.",6
"ITA_025_MZB_LO_31","ITA_025_MZB_LO_31-26.06.2013","26.06.2013",2013,6,26,"SIMULIIDAE GEN. SP.",12
"ITA_025_MZB_LO_31","ITA_025_MZB_LO_31-25.06.2015","25.06.2015",2015,6,25,"BAETIDAE GEN. SP.",740
"ITA_025_MZB_LO_31","ITA_025_MZB_LO_31-25.06.2015","25.06.2015",2015,6,25,"CAENIDAE GEN. SP.",268
"ITA_025_MZB_LO_31","ITA_025_MZB_LO_31-25.06.2015","25.06.2015",2015,6,25,"CERATOPOGONIDAE GEN. SP.",6
"ITA_025_MZB_LO_31","ITA_025_MZB_LO_31-25.06.2015","25.06.2015",2015,6,25,"CHIRONOMIDAE GEN. SP.",688
"ITA_025_MZB_LO_31","ITA_025_MZB_LO_31-25.06.2015","25.06.2015",2015,6,25,"ELMIDAE GEN. SP.",2
"ITA_025_MZB_LO_31","ITA_025_MZB_LO_31-25.06.2015","25.06.2015",2015,6,25,"ERPOBDELLIDAE GEN. SP.",16
"ITA_025_MZB_LO_31","ITA_025_MZB_LO_31-25.06.2015","25.06.2015",2015,6,25,"HYDRACHNIDIA GEN. SP.",228
"ITA_025_MZB_LO_31","ITA_025_MZB_LO_31-25.06.2015","25.06.2015",2015,6,25,"HYDROPSYCHIDAE GEN. SP.",130
"ITA_025_MZB_LO_31","ITA_025_MZB_LO_31-25.06.2015","25.06.2015",2015,6,25,"HYDROPTILIDAE GEN. SP.",2
"ITA_025_MZB_LO_31","ITA_025_MZB_LO_31-25.06.2015","25.06.2015",2015,6,25,"LIMONIIDAE GEN. SP.",2
"ITA_025_MZB_LO_31","ITA_025_MZB_LO_31-25.06.2015","25.06.2015",2015,6,25,"OLIGOCHAETA GEN. SP.",142
"ITA_025_MZB_LO_31","ITA_025_MZB_LO_31-25.06.2015","25.06.2015",2015,6,25,"PSYCHOMYIIDAE GEN. SP.",20
"ITA_025_MZB_LO_31","ITA_025_MZB_LO_31-25.06.2015","25.06.2015",2015,6,25,"RHYACOPHILIDAE GEN. SP.",2
"ITA_025_MZB_LO_31","ITA_025_MZB_LO_31-25.06.2018","25.06.2018",2018,6,25,"BAETIDAE GEN. SP.",82
"ITA_025_MZB_LO_31","ITA_025_MZB_LO_31-25.06.2018","25.06.2018",2018,6,25,"CAENIDAE GEN. SP.",456
"ITA_025_MZB_LO_31","ITA_025_MZB_LO_31-25.06.2018","25.06.2018",2018,6,25,"CALOPTERYGIDAE GEN. SP.",6
"ITA_025_MZB_LO_31","ITA_025_MZB_LO_31-25.06.2018","25.06.2018",2018,6,25,"CERATOPOGONIDAE GEN. SP.",8
"ITA_025_MZB_LO_31","ITA_025_MZB_LO_31-25.06.2018","25.06.2018",2018,6,25,"CHIRONOMIDAE GEN. SP.",1246
"ITA_025_MZB_LO_31","ITA_025_MZB_LO_31-25.06.2018","25.06.2018",2018,6,25,"CORBICULIDAE GEN. SP.",6
"ITA_025_MZB_LO_31","ITA_025_MZB_LO_31-25.06.2018","25.06.2018",2018,6,25,"ELMIDAE GEN. SP.",6
"ITA_025_MZB_LO_31","ITA_025_MZB_LO_31-25.06.2018","25.06.2018",2018,6,25,"ERPOBDELLIDAE GEN. SP.",6
"ITA_025_MZB_LO_31","ITA_025_MZB_LO_31-25.06.2018","25.06.2018",2018,6,25,"HYDRACHNIDIA GEN. SP.",584
"ITA_025_MZB_LO_31","ITA_025_MZB_LO_31-25.06.2018","25.06.2018",2018,6,25,"HYDROPSYCHIDAE GEN. SP.",6
"ITA_025_MZB_LO_31","ITA_025_MZB_LO_31-25.06.2018","25.06.2018",2018,6,25,"LEPTOCERIDAE GEN. SP.",4
"ITA_025_MZB_LO_31","ITA_025_MZB_LO_31-25.06.2018","25.06.2018",2018,6,25,"NOTONECTIDAE GEN. SP.",2
"ITA_025_MZB_LO_31","ITA_025_MZB_LO_31-25.06.2018","25.06.2018",2018,6,25,"OLIGOCHAETA GEN. SP.",14
"ITA_025_MZB_LO_32","ITA_025_MZB_LO_32-25.03.2009","25.03.2009",2009,3,25,"ASELLIDAE GEN. SP.",46
"ITA_025_MZB_LO_32","ITA_025_MZB_LO_32-25.03.2009","25.03.2009",2009,3,25,"BAETIDAE GEN. SP.",118
"ITA_025_MZB_LO_32","ITA_025_MZB_LO_32-25.03.2009","25.03.2009",2009,3,25,"CHIRONOMIDAE GEN. SP.",414
"ITA_025_MZB_LO_32","ITA_025_MZB_LO_32-25.03.2009","25.03.2009",2009,3,25,"ERPOBDELLIDAE GEN. SP.",24
"ITA_025_MZB_LO_32","ITA_025_MZB_LO_32-25.03.2009","25.03.2009",2009,3,25,"GAMMARIDAE GEN. SP.",18
"ITA_025_MZB_LO_32","ITA_025_MZB_LO_32-25.03.2009","25.03.2009",2009,3,25,"GLOSSIPHONIIDAE GEN. SP.",2
"ITA_025_MZB_LO_32","ITA_025_MZB_LO_32-25.03.2009","25.03.2009",2009,3,25,"HYDROPSYCHIDAE GEN. SP.",8
"ITA_025_MZB_LO_32","ITA_025_MZB_LO_32-25.03.2009","25.03.2009",2009,3,25,"OLIGOCHAETA GEN. SP.",2736
"ITA_025_MZB_LO_32","ITA_025_MZB_LO_32-12.04.2012","12.04.2012",2012,4,12,"ASELLIDAE GEN. SP.",126
"ITA_025_MZB_LO_32","ITA_025_MZB_LO_32-12.04.2012","12.04.2012",2012,4,12,"BAETIDAE GEN. SP.",8
"ITA_025_MZB_LO_32","ITA_025_MZB_LO_32-12.04.2012","12.04.2012",2012,4,12,"CAENIDAE GEN. SP.",12
"ITA_025_MZB_LO_32","ITA_025_MZB_LO_32-12.04.2012","12.04.2012",2012,4,12,"CHIRONOMIDAE GEN. SP.",1148
"ITA_025_MZB_LO_32","ITA_025_MZB_LO_32-12.04.2012","12.04.2012",2012,4,12,"DYTISCIDAE GEN. SP.",4
"ITA_025_MZB_LO_32","ITA_025_MZB_LO_32-12.04.2012","12.04.2012",2012,4,12,"ERPOBDELLIDAE GEN. SP.",2
"ITA_025_MZB_LO_32","ITA_025_MZB_LO_32-12.04.2012","12.04.2012",2012,4,12,"GAMMARIDAE GEN. SP.",692
"ITA_025_MZB_LO_32","ITA_025_MZB_LO_32-12.04.2012","12.04.2012",2012,4,12,"HELOPHORUS SP.",2
"ITA_025_MZB_LO_32","ITA_025_MZB_LO_32-12.04.2012","12.04.2012",2012,4,12,"OLIGOCHAETA GEN. SP.",2052
"ITA_025_MZB_LO_32","ITA_025_MZB_LO_32-12.04.2012","12.04.2012",2012,4,12,"SIMULIIDAE GEN. SP.",34
"ITA_025_MZB_LO_32","ITA_025_MZB_LO_32-18.04.2013","18.04.2013",2013,4,18,"ASELLIDAE GEN. SP.",60
"ITA_025_MZB_LO_32","ITA_025_MZB_LO_32-18.04.2013","18.04.2013",2013,4,18,"BAETIDAE GEN. SP.",90
"ITA_025_MZB_LO_32","ITA_025_MZB_LO_32-18.04.2013","18.04.2013",2013,4,18,"CHIRONOMIDAE GEN. SP.",368
"ITA_025_MZB_LO_32","ITA_025_MZB_LO_32-18.04.2013","18.04.2013",2013,4,18,"CORBICULIDAE GEN. SP.",2
"ITA_025_MZB_LO_32","ITA_025_MZB_LO_32-18.04.2013","18.04.2013",2013,4,18,"DUGESIIDAE GEN. SP.",6
"ITA_025_MZB_LO_32","ITA_025_MZB_LO_32-18.04.2013","18.04.2013",2013,4,18,"EPHEMERELLIDAE GEN. SP.",2
"ITA_025_MZB_LO_32","ITA_025_MZB_LO_32-18.04.2013","18.04.2013",2013,4,18,"ERPOBDELLIDAE GEN. SP.",2
"ITA_025_MZB_LO_32","ITA_025_MZB_LO_32-18.04.2013","18.04.2013",2013,4,18,"GAMMARIDAE GEN. SP.",2204
"ITA_025_MZB_LO_32","ITA_025_MZB_LO_32-18.04.2013","18.04.2013",2013,4,18,"GLOSSIPHONIIDAE GEN. SP.",2
"ITA_025_MZB_LO_32","ITA_025_MZB_LO_32-18.04.2013","18.04.2013",2013,4,18,"HYDROPSYCHIDAE GEN. SP.",8
"ITA_025_MZB_LO_32","ITA_025_MZB_LO_32-18.04.2013","18.04.2013",2013,4,18,"OLIGOCHAETA GEN. SP.",3780
"ITA_025_MZB_LO_32","ITA_025_MZB_LO_32-18.04.2013","18.04.2013",2013,4,18,"SIMULIIDAE GEN. SP.",14
"ITA_025_MZB_LO_32","ITA_025_MZB_LO_32-11.03.2015","11.03.2015",2015,3,11,"ASELLIDAE GEN. SP.",2
"ITA_025_MZB_LO_32","ITA_025_MZB_LO_32-11.03.2015","11.03.2015",2015,3,11,"BAETIDAE GEN. SP.",304
"ITA_025_MZB_LO_32","ITA_025_MZB_LO_32-11.03.2015","11.03.2015",2015,3,11,"CHIRONOMIDAE GEN. SP.",286
"ITA_025_MZB_LO_32","ITA_025_MZB_LO_32-11.03.2015","11.03.2015",2015,3,11,"DUGESIIDAE GEN. SP.",2
"ITA_025_MZB_LO_32","ITA_025_MZB_LO_32-11.03.2015","11.03.2015",2015,3,11,"ERPOBDELLIDAE GEN. SP.",2
"ITA_025_MZB_LO_32","ITA_025_MZB_LO_32-11.03.2015","11.03.2015",2015,3,11,"GAMMARIDAE GEN. SP.",430
"ITA_025_MZB_LO_32","ITA_025_MZB_LO_32-11.03.2015","11.03.2015",2015,3,11,"HYDROPSYCHIDAE GEN. SP.",26
"ITA_025_MZB_LO_32","ITA_025_MZB_LO_32-11.03.2015","11.03.2015",2015,3,11,"OLIGOCHAETA GEN. SP.",4236
"ITA_025_MZB_LO_32","ITA_025_MZB_LO_32-28.03.2018","28.03.2018",2018,3,28,"ASELLIDAE GEN. SP.",124
"ITA_025_MZB_LO_32","ITA_025_MZB_LO_32-28.03.2018","28.03.2018",2018,3,28,"BAETIDAE GEN. SP.",488
"ITA_025_MZB_LO_32","ITA_025_MZB_LO_32-28.03.2018","28.03.2018",2018,3,28,"CAENIDAE GEN. SP.",4
"ITA_025_MZB_LO_32","ITA_025_MZB_LO_32-28.03.2018","28.03.2018",2018,3,28,"CALOPTERYGIDAE GEN. SP.",4
"ITA_025_MZB_LO_32","ITA_025_MZB_LO_32-28.03.2018","28.03.2018",2018,3,28,"CHIRONOMIDAE GEN. SP.",488
"ITA_025_MZB_LO_32","ITA_025_MZB_LO_32-28.03.2018","28.03.2018",2018,3,28,"CORBICULIDAE GEN. SP.",4
"ITA_025_MZB_LO_32","ITA_025_MZB_LO_32-28.03.2018","28.03.2018",2018,3,28,"DUGESIIDAE GEN. SP.",2
"ITA_025_MZB_LO_32","ITA_025_MZB_LO_32-28.03.2018","28.03.2018",2018,3,28,"ERPOBDELLIDAE GEN. SP.",52
"ITA_025_MZB_LO_32","ITA_025_MZB_LO_32-28.03.2018","28.03.2018",2018,3,28,"GAMMARIDAE GEN. SP.",1140
"ITA_025_MZB_LO_32","ITA_025_MZB_LO_32-28.03.2018","28.03.2018",2018,3,28,"GLOSSIPHONIIDAE GEN. SP.",8
"ITA_025_MZB_LO_32","ITA_025_MZB_LO_32-28.03.2018","28.03.2018",2018,3,28,"HYDROPSYCHIDAE GEN. SP.",48
"ITA_025_MZB_LO_32","ITA_025_MZB_LO_32-28.03.2018","28.03.2018",2018,3,28,"OLIGOCHAETA GEN. SP.",2040
"ITA_025_MZB_LO_32","ITA_025_MZB_LO_32-28.03.2018","28.03.2018",2018,3,28,"PLANORBIDAE GEN. SP.",2
"ITA_025_MZB_LO_32","ITA_025_MZB_LO_32-28.03.2018","28.03.2018",2018,3,28,"PLATYCNEMIDIDAE GEN. SP.",2
"ITA_025_MZB_LO_32","ITA_025_MZB_LO_32-28.03.2018","28.03.2018",2018,3,28,"SIMULIIDAE GEN. SP.",40
"ITA_025_MZB_LO_32","ITA_025_MZB_LO_32-28.03.2018","28.03.2018",2018,3,28,"SPHAERIIDAE GEN. SP.",2
"ITA_025_MZB_LO_33","ITA_025_MZB_LO_33-27.03.2009","27.03.2009",2009,3,27,"ASELLIDAE GEN. SP.",10
"ITA_025_MZB_LO_33","ITA_025_MZB_LO_33-27.03.2009","27.03.2009",2009,3,27,"BAETIDAE GEN. SP.",40
"ITA_025_MZB_LO_33","ITA_025_MZB_LO_33-27.03.2009","27.03.2009",2009,3,27,"CHIRONOMIDAE GEN. SP.",16
"ITA_025_MZB_LO_33","ITA_025_MZB_LO_33-27.03.2009","27.03.2009",2009,3,27,"ELMIDAE GEN. SP.",2
"ITA_025_MZB_LO_33","ITA_025_MZB_LO_33-27.03.2009","27.03.2009",2009,3,27,"ERPOBDELLIDAE GEN. SP.",2
"ITA_025_MZB_LO_33","ITA_025_MZB_LO_33-27.03.2009","27.03.2009",2009,3,27,"GAMMARIDAE GEN. SP.",8
"ITA_025_MZB_LO_33","ITA_025_MZB_LO_33-27.03.2009","27.03.2009",2009,3,27,"HYDROPSYCHIDAE GEN. SP.",2
"ITA_025_MZB_LO_33","ITA_025_MZB_LO_33-27.03.2009","27.03.2009",2009,3,27,"OLIGOCHAETA GEN. SP.",216
"ITA_025_MZB_LO_33","ITA_025_MZB_LO_33-10.04.2012","10.04.2012",2012,4,10,"ACROLOXIDAE GEN. SP.",2
"ITA_025_MZB_LO_33","ITA_025_MZB_LO_33-10.04.2012","10.04.2012",2012,4,10,"ASELLIDAE GEN. SP.",706
"ITA_025_MZB_LO_33","ITA_025_MZB_LO_33-10.04.2012","10.04.2012",2012,4,10,"CHIRONOMIDAE GEN. SP.",1566
"ITA_025_MZB_LO_33","ITA_025_MZB_LO_33-10.04.2012","10.04.2012",2012,4,10,"ERPOBDELLIDAE GEN. SP.",2
"ITA_025_MZB_LO_33","ITA_025_MZB_LO_33-10.04.2012","10.04.2012",2012,4,10,"GAMMARIDAE GEN. SP.",2392
"ITA_025_MZB_LO_33","ITA_025_MZB_LO_33-10.04.2012","10.04.2012",2012,4,10,"GLOSSIPHONIIDAE GEN. SP.",2
"ITA_025_MZB_LO_33","ITA_025_MZB_LO_33-10.04.2012","10.04.2012",2012,4,10,"GOMPHIDAE GEN. SP.",2
"ITA_025_MZB_LO_33","ITA_025_MZB_LO_33-10.04.2012","10.04.2012",2012,4,10,"HEPTAGENIIDAE GEN. SP.",2
"ITA_025_MZB_LO_33","ITA_025_MZB_LO_33-10.04.2012","10.04.2012",2012,4,10,"HYDROPSYCHIDAE GEN. SP.",4
"ITA_025_MZB_LO_33","ITA_025_MZB_LO_33-10.04.2012","10.04.2012",2012,4,10,"OLIGOCHAETA GEN. SP.",1554
"ITA_025_MZB_LO_33","ITA_025_MZB_LO_33-17.04.2013","17.04.2013",2013,4,17,"ASELLIDAE GEN. SP.",28
"ITA_025_MZB_LO_33","ITA_025_MZB_LO_33-17.04.2013","17.04.2013",2013,4,17,"BAETIDAE GEN. SP.",62
"ITA_025_MZB_LO_33","ITA_025_MZB_LO_33-17.04.2013","17.04.2013",2013,4,17,"CAENIDAE GEN. SP.",2
"ITA_025_MZB_LO_33","ITA_025_MZB_LO_33-17.04.2013","17.04.2013",2013,4,17,"CHIRONOMIDAE GEN. SP.",318
"ITA_025_MZB_LO_33","ITA_025_MZB_LO_33-17.04.2013","17.04.2013",2013,4,17,"GAMMARIDAE GEN. SP.",1240
"ITA_025_MZB_LO_33","ITA_025_MZB_LO_33-17.04.2013","17.04.2013",2013,4,17,"OLIGOCHAETA GEN. SP.",1432
"ITA_025_MZB_LO_33","ITA_025_MZB_LO_33-23.03.2015","23.03.2015",2015,3,23,"ASELLIDAE GEN. SP.",16
"ITA_025_MZB_LO_33","ITA_025_MZB_LO_33-23.03.2015","23.03.2015",2015,3,23,"BAETIDAE GEN. SP.",30
"ITA_025_MZB_LO_33","ITA_025_MZB_LO_33-23.03.2015","23.03.2015",2015,3,23,"CAENIDAE GEN. SP.",6
"ITA_025_MZB_LO_33","ITA_025_MZB_LO_33-23.03.2015","23.03.2015",2015,3,23,"CHIRONOMIDAE GEN. SP.",26
"ITA_025_MZB_LO_33","ITA_025_MZB_LO_33-23.03.2015","23.03.2015",2015,3,23,"DENDROCOELIDAE GEN. SP.",2
"ITA_025_MZB_LO_33","ITA_025_MZB_LO_33-23.03.2015","23.03.2015",2015,3,23,"ERPOBDELLIDAE GEN. SP.",4
"ITA_025_MZB_LO_33","ITA_025_MZB_LO_33-23.03.2015","23.03.2015",2015,3,23,"GAMMARIDAE GEN. SP.",2100
"ITA_025_MZB_LO_33","ITA_025_MZB_LO_33-23.03.2015","23.03.2015",2015,3,23,"OLIGOCHAETA GEN. SP.",2422
"ITA_025_MZB_LO_33","ITA_025_MZB_LO_33-27.03.2018","27.03.2018",2018,3,27,"ASELLIDAE GEN. SP.",2
"ITA_025_MZB_LO_33","ITA_025_MZB_LO_33-27.03.2018","27.03.2018",2018,3,27,"BAETIDAE GEN. SP.",18
"ITA_025_MZB_LO_33","ITA_025_MZB_LO_33-27.03.2018","27.03.2018",2018,3,27,"CHIRONOMIDAE GEN. SP.",6
"ITA_025_MZB_LO_33","ITA_025_MZB_LO_33-27.03.2018","27.03.2018",2018,3,27,"GAMMARIDAE GEN. SP.",180
"ITA_025_MZB_LO_33","ITA_025_MZB_LO_33-27.03.2018","27.03.2018",2018,3,27,"GLOSSIPHONIIDAE GEN. SP.",2
"ITA_025_MZB_LO_33","ITA_025_MZB_LO_33-27.03.2018","27.03.2018",2018,3,27,"HYDROPSYCHIDAE GEN. SP.",2
"ITA_025_MZB_LO_33","ITA_025_MZB_LO_33-27.03.2018","27.03.2018",2018,3,27,"MERMITHIDAE GEN. SP.",2
"ITA_025_MZB_LO_33","ITA_025_MZB_LO_33-27.03.2018","27.03.2018",2018,3,27,"OLIGOCHAETA GEN. SP.",220
"ITA_025_MZB_LO_8","ITA_025_MZB_LO_8-24.06.2009","24.06.2009",2009,6,24,"ASELLIDAE GEN. SP.",14
"ITA_025_MZB_LO_8","ITA_025_MZB_LO_8-24.06.2009","24.06.2009",2009,6,24,"BAETIDAE GEN. SP.",112
"ITA_025_MZB_LO_8","ITA_025_MZB_LO_8-24.06.2009","24.06.2009",2009,6,24,"CAENIDAE GEN. SP.",352
"ITA_025_MZB_LO_8","ITA_025_MZB_LO_8-24.06.2009","24.06.2009",2009,6,24,"CHIRONOMIDAE GEN. SP.",48
"ITA_025_MZB_LO_8","ITA_025_MZB_LO_8-24.06.2009","24.06.2009",2009,6,24,"DUGESIIDAE GEN. SP.",2
"ITA_025_MZB_LO_8","ITA_025_MZB_LO_8-24.06.2009","24.06.2009",2009,6,24,"EPHEMERELLIDAE GEN. SP.",22
"ITA_025_MZB_LO_8","ITA_025_MZB_LO_8-24.06.2009","24.06.2009",2009,6,24,"ERPOBDELLIDAE GEN. SP.",6
"ITA_025_MZB_LO_8","ITA_025_MZB_LO_8-24.06.2009","24.06.2009",2009,6,24,"HYDROPSYCHIDAE GEN. SP.",60
"ITA_025_MZB_LO_8","ITA_025_MZB_LO_8-24.06.2009","24.06.2009",2009,6,24,"LEPTOPHLEBIIDAE GEN. SP.",10
"ITA_025_MZB_LO_8","ITA_025_MZB_LO_8-24.06.2009","24.06.2009",2009,6,24,"OLIGOCHAETA GEN. SP.",40
"ITA_025_MZB_LO_8","ITA_025_MZB_LO_8-24.06.2009","24.06.2009",2009,6,24,"RHYACOPHILIDAE GEN. SP.",8
"ITA_025_MZB_LO_8","ITA_025_MZB_LO_8-05.06.2012","05.06.2012",2012,6,5,"BAETIDAE GEN. SP.",270
"ITA_025_MZB_LO_8","ITA_025_MZB_LO_8-05.06.2012","05.06.2012",2012,6,5,"CAENIDAE GEN. SP.",136
"ITA_025_MZB_LO_8","ITA_025_MZB_LO_8-05.06.2012","05.06.2012",2012,6,5,"CERATOPOGONIDAE GEN. SP.",4
"ITA_025_MZB_LO_8","ITA_025_MZB_LO_8-05.06.2012","05.06.2012",2012,6,5,"CHIRONOMIDAE GEN. SP.",240
"ITA_025_MZB_LO_8","ITA_025_MZB_LO_8-05.06.2012","05.06.2012",2012,6,5,"EPHEMERELLIDAE GEN. SP.",8
"ITA_025_MZB_LO_8","ITA_025_MZB_LO_8-05.06.2012","05.06.2012",2012,6,5,"OLIGOCHAETA GEN. SP.",20
"ITA_025_MZB_LO_8","ITA_025_MZB_LO_8-05.06.2012","05.06.2012",2012,6,5,"SCIRTIDAE GEN. SP.",2
"ITA_025_MZB_LO_8","ITA_025_MZB_LO_8-05.06.2012","05.06.2012",2012,6,5,"SIMULIIDAE GEN. SP.",560
"ITA_025_MZB_LO_8","ITA_025_MZB_LO_8-28.06.2013","28.06.2013",2013,6,28,"BAETIDAE GEN. SP.",2716
"ITA_025_MZB_LO_8","ITA_025_MZB_LO_8-28.06.2013","28.06.2013",2013,6,28,"BERAEIDAE GEN. SP.",2
"ITA_025_MZB_LO_8","ITA_025_MZB_LO_8-28.06.2013","28.06.2013",2013,6,28,"CAENIDAE GEN. SP.",130
"ITA_025_MZB_LO_8","ITA_025_MZB_LO_8-28.06.2013","28.06.2013",2013,6,28,"CERATOPOGONIDAE GEN. SP.",8
"ITA_025_MZB_LO_8","ITA_025_MZB_LO_8-28.06.2013","28.06.2013",2013,6,28,"CHIRONOMIDAE GEN. SP.",1042
"ITA_025_MZB_LO_8","ITA_025_MZB_LO_8-28.06.2013","28.06.2013",2013,6,28,"ERPOBDELLIDAE GEN. SP.",6
"ITA_025_MZB_LO_8","ITA_025_MZB_LO_8-28.06.2013","28.06.2013",2013,6,28,"GOMPHIDAE GEN. SP.",2
"ITA_025_MZB_LO_8","ITA_025_MZB_LO_8-28.06.2013","28.06.2013",2013,6,28,"HYDRACHNIDIA GEN. SP.",24
"ITA_025_MZB_LO_8","ITA_025_MZB_LO_8-28.06.2013","28.06.2013",2013,6,28,"HYDROPSYCHIDAE GEN. SP.",2
"ITA_025_MZB_LO_8","ITA_025_MZB_LO_8-28.06.2013","28.06.2013",2013,6,28,"LEPTOPHLEBIIDAE GEN. SP.",16
"ITA_025_MZB_LO_8","ITA_025_MZB_LO_8-28.06.2013","28.06.2013",2013,6,28,"OLIGOCHAETA GEN. SP.",32
"ITA_025_MZB_LO_8","ITA_025_MZB_LO_8-28.06.2013","28.06.2013",2013,6,28,"PHYSIDAE GEN. SP.",2
"ITA_025_MZB_LO_8","ITA_025_MZB_LO_8-28.06.2013","28.06.2013",2013,6,28,"RHYACOPHILIDAE GEN. SP.",18
"ITA_025_MZB_LO_8","ITA_025_MZB_LO_8-28.06.2013","28.06.2013",2013,6,28,"SIMULIIDAE GEN. SP.",1488
"ITA_025_MZB_LO_8","ITA_025_MZB_LO_8-23.06.2014","23.06.2014",2014,6,23,"BAETIDAE GEN. SP.",448
"ITA_025_MZB_LO_8","ITA_025_MZB_LO_8-23.06.2014","23.06.2014",2014,6,23,"CAENIDAE GEN. SP.",262
"ITA_025_MZB_LO_8","ITA_025_MZB_LO_8-23.06.2014","23.06.2014",2014,6,23,"CHIRONOMIDAE GEN. SP.",692
"ITA_025_MZB_LO_8","ITA_025_MZB_LO_8-23.06.2014","23.06.2014",2014,6,23,"EPHEMERELLIDAE GEN. SP.",10
"ITA_025_MZB_LO_8","ITA_025_MZB_LO_8-23.06.2014","23.06.2014",2014,6,23,"HYDRACHNIDIA GEN. SP.",572
"ITA_025_MZB_LO_8","ITA_025_MZB_LO_8-23.06.2014","23.06.2014",2014,6,23,"HYDROPSYCHIDAE GEN. SP.",10
"ITA_025_MZB_LO_8","ITA_025_MZB_LO_8-23.06.2014","23.06.2014",2014,6,23,"HYDROPTILIDAE GEN. SP.",84
"ITA_025_MZB_LO_8","ITA_025_MZB_LO_8-23.06.2014","23.06.2014",2014,6,23,"OLIGOCHAETA GEN. SP.",16
"ITA_025_MZB_LO_8","ITA_025_MZB_LO_8-23.06.2014","23.06.2014",2014,6,23,"RHYACOPHILIDAE GEN. SP.",12
"ITA_025_MZB_LO_8","ITA_025_MZB_LO_8-23.06.2014","23.06.2014",2014,6,23,"SIMULIIDAE GEN. SP.",12
"ITA_025_MZB_LO_8","ITA_025_MZB_LO_8-15.06.2015","15.06.2015",2015,6,15,"ANTHOMYIIDAE GEN. SP.",6
"ITA_025_MZB_LO_8","ITA_025_MZB_LO_8-15.06.2015","15.06.2015",2015,6,15,"ASELLIDAE GEN. SP.",4
"ITA_025_MZB_LO_8","ITA_025_MZB_LO_8-15.06.2015","15.06.2015",2015,6,15,"BAETIDAE GEN. SP.",72
"ITA_025_MZB_LO_8","ITA_025_MZB_LO_8-15.06.2015","15.06.2015",2015,6,15,"CAENIDAE GEN. SP.",22
"ITA_025_MZB_LO_8","ITA_025_MZB_LO_8-15.06.2015","15.06.2015",2015,6,15,"CHIRONOMIDAE GEN. SP.",344
"ITA_025_MZB_LO_8","ITA_025_MZB_LO_8-15.06.2015","15.06.2015",2015,6,15,"DYTISCIDAE GEN. SP.",2
"ITA_025_MZB_LO_8","ITA_025_MZB_LO_8-15.06.2015","15.06.2015",2015,6,15,"EMPIDIDAE GEN. SP.",2
"ITA_025_MZB_LO_8","ITA_025_MZB_LO_8-15.06.2015","15.06.2015",2015,6,15,"EPHEMERELLIDAE GEN. SP.",10
"ITA_025_MZB_LO_8","ITA_025_MZB_LO_8-15.06.2015","15.06.2015",2015,6,15,"ERPOBDELLIDAE GEN. SP.",6
"ITA_025_MZB_LO_8","ITA_025_MZB_LO_8-15.06.2015","15.06.2015",2015,6,15,"HYDRACHNIDIA GEN. SP.",210
"ITA_025_MZB_LO_8","ITA_025_MZB_LO_8-15.06.2015","15.06.2015",2015,6,15,"HYDROPTILIDAE GEN. SP.",2
"ITA_025_MZB_LO_8","ITA_025_MZB_LO_8-15.06.2015","15.06.2015",2015,6,15,"LEUCTRIDAE GEN. SP.",2
"ITA_025_MZB_LO_8","ITA_025_MZB_LO_8-15.06.2015","15.06.2015",2015,6,15,"OLIGOCHAETA GEN. SP.",46
"ITA_025_MZB_LO_8","ITA_025_MZB_LO_8-15.06.2015","15.06.2015",2015,6,15,"PHYSIDAE GEN. SP.",4
"ITA_025_MZB_LO_8","ITA_025_MZB_LO_8-15.06.2015","15.06.2015",2015,6,15,"PSYCHODIDAE GEN. SP.",6
"ITA_025_MZB_LO_8","ITA_025_MZB_LO_8-15.06.2015","15.06.2015",2015,6,15,"RHYACOPHILIDAE GEN. SP.",2
"ITA_025_MZB_LO_8","ITA_025_MZB_LO_8-15.06.2015","15.06.2015",2015,6,15,"SIMULIIDAE GEN. SP.",74
"ITA_025_MZB_LO_8","ITA_025_MZB_LO_8-27.06.2018","27.06.2018",2018,6,27,"ASELLIDAE GEN. SP.",12
"ITA_025_MZB_LO_8","ITA_025_MZB_LO_8-27.06.2018","27.06.2018",2018,6,27,"BAETIDAE GEN. SP.",282
"ITA_025_MZB_LO_8","ITA_025_MZB_LO_8-27.06.2018","27.06.2018",2018,6,27,"CAENIDAE GEN. SP.",284
"ITA_025_MZB_LO_8","ITA_025_MZB_LO_8-27.06.2018","27.06.2018",2018,6,27,"CHIRONOMIDAE GEN. SP.",66
"ITA_025_MZB_LO_8","ITA_025_MZB_LO_8-27.06.2018","27.06.2018",2018,6,27,"EPHEMERELLIDAE GEN. SP.",14
"ITA_025_MZB_LO_8","ITA_025_MZB_LO_8-27.06.2018","27.06.2018",2018,6,27,"ERPOBDELLIDAE GEN. SP.",10
"ITA_025_MZB_LO_8","ITA_025_MZB_LO_8-27.06.2018","27.06.2018",2018,6,27,"GOMPHIDAE GEN. SP.",6
"ITA_025_MZB_LO_8","ITA_025_MZB_LO_8-27.06.2018","27.06.2018",2018,6,27,"HYDRACHNIDIA GEN. SP.",258
"ITA_025_MZB_LO_8","ITA_025_MZB_LO_8-27.06.2018","27.06.2018",2018,6,27,"HYDROPSYCHIDAE GEN. SP.",12
"ITA_025_MZB_LO_8","ITA_025_MZB_LO_8-27.06.2018","27.06.2018",2018,6,27,"HYDROPTILIDAE GEN. SP.",4
"ITA_025_MZB_LO_8","ITA_025_MZB_LO_8-27.06.2018","27.06.2018",2018,6,27,"LEPIDOSTOMATIDAE GEN. SP.",6
"ITA_025_MZB_LO_8","ITA_025_MZB_LO_8-27.06.2018","27.06.2018",2018,6,27,"LEPTOCERIDAE GEN. SP.",2
"ITA_025_MZB_LO_8","ITA_025_MZB_LO_8-27.06.2018","27.06.2018",2018,6,27,"OLIGOCHAETA GEN. SP.",24
"ITA_025_MZB_LO_8","ITA_025_MZB_LO_8-27.06.2018","27.06.2018",2018,6,27,"RHYACOPHILIDAE GEN. SP.",24
"ITA_025_MZB_LO_8","ITA_025_MZB_LO_8-27.06.2018","27.06.2018",2018,6,27,"SIMULIIDAE GEN. SP.",36
"ITA_025_MZB_LO_8","ITA_025_MZB_LO_8-27.06.2018","27.06.2018",2018,6,27,"TIPULIDAE GEN. SP.",2
