"Unique.ID","Samp.ID","Sampling.date","year","month","day","Taxon.name","Abundance"
"NLD_005_MZB_LO_1","NLD_005_MZB_LO_1-29.08.1990","29.08.1990",1990,8,29,"ASELLIDAE GEN. SP.",4
"NLD_005_MZB_LO_1","NLD_005_MZB_LO_1-29.08.1990","29.08.1990",1990,8,29,"BAETIS SP.",2
"NLD_005_MZB_LO_1","NLD_005_MZB_LO_1-29.08.1990","29.08.1990",1990,8,29,"BITHYNIA SP.",2
"NLD_005_MZB_LO_1","NLD_005_MZB_LO_1-29.08.1990","29.08.1990",1990,8,29,"CHIRONOMIDAE GEN. SP.",2
"NLD_005_MZB_LO_1","NLD_005_MZB_LO_1-29.08.1990","29.08.1990",1990,8,29,"DYTISCIDAE GEN. SP.",11
"NLD_005_MZB_LO_1","NLD_005_MZB_LO_1-29.08.1990","29.08.1990",1990,8,29,"ERPOBDELLA SP.",1
"NLD_005_MZB_LO_1","NLD_005_MZB_LO_1-29.08.1990","29.08.1990",1990,8,29,"HYDROPSYCHIDAE GEN. SP.",51
"NLD_005_MZB_LO_1","NLD_005_MZB_LO_1-29.08.1990","29.08.1990",1990,8,29,"LYMNAEA SP.",11
"NLD_005_MZB_LO_1","NLD_005_MZB_LO_1-29.08.1990","29.08.1990",1990,8,29,"MUSCIDAE GEN. SP.",3
"NLD_005_MZB_LO_1","NLD_005_MZB_LO_1-29.08.1990","29.08.1990",1990,8,29,"OLIGOCHAETA GEN. SP.",1
"NLD_005_MZB_LO_1","NLD_005_MZB_LO_1-29.08.1990","29.08.1990",1990,8,29,"PLANORBIDAE GEN. SP.",2
"NLD_005_MZB_LO_1","NLD_005_MZB_LO_1-29.08.1990","29.08.1990",1990,8,29,"SIMULIIDAE GEN. SP.",2
"NLD_005_MZB_LO_1","NLD_005_MZB_LO_1-29.08.1990","29.08.1990",1990,8,29,"SPHAERIUM SP.",11
"NLD_005_MZB_LO_1","NLD_005_MZB_LO_1-29.08.1990","29.08.1990",1990,8,29,"TABANIDAE GEN. SP.",1
"NLD_005_MZB_LO_1","NLD_005_MZB_LO_1-29.09.1992","29.09.1992",1992,9,29,"ASELLIDAE GEN. SP.",2
"NLD_005_MZB_LO_1","NLD_005_MZB_LO_1-29.09.1992","29.09.1992",1992,9,29,"BAETIS SP.",11
"NLD_005_MZB_LO_1","NLD_005_MZB_LO_1-29.09.1992","29.09.1992",1992,9,29,"BITHYNIA SP.",2
"NLD_005_MZB_LO_1","NLD_005_MZB_LO_1-29.09.1992","29.09.1992",1992,9,29,"CALOPTERYX SP.",2
"NLD_005_MZB_LO_1","NLD_005_MZB_LO_1-29.09.1992","29.09.1992",1992,9,29,"CENTROPTILUM SP.",1
"NLD_005_MZB_LO_1","NLD_005_MZB_LO_1-29.09.1992","29.09.1992",1992,9,29,"CHIRONOMIDAE GEN. SP.",11
"NLD_005_MZB_LO_1","NLD_005_MZB_LO_1-29.09.1992","29.09.1992",1992,9,29,"ERPOBDELLA SP.",11
"NLD_005_MZB_LO_1","NLD_005_MZB_LO_1-29.09.1992","29.09.1992",1992,9,29,"GLOSSIPHONIA SP.",11
"NLD_005_MZB_LO_1","NLD_005_MZB_LO_1-29.09.1992","29.09.1992",1992,9,29,"HALIPLIDAE GEN. SP.",2
"NLD_005_MZB_LO_1","NLD_005_MZB_LO_1-29.09.1992","29.09.1992",1992,9,29,"HELOBDELLA SP.",2
"NLD_005_MZB_LO_1","NLD_005_MZB_LO_1-29.09.1992","29.09.1992",1992,9,29,"HYDROPSYCHIDAE GEN. SP.",11
"NLD_005_MZB_LO_1","NLD_005_MZB_LO_1-29.09.1992","29.09.1992",1992,9,29,"LEPTOCERIDAE GEN. SP.",2
"NLD_005_MZB_LO_1","NLD_005_MZB_LO_1-29.09.1992","29.09.1992",1992,9,29,"LYMNAEA SP.",51
"NLD_005_MZB_LO_1","NLD_005_MZB_LO_1-29.09.1992","29.09.1992",1992,9,29,"NEHALENNIA SP.",1
"NLD_005_MZB_LO_1","NLD_005_MZB_LO_1-29.09.1992","29.09.1992",1992,9,29,"OLIGOCHAETA GEN. SP.",11
"NLD_005_MZB_LO_1","NLD_005_MZB_LO_1-29.09.1992","29.09.1992",1992,9,29,"PHYSA SP.",1
"NLD_005_MZB_LO_1","NLD_005_MZB_LO_1-29.09.1992","29.09.1992",1992,9,29,"PISIDIUM SP.",2
"NLD_005_MZB_LO_1","NLD_005_MZB_LO_1-29.09.1992","29.09.1992",1992,9,29,"PLANORBIDAE GEN. SP.",15
"NLD_005_MZB_LO_1","NLD_005_MZB_LO_1-29.09.1992","29.09.1992",1992,9,29,"SIALIS SP.",1
"NLD_005_MZB_LO_1","NLD_005_MZB_LO_1-29.09.1992","29.09.1992",1992,9,29,"SIGARA SP.",1
"NLD_005_MZB_LO_1","NLD_005_MZB_LO_1-29.09.1992","29.09.1992",1992,9,29,"SPHAERIUM SP.",11
"NLD_005_MZB_LO_1","NLD_005_MZB_LO_1-29.09.1992","29.09.1992",1992,9,29,"STRATIOMYIDAE GEN. SP.",1
"NLD_005_MZB_LO_1","NLD_005_MZB_LO_1-29.09.1992","29.09.1992",1992,9,29,"THEROMYZON SP.",1
"NLD_005_MZB_LO_1","NLD_005_MZB_LO_1-29.09.1992","29.09.1992",1992,9,29,"VALVATA SP.",2
"NLD_005_MZB_LO_1","NLD_005_MZB_LO_1-31.08.1994","31.08.1994",1994,8,31,"BAETIS SP.",51
"NLD_005_MZB_LO_1","NLD_005_MZB_LO_1-31.08.1994","31.08.1994",1994,8,31,"BITHYNIA SP.",2
"NLD_005_MZB_LO_1","NLD_005_MZB_LO_1-31.08.1994","31.08.1994",1994,8,31,"CALOPTERYX SP.",2
"NLD_005_MZB_LO_1","NLD_005_MZB_LO_1-31.08.1994","31.08.1994",1994,8,31,"CHIRONOMIDAE GEN. SP.",101
"NLD_005_MZB_LO_1","NLD_005_MZB_LO_1-31.08.1994","31.08.1994",1994,8,31,"CLOEON SP.",2
"NLD_005_MZB_LO_1","NLD_005_MZB_LO_1-31.08.1994","31.08.1994",1994,8,31,"ERPOBDELLA SP.",2
"NLD_005_MZB_LO_1","NLD_005_MZB_LO_1-31.08.1994","31.08.1994",1994,8,31,"HALIPLIDAE GEN. SP.",2
"NLD_005_MZB_LO_1","NLD_005_MZB_LO_1-31.08.1994","31.08.1994",1994,8,31,"HYDRAENIDAE GEN. SP.",1
"NLD_005_MZB_LO_1","NLD_005_MZB_LO_1-31.08.1994","31.08.1994",1994,8,31,"HYDROPSYCHIDAE GEN. SP.",11
"NLD_005_MZB_LO_1","NLD_005_MZB_LO_1-31.08.1994","31.08.1994",1994,8,31,"HYDROPTILIDAE GEN. SP.",11
"NLD_005_MZB_LO_1","NLD_005_MZB_LO_1-31.08.1994","31.08.1994",1994,8,31,"LIMONIIDAE GEN. SP.",2
"NLD_005_MZB_LO_1","NLD_005_MZB_LO_1-31.08.1994","31.08.1994",1994,8,31,"LYMNAEA SP.",2
"NLD_005_MZB_LO_1","NLD_005_MZB_LO_1-31.08.1994","31.08.1994",1994,8,31,"OLIGOCHAETA GEN. SP.",13
"NLD_005_MZB_LO_1","NLD_005_MZB_LO_1-31.08.1994","31.08.1994",1994,8,31,"PLANORBIDAE GEN. SP.",2
"NLD_005_MZB_LO_1","NLD_005_MZB_LO_1-31.08.1994","31.08.1994",1994,8,31,"SIGARA SP.",1
"NLD_005_MZB_LO_1","NLD_005_MZB_LO_1-31.08.1994","31.08.1994",1994,8,31,"SIMULIIDAE GEN. SP.",51
"NLD_005_MZB_LO_1","NLD_005_MZB_LO_1-31.08.1994","31.08.1994",1994,8,31,"SPHAERIUM SP.",2
"NLD_005_MZB_LO_1","NLD_005_MZB_LO_1-02.10.1996","02.10.1996",1996,10,2,"BAETIS SP.",51
"NLD_005_MZB_LO_1","NLD_005_MZB_LO_1-02.10.1996","02.10.1996",1996,10,2,"CALOPTERYX SP.",1
"NLD_005_MZB_LO_1","NLD_005_MZB_LO_1-02.10.1996","02.10.1996",1996,10,2,"CHIRONOMIDAE GEN. SP.",13
"NLD_005_MZB_LO_1","NLD_005_MZB_LO_1-02.10.1996","02.10.1996",1996,10,2,"ERPOBDELLA SP.",2
"NLD_005_MZB_LO_1","NLD_005_MZB_LO_1-02.10.1996","02.10.1996",1996,10,2,"GAMMARIDAE GEN. SP.",11
"NLD_005_MZB_LO_1","NLD_005_MZB_LO_1-02.10.1996","02.10.1996",1996,10,2,"HELOBDELLA SP.",1
"NLD_005_MZB_LO_1","NLD_005_MZB_LO_1-02.10.1996","02.10.1996",1996,10,2,"HYDRACHNIDIA GEN. SP.",2
"NLD_005_MZB_LO_1","NLD_005_MZB_LO_1-02.10.1996","02.10.1996",1996,10,2,"HYDROPSYCHIDAE GEN. SP.",51
"NLD_005_MZB_LO_1","NLD_005_MZB_LO_1-02.10.1996","02.10.1996",1996,10,2,"LEPTOCERIDAE GEN. SP.",2
"NLD_005_MZB_LO_1","NLD_005_MZB_LO_1-02.10.1996","02.10.1996",1996,10,2,"LYMNAEA SP.",11
"NLD_005_MZB_LO_1","NLD_005_MZB_LO_1-02.10.1996","02.10.1996",1996,10,2,"MUSCIDAE GEN. SP.",1
"NLD_005_MZB_LO_1","NLD_005_MZB_LO_1-02.10.1996","02.10.1996",1996,10,2,"OLIGOCHAETA GEN. SP.",11
"NLD_005_MZB_LO_1","NLD_005_MZB_LO_1-02.10.1996","02.10.1996",1996,10,2,"PHYSA SP.",11
"NLD_005_MZB_LO_1","NLD_005_MZB_LO_1-02.10.1996","02.10.1996",1996,10,2,"PISIDIUM SP.",2
"NLD_005_MZB_LO_1","NLD_005_MZB_LO_1-02.10.1996","02.10.1996",1996,10,2,"PLANORBIDAE GEN. SP.",4
"NLD_005_MZB_LO_1","NLD_005_MZB_LO_1-02.10.1996","02.10.1996",1996,10,2,"PSYCHODIDAE GEN. SP.",2
"NLD_005_MZB_LO_1","NLD_005_MZB_LO_1-02.10.1996","02.10.1996",1996,10,2,"SCIRTIDAE GEN. SP.",11
"NLD_005_MZB_LO_1","NLD_005_MZB_LO_1-02.10.1996","02.10.1996",1996,10,2,"SIGARA SP.",1
"NLD_005_MZB_LO_1","NLD_005_MZB_LO_1-02.10.1996","02.10.1996",1996,10,2,"SIMULIIDAE GEN. SP.",11
"NLD_005_MZB_LO_1","NLD_005_MZB_LO_1-02.10.1996","02.10.1996",1996,10,2,"SPHAERIUM SP.",2
"NLD_005_MZB_LO_1","NLD_005_MZB_LO_1-02.10.1996","02.10.1996",1996,10,2,"TABANIDAE GEN. SP.",1
"NLD_005_MZB_LO_1","NLD_005_MZB_LO_1-02.10.1996","02.10.1996",1996,10,2,"TIPULIDAE GEN. SP.",2
"NLD_005_MZB_LO_1","NLD_005_MZB_LO_1-02.10.1997","02.10.1997",1997,10,2,"ASELLIDAE GEN. SP.",2
"NLD_005_MZB_LO_1","NLD_005_MZB_LO_1-02.10.1997","02.10.1997",1997,10,2,"BAETIS SP.",11
"NLD_005_MZB_LO_1","NLD_005_MZB_LO_1-02.10.1997","02.10.1997",1997,10,2,"CAENIS SP.",1
"NLD_005_MZB_LO_1","NLD_005_MZB_LO_1-02.10.1997","02.10.1997",1997,10,2,"CALOPTERYX SP.",2
"NLD_005_MZB_LO_1","NLD_005_MZB_LO_1-02.10.1997","02.10.1997",1997,10,2,"CHIRONOMIDAE GEN. SP.",11
"NLD_005_MZB_LO_1","NLD_005_MZB_LO_1-02.10.1997","02.10.1997",1997,10,2,"DUGESIA SP.",2
"NLD_005_MZB_LO_1","NLD_005_MZB_LO_1-02.10.1997","02.10.1997",1997,10,2,"ELMIDAE GEN. SP.",2
"NLD_005_MZB_LO_1","NLD_005_MZB_LO_1-02.10.1997","02.10.1997",1997,10,2,"ERPOBDELLA SP.",2
"NLD_005_MZB_LO_1","NLD_005_MZB_LO_1-02.10.1997","02.10.1997",1997,10,2,"GAMMARIDAE GEN. SP.",11
"NLD_005_MZB_LO_1","NLD_005_MZB_LO_1-02.10.1997","02.10.1997",1997,10,2,"HELOBDELLA SP.",2
"NLD_005_MZB_LO_1","NLD_005_MZB_LO_1-02.10.1997","02.10.1997",1997,10,2,"HESPEROCORIXA SP.",1
"NLD_005_MZB_LO_1","NLD_005_MZB_LO_1-02.10.1997","02.10.1997",1997,10,2,"HYDROPSYCHIDAE GEN. SP.",11
"NLD_005_MZB_LO_1","NLD_005_MZB_LO_1-02.10.1997","02.10.1997",1997,10,2,"HYDROPTILIDAE GEN. SP.",2
"NLD_005_MZB_LO_1","NLD_005_MZB_LO_1-02.10.1997","02.10.1997",1997,10,2,"ISCHNURA SP.",2
"NLD_005_MZB_LO_1","NLD_005_MZB_LO_1-02.10.1997","02.10.1997",1997,10,2,"LEPTOCERIDAE GEN. SP.",2
"NLD_005_MZB_LO_1","NLD_005_MZB_LO_1-02.10.1997","02.10.1997",1997,10,2,"LYMNAEA SP.",2
"NLD_005_MZB_LO_1","NLD_005_MZB_LO_1-02.10.1997","02.10.1997",1997,10,2,"OLIGOCHAETA GEN. SP.",11
"NLD_005_MZB_LO_1","NLD_005_MZB_LO_1-02.10.1997","02.10.1997",1997,10,2,"PHYSA SP.",2
"NLD_005_MZB_LO_1","NLD_005_MZB_LO_1-02.10.1997","02.10.1997",1997,10,2,"PISIDIUM SP.",2
"NLD_005_MZB_LO_1","NLD_005_MZB_LO_1-02.10.1997","02.10.1997",1997,10,2,"PLANORBIDAE GEN. SP.",4
"NLD_005_MZB_LO_1","NLD_005_MZB_LO_1-02.10.1997","02.10.1997",1997,10,2,"PLATYCNEMIS SP.",2
"NLD_005_MZB_LO_1","NLD_005_MZB_LO_1-02.10.1997","02.10.1997",1997,10,2,"POLYCENTROPODIDAE GEN. SP.",1
"NLD_005_MZB_LO_1","NLD_005_MZB_LO_1-02.10.1997","02.10.1997",1997,10,2,"SIALIS SP.",1
"NLD_005_MZB_LO_1","NLD_005_MZB_LO_1-02.10.1997","02.10.1997",1997,10,2,"SIGARA SP.",1
"NLD_005_MZB_LO_1","NLD_005_MZB_LO_1-02.10.1997","02.10.1997",1997,10,2,"SIMULIIDAE GEN. SP.",2
"NLD_005_MZB_LO_1","NLD_005_MZB_LO_1-02.10.1997","02.10.1997",1997,10,2,"SPHAERIUM SP.",1
"NLD_005_MZB_LO_1","NLD_005_MZB_LO_1-02.10.1997","02.10.1997",1997,10,2,"STRATIOMYIDAE GEN. SP.",1
"NLD_005_MZB_LO_1","NLD_005_MZB_LO_1-01.09.1998","01.09.1998",1998,9,1,"BAETIS SP.",101
"NLD_005_MZB_LO_1","NLD_005_MZB_LO_1-01.09.1998","01.09.1998",1998,9,1,"CALOPTERYX SP.",1
"NLD_005_MZB_LO_1","NLD_005_MZB_LO_1-01.09.1998","01.09.1998",1998,9,1,"CHIRONOMIDAE GEN. SP.",51
"NLD_005_MZB_LO_1","NLD_005_MZB_LO_1-01.09.1998","01.09.1998",1998,9,1,"ELMIDAE GEN. SP.",1
"NLD_005_MZB_LO_1","NLD_005_MZB_LO_1-01.09.1998","01.09.1998",1998,9,1,"ERPOBDELLA SP.",2
"NLD_005_MZB_LO_1","NLD_005_MZB_LO_1-01.09.1998","01.09.1998",1998,9,1,"GAMMARIDAE GEN. SP.",11
"NLD_005_MZB_LO_1","NLD_005_MZB_LO_1-01.09.1998","01.09.1998",1998,9,1,"HELOBDELLA SP.",1
"NLD_005_MZB_LO_1","NLD_005_MZB_LO_1-01.09.1998","01.09.1998",1998,9,1,"HYDRACHNIDIA GEN. SP.",2
"NLD_005_MZB_LO_1","NLD_005_MZB_LO_1-01.09.1998","01.09.1998",1998,9,1,"HYDROPSYCHIDAE GEN. SP.",51
"NLD_005_MZB_LO_1","NLD_005_MZB_LO_1-01.09.1998","01.09.1998",1998,9,1,"HYDROPTILIDAE GEN. SP.",51
"NLD_005_MZB_LO_1","NLD_005_MZB_LO_1-01.09.1998","01.09.1998",1998,9,1,"LEPTOCERIDAE GEN. SP.",11
"NLD_005_MZB_LO_1","NLD_005_MZB_LO_1-01.09.1998","01.09.1998",1998,9,1,"LIMONIIDAE GEN. SP.",2
"NLD_005_MZB_LO_1","NLD_005_MZB_LO_1-01.09.1998","01.09.1998",1998,9,1,"LYMNAEA SP.",2
"NLD_005_MZB_LO_1","NLD_005_MZB_LO_1-01.09.1998","01.09.1998",1998,9,1,"OLIGOCHAETA GEN. SP.",13
"NLD_005_MZB_LO_1","NLD_005_MZB_LO_1-01.09.1998","01.09.1998",1998,9,1,"PHYSA SP.",2
"NLD_005_MZB_LO_1","NLD_005_MZB_LO_1-01.09.1998","01.09.1998",1998,9,1,"PLANORBIDAE GEN. SP.",2
"NLD_005_MZB_LO_1","NLD_005_MZB_LO_1-01.09.1998","01.09.1998",1998,9,1,"PLATYCNEMIS SP.",1
"NLD_005_MZB_LO_1","NLD_005_MZB_LO_1-01.09.1998","01.09.1998",1998,9,1,"SIMULIIDAE GEN. SP.",101
"NLD_005_MZB_LO_1","NLD_005_MZB_LO_1-01.09.1998","01.09.1998",1998,9,1,"SPHAERIUM SP.",2
"NLD_005_MZB_LO_1","NLD_005_MZB_LO_1-05.10.1999","05.10.1999",1999,10,5,"AESHNA SP.",2
"NLD_005_MZB_LO_1","NLD_005_MZB_LO_1-05.10.1999","05.10.1999",1999,10,5,"ASELLIDAE GEN. SP.",2
"NLD_005_MZB_LO_1","NLD_005_MZB_LO_1-05.10.1999","05.10.1999",1999,10,5,"BAETIS SP.",11
"NLD_005_MZB_LO_1","NLD_005_MZB_LO_1-05.10.1999","05.10.1999",1999,10,5,"CAENIS SP.",2
"NLD_005_MZB_LO_1","NLD_005_MZB_LO_1-05.10.1999","05.10.1999",1999,10,5,"CALOPTERYX SP.",2
"NLD_005_MZB_LO_1","NLD_005_MZB_LO_1-05.10.1999","05.10.1999",1999,10,5,"CHIRONOMIDAE GEN. SP.",2
"NLD_005_MZB_LO_1","NLD_005_MZB_LO_1-05.10.1999","05.10.1999",1999,10,5,"ERPOBDELLA SP.",11
"NLD_005_MZB_LO_1","NLD_005_MZB_LO_1-05.10.1999","05.10.1999",1999,10,5,"GAMMARIDAE GEN. SP.",11
"NLD_005_MZB_LO_1","NLD_005_MZB_LO_1-05.10.1999","05.10.1999",1999,10,5,"GLOSSIPHONIA SP.",1
"NLD_005_MZB_LO_1","NLD_005_MZB_LO_1-05.10.1999","05.10.1999",1999,10,5,"HELOBDELLA SP.",1
"NLD_005_MZB_LO_1","NLD_005_MZB_LO_1-05.10.1999","05.10.1999",1999,10,5,"HYDROPSYCHIDAE GEN. SP.",11
"NLD_005_MZB_LO_1","NLD_005_MZB_LO_1-05.10.1999","05.10.1999",1999,10,5,"ISCHNURA SP.",2
"NLD_005_MZB_LO_1","NLD_005_MZB_LO_1-05.10.1999","05.10.1999",1999,10,5,"LEPTOCERIDAE GEN. SP.",11
"NLD_005_MZB_LO_1","NLD_005_MZB_LO_1-05.10.1999","05.10.1999",1999,10,5,"LYMNAEA SP.",11
"NLD_005_MZB_LO_1","NLD_005_MZB_LO_1-05.10.1999","05.10.1999",1999,10,5,"MUSCIDAE GEN. SP.",1
"NLD_005_MZB_LO_1","NLD_005_MZB_LO_1-05.10.1999","05.10.1999",1999,10,5,"OLIGOCHAETA GEN. SP.",2
"NLD_005_MZB_LO_1","NLD_005_MZB_LO_1-05.10.1999","05.10.1999",1999,10,5,"PHYSA SP.",2
"NLD_005_MZB_LO_1","NLD_005_MZB_LO_1-05.10.1999","05.10.1999",1999,10,5,"PISIDIUM SP.",2
"NLD_005_MZB_LO_1","NLD_005_MZB_LO_1-05.10.1999","05.10.1999",1999,10,5,"PLANORBIDAE GEN. SP.",4
"NLD_005_MZB_LO_1","NLD_005_MZB_LO_1-05.10.1999","05.10.1999",1999,10,5,"PLATYCNEMIS SP.",2
"NLD_005_MZB_LO_1","NLD_005_MZB_LO_1-05.10.1999","05.10.1999",1999,10,5,"SIGARA SP.",2
"NLD_005_MZB_LO_1","NLD_005_MZB_LO_1-05.10.1999","05.10.1999",1999,10,5,"SIMULIIDAE GEN. SP.",11
"NLD_005_MZB_LO_1","NLD_005_MZB_LO_1-05.10.1999","05.10.1999",1999,10,5,"SPHAERIUM SP.",2
"NLD_005_MZB_LO_1","NLD_005_MZB_LO_1-05.10.1999","05.10.1999",1999,10,5,"THEROMYZON SP.",1
"NLD_005_MZB_LO_1","NLD_005_MZB_LO_1-05.10.1999","05.10.1999",1999,10,5,"TIPULIDAE GEN. SP.",11
"NLD_005_MZB_LO_1","NLD_005_MZB_LO_1-22.08.2002","22.08.2002",2002,8,22,"BAETIS SP.",51
"NLD_005_MZB_LO_1","NLD_005_MZB_LO_1-22.08.2002","22.08.2002",2002,8,22,"CALOPTERYX SP.",5
"NLD_005_MZB_LO_1","NLD_005_MZB_LO_1-22.08.2002","22.08.2002",2002,8,22,"CHIRONOMIDAE GEN. SP.",7
"NLD_005_MZB_LO_1","NLD_005_MZB_LO_1-22.08.2002","22.08.2002",2002,8,22,"ELMIDAE GEN. SP.",8
"NLD_005_MZB_LO_1","NLD_005_MZB_LO_1-22.08.2002","22.08.2002",2002,8,22,"ERPOBDELLA SP.",6
"NLD_005_MZB_LO_1","NLD_005_MZB_LO_1-22.08.2002","22.08.2002",2002,8,22,"GAMMARIDAE GEN. SP.",11
"NLD_005_MZB_LO_1","NLD_005_MZB_LO_1-22.08.2002","22.08.2002",2002,8,22,"HYDROPSYCHIDAE GEN. SP.",51
"NLD_005_MZB_LO_1","NLD_005_MZB_LO_1-22.08.2002","22.08.2002",2002,8,22,"HYDROPTILIDAE GEN. SP.",2
"NLD_005_MZB_LO_1","NLD_005_MZB_LO_1-22.08.2002","22.08.2002",2002,8,22,"LEPTOCERIDAE GEN. SP.",4
"NLD_005_MZB_LO_1","NLD_005_MZB_LO_1-22.08.2002","22.08.2002",2002,8,22,"LIMNEPHILIDAE GEN. SP.",1
"NLD_005_MZB_LO_1","NLD_005_MZB_LO_1-22.08.2002","22.08.2002",2002,8,22,"LYMNAEA SP.",1
"NLD_005_MZB_LO_1","NLD_005_MZB_LO_1-22.08.2002","22.08.2002",2002,8,22,"OLIGOCHAETA GEN. SP.",8
"NLD_005_MZB_LO_1","NLD_005_MZB_LO_1-22.08.2002","22.08.2002",2002,8,22,"PHYSA SP.",1
"NLD_005_MZB_LO_1","NLD_005_MZB_LO_1-22.08.2002","22.08.2002",2002,8,22,"PISIDIUM SP.",3
"NLD_005_MZB_LO_1","NLD_005_MZB_LO_1-22.08.2002","22.08.2002",2002,8,22,"PLANORBIDAE GEN. SP.",6
"NLD_005_MZB_LO_1","NLD_005_MZB_LO_1-22.08.2002","22.08.2002",2002,8,22,"SIMULIIDAE GEN. SP.",6
"NLD_005_MZB_LO_1","NLD_005_MZB_LO_1-22.08.2002","22.08.2002",2002,8,22,"SPHAERIUM SP.",10
"NLD_005_MZB_LO_1","NLD_005_MZB_LO_1-08.08.2003","08.08.2003",2003,8,8,"ASELLIDAE GEN. SP.",3
"NLD_005_MZB_LO_1","NLD_005_MZB_LO_1-08.08.2003","08.08.2003",2003,8,8,"CAENIS SP.",1
"NLD_005_MZB_LO_1","NLD_005_MZB_LO_1-08.08.2003","08.08.2003",2003,8,8,"CALOPTERYX SP.",51
"NLD_005_MZB_LO_1","NLD_005_MZB_LO_1-08.08.2003","08.08.2003",2003,8,8,"CHIRONOMIDAE GEN. SP.",51
"NLD_005_MZB_LO_1","NLD_005_MZB_LO_1-08.08.2003","08.08.2003",2003,8,8,"CLOEON SP.",11
"NLD_005_MZB_LO_1","NLD_005_MZB_LO_1-08.08.2003","08.08.2003",2003,8,8,"CULICIDAE GEN. SP.",11
"NLD_005_MZB_LO_1","NLD_005_MZB_LO_1-08.08.2003","08.08.2003",2003,8,8,"ELMIDAE GEN. SP.",11
"NLD_005_MZB_LO_1","NLD_005_MZB_LO_1-08.08.2003","08.08.2003",2003,8,8,"EMPIDIDAE GEN. SP.",1
"NLD_005_MZB_LO_1","NLD_005_MZB_LO_1-08.08.2003","08.08.2003",2003,8,8,"ERPOBDELLA SP.",11
"NLD_005_MZB_LO_1","NLD_005_MZB_LO_1-08.08.2003","08.08.2003",2003,8,8,"GAMMARIDAE GEN. SP.",11
"NLD_005_MZB_LO_1","NLD_005_MZB_LO_1-08.08.2003","08.08.2003",2003,8,8,"GERRIS SP.",3
"NLD_005_MZB_LO_1","NLD_005_MZB_LO_1-08.08.2003","08.08.2003",2003,8,8,"GLOSSIPHONIA SP.",2
"NLD_005_MZB_LO_1","NLD_005_MZB_LO_1-08.08.2003","08.08.2003",2003,8,8,"HYDROPHILIDAE GEN. SP.",1
"NLD_005_MZB_LO_1","NLD_005_MZB_LO_1-08.08.2003","08.08.2003",2003,8,8,"HYDROPSYCHIDAE GEN. SP.",11
"NLD_005_MZB_LO_1","NLD_005_MZB_LO_1-08.08.2003","08.08.2003",2003,8,8,"HYDROPTILIDAE GEN. SP.",11
"NLD_005_MZB_LO_1","NLD_005_MZB_LO_1-08.08.2003","08.08.2003",2003,8,8,"LEPTOCERIDAE GEN. SP.",51
"NLD_005_MZB_LO_1","NLD_005_MZB_LO_1-08.08.2003","08.08.2003",2003,8,8,"LIMNEPHILIDAE GEN. SP.",2
"NLD_005_MZB_LO_1","NLD_005_MZB_LO_1-08.08.2003","08.08.2003",2003,8,8,"LYMNAEA SP.",11
"NLD_005_MZB_LO_1","NLD_005_MZB_LO_1-08.08.2003","08.08.2003",2003,8,8,"MICRONECTA SP.",1
"NLD_005_MZB_LO_1","NLD_005_MZB_LO_1-08.08.2003","08.08.2003",2003,8,8,"NEPA SP.",7
"NLD_005_MZB_LO_1","NLD_005_MZB_LO_1-08.08.2003","08.08.2003",2003,8,8,"NOTONECTA SP.",2
"NLD_005_MZB_LO_1","NLD_005_MZB_LO_1-08.08.2003","08.08.2003",2003,8,8,"OLIGOCHAETA GEN. SP.",7
"NLD_005_MZB_LO_1","NLD_005_MZB_LO_1-08.08.2003","08.08.2003",2003,8,8,"PLANORBIDAE GEN. SP.",14
"NLD_005_MZB_LO_1","NLD_005_MZB_LO_1-08.08.2003","08.08.2003",2003,8,8,"PLATYCNEMIS SP.",2
"NLD_005_MZB_LO_1","NLD_005_MZB_LO_1-08.08.2003","08.08.2003",2003,8,8,"POLYCENTROPODIDAE GEN. SP.",4
"NLD_005_MZB_LO_1","NLD_005_MZB_LO_1-08.08.2003","08.08.2003",2003,8,8,"SIALIS SP.",2
"NLD_005_MZB_LO_1","NLD_005_MZB_LO_1-08.08.2003","08.08.2003",2003,8,8,"SIGARA SP.",11
"NLD_005_MZB_LO_1","NLD_005_MZB_LO_1-30.09.2004","30.09.2004",2004,9,30,"ASELLIDAE GEN. SP.",11
"NLD_005_MZB_LO_1","NLD_005_MZB_LO_1-30.09.2004","30.09.2004",2004,9,30,"BAETIS SP.",11
"NLD_005_MZB_LO_1","NLD_005_MZB_LO_1-30.09.2004","30.09.2004",2004,9,30,"CALOPTERYX SP.",11
"NLD_005_MZB_LO_1","NLD_005_MZB_LO_1-30.09.2004","30.09.2004",2004,9,30,"CHIRONOMIDAE GEN. SP.",14
"NLD_005_MZB_LO_1","NLD_005_MZB_LO_1-30.09.2004","30.09.2004",2004,9,30,"CLOEON SP.",6
"NLD_005_MZB_LO_1","NLD_005_MZB_LO_1-30.09.2004","30.09.2004",2004,9,30,"DRYOPIDAE GEN. SP.",11
"NLD_005_MZB_LO_1","NLD_005_MZB_LO_1-30.09.2004","30.09.2004",2004,9,30,"DYTISCIDAE GEN. SP.",1
"NLD_005_MZB_LO_1","NLD_005_MZB_LO_1-30.09.2004","30.09.2004",2004,9,30,"ERPOBDELLA SP.",11
"NLD_005_MZB_LO_1","NLD_005_MZB_LO_1-30.09.2004","30.09.2004",2004,9,30,"GAMMARIDAE GEN. SP.",11
"NLD_005_MZB_LO_1","NLD_005_MZB_LO_1-30.09.2004","30.09.2004",2004,9,30,"GLOSSIPHONIA SP.",2
"NLD_005_MZB_LO_1","NLD_005_MZB_LO_1-30.09.2004","30.09.2004",2004,9,30,"HYDROPSYCHIDAE GEN. SP.",9
"NLD_005_MZB_LO_1","NLD_005_MZB_LO_1-30.09.2004","30.09.2004",2004,9,30,"LEPTOCERIDAE GEN. SP.",11
"NLD_005_MZB_LO_1","NLD_005_MZB_LO_1-30.09.2004","30.09.2004",2004,9,30,"LESTES SP.",1
"NLD_005_MZB_LO_1","NLD_005_MZB_LO_1-30.09.2004","30.09.2004",2004,9,30,"LIMNEPHILIDAE GEN. SP.",11
"NLD_005_MZB_LO_1","NLD_005_MZB_LO_1-30.09.2004","30.09.2004",2004,9,30,"LYMNAEA SP.",5
"NLD_005_MZB_LO_1","NLD_005_MZB_LO_1-30.09.2004","30.09.2004",2004,9,30,"OLIGOCHAETA GEN. SP.",15
"NLD_005_MZB_LO_1","NLD_005_MZB_LO_1-30.09.2004","30.09.2004",2004,9,30,"PISIDIUM SP.",1
"NLD_005_MZB_LO_1","NLD_005_MZB_LO_1-30.09.2004","30.09.2004",2004,9,30,"PLANORBIDAE GEN. SP.",16
"NLD_005_MZB_LO_1","NLD_005_MZB_LO_1-30.09.2004","30.09.2004",2004,9,30,"PLATYCNEMIS SP.",3
"NLD_005_MZB_LO_1","NLD_005_MZB_LO_1-30.09.2004","30.09.2004",2004,9,30,"TIPULIDAE GEN. SP.",3
"NLD_005_MZB_LO_1","NLD_005_MZB_LO_1-17.08.2005","17.08.2005",2005,8,17,"ASELLIDAE GEN. SP.",4
"NLD_005_MZB_LO_1","NLD_005_MZB_LO_1-17.08.2005","17.08.2005",2005,8,17,"BAETIS SP.",50
"NLD_005_MZB_LO_1","NLD_005_MZB_LO_1-17.08.2005","17.08.2005",2005,8,17,"BITHYNIA SP.",4
"NLD_005_MZB_LO_1","NLD_005_MZB_LO_1-17.08.2005","17.08.2005",2005,8,17,"CAENIS SP.",2
"NLD_005_MZB_LO_1","NLD_005_MZB_LO_1-17.08.2005","17.08.2005",2005,8,17,"CALOPTERYX SP.",26
"NLD_005_MZB_LO_1","NLD_005_MZB_LO_1-17.08.2005","17.08.2005",2005,8,17,"CHIRONOMIDAE GEN. SP.",50
"NLD_005_MZB_LO_1","NLD_005_MZB_LO_1-17.08.2005","17.08.2005",2005,8,17,"CLOEON SP.",50
"NLD_005_MZB_LO_1","NLD_005_MZB_LO_1-17.08.2005","17.08.2005",2005,8,17,"ELMIDAE GEN. SP.",20
"NLD_005_MZB_LO_1","NLD_005_MZB_LO_1-17.08.2005","17.08.2005",2005,8,17,"ERPOBDELLA SP.",21
"NLD_005_MZB_LO_1","NLD_005_MZB_LO_1-17.08.2005","17.08.2005",2005,8,17,"GAMMARIDAE GEN. SP.",50
"NLD_005_MZB_LO_1","NLD_005_MZB_LO_1-17.08.2005","17.08.2005",2005,8,17,"GERRIS SP.",1
"NLD_005_MZB_LO_1","NLD_005_MZB_LO_1-17.08.2005","17.08.2005",2005,8,17,"HELOBDELLA SP.",4
"NLD_005_MZB_LO_1","NLD_005_MZB_LO_1-17.08.2005","17.08.2005",2005,8,17,"HYDRACHNIDIA GEN. SP.",30
"NLD_005_MZB_LO_1","NLD_005_MZB_LO_1-17.08.2005","17.08.2005",2005,8,17,"HYDROPSYCHIDAE GEN. SP.",25
"NLD_005_MZB_LO_1","NLD_005_MZB_LO_1-17.08.2005","17.08.2005",2005,8,17,"HYDROPTILIDAE GEN. SP.",51
"NLD_005_MZB_LO_1","NLD_005_MZB_LO_1-17.08.2005","17.08.2005",2005,8,17,"ISCHNURA SP.",1
"NLD_005_MZB_LO_1","NLD_005_MZB_LO_1-17.08.2005","17.08.2005",2005,8,17,"LEPTOCERIDAE GEN. SP.",9
"NLD_005_MZB_LO_1","NLD_005_MZB_LO_1-17.08.2005","17.08.2005",2005,8,17,"LIMONIIDAE GEN. SP.",1
"NLD_005_MZB_LO_1","NLD_005_MZB_LO_1-17.08.2005","17.08.2005",2005,8,17,"LYMNAEA SP.",8
"NLD_005_MZB_LO_1","NLD_005_MZB_LO_1-17.08.2005","17.08.2005",2005,8,17,"MICRONECTA SP.",3
"NLD_005_MZB_LO_1","NLD_005_MZB_LO_1-17.08.2005","17.08.2005",2005,8,17,"NEPA SP.",2
"NLD_005_MZB_LO_1","NLD_005_MZB_LO_1-17.08.2005","17.08.2005",2005,8,17,"NOTONECTA SP.",4
"NLD_005_MZB_LO_1","NLD_005_MZB_LO_1-17.08.2005","17.08.2005",2005,8,17,"OLIGOCHAETA GEN. SP.",38
"NLD_005_MZB_LO_1","NLD_005_MZB_LO_1-17.08.2005","17.08.2005",2005,8,17,"PHRYGANEIDAE GEN. SP.",2
"NLD_005_MZB_LO_1","NLD_005_MZB_LO_1-17.08.2005","17.08.2005",2005,8,17,"PISIDIUM SP.",2
"NLD_005_MZB_LO_1","NLD_005_MZB_LO_1-17.08.2005","17.08.2005",2005,8,17,"PLANORBIDAE GEN. SP.",57
"NLD_005_MZB_LO_1","NLD_005_MZB_LO_1-17.08.2005","17.08.2005",2005,8,17,"PLATYCNEMIS SP.",1
"NLD_005_MZB_LO_1","NLD_005_MZB_LO_1-17.08.2005","17.08.2005",2005,8,17,"PSYCHOMYIIDAE GEN. SP.",2
"NLD_005_MZB_LO_1","NLD_005_MZB_LO_1-17.08.2005","17.08.2005",2005,8,17,"SIGARA SP.",45
"NLD_005_MZB_LO_1","NLD_005_MZB_LO_1-17.08.2005","17.08.2005",2005,8,17,"SIMULIIDAE GEN. SP.",25
"NLD_005_MZB_LO_1","NLD_005_MZB_LO_1-11.09.2006","11.09.2006",2006,9,11,"BAETIS SP.",13
"NLD_005_MZB_LO_1","NLD_005_MZB_LO_1-11.09.2006","11.09.2006",2006,9,11,"CAENIS SP.",1
"NLD_005_MZB_LO_1","NLD_005_MZB_LO_1-11.09.2006","11.09.2006",2006,9,11,"CALOPTERYX SP.",13
"NLD_005_MZB_LO_1","NLD_005_MZB_LO_1-11.09.2006","11.09.2006",2006,9,11,"CHIRONOMIDAE GEN. SP.",38
"NLD_005_MZB_LO_1","NLD_005_MZB_LO_1-11.09.2006","11.09.2006",2006,9,11,"ELMIDAE GEN. SP.",30
"NLD_005_MZB_LO_1","NLD_005_MZB_LO_1-11.09.2006","11.09.2006",2006,9,11,"ERPOBDELLA SP.",2
"NLD_005_MZB_LO_1","NLD_005_MZB_LO_1-11.09.2006","11.09.2006",2006,9,11,"GAMMARIDAE GEN. SP.",3
"NLD_005_MZB_LO_1","NLD_005_MZB_LO_1-11.09.2006","11.09.2006",2006,9,11,"HYDRACHNIDIA GEN. SP.",1
"NLD_005_MZB_LO_1","NLD_005_MZB_LO_1-11.09.2006","11.09.2006",2006,9,11,"HYDROPSYCHIDAE GEN. SP.",90
"NLD_005_MZB_LO_1","NLD_005_MZB_LO_1-11.09.2006","11.09.2006",2006,9,11,"HYDROPTILIDAE GEN. SP.",11
"NLD_005_MZB_LO_1","NLD_005_MZB_LO_1-11.09.2006","11.09.2006",2006,9,11,"LEPTOCERIDAE GEN. SP.",4
"NLD_005_MZB_LO_1","NLD_005_MZB_LO_1-11.09.2006","11.09.2006",2006,9,11,"LIMONIIDAE GEN. SP.",1
"NLD_005_MZB_LO_1","NLD_005_MZB_LO_1-11.09.2006","11.09.2006",2006,9,11,"LYMNAEA SP.",1
"NLD_005_MZB_LO_1","NLD_005_MZB_LO_1-11.09.2006","11.09.2006",2006,9,11,"OLIGOCHAETA GEN. SP.",21
"NLD_005_MZB_LO_1","NLD_005_MZB_LO_1-11.09.2006","11.09.2006",2006,9,11,"PISIDIUM SP.",5
"NLD_005_MZB_LO_1","NLD_005_MZB_LO_1-11.09.2006","11.09.2006",2006,9,11,"PLANORBIDAE GEN. SP.",2
"NLD_005_MZB_LO_1","NLD_005_MZB_LO_1-11.09.2006","11.09.2006",2006,9,11,"PLATYCNEMIS SP.",1
"NLD_005_MZB_LO_1","NLD_005_MZB_LO_1-11.09.2006","11.09.2006",2006,9,11,"SIGARA SP.",6
"NLD_005_MZB_LO_1","NLD_005_MZB_LO_1-11.09.2006","11.09.2006",2006,9,11,"SPHAERIUM SP.",5
"NLD_005_MZB_LO_1","NLD_005_MZB_LO_1-07.09.2007","07.09.2007",2007,9,7,"ASELLIDAE GEN. SP.",9
"NLD_005_MZB_LO_1","NLD_005_MZB_LO_1-07.09.2007","07.09.2007",2007,9,7,"BAETIS SP.",120
"NLD_005_MZB_LO_1","NLD_005_MZB_LO_1-07.09.2007","07.09.2007",2007,9,7,"BITHYNIA SP.",3
"NLD_005_MZB_LO_1","NLD_005_MZB_LO_1-07.09.2007","07.09.2007",2007,9,7,"CAENIS SP.",5
"NLD_005_MZB_LO_1","NLD_005_MZB_LO_1-07.09.2007","07.09.2007",2007,9,7,"CALOPTERYX SP.",64
"NLD_005_MZB_LO_1","NLD_005_MZB_LO_1-07.09.2007","07.09.2007",2007,9,7,"CHIRONOMIDAE GEN. SP.",70
"NLD_005_MZB_LO_1","NLD_005_MZB_LO_1-07.09.2007","07.09.2007",2007,9,7,"DENDROCOELUM SP.",6
"NLD_005_MZB_LO_1","NLD_005_MZB_LO_1-07.09.2007","07.09.2007",2007,9,7,"ERPOBDELLA SP.",25
"NLD_005_MZB_LO_1","NLD_005_MZB_LO_1-07.09.2007","07.09.2007",2007,9,7,"GAMMARIDAE GEN. SP.",65
"NLD_005_MZB_LO_1","NLD_005_MZB_LO_1-07.09.2007","07.09.2007",2007,9,7,"GLOSSIPHONIA SP.",3
"NLD_005_MZB_LO_1","NLD_005_MZB_LO_1-07.09.2007","07.09.2007",2007,9,7,"HYDRACHNIDIA GEN. SP.",5
"NLD_005_MZB_LO_1","NLD_005_MZB_LO_1-07.09.2007","07.09.2007",2007,9,7,"HYDROPSYCHIDAE GEN. SP.",50
"NLD_005_MZB_LO_1","NLD_005_MZB_LO_1-07.09.2007","07.09.2007",2007,9,7,"HYDROPTILIDAE GEN. SP.",10
"NLD_005_MZB_LO_1","NLD_005_MZB_LO_1-07.09.2007","07.09.2007",2007,9,7,"ISCHNURA SP.",3
"NLD_005_MZB_LO_1","NLD_005_MZB_LO_1-07.09.2007","07.09.2007",2007,9,7,"LEPTOCERIDAE GEN. SP.",14
"NLD_005_MZB_LO_1","NLD_005_MZB_LO_1-07.09.2007","07.09.2007",2007,9,7,"LIMNEPHILIDAE GEN. SP.",2
"NLD_005_MZB_LO_1","NLD_005_MZB_LO_1-07.09.2007","07.09.2007",2007,9,7,"LYMNAEA SP.",1
"NLD_005_MZB_LO_1","NLD_005_MZB_LO_1-07.09.2007","07.09.2007",2007,9,7,"OLIGOCHAETA GEN. SP.",72
"NLD_005_MZB_LO_1","NLD_005_MZB_LO_1-07.09.2007","07.09.2007",2007,9,7,"PHYSA SP.",8
"NLD_005_MZB_LO_1","NLD_005_MZB_LO_1-07.09.2007","07.09.2007",2007,9,7,"PISIDIUM SP.",2
"NLD_005_MZB_LO_1","NLD_005_MZB_LO_1-07.09.2007","07.09.2007",2007,9,7,"PLANORBIDAE GEN. SP.",13
"NLD_005_MZB_LO_1","NLD_005_MZB_LO_1-07.09.2007","07.09.2007",2007,9,7,"PLATYCNEMIS SP.",12
"NLD_005_MZB_LO_1","NLD_005_MZB_LO_1-07.09.2007","07.09.2007",2007,9,7,"PSYCHOMYIIDAE GEN. SP.",1
"NLD_005_MZB_LO_1","NLD_005_MZB_LO_1-07.09.2007","07.09.2007",2007,9,7,"SIGARA SP.",1
"NLD_005_MZB_LO_1","NLD_005_MZB_LO_1-07.09.2007","07.09.2007",2007,9,7,"SIMULIIDAE GEN. SP.",110
"NLD_005_MZB_LO_1","NLD_005_MZB_LO_1-07.09.2007","07.09.2007",2007,9,7,"SPHAERIUM SP.",6
"NLD_005_MZB_LO_1","NLD_005_MZB_LO_1-13.10.2010","13.10.2010",2010,10,13,"ASELLIDAE GEN. SP.",3
"NLD_005_MZB_LO_1","NLD_005_MZB_LO_1-13.10.2010","13.10.2010",2010,10,13,"BAETIS SP.",39
"NLD_005_MZB_LO_1","NLD_005_MZB_LO_1-13.10.2010","13.10.2010",2010,10,13,"BITHYNIA SP.",4
"NLD_005_MZB_LO_1","NLD_005_MZB_LO_1-13.10.2010","13.10.2010",2010,10,13,"CAENIS SP.",11
"NLD_005_MZB_LO_1","NLD_005_MZB_LO_1-13.10.2010","13.10.2010",2010,10,13,"CALOPTERYX SP.",77
"NLD_005_MZB_LO_1","NLD_005_MZB_LO_1-13.10.2010","13.10.2010",2010,10,13,"CERATOPOGONIDAE GEN. SP.",2
"NLD_005_MZB_LO_1","NLD_005_MZB_LO_1-13.10.2010","13.10.2010",2010,10,13,"CHIRONOMIDAE GEN. SP.",57
"NLD_005_MZB_LO_1","NLD_005_MZB_LO_1-13.10.2010","13.10.2010",2010,10,13,"COENAGRION SP.",6
"NLD_005_MZB_LO_1","NLD_005_MZB_LO_1-13.10.2010","13.10.2010",2010,10,13,"DRYOPIDAE GEN. SP.",1
"NLD_005_MZB_LO_1","NLD_005_MZB_LO_1-13.10.2010","13.10.2010",2010,10,13,"DYTISCIDAE GEN. SP.",1
"NLD_005_MZB_LO_1","NLD_005_MZB_LO_1-13.10.2010","13.10.2010",2010,10,13,"ELMIDAE GEN. SP.",71
"NLD_005_MZB_LO_1","NLD_005_MZB_LO_1-13.10.2010","13.10.2010",2010,10,13,"ERPOBDELLA SP.",11
"NLD_005_MZB_LO_1","NLD_005_MZB_LO_1-13.10.2010","13.10.2010",2010,10,13,"GAMMARIDAE GEN. SP.",221
"NLD_005_MZB_LO_1","NLD_005_MZB_LO_1-13.10.2010","13.10.2010",2010,10,13,"GLOSSIPHONIA SP.",9
"NLD_005_MZB_LO_1","NLD_005_MZB_LO_1-13.10.2010","13.10.2010",2010,10,13,"HYDRACHNIDIA GEN. SP.",1
"NLD_005_MZB_LO_1","NLD_005_MZB_LO_1-13.10.2010","13.10.2010",2010,10,13,"HYDROPSYCHIDAE GEN. SP.",486
"NLD_005_MZB_LO_1","NLD_005_MZB_LO_1-13.10.2010","13.10.2010",2010,10,13,"LEPTOCERIDAE GEN. SP.",23
"NLD_005_MZB_LO_1","NLD_005_MZB_LO_1-13.10.2010","13.10.2010",2010,10,13,"LIMNEPHILIDAE GEN. SP.",1
"NLD_005_MZB_LO_1","NLD_005_MZB_LO_1-13.10.2010","13.10.2010",2010,10,13,"LYMNAEA SP.",15
"NLD_005_MZB_LO_1","NLD_005_MZB_LO_1-13.10.2010","13.10.2010",2010,10,13,"MUSCIDAE GEN. SP.",1
"NLD_005_MZB_LO_1","NLD_005_MZB_LO_1-13.10.2010","13.10.2010",2010,10,13,"OLIGOCHAETA GEN. SP.",62
"NLD_005_MZB_LO_1","NLD_005_MZB_LO_1-13.10.2010","13.10.2010",2010,10,13,"PISCICOLA SP.",1
"NLD_005_MZB_LO_1","NLD_005_MZB_LO_1-13.10.2010","13.10.2010",2010,10,13,"PISIDIUM SP.",17
"NLD_005_MZB_LO_1","NLD_005_MZB_LO_1-13.10.2010","13.10.2010",2010,10,13,"PLANORBIDAE GEN. SP.",121
"NLD_005_MZB_LO_1","NLD_005_MZB_LO_1-13.10.2010","13.10.2010",2010,10,13,"PLATYCNEMIS SP.",2
"NLD_005_MZB_LO_1","NLD_005_MZB_LO_1-13.10.2010","13.10.2010",2010,10,13,"PYRRHOSOMA SP.",4
"NLD_005_MZB_LO_1","NLD_005_MZB_LO_1-13.10.2010","13.10.2010",2010,10,13,"SIALIS SP.",19
"NLD_005_MZB_LO_1","NLD_005_MZB_LO_1-13.10.2010","13.10.2010",2010,10,13,"SIMULIIDAE GEN. SP.",3
"NLD_005_MZB_LO_1","NLD_005_MZB_LO_1-13.10.2010","13.10.2010",2010,10,13,"SPHAERIUM SP.",18
"NLD_005_MZB_LO_1","NLD_005_MZB_LO_1-13.10.2010","13.10.2010",2010,10,13,"TABANIDAE GEN. SP.",1
"NLD_005_MZB_LO_1","NLD_005_MZB_LO_1-13.10.2010","13.10.2010",2010,10,13,"THEROMYZON SP.",2
"NLD_005_MZB_LO_1","NLD_005_MZB_LO_1-30.10.2013","30.10.2013",2013,10,30,"ASELLIDAE GEN. SP.",1
"NLD_005_MZB_LO_1","NLD_005_MZB_LO_1-30.10.2013","30.10.2013",2013,10,30,"BAETIS SP.",1
"NLD_005_MZB_LO_1","NLD_005_MZB_LO_1-30.10.2013","30.10.2013",2013,10,30,"BITHYNIA SP.",2
"NLD_005_MZB_LO_1","NLD_005_MZB_LO_1-30.10.2013","30.10.2013",2013,10,30,"CALOPTERYX SP.",17
"NLD_005_MZB_LO_1","NLD_005_MZB_LO_1-30.10.2013","30.10.2013",2013,10,30,"CHIRONOMIDAE GEN. SP.",28
"NLD_005_MZB_LO_1","NLD_005_MZB_LO_1-30.10.2013","30.10.2013",2013,10,30,"COENAGRION SP.",2
"NLD_005_MZB_LO_1","NLD_005_MZB_LO_1-30.10.2013","30.10.2013",2013,10,30,"DYTISCIDAE GEN. SP.",3
"NLD_005_MZB_LO_1","NLD_005_MZB_LO_1-30.10.2013","30.10.2013",2013,10,30,"ELMIDAE GEN. SP.",54
"NLD_005_MZB_LO_1","NLD_005_MZB_LO_1-30.10.2013","30.10.2013",2013,10,30,"ERPOBDELLA SP.",1
"NLD_005_MZB_LO_1","NLD_005_MZB_LO_1-30.10.2013","30.10.2013",2013,10,30,"GAMMARIDAE GEN. SP.",103
"NLD_005_MZB_LO_1","NLD_005_MZB_LO_1-30.10.2013","30.10.2013",2013,10,30,"GLOSSIPHONIA SP.",1
"NLD_005_MZB_LO_1","NLD_005_MZB_LO_1-30.10.2013","30.10.2013",2013,10,30,"HELOBDELLA SP.",1
"NLD_005_MZB_LO_1","NLD_005_MZB_LO_1-30.10.2013","30.10.2013",2013,10,30,"HYDRACHNIDIA GEN. SP.",2
"NLD_005_MZB_LO_1","NLD_005_MZB_LO_1-30.10.2013","30.10.2013",2013,10,30,"HYDROPSYCHIDAE GEN. SP.",27
"NLD_005_MZB_LO_1","NLD_005_MZB_LO_1-30.10.2013","30.10.2013",2013,10,30,"LEPTOCERIDAE GEN. SP.",5
"NLD_005_MZB_LO_1","NLD_005_MZB_LO_1-30.10.2013","30.10.2013",2013,10,30,"LIMNEPHILIDAE GEN. SP.",2
"NLD_005_MZB_LO_1","NLD_005_MZB_LO_1-30.10.2013","30.10.2013",2013,10,30,"LYMNAEA SP.",6
"NLD_005_MZB_LO_1","NLD_005_MZB_LO_1-30.10.2013","30.10.2013",2013,10,30,"OLIGOCHAETA GEN. SP.",16
"NLD_005_MZB_LO_1","NLD_005_MZB_LO_1-30.10.2013","30.10.2013",2013,10,30,"PHYSELLA SP.",4
"NLD_005_MZB_LO_1","NLD_005_MZB_LO_1-30.10.2013","30.10.2013",2013,10,30,"PISIDIUM SP.",4
"NLD_005_MZB_LO_1","NLD_005_MZB_LO_1-30.10.2013","30.10.2013",2013,10,30,"PLANORBIDAE GEN. SP.",57
"NLD_005_MZB_LO_1","NLD_005_MZB_LO_1-30.10.2013","30.10.2013",2013,10,30,"PSYCHODIDAE GEN. SP.",1
"NLD_005_MZB_LO_1","NLD_005_MZB_LO_1-30.10.2013","30.10.2013",2013,10,30,"PSYCHOMYIIDAE GEN. SP.",2
"NLD_005_MZB_LO_1","NLD_005_MZB_LO_1-30.10.2013","30.10.2013",2013,10,30,"SIGARA SP.",1
"NLD_005_MZB_LO_1","NLD_005_MZB_LO_1-30.10.2013","30.10.2013",2013,10,30,"SPHAERIUM SP.",8
"NLD_005_MZB_LO_1","NLD_005_MZB_LO_1-30.10.2013","30.10.2013",2013,10,30,"TIPULIDAE GEN. SP.",5
"NLD_005_MZB_LO_1","NLD_005_MZB_LO_1-14.09.2016","14.09.2016",2016,9,14,"ASELLIDAE GEN. SP.",1
"NLD_005_MZB_LO_1","NLD_005_MZB_LO_1-14.09.2016","14.09.2016",2016,9,14,"BAETIS SP.",100
"NLD_005_MZB_LO_1","NLD_005_MZB_LO_1-14.09.2016","14.09.2016",2016,9,14,"BITHYNIA SP.",13
"NLD_005_MZB_LO_1","NLD_005_MZB_LO_1-14.09.2016","14.09.2016",2016,9,14,"CALOPTERYX SP.",200
"NLD_005_MZB_LO_1","NLD_005_MZB_LO_1-14.09.2016","14.09.2016",2016,9,14,"CHIRONOMIDAE GEN. SP.",160
"NLD_005_MZB_LO_1","NLD_005_MZB_LO_1-14.09.2016","14.09.2016",2016,9,14,"CULICIDAE GEN. SP.",1
"NLD_005_MZB_LO_1","NLD_005_MZB_LO_1-14.09.2016","14.09.2016",2016,9,14,"DUGESIA SP.",1
"NLD_005_MZB_LO_1","NLD_005_MZB_LO_1-14.09.2016","14.09.2016",2016,9,14,"ELMIDAE GEN. SP.",2
"NLD_005_MZB_LO_1","NLD_005_MZB_LO_1-14.09.2016","14.09.2016",2016,9,14,"ERPOBDELLA SP.",8
"NLD_005_MZB_LO_1","NLD_005_MZB_LO_1-14.09.2016","14.09.2016",2016,9,14,"GAMMARIDAE GEN. SP.",85
"NLD_005_MZB_LO_1","NLD_005_MZB_LO_1-14.09.2016","14.09.2016",2016,9,14,"GERRIS SP.",3
"NLD_005_MZB_LO_1","NLD_005_MZB_LO_1-14.09.2016","14.09.2016",2016,9,14,"GLOSSIPHONIA SP.",2
"NLD_005_MZB_LO_1","NLD_005_MZB_LO_1-14.09.2016","14.09.2016",2016,9,14,"GYRINIDAE GEN. SP.",2
"NLD_005_MZB_LO_1","NLD_005_MZB_LO_1-14.09.2016","14.09.2016",2016,9,14,"HYDRACHNIDIA GEN. SP.",20
"NLD_005_MZB_LO_1","NLD_005_MZB_LO_1-14.09.2016","14.09.2016",2016,9,14,"HYDRAENIDAE GEN. SP.",2
"NLD_005_MZB_LO_1","NLD_005_MZB_LO_1-14.09.2016","14.09.2016",2016,9,14,"HYDROPHILIDAE GEN. SP.",2
"NLD_005_MZB_LO_1","NLD_005_MZB_LO_1-14.09.2016","14.09.2016",2016,9,14,"HYDROPSYCHIDAE GEN. SP.",100
"NLD_005_MZB_LO_1","NLD_005_MZB_LO_1-14.09.2016","14.09.2016",2016,9,14,"HYDROPTILIDAE GEN. SP.",25
"NLD_005_MZB_LO_1","NLD_005_MZB_LO_1-14.09.2016","14.09.2016",2016,9,14,"LEPTOCERIDAE GEN. SP.",40
"NLD_005_MZB_LO_1","NLD_005_MZB_LO_1-14.09.2016","14.09.2016",2016,9,14,"LYMNAEA SP.",60
"NLD_005_MZB_LO_1","NLD_005_MZB_LO_1-14.09.2016","14.09.2016",2016,9,14,"MUSCIDAE GEN. SP.",4
"NLD_005_MZB_LO_1","NLD_005_MZB_LO_1-14.09.2016","14.09.2016",2016,9,14,"OLIGOCHAETA GEN. SP.",2
"NLD_005_MZB_LO_1","NLD_005_MZB_LO_1-14.09.2016","14.09.2016",2016,9,14,"PISCICOLA SP.",2
"NLD_005_MZB_LO_1","NLD_005_MZB_LO_1-14.09.2016","14.09.2016",2016,9,14,"PISIDIUM SP.",2
"NLD_005_MZB_LO_1","NLD_005_MZB_LO_1-14.09.2016","14.09.2016",2016,9,14,"PLANORBIDAE GEN. SP.",26
"NLD_005_MZB_LO_1","NLD_005_MZB_LO_1-14.09.2016","14.09.2016",2016,9,14,"PLATYCNEMIS SP.",5
"NLD_005_MZB_LO_1","NLD_005_MZB_LO_1-14.09.2016","14.09.2016",2016,9,14,"SIMULIIDAE GEN. SP.",65
"NLD_005_MZB_LO_1","NLD_005_MZB_LO_1-14.09.2016","14.09.2016",2016,9,14,"SPHAERIUM SP.",10
"NLD_005_MZB_LO_1","NLD_005_MZB_LO_1-14.09.2016","14.09.2016",2016,9,14,"THEROMYZON SP.",1
"NLD_005_MZB_LO_1","NLD_005_MZB_LO_1-14.09.2016","14.09.2016",2016,9,14,"VALVATA SP.",2
"NLD_005_MZB_LO_1","NLD_005_MZB_LO_1-10.09.2019","10.09.2019",2019,9,10,"ASELLIDAE GEN. SP.",2
"NLD_005_MZB_LO_1","NLD_005_MZB_LO_1-10.09.2019","10.09.2019",2019,9,10,"BAETIS SP.",9
"NLD_005_MZB_LO_1","NLD_005_MZB_LO_1-10.09.2019","10.09.2019",2019,9,10,"BITHYNIA SP.",75
"NLD_005_MZB_LO_1","NLD_005_MZB_LO_1-10.09.2019","10.09.2019",2019,9,10,"CAENIS SP.",2
"NLD_005_MZB_LO_1","NLD_005_MZB_LO_1-10.09.2019","10.09.2019",2019,9,10,"CALOPTERYX SP.",131
"NLD_005_MZB_LO_1","NLD_005_MZB_LO_1-10.09.2019","10.09.2019",2019,9,10,"CERATOPOGONIDAE GEN. SP.",1
"NLD_005_MZB_LO_1","NLD_005_MZB_LO_1-10.09.2019","10.09.2019",2019,9,10,"CHIRONOMIDAE GEN. SP.",155
"NLD_005_MZB_LO_1","NLD_005_MZB_LO_1-10.09.2019","10.09.2019",2019,9,10,"COENAGRION SP.",2
"NLD_005_MZB_LO_1","NLD_005_MZB_LO_1-10.09.2019","10.09.2019",2019,9,10,"CRANGONYCTIDAE GEN. SP.",3
"NLD_005_MZB_LO_1","NLD_005_MZB_LO_1-10.09.2019","10.09.2019",2019,9,10,"CULICIDAE GEN. SP.",1
"NLD_005_MZB_LO_1","NLD_005_MZB_LO_1-10.09.2019","10.09.2019",2019,9,10,"DENDROCOELUM SP.",1
"NLD_005_MZB_LO_1","NLD_005_MZB_LO_1-10.09.2019","10.09.2019",2019,9,10,"DUGESIA SP.",1
"NLD_005_MZB_LO_1","NLD_005_MZB_LO_1-10.09.2019","10.09.2019",2019,9,10,"DYTISCIDAE GEN. SP.",6
"NLD_005_MZB_LO_1","NLD_005_MZB_LO_1-10.09.2019","10.09.2019",2019,9,10,"ELMIDAE GEN. SP.",21
"NLD_005_MZB_LO_1","NLD_005_MZB_LO_1-10.09.2019","10.09.2019",2019,9,10,"EPHYDRIDAE GEN. SP.",9
"NLD_005_MZB_LO_1","NLD_005_MZB_LO_1-10.09.2019","10.09.2019",2019,9,10,"ERPOBDELLA SP.",10
"NLD_005_MZB_LO_1","NLD_005_MZB_LO_1-10.09.2019","10.09.2019",2019,9,10,"GAMMARIDAE GEN. SP.",2000
"NLD_005_MZB_LO_1","NLD_005_MZB_LO_1-10.09.2019","10.09.2019",2019,9,10,"GERRIS SP.",3
"NLD_005_MZB_LO_1","NLD_005_MZB_LO_1-10.09.2019","10.09.2019",2019,9,10,"HESPEROCORIXA SP.",1
"NLD_005_MZB_LO_1","NLD_005_MZB_LO_1-10.09.2019","10.09.2019",2019,9,10,"HYDROPHILIDAE GEN. SP.",3
"NLD_005_MZB_LO_1","NLD_005_MZB_LO_1-10.09.2019","10.09.2019",2019,9,10,"HYDROPSYCHIDAE GEN. SP.",172
"NLD_005_MZB_LO_1","NLD_005_MZB_LO_1-10.09.2019","10.09.2019",2019,9,10,"HYDROPTILIDAE GEN. SP.",5
"NLD_005_MZB_LO_1","NLD_005_MZB_LO_1-10.09.2019","10.09.2019",2019,9,10,"LEPTOCERIDAE GEN. SP.",16
"NLD_005_MZB_LO_1","NLD_005_MZB_LO_1-10.09.2019","10.09.2019",2019,9,10,"LIMNEPHILIDAE GEN. SP.",9
"NLD_005_MZB_LO_1","NLD_005_MZB_LO_1-10.09.2019","10.09.2019",2019,9,10,"LIMONIIDAE GEN. SP.",1
"NLD_005_MZB_LO_1","NLD_005_MZB_LO_1-10.09.2019","10.09.2019",2019,9,10,"LYMNAEA SP.",14
"NLD_005_MZB_LO_1","NLD_005_MZB_LO_1-10.09.2019","10.09.2019",2019,9,10,"NEPA SP.",4
"NLD_005_MZB_LO_1","NLD_005_MZB_LO_1-10.09.2019","10.09.2019",2019,9,10,"NOTERIDAE GEN. SP.",1
"NLD_005_MZB_LO_1","NLD_005_MZB_LO_1-10.09.2019","10.09.2019",2019,9,10,"NOTONECTA SP.",2
"NLD_005_MZB_LO_1","NLD_005_MZB_LO_1-10.09.2019","10.09.2019",2019,9,10,"PHRYGANEIDAE GEN. SP.",1
"NLD_005_MZB_LO_1","NLD_005_MZB_LO_1-10.09.2019","10.09.2019",2019,9,10,"PHYSA SP.",1
"NLD_005_MZB_LO_1","NLD_005_MZB_LO_1-10.09.2019","10.09.2019",2019,9,10,"PISCICOLA SP.",1
"NLD_005_MZB_LO_1","NLD_005_MZB_LO_1-10.09.2019","10.09.2019",2019,9,10,"PISIDIUM SP.",10
"NLD_005_MZB_LO_1","NLD_005_MZB_LO_1-10.09.2019","10.09.2019",2019,9,10,"PLANORBIDAE GEN. SP.",88
"NLD_005_MZB_LO_1","NLD_005_MZB_LO_1-10.09.2019","10.09.2019",2019,9,10,"PLATYCNEMIS SP.",103
"NLD_005_MZB_LO_1","NLD_005_MZB_LO_1-10.09.2019","10.09.2019",2019,9,10,"PLEA SP.",1
"NLD_005_MZB_LO_1","NLD_005_MZB_LO_1-10.09.2019","10.09.2019",2019,9,10,"PSYCHOMYIIDAE GEN. SP.",2
"NLD_005_MZB_LO_1","NLD_005_MZB_LO_1-10.09.2019","10.09.2019",2019,9,10,"SIGARA SP.",2
"NLD_005_MZB_LO_1","NLD_005_MZB_LO_1-10.09.2019","10.09.2019",2019,9,10,"SIMULIIDAE GEN. SP.",45
"NLD_005_MZB_LO_1","NLD_005_MZB_LO_1-10.09.2019","10.09.2019",2019,9,10,"SPHAERIUM SP.",55
"NLD_005_MZB_LO_1","NLD_005_MZB_LO_1-10.09.2019","10.09.2019",2019,9,10,"TIPULIDAE GEN. SP.",3
"NLD_005_MZB_LO_2","NLD_005_MZB_LO_2-09.10.1992","09.10.1992",1992,10,9,"ASELLIDAE GEN. SP.",2
"NLD_005_MZB_LO_2","NLD_005_MZB_LO_2-09.10.1992","09.10.1992",1992,10,9,"CHIRONOMIDAE GEN. SP.",53
"NLD_005_MZB_LO_2","NLD_005_MZB_LO_2-09.10.1992","09.10.1992",1992,10,9,"GAMMARIDAE GEN. SP.",11
"NLD_005_MZB_LO_2","NLD_005_MZB_LO_2-09.10.1992","09.10.1992",1992,10,9,"HELOBDELLA SP.",1
"NLD_005_MZB_LO_2","NLD_005_MZB_LO_2-09.10.1992","09.10.1992",1992,10,9,"HYDRACHNIDIA GEN. SP.",11
"NLD_005_MZB_LO_2","NLD_005_MZB_LO_2-09.10.1992","09.10.1992",1992,10,9,"HYDROPHILIDAE GEN. SP.",1
"NLD_005_MZB_LO_2","NLD_005_MZB_LO_2-09.10.1992","09.10.1992",1992,10,9,"ISCHNURA SP.",11
"NLD_005_MZB_LO_2","NLD_005_MZB_LO_2-09.10.1992","09.10.1992",1992,10,9,"LYMNAEA SP.",2
"NLD_005_MZB_LO_2","NLD_005_MZB_LO_2-09.10.1992","09.10.1992",1992,10,9,"MYSIDAE GEN. SP.",11
"NLD_005_MZB_LO_2","NLD_005_MZB_LO_2-09.10.1992","09.10.1992",1992,10,9,"NEPA SP.",1
"NLD_005_MZB_LO_2","NLD_005_MZB_LO_2-09.10.1992","09.10.1992",1992,10,9,"OLIGOCHAETA GEN. SP.",11
"NLD_005_MZB_LO_2","NLD_005_MZB_LO_2-09.10.1992","09.10.1992",1992,10,9,"PALAEMONIDAE GEN. SP.",11
"NLD_005_MZB_LO_2","NLD_005_MZB_LO_2-09.10.1992","09.10.1992",1992,10,9,"PHYSELLA SP.",11
"NLD_005_MZB_LO_2","NLD_005_MZB_LO_2-09.10.1992","09.10.1992",1992,10,9,"PISCICOLA SP.",2
"NLD_005_MZB_LO_2","NLD_005_MZB_LO_2-09.10.1992","09.10.1992",1992,10,9,"PLANORBIDAE GEN. SP.",2
"NLD_005_MZB_LO_2","NLD_005_MZB_LO_2-09.10.1992","09.10.1992",1992,10,9,"POTAMOPYRGUS SP.",11
"NLD_005_MZB_LO_2","NLD_005_MZB_LO_2-09.10.1992","09.10.1992",1992,10,9,"SIGARA SP.",1
"NLD_005_MZB_LO_2","NLD_005_MZB_LO_2-02.09.1994","02.09.1994",1994,9,2,"CHIRONOMIDAE GEN. SP.",22
"NLD_005_MZB_LO_2","NLD_005_MZB_LO_2-02.09.1994","02.09.1994",1994,9,2,"GAMMARIDAE GEN. SP.",1001
"NLD_005_MZB_LO_2","NLD_005_MZB_LO_2-02.09.1994","02.09.1994",1994,9,2,"LYMNAEA SP.",2
"NLD_005_MZB_LO_2","NLD_005_MZB_LO_2-02.09.1994","02.09.1994",1994,9,2,"OLIGOCHAETA GEN. SP.",2
"NLD_005_MZB_LO_2","NLD_005_MZB_LO_2-02.09.1994","02.09.1994",1994,9,2,"PALAEMONIDAE GEN. SP.",2
"NLD_005_MZB_LO_2","NLD_005_MZB_LO_2-02.09.1994","02.09.1994",1994,9,2,"PHYSELLA SP.",2
"NLD_005_MZB_LO_2","NLD_005_MZB_LO_2-02.09.1994","02.09.1994",1994,9,2,"POTAMOPYRGUS SP.",2
"NLD_005_MZB_LO_2","NLD_005_MZB_LO_2-24.08.2000","24.08.2000",2000,8,24,"ACROLOXUS SP.",2
"NLD_005_MZB_LO_2","NLD_005_MZB_LO_2-24.08.2000","24.08.2000",2000,8,24,"ASELLIDAE GEN. SP.",11
"NLD_005_MZB_LO_2","NLD_005_MZB_LO_2-24.08.2000","24.08.2000",2000,8,24,"CHIRONOMIDAE GEN. SP.",52
"NLD_005_MZB_LO_2","NLD_005_MZB_LO_2-24.08.2000","24.08.2000",2000,8,24,"COENAGRION SP.",1
"NLD_005_MZB_LO_2","NLD_005_MZB_LO_2-24.08.2000","24.08.2000",2000,8,24,"DUGESIA SP.",2
"NLD_005_MZB_LO_2","NLD_005_MZB_LO_2-24.08.2000","24.08.2000",2000,8,24,"DYTISCIDAE GEN. SP.",1
"NLD_005_MZB_LO_2","NLD_005_MZB_LO_2-24.08.2000","24.08.2000",2000,8,24,"GAMMARIDAE GEN. SP.",101
"NLD_005_MZB_LO_2","NLD_005_MZB_LO_2-24.08.2000","24.08.2000",2000,8,24,"GERRIS SP.",11
"NLD_005_MZB_LO_2","NLD_005_MZB_LO_2-24.08.2000","24.08.2000",2000,8,24,"GLOSSIPHONIA SP.",1
"NLD_005_MZB_LO_2","NLD_005_MZB_LO_2-24.08.2000","24.08.2000",2000,8,24,"HELOBDELLA SP.",11
"NLD_005_MZB_LO_2","NLD_005_MZB_LO_2-24.08.2000","24.08.2000",2000,8,24,"HYDROPHILIDAE GEN. SP.",1
"NLD_005_MZB_LO_2","NLD_005_MZB_LO_2-24.08.2000","24.08.2000",2000,8,24,"ILYOCORIS SP.",2
"NLD_005_MZB_LO_2","NLD_005_MZB_LO_2-24.08.2000","24.08.2000",2000,8,24,"LIMONIIDAE GEN. SP.",2
"NLD_005_MZB_LO_2","NLD_005_MZB_LO_2-24.08.2000","24.08.2000",2000,8,24,"LYMNAEA SP.",2
"NLD_005_MZB_LO_2","NLD_005_MZB_LO_2-24.08.2000","24.08.2000",2000,8,24,"MYSIDAE GEN. SP.",1001
"NLD_005_MZB_LO_2","NLD_005_MZB_LO_2-24.08.2000","24.08.2000",2000,8,24,"NOTERIDAE GEN. SP.",1
"NLD_005_MZB_LO_2","NLD_005_MZB_LO_2-24.08.2000","24.08.2000",2000,8,24,"OLIGOCHAETA GEN. SP.",2
"NLD_005_MZB_LO_2","NLD_005_MZB_LO_2-24.08.2000","24.08.2000",2000,8,24,"PHYSA SP.",51
"NLD_005_MZB_LO_2","NLD_005_MZB_LO_2-24.08.2000","24.08.2000",2000,8,24,"PISCICOLA SP.",11
"NLD_005_MZB_LO_2","NLD_005_MZB_LO_2-24.08.2000","24.08.2000",2000,8,24,"PLANORBIDAE GEN. SP.",2
"NLD_005_MZB_LO_2","NLD_005_MZB_LO_2-24.08.2000","24.08.2000",2000,8,24,"POTAMOPYRGUS SP.",51
"NLD_005_MZB_LO_2","NLD_005_MZB_LO_2-24.08.2000","24.08.2000",2000,8,24,"SIGARA SP.",2
"NLD_005_MZB_LO_2","NLD_005_MZB_LO_2-24.08.2000","24.08.2000",2000,8,24,"STRATIOMYIDAE GEN. SP.",1
"NLD_005_MZB_LO_2","NLD_005_MZB_LO_2-30.09.2002","30.09.2002",2002,9,30,"ACROLOXUS SP.",2
"NLD_005_MZB_LO_2","NLD_005_MZB_LO_2-30.09.2002","30.09.2002",2002,9,30,"ASELLIDAE GEN. SP.",2
"NLD_005_MZB_LO_2","NLD_005_MZB_LO_2-30.09.2002","30.09.2002",2002,9,30,"BITHYNIA SP.",11
"NLD_005_MZB_LO_2","NLD_005_MZB_LO_2-30.09.2002","30.09.2002",2002,9,30,"CHIRONOMIDAE GEN. SP.",51
"NLD_005_MZB_LO_2","NLD_005_MZB_LO_2-30.09.2002","30.09.2002",2002,9,30,"GAMMARIDAE GEN. SP.",101
"NLD_005_MZB_LO_2","NLD_005_MZB_LO_2-30.09.2002","30.09.2002",2002,9,30,"GERRIS SP.",1
"NLD_005_MZB_LO_2","NLD_005_MZB_LO_2-30.09.2002","30.09.2002",2002,9,30,"HELOBDELLA SP.",2
"NLD_005_MZB_LO_2","NLD_005_MZB_LO_2-30.09.2002","30.09.2002",2002,9,30,"HYDRACHNIDIA GEN. SP.",1
"NLD_005_MZB_LO_2","NLD_005_MZB_LO_2-30.09.2002","30.09.2002",2002,9,30,"ISCHNURA SP.",2
"NLD_005_MZB_LO_2","NLD_005_MZB_LO_2-30.09.2002","30.09.2002",2002,9,30,"LIMONIIDAE GEN. SP.",1
"NLD_005_MZB_LO_2","NLD_005_MZB_LO_2-30.09.2002","30.09.2002",2002,9,30,"LYMNAEA SP.",1
"NLD_005_MZB_LO_2","NLD_005_MZB_LO_2-30.09.2002","30.09.2002",2002,9,30,"MICRONECTA SP.",1
"NLD_005_MZB_LO_2","NLD_005_MZB_LO_2-30.09.2002","30.09.2002",2002,9,30,"MYSIDAE GEN. SP.",1001
"NLD_005_MZB_LO_2","NLD_005_MZB_LO_2-30.09.2002","30.09.2002",2002,9,30,"OLIGOCHAETA GEN. SP.",2
"NLD_005_MZB_LO_2","NLD_005_MZB_LO_2-30.09.2002","30.09.2002",2002,9,30,"PALAEMONIDAE GEN. SP.",2
"NLD_005_MZB_LO_2","NLD_005_MZB_LO_2-30.09.2002","30.09.2002",2002,9,30,"PHYSA SP.",11
"NLD_005_MZB_LO_2","NLD_005_MZB_LO_2-30.09.2002","30.09.2002",2002,9,30,"PISCICOLA SP.",2
"NLD_005_MZB_LO_2","NLD_005_MZB_LO_2-30.09.2002","30.09.2002",2002,9,30,"POTAMOPYRGUS SP.",51
"NLD_005_MZB_LO_2","NLD_005_MZB_LO_2-30.09.2002","30.09.2002",2002,9,30,"SIGARA SP.",2
"NLD_005_MZB_LO_2","NLD_005_MZB_LO_2-18.08.2003","18.08.2003",2003,8,18,"ASELLIDAE GEN. SP.",2
"NLD_005_MZB_LO_2","NLD_005_MZB_LO_2-18.08.2003","18.08.2003",2003,8,18,"CHIRONOMIDAE GEN. SP.",11
"NLD_005_MZB_LO_2","NLD_005_MZB_LO_2-18.08.2003","18.08.2003",2003,8,18,"GAMMARIDAE GEN. SP.",101
"NLD_005_MZB_LO_2","NLD_005_MZB_LO_2-18.08.2003","18.08.2003",2003,8,18,"GERRIS SP.",2
"NLD_005_MZB_LO_2","NLD_005_MZB_LO_2-18.08.2003","18.08.2003",2003,8,18,"HYDROPHILIDAE GEN. SP.",2
"NLD_005_MZB_LO_2","NLD_005_MZB_LO_2-18.08.2003","18.08.2003",2003,8,18,"ISCHNURA SP.",1
"NLD_005_MZB_LO_2","NLD_005_MZB_LO_2-18.08.2003","18.08.2003",2003,8,18,"LIMONIIDAE GEN. SP.",1
"NLD_005_MZB_LO_2","NLD_005_MZB_LO_2-18.08.2003","18.08.2003",2003,8,18,"MYSIDAE GEN. SP.",11
"NLD_005_MZB_LO_2","NLD_005_MZB_LO_2-18.08.2003","18.08.2003",2003,8,18,"NOTONECTA SP.",1
"NLD_005_MZB_LO_2","NLD_005_MZB_LO_2-18.08.2003","18.08.2003",2003,8,18,"OLIGOCHAETA GEN. SP.",1
"NLD_005_MZB_LO_2","NLD_005_MZB_LO_2-18.08.2003","18.08.2003",2003,8,18,"PALAEMONIDAE GEN. SP.",51
"NLD_005_MZB_LO_2","NLD_005_MZB_LO_2-18.08.2003","18.08.2003",2003,8,18,"PHYSA SP.",1
"NLD_005_MZB_LO_2","NLD_005_MZB_LO_2-18.08.2003","18.08.2003",2003,8,18,"POTAMOPYRGUS SP.",101
"NLD_005_MZB_LO_2","NLD_005_MZB_LO_2-02.08.2004","02.08.2004",2004,8,2,"ASELLIDAE GEN. SP.",2
"NLD_005_MZB_LO_2","NLD_005_MZB_LO_2-02.08.2004","02.08.2004",2004,8,2,"CHIRONOMIDAE GEN. SP.",103
"NLD_005_MZB_LO_2","NLD_005_MZB_LO_2-02.08.2004","02.08.2004",2004,8,2,"GAMMARIDAE GEN. SP.",51
"NLD_005_MZB_LO_2","NLD_005_MZB_LO_2-02.08.2004","02.08.2004",2004,8,2,"HELOBDELLA SP.",1
"NLD_005_MZB_LO_2","NLD_005_MZB_LO_2-02.08.2004","02.08.2004",2004,8,2,"HYDROPHILIDAE GEN. SP.",1
"NLD_005_MZB_LO_2","NLD_005_MZB_LO_2-02.08.2004","02.08.2004",2004,8,2,"MYSIDAE GEN. SP.",1001
"NLD_005_MZB_LO_2","NLD_005_MZB_LO_2-02.08.2004","02.08.2004",2004,8,2,"NOTERIDAE GEN. SP.",2
"NLD_005_MZB_LO_2","NLD_005_MZB_LO_2-02.08.2004","02.08.2004",2004,8,2,"OLIGOCHAETA GEN. SP.",2
"NLD_005_MZB_LO_2","NLD_005_MZB_LO_2-02.08.2004","02.08.2004",2004,8,2,"PALAEMONIDAE GEN. SP.",51
"NLD_005_MZB_LO_2","NLD_005_MZB_LO_2-02.08.2004","02.08.2004",2004,8,2,"PHYSA SP.",2
"NLD_005_MZB_LO_2","NLD_005_MZB_LO_2-02.08.2004","02.08.2004",2004,8,2,"POTAMOPYRGUS SP.",2
"NLD_005_MZB_LO_2","NLD_005_MZB_LO_2-02.08.2004","02.08.2004",2004,8,2,"SIGARA SP.",2
"NLD_005_MZB_LO_2","NLD_005_MZB_LO_2-07.09.2006","07.09.2006",2006,9,7,"ACROLOXUS SP.",4
"NLD_005_MZB_LO_2","NLD_005_MZB_LO_2-07.09.2006","07.09.2006",2006,9,7,"ASELLIDAE GEN. SP.",20
"NLD_005_MZB_LO_2","NLD_005_MZB_LO_2-07.09.2006","07.09.2006",2006,9,7,"BITHYNIA SP.",50
"NLD_005_MZB_LO_2","NLD_005_MZB_LO_2-07.09.2006","07.09.2006",2006,9,7,"CHIRONOMIDAE GEN. SP.",150
"NLD_005_MZB_LO_2","NLD_005_MZB_LO_2-07.09.2006","07.09.2006",2006,9,7,"CLOEON SP.",5
"NLD_005_MZB_LO_2","NLD_005_MZB_LO_2-07.09.2006","07.09.2006",2006,9,7,"DENDROCOELUM SP.",3
"NLD_005_MZB_LO_2","NLD_005_MZB_LO_2-07.09.2006","07.09.2006",2006,9,7,"DUGESIA SP.",4
"NLD_005_MZB_LO_2","NLD_005_MZB_LO_2-07.09.2006","07.09.2006",2006,9,7,"DYTISCIDAE GEN. SP.",2
"NLD_005_MZB_LO_2","NLD_005_MZB_LO_2-07.09.2006","07.09.2006",2006,9,7,"GAMMARIDAE GEN. SP.",250
"NLD_005_MZB_LO_2","NLD_005_MZB_LO_2-07.09.2006","07.09.2006",2006,9,7,"GERRIS SP.",3
"NLD_005_MZB_LO_2","NLD_005_MZB_LO_2-07.09.2006","07.09.2006",2006,9,7,"GLOSSIPHONIA SP.",1
"NLD_005_MZB_LO_2","NLD_005_MZB_LO_2-07.09.2006","07.09.2006",2006,9,7,"HELOBDELLA SP.",10
"NLD_005_MZB_LO_2","NLD_005_MZB_LO_2-07.09.2006","07.09.2006",2006,9,7,"HYDROPHILIDAE GEN. SP.",2
"NLD_005_MZB_LO_2","NLD_005_MZB_LO_2-07.09.2006","07.09.2006",2006,9,7,"ISCHNURA SP.",17
"NLD_005_MZB_LO_2","NLD_005_MZB_LO_2-07.09.2006","07.09.2006",2006,9,7,"LYMNAEA SP.",7
"NLD_005_MZB_LO_2","NLD_005_MZB_LO_2-07.09.2006","07.09.2006",2006,9,7,"NEPA SP.",1
"NLD_005_MZB_LO_2","NLD_005_MZB_LO_2-07.09.2006","07.09.2006",2006,9,7,"NOTERIDAE GEN. SP.",4
"NLD_005_MZB_LO_2","NLD_005_MZB_LO_2-07.09.2006","07.09.2006",2006,9,7,"NOTONECTA SP.",1
"NLD_005_MZB_LO_2","NLD_005_MZB_LO_2-07.09.2006","07.09.2006",2006,9,7,"OLIGOCHAETA GEN. SP.",4
"NLD_005_MZB_LO_2","NLD_005_MZB_LO_2-07.09.2006","07.09.2006",2006,9,7,"PALAEMONIDAE GEN. SP.",15
"NLD_005_MZB_LO_2","NLD_005_MZB_LO_2-07.09.2006","07.09.2006",2006,9,7,"PHYSELLA SP.",250
"NLD_005_MZB_LO_2","NLD_005_MZB_LO_2-07.09.2006","07.09.2006",2006,9,7,"PISCICOLA SP.",4
"NLD_005_MZB_LO_2","NLD_005_MZB_LO_2-07.09.2006","07.09.2006",2006,9,7,"PLANORBIDAE GEN. SP.",23
"NLD_005_MZB_LO_2","NLD_005_MZB_LO_2-07.09.2006","07.09.2006",2006,9,7,"POLYCELIS SP.",3
"NLD_005_MZB_LO_2","NLD_005_MZB_LO_2-07.09.2006","07.09.2006",2006,9,7,"POTAMOPYRGUS SP.",50
"NLD_005_MZB_LO_2","NLD_005_MZB_LO_2-07.09.2006","07.09.2006",2006,9,7,"SIGARA SP.",3
"NLD_005_MZB_LO_2","NLD_005_MZB_LO_2-07.09.2006","07.09.2006",2006,9,7,"STRATIOMYIDAE GEN. SP.",2
"NLD_005_MZB_LO_2","NLD_005_MZB_LO_2-07.09.2006","07.09.2006",2006,9,7,"THEROMYZON SP.",1
"NLD_005_MZB_LO_2","NLD_005_MZB_LO_2-07.09.2006","07.09.2006",2006,9,7,"TIPULIDAE GEN. SP.",1
"NLD_005_MZB_LO_2","NLD_005_MZB_LO_2-27.09.2011","27.09.2011",2011,9,27,"AMPHARETIDAE GEN. SP.",6
"NLD_005_MZB_LO_2","NLD_005_MZB_LO_2-27.09.2011","27.09.2011",2011,9,27,"CHIRONOMIDAE GEN. SP.",20
"NLD_005_MZB_LO_2","NLD_005_MZB_LO_2-27.09.2011","27.09.2011",2011,9,27,"DREISSENIDAE GEN. SP.",7
"NLD_005_MZB_LO_2","NLD_005_MZB_LO_2-27.09.2011","27.09.2011",2011,9,27,"DRYOPIDAE GEN. SP.",1
"NLD_005_MZB_LO_2","NLD_005_MZB_LO_2-27.09.2011","27.09.2011",2011,9,27,"GAMMARIDAE GEN. SP.",80
"NLD_005_MZB_LO_2","NLD_005_MZB_LO_2-27.09.2011","27.09.2011",2011,9,27,"HALIPLIDAE GEN. SP.",2
"NLD_005_MZB_LO_2","NLD_005_MZB_LO_2-27.09.2011","27.09.2011",2011,9,27,"HYDROPHILIDAE GEN. SP.",1
"NLD_005_MZB_LO_2","NLD_005_MZB_LO_2-27.09.2011","27.09.2011",2011,9,27,"MYSIDAE GEN. SP.",2000
"NLD_005_MZB_LO_2","NLD_005_MZB_LO_2-27.09.2011","27.09.2011",2011,9,27,"PALAEMONIDAE GEN. SP.",40
"NLD_005_MZB_LO_2","NLD_005_MZB_LO_2-27.09.2011","27.09.2011",2011,9,27,"PHYSELLA SP.",4
"NLD_005_MZB_LO_2","NLD_005_MZB_LO_2-27.09.2011","27.09.2011",2011,9,27,"PLANORBIDAE GEN. SP.",1
"NLD_005_MZB_LO_2","NLD_005_MZB_LO_2-27.09.2011","27.09.2011",2011,9,27,"POTAMOPYRGUS SP.",70
"NLD_005_MZB_LO_2","NLD_005_MZB_LO_2-27.09.2011","27.09.2011",2011,9,27,"VALVATA SP.",1
"NLD_005_MZB_LO_2","NLD_005_MZB_LO_2-20.09.2012","20.09.2012",2012,9,20,"CHIRONOMIDAE GEN. SP.",12
"NLD_005_MZB_LO_2","NLD_005_MZB_LO_2-20.09.2012","20.09.2012",2012,9,20,"DYTISCIDAE GEN. SP.",8
"NLD_005_MZB_LO_2","NLD_005_MZB_LO_2-20.09.2012","20.09.2012",2012,9,20,"GAMMARIDAE GEN. SP.",2500
"NLD_005_MZB_LO_2","NLD_005_MZB_LO_2-20.09.2012","20.09.2012",2012,9,20,"GERRIS SP.",4
"NLD_005_MZB_LO_2","NLD_005_MZB_LO_2-20.09.2012","20.09.2012",2012,9,20,"GLOSSIPHONIA SP.",7
"NLD_005_MZB_LO_2","NLD_005_MZB_LO_2-20.09.2012","20.09.2012",2012,9,20,"HYDROPHILIDAE GEN. SP.",1
"NLD_005_MZB_LO_2","NLD_005_MZB_LO_2-20.09.2012","20.09.2012",2012,9,20,"ILYOCORIS SP.",2
"NLD_005_MZB_LO_2","NLD_005_MZB_LO_2-20.09.2012","20.09.2012",2012,9,20,"ISCHNURA SP.",14
"NLD_005_MZB_LO_2","NLD_005_MZB_LO_2-20.09.2012","20.09.2012",2012,9,20,"LYMNAEA SP.",5
"NLD_005_MZB_LO_2","NLD_005_MZB_LO_2-20.09.2012","20.09.2012",2012,9,20,"MYSIDAE GEN. SP.",20000
"NLD_005_MZB_LO_2","NLD_005_MZB_LO_2-20.09.2012","20.09.2012",2012,9,20,"OLIGOCHAETA GEN. SP.",1
"NLD_005_MZB_LO_2","NLD_005_MZB_LO_2-20.09.2012","20.09.2012",2012,9,20,"PALAEMONIDAE GEN. SP.",40
"NLD_005_MZB_LO_2","NLD_005_MZB_LO_2-20.09.2012","20.09.2012",2012,9,20,"PHYSELLA SP.",1000
"NLD_005_MZB_LO_2","NLD_005_MZB_LO_2-20.09.2012","20.09.2012",2012,9,20,"PISCICOLA SP.",6
"NLD_005_MZB_LO_2","NLD_005_MZB_LO_2-20.09.2012","20.09.2012",2012,9,20,"PLANORBIDAE GEN. SP.",16
"NLD_005_MZB_LO_2","NLD_005_MZB_LO_2-20.09.2012","20.09.2012",2012,9,20,"POTAMOPYRGUS SP.",150
"NLD_005_MZB_LO_2","NLD_005_MZB_LO_2-20.09.2012","20.09.2012",2012,9,20,"SIGARA SP.",40
"NLD_005_MZB_LO_2","NLD_005_MZB_LO_2-20.09.2012","20.09.2012",2012,9,20,"THEROMYZON SP.",1
"NLD_005_MZB_LO_2","NLD_005_MZB_LO_2-30.09.2015","30.09.2015",2015,9,30,"AMPHARETIDAE GEN. SP.",35
"NLD_005_MZB_LO_2","NLD_005_MZB_LO_2-30.09.2015","30.09.2015",2015,9,30,"CHIRONOMIDAE GEN. SP.",10
"NLD_005_MZB_LO_2","NLD_005_MZB_LO_2-30.09.2015","30.09.2015",2015,9,30,"DREISSENIDAE GEN. SP.",12
"NLD_005_MZB_LO_2","NLD_005_MZB_LO_2-30.09.2015","30.09.2015",2015,9,30,"GAMMARIDAE GEN. SP.",12
"NLD_005_MZB_LO_2","NLD_005_MZB_LO_2-30.09.2015","30.09.2015",2015,9,30,"ISCHNURA SP.",1
"NLD_005_MZB_LO_2","NLD_005_MZB_LO_2-30.09.2015","30.09.2015",2015,9,30,"MYSIDAE GEN. SP.",2
"NLD_005_MZB_LO_2","NLD_005_MZB_LO_2-30.09.2015","30.09.2015",2015,9,30,"OLIGOCHAETA GEN. SP.",3
"NLD_005_MZB_LO_2","NLD_005_MZB_LO_2-30.09.2015","30.09.2015",2015,9,30,"PALAEMONIDAE GEN. SP.",120
"NLD_005_MZB_LO_2","NLD_005_MZB_LO_2-30.09.2015","30.09.2015",2015,9,30,"POTAMOPYRGUS SP.",60
"NLD_005_MZB_LO_2","NLD_005_MZB_LO_2-30.09.2015","30.09.2015",2015,9,30,"SPHAEROMATIDAE GEN. SP.",15
"NLD_005_MZB_LO_2","NLD_005_MZB_LO_2-12.09.2016","12.09.2016",2016,9,12,"CHIRONOMIDAE GEN. SP.",70
"NLD_005_MZB_LO_2","NLD_005_MZB_LO_2-12.09.2016","12.09.2016",2016,9,12,"DYTISCIDAE GEN. SP.",2
"NLD_005_MZB_LO_2","NLD_005_MZB_LO_2-12.09.2016","12.09.2016",2016,9,12,"GAMMARIDAE GEN. SP.",750
"NLD_005_MZB_LO_2","NLD_005_MZB_LO_2-12.09.2016","12.09.2016",2016,9,12,"GERRIS SP.",12
"NLD_005_MZB_LO_2","NLD_005_MZB_LO_2-12.09.2016","12.09.2016",2016,9,12,"HALIPLIDAE GEN. SP.",18
"NLD_005_MZB_LO_2","NLD_005_MZB_LO_2-12.09.2016","12.09.2016",2016,9,12,"HYDROPHILIDAE GEN. SP.",4
"NLD_005_MZB_LO_2","NLD_005_MZB_LO_2-12.09.2016","12.09.2016",2016,9,12,"ILYOCORIS SP.",2
"NLD_005_MZB_LO_2","NLD_005_MZB_LO_2-12.09.2016","12.09.2016",2016,9,12,"ISCHNURA SP.",8
"NLD_005_MZB_LO_2","NLD_005_MZB_LO_2-12.09.2016","12.09.2016",2016,9,12,"LYMNAEA SP.",5
"NLD_005_MZB_LO_2","NLD_005_MZB_LO_2-12.09.2016","12.09.2016",2016,9,12,"MYSIDAE GEN. SP.",10000
"NLD_005_MZB_LO_2","NLD_005_MZB_LO_2-12.09.2016","12.09.2016",2016,9,12,"OLIGOCHAETA GEN. SP.",7
"NLD_005_MZB_LO_2","NLD_005_MZB_LO_2-12.09.2016","12.09.2016",2016,9,12,"PALAEMONIDAE GEN. SP.",600
"NLD_005_MZB_LO_2","NLD_005_MZB_LO_2-12.09.2016","12.09.2016",2016,9,12,"PHYSELLA SP.",3
"NLD_005_MZB_LO_2","NLD_005_MZB_LO_2-12.09.2016","12.09.2016",2016,9,12,"POTAMOPYRGUS SP.",30
"NLD_005_MZB_LO_2","NLD_005_MZB_LO_2-26.09.2017","26.09.2017",2017,9,26,"CHIRONOMIDAE GEN. SP.",8
"NLD_005_MZB_LO_2","NLD_005_MZB_LO_2-26.09.2017","26.09.2017",2017,9,26,"CLOEON SP.",1
"NLD_005_MZB_LO_2","NLD_005_MZB_LO_2-26.09.2017","26.09.2017",2017,9,26,"DREISSENIDAE GEN. SP.",25
"NLD_005_MZB_LO_2","NLD_005_MZB_LO_2-26.09.2017","26.09.2017",2017,9,26,"GAMMARIDAE GEN. SP.",800
"NLD_005_MZB_LO_2","NLD_005_MZB_LO_2-26.09.2017","26.09.2017",2017,9,26,"HALIPLIDAE GEN. SP.",1
"NLD_005_MZB_LO_2","NLD_005_MZB_LO_2-26.09.2017","26.09.2017",2017,9,26,"ISCHNURA SP.",5
"NLD_005_MZB_LO_2","NLD_005_MZB_LO_2-26.09.2017","26.09.2017",2017,9,26,"MYSIDAE GEN. SP.",18
"NLD_005_MZB_LO_2","NLD_005_MZB_LO_2-26.09.2017","26.09.2017",2017,9,26,"OLIGOCHAETA GEN. SP.",1
"NLD_005_MZB_LO_2","NLD_005_MZB_LO_2-26.09.2017","26.09.2017",2017,9,26,"PALAEMONIDAE GEN. SP.",1
"NLD_005_MZB_LO_2","NLD_005_MZB_LO_2-26.09.2017","26.09.2017",2017,9,26,"POTAMOPYRGUS SP.",75
"NLD_005_MZB_LO_2","NLD_005_MZB_LO_2-26.09.2017","26.09.2017",2017,9,26,"SABELLIDAE GEN. SP.",50
"NLD_005_MZB_LO_2","NLD_005_MZB_LO_2-26.09.2017","26.09.2017",2017,9,26,"SPHAEROMATIDAE GEN. SP.",90
"NLD_005_MZB_LO_2","NLD_005_MZB_LO_2-08.10.2019","08.10.2019",2019,10,8,"CHIRONOMIDAE GEN. SP.",37
"NLD_005_MZB_LO_2","NLD_005_MZB_LO_2-08.10.2019","08.10.2019",2019,10,8,"DREISSENIDAE GEN. SP.",80
"NLD_005_MZB_LO_2","NLD_005_MZB_LO_2-08.10.2019","08.10.2019",2019,10,8,"GAMMARIDAE GEN. SP.",9
"NLD_005_MZB_LO_2","NLD_005_MZB_LO_2-08.10.2019","08.10.2019",2019,10,8,"MYSIDAE GEN. SP.",10
"NLD_005_MZB_LO_2","NLD_005_MZB_LO_2-08.10.2019","08.10.2019",2019,10,8,"PALAEMONIDAE GEN. SP.",55
"NLD_005_MZB_LO_2","NLD_005_MZB_LO_2-08.10.2019","08.10.2019",2019,10,8,"POTAMOPYRGUS SP.",100
"NLD_005_MZB_LO_2","NLD_005_MZB_LO_2-08.10.2019","08.10.2019",2019,10,8,"SPHAEROMATIDAE GEN. SP.",100
"NLD_005_MZB_LO_2","NLD_005_MZB_LO_2-13.10.2021","13.10.2021",2021,10,13,"ANAX SP.",1
"NLD_005_MZB_LO_2","NLD_005_MZB_LO_2-13.10.2021","13.10.2021",2021,10,13,"ASELLIDAE GEN. SP.",8
"NLD_005_MZB_LO_2","NLD_005_MZB_LO_2-13.10.2021","13.10.2021",2021,10,13,"CAENIS SP.",60
"NLD_005_MZB_LO_2","NLD_005_MZB_LO_2-13.10.2021","13.10.2021",2021,10,13,"CHIRONOMIDAE GEN. SP.",120
"NLD_005_MZB_LO_2","NLD_005_MZB_LO_2-13.10.2021","13.10.2021",2021,10,13,"CLOEON SP.",30
"NLD_005_MZB_LO_2","NLD_005_MZB_LO_2-13.10.2021","13.10.2021",2021,10,13,"CYMATIA SP.",2
"NLD_005_MZB_LO_2","NLD_005_MZB_LO_2-13.10.2021","13.10.2021",2021,10,13,"DENDROCOELUM SP.",2
"NLD_005_MZB_LO_2","NLD_005_MZB_LO_2-13.10.2021","13.10.2021",2021,10,13,"DREISSENIDAE GEN. SP.",7
"NLD_005_MZB_LO_2","NLD_005_MZB_LO_2-13.10.2021","13.10.2021",2021,10,13,"DUGESIA SP.",25
"NLD_005_MZB_LO_2","NLD_005_MZB_LO_2-13.10.2021","13.10.2021",2021,10,13,"GAMMARIDAE GEN. SP.",1750
"NLD_005_MZB_LO_2","NLD_005_MZB_LO_2-13.10.2021","13.10.2021",2021,10,13,"GERRIS SP.",2
"NLD_005_MZB_LO_2","NLD_005_MZB_LO_2-13.10.2021","13.10.2021",2021,10,13,"GLOSSIPHONIA SP.",40
"NLD_005_MZB_LO_2","NLD_005_MZB_LO_2-13.10.2021","13.10.2021",2021,10,13,"HELOBDELLA SP.",1
"NLD_005_MZB_LO_2","NLD_005_MZB_LO_2-13.10.2021","13.10.2021",2021,10,13,"ISCHNURA SP.",80
"NLD_005_MZB_LO_2","NLD_005_MZB_LO_2-13.10.2021","13.10.2021",2021,10,13,"MICRONECTA SP.",4
"NLD_005_MZB_LO_2","NLD_005_MZB_LO_2-13.10.2021","13.10.2021",2021,10,13,"MYSIDAE GEN. SP.",125
"NLD_005_MZB_LO_2","NLD_005_MZB_LO_2-13.10.2021","13.10.2021",2021,10,13,"OLIGOCHAETA GEN. SP.",25
"NLD_005_MZB_LO_2","NLD_005_MZB_LO_2-13.10.2021","13.10.2021",2021,10,13,"PHYSELLA SP.",60
"NLD_005_MZB_LO_2","NLD_005_MZB_LO_2-13.10.2021","13.10.2021",2021,10,13,"PISCICOLA SP.",20
"NLD_005_MZB_LO_2","NLD_005_MZB_LO_2-13.10.2021","13.10.2021",2021,10,13,"PLANORBIDAE GEN. SP.",2
"NLD_005_MZB_LO_2","NLD_005_MZB_LO_2-13.10.2021","13.10.2021",2021,10,13,"PLEA SP.",1
"NLD_005_MZB_LO_2","NLD_005_MZB_LO_2-13.10.2021","13.10.2021",2021,10,13,"POLYCELIS SP.",1
"NLD_005_MZB_LO_2","NLD_005_MZB_LO_2-13.10.2021","13.10.2021",2021,10,13,"POTAMOPYRGUS SP.",15
"NLD_005_MZB_LO_2","NLD_005_MZB_LO_2-13.10.2021","13.10.2021",2021,10,13,"SIGARA SP.",11
"NLD_005_MZB_LO_2","NLD_005_MZB_LO_2-13.10.2021","13.10.2021",2021,10,13,"THEROMYZON SP.",3
"NLD_005_MZB_LO_2","NLD_005_MZB_LO_2-10.10.2022","10.10.2022",2022,10,10,"ASELLIDAE GEN. SP.",1
"NLD_005_MZB_LO_2","NLD_005_MZB_LO_2-10.10.2022","10.10.2022",2022,10,10,"CAENIS SP.",1
"NLD_005_MZB_LO_2","NLD_005_MZB_LO_2-10.10.2022","10.10.2022",2022,10,10,"CHIRONOMIDAE GEN. SP.",158
"NLD_005_MZB_LO_2","NLD_005_MZB_LO_2-10.10.2022","10.10.2022",2022,10,10,"CLOEON SP.",1
"NLD_005_MZB_LO_2","NLD_005_MZB_LO_2-10.10.2022","10.10.2022",2022,10,10,"DREISSENIDAE GEN. SP.",19
"NLD_005_MZB_LO_2","NLD_005_MZB_LO_2-10.10.2022","10.10.2022",2022,10,10,"EPHYDRIDAE GEN. SP.",4
"NLD_005_MZB_LO_2","NLD_005_MZB_LO_2-10.10.2022","10.10.2022",2022,10,10,"GAMMARIDAE GEN. SP.",100
"NLD_005_MZB_LO_2","NLD_005_MZB_LO_2-10.10.2022","10.10.2022",2022,10,10,"HALIPLIDAE GEN. SP.",2
"NLD_005_MZB_LO_2","NLD_005_MZB_LO_2-10.10.2022","10.10.2022",2022,10,10,"HYDROPHILIDAE GEN. SP.",4
"NLD_005_MZB_LO_2","NLD_005_MZB_LO_2-10.10.2022","10.10.2022",2022,10,10,"LYMNAEA SP.",3
"NLD_005_MZB_LO_2","NLD_005_MZB_LO_2-10.10.2022","10.10.2022",2022,10,10,"MICRONECTA SP.",1
"NLD_005_MZB_LO_2","NLD_005_MZB_LO_2-10.10.2022","10.10.2022",2022,10,10,"MICROVELIA SP.",1
"NLD_005_MZB_LO_2","NLD_005_MZB_LO_2-10.10.2022","10.10.2022",2022,10,10,"NOTERIDAE GEN. SP.",1
"NLD_005_MZB_LO_2","NLD_005_MZB_LO_2-10.10.2022","10.10.2022",2022,10,10,"OLIGOCHAETA GEN. SP.",40
"NLD_005_MZB_LO_2","NLD_005_MZB_LO_2-10.10.2022","10.10.2022",2022,10,10,"PHYSELLA SP.",5
"NLD_005_MZB_LO_2","NLD_005_MZB_LO_2-10.10.2022","10.10.2022",2022,10,10,"PLANORBIDAE GEN. SP.",2
"NLD_005_MZB_LO_2","NLD_005_MZB_LO_2-10.10.2022","10.10.2022",2022,10,10,"POTAMOPYRGUS SP.",35
"NLD_005_MZB_LO_2","NLD_005_MZB_LO_2-10.10.2022","10.10.2022",2022,10,10,"PSYCHODIDAE GEN. SP.",20
"NLD_005_MZB_LO_2","NLD_005_MZB_LO_2-10.10.2022","10.10.2022",2022,10,10,"SIGARA SP.",1
"NLD_005_MZB_LO_2","NLD_005_MZB_LO_2-10.10.2022","10.10.2022",2022,10,10,"STRATIOMYIDAE GEN. SP.",3
"NLD_005_MZB_LO_2","NLD_005_MZB_LO_2-10.10.2022","10.10.2022",2022,10,10,"TIPULIDAE GEN. SP.",4
