"Unique.ID","Samp.ID","Sampling.date","year","month","day","Taxon.name","Abundance"
"NOR_055_MZB_LO_1","NOR_055_MZB_LO_1-17.10.1997","17.10.1997",1997,10,17,"AMPHINEMURA SP.",107
"NOR_055_MZB_LO_1","NOR_055_MZB_LO_1-17.10.1997","17.10.1997",1997,10,17,"ASELLUS AQUATICUS",32
"NOR_055_MZB_LO_1","NOR_055_MZB_LO_1-17.10.1997","17.10.1997",1997,10,17,"BAETIS SP.",1232
"NOR_055_MZB_LO_1","NOR_055_MZB_LO_1-17.10.1997","17.10.1997",1997,10,17,"CHIRONOMIDAE GEN. SP.",960
"NOR_055_MZB_LO_1","NOR_055_MZB_LO_1-17.10.1997","17.10.1997",1997,10,17,"COLEOPTERA GEN. SP.",368
"NOR_055_MZB_LO_1","NOR_055_MZB_LO_1-17.10.1997","17.10.1997",1997,10,17,"EPHEMERA DANICA",21
"NOR_055_MZB_LO_1","NOR_055_MZB_LO_1-17.10.1997","17.10.1997",1997,10,17,"GASTROPODA GEN. SP.",272
"NOR_055_MZB_LO_1","NOR_055_MZB_LO_1-17.10.1997","17.10.1997",1997,10,17,"HEPTAGENIA SP.",53
"NOR_055_MZB_LO_1","NOR_055_MZB_LO_1-17.10.1997","17.10.1997",1997,10,17,"HYDRACHNIDIA GEN. SP.",43
"NOR_055_MZB_LO_1","NOR_055_MZB_LO_1-17.10.1997","17.10.1997",1997,10,17,"HYDROPSYCHE SP.",533
"NOR_055_MZB_LO_1","NOR_055_MZB_LO_1-17.10.1997","17.10.1997",1997,10,17,"ISOPERLA SP.",107
"NOR_055_MZB_LO_1","NOR_055_MZB_LO_1-17.10.1997","17.10.1997",1997,10,17,"ITHYTRICHIA LAMELLARIS",416
"NOR_055_MZB_LO_1","NOR_055_MZB_LO_1-17.10.1997","17.10.1997",1997,10,17,"LEPIDOSTOMA HIRTUM",32
"NOR_055_MZB_LO_1","NOR_055_MZB_LO_1-17.10.1997","17.10.1997",1997,10,17,"LEPTOCERIDAE GEN. SP.",5
"NOR_055_MZB_LO_1","NOR_055_MZB_LO_1-17.10.1997","17.10.1997",1997,10,17,"LEUCTRA SP.",32
"NOR_055_MZB_LO_1","NOR_055_MZB_LO_1-17.10.1997","17.10.1997",1997,10,17,"MICRASEMA SETIFERUM SSP.",320
"NOR_055_MZB_LO_1","NOR_055_MZB_LO_1-17.10.1997","17.10.1997",1997,10,17,"OLIGOCHAETA GEN. SP.",16
"NOR_055_MZB_LO_1","NOR_055_MZB_LO_1-17.10.1997","17.10.1997",1997,10,17,"POLYCENTROPODIDAE GEN. SP.",54
"NOR_055_MZB_LO_1","NOR_055_MZB_LO_1-17.10.1997","17.10.1997",1997,10,17,"PROTONEMURA MEYERI",32
"NOR_055_MZB_LO_1","NOR_055_MZB_LO_1-17.10.1997","17.10.1997",1997,10,17,"RHYACOPHILA NUBILA",53
"NOR_055_MZB_LO_1","NOR_055_MZB_LO_1-17.10.1997","17.10.1997",1997,10,17,"SIMULIIDAE GEN. SP.",21
"NOR_055_MZB_LO_1","NOR_055_MZB_LO_1-17.10.1997","17.10.1997",1997,10,17,"SPHAERIIDAE GEN. SP.",544
"NOR_055_MZB_LO_1","NOR_055_MZB_LO_1-17.10.1997","17.10.1997",1997,10,17,"TAENIOPTERYX NEBULOSA",11
"NOR_055_MZB_LO_1","NOR_055_MZB_LO_1-20.08.1998","20.08.1998",1998,8,20,"AMPHINEMURA SP.",192
"NOR_055_MZB_LO_1","NOR_055_MZB_LO_1-20.08.1998","20.08.1998",1998,8,20,"BAETIS SP.",3520
"NOR_055_MZB_LO_1","NOR_055_MZB_LO_1-20.08.1998","20.08.1998",1998,8,20,"CHIRONOMIDAE GEN. SP.",1908
"NOR_055_MZB_LO_1","NOR_055_MZB_LO_1-20.08.1998","20.08.1998",1998,8,20,"COLEOPTERA GEN. SP.",1216
"NOR_055_MZB_LO_1","NOR_055_MZB_LO_1-20.08.1998","20.08.1998",1998,8,20,"DIPTERA GEN. SP.",64
"NOR_055_MZB_LO_1","NOR_055_MZB_LO_1-20.08.1998","20.08.1998",1998,8,20,"GASTROPODA GEN. SP.",960
"NOR_055_MZB_LO_1","NOR_055_MZB_LO_1-20.08.1998","20.08.1998",1998,8,20,"HEPTAGENIA SP.",236
"NOR_055_MZB_LO_1","NOR_055_MZB_LO_1-20.08.1998","20.08.1998",1998,8,20,"HYDRACHNIDIA GEN. SP.",352
"NOR_055_MZB_LO_1","NOR_055_MZB_LO_1-20.08.1998","20.08.1998",1998,8,20,"HYDROPSYCHE SP.",2752
"NOR_055_MZB_LO_1","NOR_055_MZB_LO_1-20.08.1998","20.08.1998",1998,8,20,"ISOPERLA SP.",20
"NOR_055_MZB_LO_1","NOR_055_MZB_LO_1-20.08.1998","20.08.1998",1998,8,20,"ITHYTRICHIA LAMELLARIS",384
"NOR_055_MZB_LO_1","NOR_055_MZB_LO_1-20.08.1998","20.08.1998",1998,8,20,"LEPIDOSTOMA HIRTUM",60
"NOR_055_MZB_LO_1","NOR_055_MZB_LO_1-20.08.1998","20.08.1998",1998,8,20,"LEUCTRA SP.",80
"NOR_055_MZB_LO_1","NOR_055_MZB_LO_1-20.08.1998","20.08.1998",1998,8,20,"MICRASEMA SETIFERUM SSP.",2284
"NOR_055_MZB_LO_1","NOR_055_MZB_LO_1-20.08.1998","20.08.1998",1998,8,20,"OLIGOCHAETA GEN. SP.",64
"NOR_055_MZB_LO_1","NOR_055_MZB_LO_1-20.08.1998","20.08.1998",1998,8,20,"POLYCENTROPODIDAE GEN. SP.",60
"NOR_055_MZB_LO_1","NOR_055_MZB_LO_1-20.08.1998","20.08.1998",1998,8,20,"PROTONEMURA MEYERI",212
"NOR_055_MZB_LO_1","NOR_055_MZB_LO_1-20.08.1998","20.08.1998",1998,8,20,"RHYACOPHILA NUBILA",428
"NOR_055_MZB_LO_1","NOR_055_MZB_LO_1-20.08.1998","20.08.1998",1998,8,20,"SERRATELLA IGNITA",192
"NOR_055_MZB_LO_1","NOR_055_MZB_LO_1-20.08.1998","20.08.1998",1998,8,20,"SIMULIIDAE GEN. SP.",128
"NOR_055_MZB_LO_1","NOR_055_MZB_LO_1-20.08.1998","20.08.1998",1998,8,20,"SIPHONOPERLA BURMEISTERI",40
"NOR_055_MZB_LO_1","NOR_055_MZB_LO_1-20.08.1998","20.08.1998",1998,8,20,"SPHAERIIDAE GEN. SP.",3136
"NOR_055_MZB_LO_1","NOR_055_MZB_LO_1-20.08.1998","20.08.1998",1998,8,20,"WORMALDIA SP.",40
"NOR_055_MZB_LO_1","NOR_055_MZB_LO_1-02.08.1999","02.08.1999",1999,8,2,"BAETIS SP.",450
"NOR_055_MZB_LO_1","NOR_055_MZB_LO_1-02.08.1999","02.08.1999",1999,8,2,"CHIRONOMIDAE GEN. SP.",608
"NOR_055_MZB_LO_1","NOR_055_MZB_LO_1-02.08.1999","02.08.1999",1999,8,2,"COLEOPTERA GEN. SP.",64
"NOR_055_MZB_LO_1","NOR_055_MZB_LO_1-02.08.1999","02.08.1999",1999,8,2,"GASTROPODA GEN. SP.",24
"NOR_055_MZB_LO_1","NOR_055_MZB_LO_1-02.08.1999","02.08.1999",1999,8,2,"HEPTAGENIA SP.",2
"NOR_055_MZB_LO_1","NOR_055_MZB_LO_1-02.08.1999","02.08.1999",1999,8,2,"HYDRACHNIDIA GEN. SP.",8
"NOR_055_MZB_LO_1","NOR_055_MZB_LO_1-02.08.1999","02.08.1999",1999,8,2,"HYDROPSYCHE SP.",234
"NOR_055_MZB_LO_1","NOR_055_MZB_LO_1-02.08.1999","02.08.1999",1999,8,2,"ITHYTRICHIA LAMELLARIS",34
"NOR_055_MZB_LO_1","NOR_055_MZB_LO_1-02.08.1999","02.08.1999",1999,8,2,"LEUCTRA SP.",4
"NOR_055_MZB_LO_1","NOR_055_MZB_LO_1-02.08.1999","02.08.1999",1999,8,2,"LIMNEPHILIDAE GEN. SP.",2
"NOR_055_MZB_LO_1","NOR_055_MZB_LO_1-02.08.1999","02.08.1999",1999,8,2,"MICRASEMA SETIFERUM SSP.",16
"NOR_055_MZB_LO_1","NOR_055_MZB_LO_1-02.08.1999","02.08.1999",1999,8,2,"OLIGOCHAETA GEN. SP.",24
"NOR_055_MZB_LO_1","NOR_055_MZB_LO_1-02.08.1999","02.08.1999",1999,8,2,"POLYCENTROPODIDAE GEN. SP.",16
"NOR_055_MZB_LO_1","NOR_055_MZB_LO_1-02.08.1999","02.08.1999",1999,8,2,"RHYACOPHILA NUBILA",26
"NOR_055_MZB_LO_1","NOR_055_MZB_LO_1-02.08.1999","02.08.1999",1999,8,2,"SERRATELLA IGNITA",30
"NOR_055_MZB_LO_1","NOR_055_MZB_LO_1-02.08.1999","02.08.1999",1999,8,2,"SIMULIIDAE GEN. SP.",12
"NOR_055_MZB_LO_1","NOR_055_MZB_LO_1-02.08.1999","02.08.1999",1999,8,2,"SPHAERIIDAE GEN. SP.",64
"NOR_055_MZB_LO_1","NOR_055_MZB_LO_1-10.10.2000","10.10.2000",2000,10,10,"AMPHINEMURA SP.",4
"NOR_055_MZB_LO_1","NOR_055_MZB_LO_1-10.10.2000","10.10.2000",2000,10,10,"ASELLUS AQUATICUS",4
"NOR_055_MZB_LO_1","NOR_055_MZB_LO_1-10.10.2000","10.10.2000",2000,10,10,"ASTACUS ASTACUS",1
"NOR_055_MZB_LO_1","NOR_055_MZB_LO_1-10.10.2000","10.10.2000",2000,10,10,"BAETIS SP.",1088
"NOR_055_MZB_LO_1","NOR_055_MZB_LO_1-10.10.2000","10.10.2000",2000,10,10,"CHIRONOMIDAE GEN. SP.",1168
"NOR_055_MZB_LO_1","NOR_055_MZB_LO_1-10.10.2000","10.10.2000",2000,10,10,"COLEOPTERA GEN. SP.",60
"NOR_055_MZB_LO_1","NOR_055_MZB_LO_1-10.10.2000","10.10.2000",2000,10,10,"ELMIS AENEA",32
"NOR_055_MZB_LO_1","NOR_055_MZB_LO_1-10.10.2000","10.10.2000",2000,10,10,"EPHEMERELLA MUCRONATA",4
"NOR_055_MZB_LO_1","NOR_055_MZB_LO_1-10.10.2000","10.10.2000",2000,10,10,"GASTROPODA GEN. SP.",113
"NOR_055_MZB_LO_1","NOR_055_MZB_LO_1-10.10.2000","10.10.2000",2000,10,10,"HEPTAGENIA SP.",8
"NOR_055_MZB_LO_1","NOR_055_MZB_LO_1-10.10.2000","10.10.2000",2000,10,10,"HYDRACHNIDIA GEN. SP.",32
"NOR_055_MZB_LO_1","NOR_055_MZB_LO_1-10.10.2000","10.10.2000",2000,10,10,"HYDROPSYCHE SP.",1796
"NOR_055_MZB_LO_1","NOR_055_MZB_LO_1-10.10.2000","10.10.2000",2000,10,10,"ISOPERLA SP.",16
"NOR_055_MZB_LO_1","NOR_055_MZB_LO_1-10.10.2000","10.10.2000",2000,10,10,"ITHYTRICHIA LAMELLARIS",4
"NOR_055_MZB_LO_1","NOR_055_MZB_LO_1-10.10.2000","10.10.2000",2000,10,10,"LEPIDOSTOMA HIRTUM",4
"NOR_055_MZB_LO_1","NOR_055_MZB_LO_1-10.10.2000","10.10.2000",2000,10,10,"LEPTOCERIDAE GEN. SP.",8
"NOR_055_MZB_LO_1","NOR_055_MZB_LO_1-10.10.2000","10.10.2000",2000,10,10,"LEPTOPHLEBIIDAE GEN. SP.",8
"NOR_055_MZB_LO_1","NOR_055_MZB_LO_1-10.10.2000","10.10.2000",2000,10,10,"LEUCTRA SP.",4
"NOR_055_MZB_LO_1","NOR_055_MZB_LO_1-10.10.2000","10.10.2000",2000,10,10,"LIMNIUS VOLCKMARI",28
"NOR_055_MZB_LO_1","NOR_055_MZB_LO_1-10.10.2000","10.10.2000",2000,10,10,"MICRASEMA SETIFERUM SSP.",4
"NOR_055_MZB_LO_1","NOR_055_MZB_LO_1-10.10.2000","10.10.2000",2000,10,10,"OLIGOCHAETA GEN. SP.",48
"NOR_055_MZB_LO_1","NOR_055_MZB_LO_1-10.10.2000","10.10.2000",2000,10,10,"PEREGRIANA LABIATA",8
"NOR_055_MZB_LO_1","NOR_055_MZB_LO_1-10.10.2000","10.10.2000",2000,10,10,"PLANORBIDAE GEN. SP.",100
"NOR_055_MZB_LO_1","NOR_055_MZB_LO_1-10.10.2000","10.10.2000",2000,10,10,"POLYCENTROPODIDAE GEN. SP.",44
"NOR_055_MZB_LO_1","NOR_055_MZB_LO_1-10.10.2000","10.10.2000",2000,10,10,"PROTONEMURA MEYERI",8
"NOR_055_MZB_LO_1","NOR_055_MZB_LO_1-10.10.2000","10.10.2000",2000,10,10,"RHYACOPHILA NUBILA",208
"NOR_055_MZB_LO_1","NOR_055_MZB_LO_1-10.10.2000","10.10.2000",2000,10,10,"SPHAERIIDAE GEN. SP.",272
"NOR_055_MZB_LO_1","NOR_055_MZB_LO_1-22.08.2001","22.08.2001",2001,8,22,"BAETIS SP.",400
"NOR_055_MZB_LO_1","NOR_055_MZB_LO_1-22.08.2001","22.08.2001",2001,8,22,"CHIRONOMIDAE GEN. SP.",880
"NOR_055_MZB_LO_1","NOR_055_MZB_LO_1-22.08.2001","22.08.2001",2001,8,22,"COLEOPTERA GEN. SP.",248
"NOR_055_MZB_LO_1","NOR_055_MZB_LO_1-22.08.2001","22.08.2001",2001,8,22,"DIPTERA GEN. SP.",16
"NOR_055_MZB_LO_1","NOR_055_MZB_LO_1-22.08.2001","22.08.2001",2001,8,22,"ELMIS AENEA",160
"NOR_055_MZB_LO_1","NOR_055_MZB_LO_1-22.08.2001","22.08.2001",2001,8,22,"EPHEMERA DANICA",3
"NOR_055_MZB_LO_1","NOR_055_MZB_LO_1-22.08.2001","22.08.2001",2001,8,22,"GASTROPODA GEN. SP.",138
"NOR_055_MZB_LO_1","NOR_055_MZB_LO_1-22.08.2001","22.08.2001",2001,8,22,"HEPTAGENIA SP.",11
"NOR_055_MZB_LO_1","NOR_055_MZB_LO_1-22.08.2001","22.08.2001",2001,8,22,"HYDRACHNIDIA GEN. SP.",32
"NOR_055_MZB_LO_1","NOR_055_MZB_LO_1-22.08.2001","22.08.2001",2001,8,22,"HYDROPSYCHE SP.",1562
"NOR_055_MZB_LO_1","NOR_055_MZB_LO_1-22.08.2001","22.08.2001",2001,8,22,"ISOPERLA SP.",3
"NOR_055_MZB_LO_1","NOR_055_MZB_LO_1-22.08.2001","22.08.2001",2001,8,22,"ITHYTRICHIA LAMELLARIS",8
"NOR_055_MZB_LO_1","NOR_055_MZB_LO_1-22.08.2001","22.08.2001",2001,8,22,"LEPIDOSTOMA HIRTUM",8
"NOR_055_MZB_LO_1","NOR_055_MZB_LO_1-22.08.2001","22.08.2001",2001,8,22,"LEPTOCERIDAE GEN. SP.",3
"NOR_055_MZB_LO_1","NOR_055_MZB_LO_1-22.08.2001","22.08.2001",2001,8,22,"LEUCTRA SP.",3
"NOR_055_MZB_LO_1","NOR_055_MZB_LO_1-22.08.2001","22.08.2001",2001,8,22,"LIMNIUS VOLCKMARI",48
"NOR_055_MZB_LO_1","NOR_055_MZB_LO_1-22.08.2001","22.08.2001",2001,8,22,"MICRASEMA SETIFERUM SSP.",224
"NOR_055_MZB_LO_1","NOR_055_MZB_LO_1-22.08.2001","22.08.2001",2001,8,22,"OLIGOCHAETA GEN. SP.",6
"NOR_055_MZB_LO_1","NOR_055_MZB_LO_1-22.08.2001","22.08.2001",2001,8,22,"OULIMNIUS SP.",16
"NOR_055_MZB_LO_1","NOR_055_MZB_LO_1-22.08.2001","22.08.2001",2001,8,22,"PEREGRIANA LABIATA",2
"NOR_055_MZB_LO_1","NOR_055_MZB_LO_1-22.08.2001","22.08.2001",2001,8,22,"PLANORBIDAE GEN. SP.",136
"NOR_055_MZB_LO_1","NOR_055_MZB_LO_1-22.08.2001","22.08.2001",2001,8,22,"POLYCENTROPODIDAE GEN. SP.",10
"NOR_055_MZB_LO_1","NOR_055_MZB_LO_1-22.08.2001","22.08.2001",2001,8,22,"PROTONEMURA MEYERI",10
"NOR_055_MZB_LO_1","NOR_055_MZB_LO_1-22.08.2001","22.08.2001",2001,8,22,"RHYACOPHILA NUBILA",32
"NOR_055_MZB_LO_1","NOR_055_MZB_LO_1-22.08.2001","22.08.2001",2001,8,22,"SERICOSTOMA PERSONATUM",3
"NOR_055_MZB_LO_1","NOR_055_MZB_LO_1-22.08.2001","22.08.2001",2001,8,22,"SERRATELLA IGNITA",3
"NOR_055_MZB_LO_1","NOR_055_MZB_LO_1-22.08.2001","22.08.2001",2001,8,22,"SIMULIIDAE GEN. SP.",6
"NOR_055_MZB_LO_1","NOR_055_MZB_LO_1-22.08.2001","22.08.2001",2001,8,22,"SPHAERIIDAE GEN. SP.",32
"NOR_055_MZB_LO_1","NOR_055_MZB_LO_1-22.08.2001","22.08.2001",2001,8,22,"TRICHOPTERA GEN. SP.",24
"NOR_055_MZB_LO_1","NOR_055_MZB_LO_1-06.08.2002","06.08.2002",2002,8,6,"BAETIS SP.",2526
"NOR_055_MZB_LO_1","NOR_055_MZB_LO_1-06.08.2002","06.08.2002",2002,8,6,"CHIRONOMIDAE GEN. SP.",2336
"NOR_055_MZB_LO_1","NOR_055_MZB_LO_1-06.08.2002","06.08.2002",2002,8,6,"COLEOPTERA GEN. SP.",768
"NOR_055_MZB_LO_1","NOR_055_MZB_LO_1-06.08.2002","06.08.2002",2002,8,6,"DIPTERA GEN. SP.",64
"NOR_055_MZB_LO_1","NOR_055_MZB_LO_1-06.08.2002","06.08.2002",2002,8,6,"ELMIS AENEA",448
"NOR_055_MZB_LO_1","NOR_055_MZB_LO_1-06.08.2002","06.08.2002",2002,8,6,"GASTROPODA GEN. SP.",648
"NOR_055_MZB_LO_1","NOR_055_MZB_LO_1-06.08.2002","06.08.2002",2002,8,6,"HEPTAGENIA SP.",4
"NOR_055_MZB_LO_1","NOR_055_MZB_LO_1-06.08.2002","06.08.2002",2002,8,6,"HYDRACHNIDIA GEN. SP.",64
"NOR_055_MZB_LO_1","NOR_055_MZB_LO_1-06.08.2002","06.08.2002",2002,8,6,"HYDROPSYCHE SP.",7440
"NOR_055_MZB_LO_1","NOR_055_MZB_LO_1-06.08.2002","06.08.2002",2002,8,6,"ITHYTRICHIA LAMELLARIS",40
"NOR_055_MZB_LO_1","NOR_055_MZB_LO_1-06.08.2002","06.08.2002",2002,8,6,"LEPTOCERIDAE GEN. SP.",8
"NOR_055_MZB_LO_1","NOR_055_MZB_LO_1-06.08.2002","06.08.2002",2002,8,6,"LEUCTRA SP.",16
"NOR_055_MZB_LO_1","NOR_055_MZB_LO_1-06.08.2002","06.08.2002",2002,8,6,"LIMNIUS VOLCKMARI",256
"NOR_055_MZB_LO_1","NOR_055_MZB_LO_1-06.08.2002","06.08.2002",2002,8,6,"MICRASEMA SETIFERUM SSP.",256
"NOR_055_MZB_LO_1","NOR_055_MZB_LO_1-06.08.2002","06.08.2002",2002,8,6,"OLIGOCHAETA GEN. SP.",8
"NOR_055_MZB_LO_1","NOR_055_MZB_LO_1-06.08.2002","06.08.2002",2002,8,6,"PEREGRIANA LABIATA",16
"NOR_055_MZB_LO_1","NOR_055_MZB_LO_1-06.08.2002","06.08.2002",2002,8,6,"PLANORBIDAE GEN. SP.",632
"NOR_055_MZB_LO_1","NOR_055_MZB_LO_1-06.08.2002","06.08.2002",2002,8,6,"POLYCENTROPODIDAE GEN. SP.",72
"NOR_055_MZB_LO_1","NOR_055_MZB_LO_1-06.08.2002","06.08.2002",2002,8,6,"PROTONEMURA MEYERI",64
"NOR_055_MZB_LO_1","NOR_055_MZB_LO_1-06.08.2002","06.08.2002",2002,8,6,"RHYACOPHILA NUBILA",240
"NOR_055_MZB_LO_1","NOR_055_MZB_LO_1-06.08.2002","06.08.2002",2002,8,6,"SILO PALLIPES",40
"NOR_055_MZB_LO_1","NOR_055_MZB_LO_1-06.08.2002","06.08.2002",2002,8,6,"SIMULIIDAE GEN. SP.",48
"NOR_055_MZB_LO_1","NOR_055_MZB_LO_1-06.08.2002","06.08.2002",2002,8,6,"SPHAERIIDAE GEN. SP.",752
"NOR_055_MZB_LO_1","NOR_055_MZB_LO_1-02.08.2003","02.08.2003",2003,8,2,"AMPHINEMURA SP.",32
"NOR_055_MZB_LO_1","NOR_055_MZB_LO_1-02.08.2003","02.08.2003",2003,8,2,"BAETIS SP.",1024
"NOR_055_MZB_LO_1","NOR_055_MZB_LO_1-02.08.2003","02.08.2003",2003,8,2,"CHIRONOMIDAE GEN. SP.",4800
"NOR_055_MZB_LO_1","NOR_055_MZB_LO_1-02.08.2003","02.08.2003",2003,8,2,"COLEOPTERA GEN. SP.",832
"NOR_055_MZB_LO_1","NOR_055_MZB_LO_1-02.08.2003","02.08.2003",2003,8,2,"ELMIS AENEA",576
"NOR_055_MZB_LO_1","NOR_055_MZB_LO_1-02.08.2003","02.08.2003",2003,8,2,"ERPOBDELLA OCTOCULATA",32
"NOR_055_MZB_LO_1","NOR_055_MZB_LO_1-02.08.2003","02.08.2003",2003,8,2,"GASTROPODA GEN. SP.",1344
"NOR_055_MZB_LO_1","NOR_055_MZB_LO_1-02.08.2003","02.08.2003",2003,8,2,"HEPTAGENIA SP.",64
"NOR_055_MZB_LO_1","NOR_055_MZB_LO_1-02.08.2003","02.08.2003",2003,8,2,"HIRUDINEA GEN. SP.",32
"NOR_055_MZB_LO_1","NOR_055_MZB_LO_1-02.08.2003","02.08.2003",2003,8,2,"HYDRACHNIDIA GEN. SP.",256
"NOR_055_MZB_LO_1","NOR_055_MZB_LO_1-02.08.2003","02.08.2003",2003,8,2,"HYDROPSYCHE SP.",8846
"NOR_055_MZB_LO_1","NOR_055_MZB_LO_1-02.08.2003","02.08.2003",2003,8,2,"ISOPERLA SP.",16
"NOR_055_MZB_LO_1","NOR_055_MZB_LO_1-02.08.2003","02.08.2003",2003,8,2,"ITHYTRICHIA LAMELLARIS",32
"NOR_055_MZB_LO_1","NOR_055_MZB_LO_1-02.08.2003","02.08.2003",2003,8,2,"LEUCTRA SP.",16
"NOR_055_MZB_LO_1","NOR_055_MZB_LO_1-02.08.2003","02.08.2003",2003,8,2,"LIMNIUS VOLCKMARI",192
"NOR_055_MZB_LO_1","NOR_055_MZB_LO_1-02.08.2003","02.08.2003",2003,8,2,"MICRASEMA SETIFERUM SSP.",2304
"NOR_055_MZB_LO_1","NOR_055_MZB_LO_1-02.08.2003","02.08.2003",2003,8,2,"OLIGOCHAETA GEN. SP.",64
"NOR_055_MZB_LO_1","NOR_055_MZB_LO_1-02.08.2003","02.08.2003",2003,8,2,"PLANORBIDAE GEN. SP.",1344
"NOR_055_MZB_LO_1","NOR_055_MZB_LO_1-02.08.2003","02.08.2003",2003,8,2,"POLYCENTROPODIDAE GEN. SP.",128
"NOR_055_MZB_LO_1","NOR_055_MZB_LO_1-02.08.2003","02.08.2003",2003,8,2,"RHYACOPHILA NUBILA",240
"NOR_055_MZB_LO_1","NOR_055_MZB_LO_1-02.08.2003","02.08.2003",2003,8,2,"SERICOSTOMA PERSONATUM",32
"NOR_055_MZB_LO_1","NOR_055_MZB_LO_1-02.08.2003","02.08.2003",2003,8,2,"SERRATELLA IGNITA",224
"NOR_055_MZB_LO_1","NOR_055_MZB_LO_1-02.08.2003","02.08.2003",2003,8,2,"SIMULIIDAE GEN. SP.",32
"NOR_055_MZB_LO_1","NOR_055_MZB_LO_1-02.08.2003","02.08.2003",2003,8,2,"SPHAERIIDAE GEN. SP.",2240
"NOR_055_MZB_LO_1","NOR_055_MZB_LO_1-12.10.2004","12.10.2004",2004,10,12,"AMPHINEMURA SP.",48
"NOR_055_MZB_LO_1","NOR_055_MZB_LO_1-12.10.2004","12.10.2004",2004,10,12,"BAETIS SP.",1984
"NOR_055_MZB_LO_1","NOR_055_MZB_LO_1-12.10.2004","12.10.2004",2004,10,12,"CHIRONOMIDAE GEN. SP.",1088
"NOR_055_MZB_LO_1","NOR_055_MZB_LO_1-12.10.2004","12.10.2004",2004,10,12,"COLEOPTERA GEN. SP.",288
"NOR_055_MZB_LO_1","NOR_055_MZB_LO_1-12.10.2004","12.10.2004",2004,10,12,"ELMIS AENEA",160
"NOR_055_MZB_LO_1","NOR_055_MZB_LO_1-12.10.2004","12.10.2004",2004,10,12,"GASTROPODA GEN. SP.",1520
"NOR_055_MZB_LO_1","NOR_055_MZB_LO_1-12.10.2004","12.10.2004",2004,10,12,"HELOBDELLA STAGNALIS",8
"NOR_055_MZB_LO_1","NOR_055_MZB_LO_1-12.10.2004","12.10.2004",2004,10,12,"HEPTAGENIA SP.",96
"NOR_055_MZB_LO_1","NOR_055_MZB_LO_1-12.10.2004","12.10.2004",2004,10,12,"HIRUDINEA GEN. SP.",8
"NOR_055_MZB_LO_1","NOR_055_MZB_LO_1-12.10.2004","12.10.2004",2004,10,12,"HYDROPSYCHE SP.",5824
"NOR_055_MZB_LO_1","NOR_055_MZB_LO_1-12.10.2004","12.10.2004",2004,10,12,"ISOPERLA SP.",24
"NOR_055_MZB_LO_1","NOR_055_MZB_LO_1-12.10.2004","12.10.2004",2004,10,12,"ITHYTRICHIA LAMELLARIS",160
"NOR_055_MZB_LO_1","NOR_055_MZB_LO_1-12.10.2004","12.10.2004",2004,10,12,"LEPIDOSTOMA HIRTUM",8
"NOR_055_MZB_LO_1","NOR_055_MZB_LO_1-12.10.2004","12.10.2004",2004,10,12,"LEPTOCERIDAE GEN. SP.",24
"NOR_055_MZB_LO_1","NOR_055_MZB_LO_1-12.10.2004","12.10.2004",2004,10,12,"LEUCTRA SP.",32
"NOR_055_MZB_LO_1","NOR_055_MZB_LO_1-12.10.2004","12.10.2004",2004,10,12,"LIMNIUS VOLCKMARI",96
"NOR_055_MZB_LO_1","NOR_055_MZB_LO_1-12.10.2004","12.10.2004",2004,10,12,"MICRASEMA SETIFERUM SSP.",576
"NOR_055_MZB_LO_1","NOR_055_MZB_LO_1-12.10.2004","12.10.2004",2004,10,12,"OLIGOCHAETA GEN. SP.",48
"NOR_055_MZB_LO_1","NOR_055_MZB_LO_1-12.10.2004","12.10.2004",2004,10,12,"PEREGRIANA LABIATA",48
"NOR_055_MZB_LO_1","NOR_055_MZB_LO_1-12.10.2004","12.10.2004",2004,10,12,"PLANORBIDAE GEN. SP.",1472
"NOR_055_MZB_LO_1","NOR_055_MZB_LO_1-12.10.2004","12.10.2004",2004,10,12,"POLYCENTROPODIDAE GEN. SP.",80
"NOR_055_MZB_LO_1","NOR_055_MZB_LO_1-12.10.2004","12.10.2004",2004,10,12,"PROTONEMURA MEYERI",48
"NOR_055_MZB_LO_1","NOR_055_MZB_LO_1-12.10.2004","12.10.2004",2004,10,12,"RHYACOPHILA NUBILA",136
"NOR_055_MZB_LO_1","NOR_055_MZB_LO_1-12.10.2004","12.10.2004",2004,10,12,"SERICOSTOMA PERSONATUM",16
"NOR_055_MZB_LO_1","NOR_055_MZB_LO_1-12.10.2004","12.10.2004",2004,10,12,"SIMULIIDAE GEN. SP.",16
"NOR_055_MZB_LO_1","NOR_055_MZB_LO_1-12.10.2004","12.10.2004",2004,10,12,"SIPHONOPERLA BURMEISTERI",8
"NOR_055_MZB_LO_1","NOR_055_MZB_LO_1-12.10.2004","12.10.2004",2004,10,12,"SPHAERIIDAE GEN. SP.",2176
"NOR_055_MZB_LO_1","NOR_055_MZB_LO_1-12.10.2004","12.10.2004",2004,10,12,"TRICHOPTERA GEN. SP.",8
"NOR_055_MZB_LO_1","NOR_055_MZB_LO_1-03.08.2005","03.08.2005",2005,8,3,"BAETIS SP.",1920
"NOR_055_MZB_LO_1","NOR_055_MZB_LO_1-03.08.2005","03.08.2005",2005,8,3,"CHIRONOMIDAE GEN. SP.",5888
"NOR_055_MZB_LO_1","NOR_055_MZB_LO_1-03.08.2005","03.08.2005",2005,8,3,"COLEOPTERA GEN. SP.",232
"NOR_055_MZB_LO_1","NOR_055_MZB_LO_1-03.08.2005","03.08.2005",2005,8,3,"ELMIS AENEA",112
"NOR_055_MZB_LO_1","NOR_055_MZB_LO_1-03.08.2005","03.08.2005",2005,8,3,"ERPOBDELLA OCTOCULATA",16
"NOR_055_MZB_LO_1","NOR_055_MZB_LO_1-03.08.2005","03.08.2005",2005,8,3,"GASTROPODA GEN. SP.",592
"NOR_055_MZB_LO_1","NOR_055_MZB_LO_1-03.08.2005","03.08.2005",2005,8,3,"HEPTAGENIA SP.",16
"NOR_055_MZB_LO_1","NOR_055_MZB_LO_1-03.08.2005","03.08.2005",2005,8,3,"HIRUDINEA GEN. SP.",16
"NOR_055_MZB_LO_1","NOR_055_MZB_LO_1-03.08.2005","03.08.2005",2005,8,3,"HYDROPSYCHE SP.",7648
"NOR_055_MZB_LO_1","NOR_055_MZB_LO_1-03.08.2005","03.08.2005",2005,8,3,"ITHYTRICHIA LAMELLARIS",16
"NOR_055_MZB_LO_1","NOR_055_MZB_LO_1-03.08.2005","03.08.2005",2005,8,3,"LIMNIUS VOLCKMARI",96
"NOR_055_MZB_LO_1","NOR_055_MZB_LO_1-03.08.2005","03.08.2005",2005,8,3,"MICRASEMA SETIFERUM SSP.",56
"NOR_055_MZB_LO_1","NOR_055_MZB_LO_1-03.08.2005","03.08.2005",2005,8,3,"OLIGOCHAETA GEN. SP.",32
"NOR_055_MZB_LO_1","NOR_055_MZB_LO_1-03.08.2005","03.08.2005",2005,8,3,"PEREGRIANA LABIATA",16
"NOR_055_MZB_LO_1","NOR_055_MZB_LO_1-03.08.2005","03.08.2005",2005,8,3,"PLANORBIDAE GEN. SP.",576
"NOR_055_MZB_LO_1","NOR_055_MZB_LO_1-03.08.2005","03.08.2005",2005,8,3,"POLYCENTROPODIDAE GEN. SP.",32
"NOR_055_MZB_LO_1","NOR_055_MZB_LO_1-03.08.2005","03.08.2005",2005,8,3,"PROTONEMURA MEYERI",8
"NOR_055_MZB_LO_1","NOR_055_MZB_LO_1-03.08.2005","03.08.2005",2005,8,3,"RHYACOPHILA NUBILA",64
"NOR_055_MZB_LO_1","NOR_055_MZB_LO_1-03.08.2005","03.08.2005",2005,8,3,"SERICOSTOMA PERSONATUM",8
"NOR_055_MZB_LO_1","NOR_055_MZB_LO_1-03.08.2005","03.08.2005",2005,8,3,"SERRATELLA IGNITA",80
"NOR_055_MZB_LO_1","NOR_055_MZB_LO_1-03.08.2005","03.08.2005",2005,8,3,"SIMULIIDAE GEN. SP.",16
"NOR_055_MZB_LO_1","NOR_055_MZB_LO_1-03.08.2005","03.08.2005",2005,8,3,"SPHAERIIDAE GEN. SP.",704
"NOR_055_MZB_LO_1","NOR_055_MZB_LO_1-03.08.2005","03.08.2005",2005,8,3,"WORMALDIA SP.",16
"NOR_055_MZB_LO_1","NOR_055_MZB_LO_1-02.08.2007","02.08.2007",2007,8,2,"AMPHINEMURA SP.",4
"NOR_055_MZB_LO_1","NOR_055_MZB_LO_1-02.08.2007","02.08.2007",2007,8,2,"BAETIS SP.",2768
"NOR_055_MZB_LO_1","NOR_055_MZB_LO_1-02.08.2007","02.08.2007",2007,8,2,"CHIRONOMIDAE GEN. SP.",1780
"NOR_055_MZB_LO_1","NOR_055_MZB_LO_1-02.08.2007","02.08.2007",2007,8,2,"COLEOPTERA GEN. SP.",288
"NOR_055_MZB_LO_1","NOR_055_MZB_LO_1-02.08.2007","02.08.2007",2007,8,2,"ELMIS AENEA",224
"NOR_055_MZB_LO_1","NOR_055_MZB_LO_1-02.08.2007","02.08.2007",2007,8,2,"GASTROPODA GEN. SP.",304
"NOR_055_MZB_LO_1","NOR_055_MZB_LO_1-02.08.2007","02.08.2007",2007,8,2,"HEPTAGENIA SP.",196
"NOR_055_MZB_LO_1","NOR_055_MZB_LO_1-02.08.2007","02.08.2007",2007,8,2,"HYDRACHNIDIA GEN. SP.",64
"NOR_055_MZB_LO_1","NOR_055_MZB_LO_1-02.08.2007","02.08.2007",2007,8,2,"HYDROPSYCHE SP.",900
"NOR_055_MZB_LO_1","NOR_055_MZB_LO_1-02.08.2007","02.08.2007",2007,8,2,"ITHYTRICHIA LAMELLARIS",80
"NOR_055_MZB_LO_1","NOR_055_MZB_LO_1-02.08.2007","02.08.2007",2007,8,2,"LEPIDOSTOMA HIRTUM",4
"NOR_055_MZB_LO_1","NOR_055_MZB_LO_1-02.08.2007","02.08.2007",2007,8,2,"LEUCTRA SP.",12
"NOR_055_MZB_LO_1","NOR_055_MZB_LO_1-02.08.2007","02.08.2007",2007,8,2,"LIMNIUS VOLCKMARI",64
"NOR_055_MZB_LO_1","NOR_055_MZB_LO_1-02.08.2007","02.08.2007",2007,8,2,"MICRASEMA SETIFERUM SSP.",896
"NOR_055_MZB_LO_1","NOR_055_MZB_LO_1-02.08.2007","02.08.2007",2007,8,2,"OLIGOCHAETA GEN. SP.",48
"NOR_055_MZB_LO_1","NOR_055_MZB_LO_1-02.08.2007","02.08.2007",2007,8,2,"OXYETHIRA SP.",4
"NOR_055_MZB_LO_1","NOR_055_MZB_LO_1-02.08.2007","02.08.2007",2007,8,2,"PLANORBIDAE GEN. SP.",304
"NOR_055_MZB_LO_1","NOR_055_MZB_LO_1-02.08.2007","02.08.2007",2007,8,2,"POLYCENTROPODIDAE GEN. SP.",24
"NOR_055_MZB_LO_1","NOR_055_MZB_LO_1-02.08.2007","02.08.2007",2007,8,2,"PROTONEMURA MEYERI",12
"NOR_055_MZB_LO_1","NOR_055_MZB_LO_1-02.08.2007","02.08.2007",2007,8,2,"RHYACOPHILA NUBILA",64
"NOR_055_MZB_LO_1","NOR_055_MZB_LO_1-02.08.2007","02.08.2007",2007,8,2,"SERRATELLA IGNITA",44
"NOR_055_MZB_LO_1","NOR_055_MZB_LO_1-02.08.2007","02.08.2007",2007,8,2,"SIMULIIDAE GEN. SP.",40
"NOR_055_MZB_LO_1","NOR_055_MZB_LO_1-02.08.2007","02.08.2007",2007,8,2,"SPHAERIIDAE GEN. SP.",40
"NOR_055_MZB_LO_1","NOR_055_MZB_LO_1-02.08.2007","02.08.2007",2007,8,2,"WORMALDIA SP.",32
"NOR_055_MZB_LO_1","NOR_055_MZB_LO_1-17.08.2008","17.08.2008",2008,8,17,"AMPHINEMURA SP.",8
"NOR_055_MZB_LO_1","NOR_055_MZB_LO_1-17.08.2008","17.08.2008",2008,8,17,"BAETIS SP.",1304
"NOR_055_MZB_LO_1","NOR_055_MZB_LO_1-17.08.2008","17.08.2008",2008,8,17,"CHIRONOMIDAE GEN. SP.",4352
"NOR_055_MZB_LO_1","NOR_055_MZB_LO_1-17.08.2008","17.08.2008",2008,8,17,"COLEOPTERA GEN. SP.",106
"NOR_055_MZB_LO_1","NOR_055_MZB_LO_1-17.08.2008","17.08.2008",2008,8,17,"ELMIS AENEA",74
"NOR_055_MZB_LO_1","NOR_055_MZB_LO_1-17.08.2008","17.08.2008",2008,8,17,"GASTROPODA GEN. SP.",1152
"NOR_055_MZB_LO_1","NOR_055_MZB_LO_1-17.08.2008","17.08.2008",2008,8,17,"HEPTAGENIA SP.",80
"NOR_055_MZB_LO_1","NOR_055_MZB_LO_1-17.08.2008","17.08.2008",2008,8,17,"HYDRACHNIDIA GEN. SP.",8
"NOR_055_MZB_LO_1","NOR_055_MZB_LO_1-17.08.2008","17.08.2008",2008,8,17,"HYDROPSYCHE SP.",3728
"NOR_055_MZB_LO_1","NOR_055_MZB_LO_1-17.08.2008","17.08.2008",2008,8,17,"LEPTOPHLEBIIDAE GEN. SP.",8
"NOR_055_MZB_LO_1","NOR_055_MZB_LO_1-17.08.2008","17.08.2008",2008,8,17,"LEUCTRA SP.",32
"NOR_055_MZB_LO_1","NOR_055_MZB_LO_1-17.08.2008","17.08.2008",2008,8,17,"LIMNIUS VOLCKMARI",24
"NOR_055_MZB_LO_1","NOR_055_MZB_LO_1-17.08.2008","17.08.2008",2008,8,17,"MICRASEMA SETIFERUM SSP.",1024
"NOR_055_MZB_LO_1","NOR_055_MZB_LO_1-17.08.2008","17.08.2008",2008,8,17,"OLIGOCHAETA GEN. SP.",32
"NOR_055_MZB_LO_1","NOR_055_MZB_LO_1-17.08.2008","17.08.2008",2008,8,17,"PLANORBIDAE GEN. SP.",1152
"NOR_055_MZB_LO_1","NOR_055_MZB_LO_1-17.08.2008","17.08.2008",2008,8,17,"POLYCENTROPODIDAE GEN. SP.",16
"NOR_055_MZB_LO_1","NOR_055_MZB_LO_1-17.08.2008","17.08.2008",2008,8,17,"PROTONEMURA MEYERI",16
"NOR_055_MZB_LO_1","NOR_055_MZB_LO_1-17.08.2008","17.08.2008",2008,8,17,"RHYACOPHILA NUBILA",48
"NOR_055_MZB_LO_1","NOR_055_MZB_LO_1-17.08.2008","17.08.2008",2008,8,17,"SIMULIIDAE GEN. SP.",32
"NOR_055_MZB_LO_1","NOR_055_MZB_LO_1-17.08.2008","17.08.2008",2008,8,17,"SPHAERIIDAE GEN. SP.",288
"NOR_055_MZB_LO_1","NOR_055_MZB_LO_1-17.08.2008","17.08.2008",2008,8,17,"TRICHOPTERA GEN. SP.",16
"NOR_055_MZB_LO_1","NOR_055_MZB_LO_1-17.08.2008","17.08.2008",2008,8,17,"WORMALDIA SP.",32
"NOR_055_MZB_LO_2","NOR_055_MZB_LO_2-17.10.1997","17.10.1997",1997,10,17,"BAETIS SP.",1845
"NOR_055_MZB_LO_2","NOR_055_MZB_LO_2-17.10.1997","17.10.1997",1997,10,17,"CHIRONOMIDAE GEN. SP.",176
"NOR_055_MZB_LO_2","NOR_055_MZB_LO_2-17.10.1997","17.10.1997",1997,10,17,"COLEOPTERA GEN. SP.",5
"NOR_055_MZB_LO_2","NOR_055_MZB_LO_2-17.10.1997","17.10.1997",1997,10,17,"DIPTERA GEN. SP.",16
"NOR_055_MZB_LO_2","NOR_055_MZB_LO_2-17.10.1997","17.10.1997",1997,10,17,"GASTROPODA GEN. SP.",48
"NOR_055_MZB_LO_2","NOR_055_MZB_LO_2-17.10.1997","17.10.1997",1997,10,17,"HEPTAGENIA SP.",64
"NOR_055_MZB_LO_2","NOR_055_MZB_LO_2-17.10.1997","17.10.1997",1997,10,17,"HYDRACHNIDIA GEN. SP.",32
"NOR_055_MZB_LO_2","NOR_055_MZB_LO_2-17.10.1997","17.10.1997",1997,10,17,"HYDROPSYCHE SP.",2656
"NOR_055_MZB_LO_2","NOR_055_MZB_LO_2-17.10.1997","17.10.1997",1997,10,17,"ISOPERLA SP.",37
"NOR_055_MZB_LO_2","NOR_055_MZB_LO_2-17.10.1997","17.10.1997",1997,10,17,"ITHYTRICHIA LAMELLARIS",5
"NOR_055_MZB_LO_2","NOR_055_MZB_LO_2-17.10.1997","17.10.1997",1997,10,17,"LEPTOCERIDAE GEN. SP.",5
"NOR_055_MZB_LO_2","NOR_055_MZB_LO_2-17.10.1997","17.10.1997",1997,10,17,"MICRASEMA SETIFERUM SSP.",5
"NOR_055_MZB_LO_2","NOR_055_MZB_LO_2-17.10.1997","17.10.1997",1997,10,17,"OLIGOCHAETA GEN. SP.",11
"NOR_055_MZB_LO_2","NOR_055_MZB_LO_2-17.10.1997","17.10.1997",1997,10,17,"POLYCENTROPODIDAE GEN. SP.",11
"NOR_055_MZB_LO_2","NOR_055_MZB_LO_2-17.10.1997","17.10.1997",1997,10,17,"RHYACOPHILA NUBILA",80
"NOR_055_MZB_LO_2","NOR_055_MZB_LO_2-17.10.1997","17.10.1997",1997,10,17,"SIMULIIDAE GEN. SP.",27
"NOR_055_MZB_LO_2","NOR_055_MZB_LO_2-17.10.1997","17.10.1997",1997,10,17,"SPHAERIIDAE GEN. SP.",400
"NOR_055_MZB_LO_2","NOR_055_MZB_LO_2-20.08.1998","20.08.1998",1998,8,20,"ASELLUS AQUATICUS",16
"NOR_055_MZB_LO_2","NOR_055_MZB_LO_2-20.08.1998","20.08.1998",1998,8,20,"BAETIS SP.",368
"NOR_055_MZB_LO_2","NOR_055_MZB_LO_2-20.08.1998","20.08.1998",1998,8,20,"CHIRONOMIDAE GEN. SP.",368
"NOR_055_MZB_LO_2","NOR_055_MZB_LO_2-20.08.1998","20.08.1998",1998,8,20,"COLEOPTERA GEN. SP.",40
"NOR_055_MZB_LO_2","NOR_055_MZB_LO_2-20.08.1998","20.08.1998",1998,8,20,"GASTROPODA GEN. SP.",40
"NOR_055_MZB_LO_2","NOR_055_MZB_LO_2-20.08.1998","20.08.1998",1998,8,20,"HEPTAGENIA SP.",16
"NOR_055_MZB_LO_2","NOR_055_MZB_LO_2-20.08.1998","20.08.1998",1998,8,20,"HYDRACHNIDIA GEN. SP.",16
"NOR_055_MZB_LO_2","NOR_055_MZB_LO_2-20.08.1998","20.08.1998",1998,8,20,"HYDROPSYCHE SP.",3288
"NOR_055_MZB_LO_2","NOR_055_MZB_LO_2-20.08.1998","20.08.1998",1998,8,20,"OLIGOCHAETA GEN. SP.",16
"NOR_055_MZB_LO_2","NOR_055_MZB_LO_2-20.08.1998","20.08.1998",1998,8,20,"PROTONEMURA MEYERI",7
"NOR_055_MZB_LO_2","NOR_055_MZB_LO_2-20.08.1998","20.08.1998",1998,8,20,"RHYACOPHILA NUBILA",16
"NOR_055_MZB_LO_2","NOR_055_MZB_LO_2-20.08.1998","20.08.1998",1998,8,20,"SERRATELLA IGNITA",21
"NOR_055_MZB_LO_2","NOR_055_MZB_LO_2-20.08.1998","20.08.1998",1998,8,20,"SIMULIIDAE GEN. SP.",144
"NOR_055_MZB_LO_2","NOR_055_MZB_LO_2-20.08.1998","20.08.1998",1998,8,20,"SPHAERIIDAE GEN. SP.",405
"NOR_055_MZB_LO_2","NOR_055_MZB_LO_2-02.08.1999","02.08.1999",1999,8,2,"ASELLUS AQUATICUS",4
"NOR_055_MZB_LO_2","NOR_055_MZB_LO_2-02.08.1999","02.08.1999",1999,8,2,"BAETIS SP.",701
"NOR_055_MZB_LO_2","NOR_055_MZB_LO_2-02.08.1999","02.08.1999",1999,8,2,"CHIRONOMIDAE GEN. SP.",392
"NOR_055_MZB_LO_2","NOR_055_MZB_LO_2-02.08.1999","02.08.1999",1999,8,2,"COLEOPTERA GEN. SP.",26
"NOR_055_MZB_LO_2","NOR_055_MZB_LO_2-02.08.1999","02.08.1999",1999,8,2,"GASTROPODA GEN. SP.",112
"NOR_055_MZB_LO_2","NOR_055_MZB_LO_2-02.08.1999","02.08.1999",1999,8,2,"HEPTAGENIA SP.",4
"NOR_055_MZB_LO_2","NOR_055_MZB_LO_2-02.08.1999","02.08.1999",1999,8,2,"HYDROPSYCHE SP.",1952
"NOR_055_MZB_LO_2","NOR_055_MZB_LO_2-02.08.1999","02.08.1999",1999,8,2,"ISOPERLA SP.",1
"NOR_055_MZB_LO_2","NOR_055_MZB_LO_2-02.08.1999","02.08.1999",1999,8,2,"ITHYTRICHIA LAMELLARIS",3
"NOR_055_MZB_LO_2","NOR_055_MZB_LO_2-02.08.1999","02.08.1999",1999,8,2,"LEPTOCERIDAE GEN. SP.",4
"NOR_055_MZB_LO_2","NOR_055_MZB_LO_2-02.08.1999","02.08.1999",1999,8,2,"LEUCTRA SP.",2
"NOR_055_MZB_LO_2","NOR_055_MZB_LO_2-02.08.1999","02.08.1999",1999,8,2,"OLIGOCHAETA GEN. SP.",56
"NOR_055_MZB_LO_2","NOR_055_MZB_LO_2-02.08.1999","02.08.1999",1999,8,2,"POLYCENTROPODIDAE GEN. SP.",96
"NOR_055_MZB_LO_2","NOR_055_MZB_LO_2-02.08.1999","02.08.1999",1999,8,2,"RHYACOPHILA NUBILA",64
"NOR_055_MZB_LO_2","NOR_055_MZB_LO_2-02.08.1999","02.08.1999",1999,8,2,"SERRATELLA IGNITA",7
"NOR_055_MZB_LO_2","NOR_055_MZB_LO_2-02.08.1999","02.08.1999",1999,8,2,"SIMULIIDAE GEN. SP.",192
"NOR_055_MZB_LO_2","NOR_055_MZB_LO_2-02.08.1999","02.08.1999",1999,8,2,"SPHAERIIDAE GEN. SP.",664
"NOR_055_MZB_LO_2","NOR_055_MZB_LO_2-10.10.2000","10.10.2000",2000,10,10,"AMPHINEMURA SP.",32
"NOR_055_MZB_LO_2","NOR_055_MZB_LO_2-10.10.2000","10.10.2000",2000,10,10,"BAETIS SP.",2240
"NOR_055_MZB_LO_2","NOR_055_MZB_LO_2-10.10.2000","10.10.2000",2000,10,10,"CHIRONOMIDAE GEN. SP.",536
"NOR_055_MZB_LO_2","NOR_055_MZB_LO_2-10.10.2000","10.10.2000",2000,10,10,"COLEOPTERA GEN. SP.",40
"NOR_055_MZB_LO_2","NOR_055_MZB_LO_2-10.10.2000","10.10.2000",2000,10,10,"DIPTERA GEN. SP.",24
"NOR_055_MZB_LO_2","NOR_055_MZB_LO_2-10.10.2000","10.10.2000",2000,10,10,"ELMIS AENEA",8
"NOR_055_MZB_LO_2","NOR_055_MZB_LO_2-10.10.2000","10.10.2000",2000,10,10,"GASTROPODA GEN. SP.",20
"NOR_055_MZB_LO_2","NOR_055_MZB_LO_2-10.10.2000","10.10.2000",2000,10,10,"HEPTAGENIA SP.",35
"NOR_055_MZB_LO_2","NOR_055_MZB_LO_2-10.10.2000","10.10.2000",2000,10,10,"HYDROPSYCHE SP.",756
"NOR_055_MZB_LO_2","NOR_055_MZB_LO_2-10.10.2000","10.10.2000",2000,10,10,"ISOPERLA SP.",11
"NOR_055_MZB_LO_2","NOR_055_MZB_LO_2-10.10.2000","10.10.2000",2000,10,10,"ITHYTRICHIA LAMELLARIS",224
"NOR_055_MZB_LO_2","NOR_055_MZB_LO_2-10.10.2000","10.10.2000",2000,10,10,"LEPIDOSTOMA HIRTUM",13
"NOR_055_MZB_LO_2","NOR_055_MZB_LO_2-10.10.2000","10.10.2000",2000,10,10,"LEUCTRA SP.",24
"NOR_055_MZB_LO_2","NOR_055_MZB_LO_2-10.10.2000","10.10.2000",2000,10,10,"LIMNIUS VOLCKMARI",32
"NOR_055_MZB_LO_2","NOR_055_MZB_LO_2-10.10.2000","10.10.2000",2000,10,10,"MICRASEMA SETIFERUM SSP.",848
"NOR_055_MZB_LO_2","NOR_055_MZB_LO_2-10.10.2000","10.10.2000",2000,10,10,"OLIGOCHAETA GEN. SP.",16
"NOR_055_MZB_LO_2","NOR_055_MZB_LO_2-10.10.2000","10.10.2000",2000,10,10,"PLANORBIDAE GEN. SP.",20
"NOR_055_MZB_LO_2","NOR_055_MZB_LO_2-10.10.2000","10.10.2000",2000,10,10,"POLYCENTROPODIDAE GEN. SP.",203
"NOR_055_MZB_LO_2","NOR_055_MZB_LO_2-10.10.2000","10.10.2000",2000,10,10,"PROTONEMURA MEYERI",48
"NOR_055_MZB_LO_2","NOR_055_MZB_LO_2-10.10.2000","10.10.2000",2000,10,10,"RHYACOPHILA NUBILA",120
"NOR_055_MZB_LO_2","NOR_055_MZB_LO_2-10.10.2000","10.10.2000",2000,10,10,"SERICOSTOMA PERSONATUM",11
"NOR_055_MZB_LO_2","NOR_055_MZB_LO_2-10.10.2000","10.10.2000",2000,10,10,"SPHAERIIDAE GEN. SP.",184
"NOR_055_MZB_LO_2","NOR_055_MZB_LO_2-22.08.2001","22.08.2001",2001,8,22,"AMPHINEMURA SP.",2
"NOR_055_MZB_LO_2","NOR_055_MZB_LO_2-22.08.2001","22.08.2001",2001,8,22,"BAETIS SP.",242
"NOR_055_MZB_LO_2","NOR_055_MZB_LO_2-22.08.2001","22.08.2001",2001,8,22,"CAENIS HORARIA",2
"NOR_055_MZB_LO_2","NOR_055_MZB_LO_2-22.08.2001","22.08.2001",2001,8,22,"CHIRONOMIDAE GEN. SP.",336
"NOR_055_MZB_LO_2","NOR_055_MZB_LO_2-22.08.2001","22.08.2001",2001,8,22,"COLEOPTERA GEN. SP.",48
"NOR_055_MZB_LO_2","NOR_055_MZB_LO_2-22.08.2001","22.08.2001",2001,8,22,"GASTROPODA GEN. SP.",12
"NOR_055_MZB_LO_2","NOR_055_MZB_LO_2-22.08.2001","22.08.2001",2001,8,22,"HEPTAGENIA SP.",6
"NOR_055_MZB_LO_2","NOR_055_MZB_LO_2-22.08.2001","22.08.2001",2001,8,22,"HYDROPSYCHE SP.",1016
"NOR_055_MZB_LO_2","NOR_055_MZB_LO_2-22.08.2001","22.08.2001",2001,8,22,"ITHYTRICHIA LAMELLARIS",4
"NOR_055_MZB_LO_2","NOR_055_MZB_LO_2-22.08.2001","22.08.2001",2001,8,22,"LEPTOCERIDAE GEN. SP.",6
"NOR_055_MZB_LO_2","NOR_055_MZB_LO_2-22.08.2001","22.08.2001",2001,8,22,"LIMNIUS VOLCKMARI",48
"NOR_055_MZB_LO_2","NOR_055_MZB_LO_2-22.08.2001","22.08.2001",2001,8,22,"OLIGOCHAETA GEN. SP.",8
"NOR_055_MZB_LO_2","NOR_055_MZB_LO_2-22.08.2001","22.08.2001",2001,8,22,"PEREGRIANA LABIATA",1
"NOR_055_MZB_LO_2","NOR_055_MZB_LO_2-22.08.2001","22.08.2001",2001,8,22,"PLANORBIDAE GEN. SP.",10
"NOR_055_MZB_LO_2","NOR_055_MZB_LO_2-22.08.2001","22.08.2001",2001,8,22,"POLYCENTROPODIDAE GEN. SP.",14
"NOR_055_MZB_LO_2","NOR_055_MZB_LO_2-22.08.2001","22.08.2001",2001,8,22,"RHYACOPHILA NUBILA",2
"NOR_055_MZB_LO_2","NOR_055_MZB_LO_2-22.08.2001","22.08.2001",2001,8,22,"SERRATELLA IGNITA",14
"NOR_055_MZB_LO_2","NOR_055_MZB_LO_2-22.08.2001","22.08.2001",2001,8,22,"SIMULIIDAE GEN. SP.",40
"NOR_055_MZB_LO_2","NOR_055_MZB_LO_2-22.08.2001","22.08.2001",2001,8,22,"SPHAERIIDAE GEN. SP.",40
"NOR_055_MZB_LO_2","NOR_055_MZB_LO_2-22.08.2001","22.08.2001",2001,8,22,"TRICHOPTERA GEN. SP.",2
"NOR_055_MZB_LO_2","NOR_055_MZB_LO_2-06.08.2002","06.08.2002",2002,8,6,"ASELLUS AQUATICUS",10
"NOR_055_MZB_LO_2","NOR_055_MZB_LO_2-06.08.2002","06.08.2002",2002,8,6,"BAETIS SP.",218
"NOR_055_MZB_LO_2","NOR_055_MZB_LO_2-06.08.2002","06.08.2002",2002,8,6,"CHIRONOMIDAE GEN. SP.",264
"NOR_055_MZB_LO_2","NOR_055_MZB_LO_2-06.08.2002","06.08.2002",2002,8,6,"COLEOPTERA GEN. SP.",8
"NOR_055_MZB_LO_2","NOR_055_MZB_LO_2-06.08.2002","06.08.2002",2002,8,6,"GASTROPODA GEN. SP.",320
"NOR_055_MZB_LO_2","NOR_055_MZB_LO_2-06.08.2002","06.08.2002",2002,8,6,"HEPTAGENIA SP.",4
"NOR_055_MZB_LO_2","NOR_055_MZB_LO_2-06.08.2002","06.08.2002",2002,8,6,"HYDROPSYCHE SP.",792
"NOR_055_MZB_LO_2","NOR_055_MZB_LO_2-06.08.2002","06.08.2002",2002,8,6,"ITHYTRICHIA LAMELLARIS",2
"NOR_055_MZB_LO_2","NOR_055_MZB_LO_2-06.08.2002","06.08.2002",2002,8,6,"LEPTOCERIDAE GEN. SP.",6
"NOR_055_MZB_LO_2","NOR_055_MZB_LO_2-06.08.2002","06.08.2002",2002,8,6,"LEPTOPHLEBIIDAE GEN. SP.",2
"NOR_055_MZB_LO_2","NOR_055_MZB_LO_2-06.08.2002","06.08.2002",2002,8,6,"LIMNIUS VOLCKMARI",6
"NOR_055_MZB_LO_2","NOR_055_MZB_LO_2-06.08.2002","06.08.2002",2002,8,6,"MICRASEMA SETIFERUM SSP.",2
"NOR_055_MZB_LO_2","NOR_055_MZB_LO_2-06.08.2002","06.08.2002",2002,8,6,"OLIGOCHAETA GEN. SP.",6
"NOR_055_MZB_LO_2","NOR_055_MZB_LO_2-06.08.2002","06.08.2002",2002,8,6,"PEREGRIANA LABIATA",72
"NOR_055_MZB_LO_2","NOR_055_MZB_LO_2-06.08.2002","06.08.2002",2002,8,6,"PLANORBIDAE GEN. SP.",248
"NOR_055_MZB_LO_2","NOR_055_MZB_LO_2-06.08.2002","06.08.2002",2002,8,6,"POLYCENTROPODIDAE GEN. SP.",116
"NOR_055_MZB_LO_2","NOR_055_MZB_LO_2-06.08.2002","06.08.2002",2002,8,6,"RHYACOPHILA NUBILA",10
"NOR_055_MZB_LO_2","NOR_055_MZB_LO_2-06.08.2002","06.08.2002",2002,8,6,"SERRATELLA IGNITA",4
"NOR_055_MZB_LO_2","NOR_055_MZB_LO_2-06.08.2002","06.08.2002",2002,8,6,"SIMULIIDAE GEN. SP.",160
"NOR_055_MZB_LO_2","NOR_055_MZB_LO_2-06.08.2002","06.08.2002",2002,8,6,"SPHAERIIDAE GEN. SP.",165
"NOR_055_MZB_LO_2","NOR_055_MZB_LO_2-02.08.2003","02.08.2003",2003,8,2,"ASELLUS AQUATICUS",192
"NOR_055_MZB_LO_2","NOR_055_MZB_LO_2-02.08.2003","02.08.2003",2003,8,2,"BAETIS SP.",1640
"NOR_055_MZB_LO_2","NOR_055_MZB_LO_2-02.08.2003","02.08.2003",2003,8,2,"CHIRONOMIDAE GEN. SP.",1632
"NOR_055_MZB_LO_2","NOR_055_MZB_LO_2-02.08.2003","02.08.2003",2003,8,2,"COLEOPTERA GEN. SP.",24
"NOR_055_MZB_LO_2","NOR_055_MZB_LO_2-02.08.2003","02.08.2003",2003,8,2,"GASTROPODA GEN. SP.",320
"NOR_055_MZB_LO_2","NOR_055_MZB_LO_2-02.08.2003","02.08.2003",2003,8,2,"HEPTAGENIA SP.",40
"NOR_055_MZB_LO_2","NOR_055_MZB_LO_2-02.08.2003","02.08.2003",2003,8,2,"HYDROPSYCHE SP.",7155
"NOR_055_MZB_LO_2","NOR_055_MZB_LO_2-02.08.2003","02.08.2003",2003,8,2,"LEPTOCERIDAE GEN. SP.",16
"NOR_055_MZB_LO_2","NOR_055_MZB_LO_2-02.08.2003","02.08.2003",2003,8,2,"LEPTOPHLEBIIDAE GEN. SP.",8
"NOR_055_MZB_LO_2","NOR_055_MZB_LO_2-02.08.2003","02.08.2003",2003,8,2,"LEUCTRA SP.",8
"NOR_055_MZB_LO_2","NOR_055_MZB_LO_2-02.08.2003","02.08.2003",2003,8,2,"LIMNIUS VOLCKMARI",24
"NOR_055_MZB_LO_2","NOR_055_MZB_LO_2-02.08.2003","02.08.2003",2003,8,2,"OLIGOCHAETA GEN. SP.",64
"NOR_055_MZB_LO_2","NOR_055_MZB_LO_2-02.08.2003","02.08.2003",2003,8,2,"PLANORBIDAE GEN. SP.",320
"NOR_055_MZB_LO_2","NOR_055_MZB_LO_2-02.08.2003","02.08.2003",2003,8,2,"POLYCENTROPODIDAE GEN. SP.",80
"NOR_055_MZB_LO_2","NOR_055_MZB_LO_2-02.08.2003","02.08.2003",2003,8,2,"RHYACOPHILA NUBILA",104
"NOR_055_MZB_LO_2","NOR_055_MZB_LO_2-02.08.2003","02.08.2003",2003,8,2,"SERRATELLA IGNITA",200
"NOR_055_MZB_LO_2","NOR_055_MZB_LO_2-02.08.2003","02.08.2003",2003,8,2,"SIMULIIDAE GEN. SP.",928
"NOR_055_MZB_LO_2","NOR_055_MZB_LO_2-02.08.2003","02.08.2003",2003,8,2,"SPHAERIIDAE GEN. SP.",1216
"NOR_055_MZB_LO_2","NOR_055_MZB_LO_2-02.08.2003","02.08.2003",2003,8,2,"TRICHOPTERA GEN. SP.",24
"NOR_055_MZB_LO_2","NOR_055_MZB_LO_2-12.10.2004","12.10.2004",2004,10,12,"AMPHINEMURA SP.",4
"NOR_055_MZB_LO_2","NOR_055_MZB_LO_2-12.10.2004","12.10.2004",2004,10,12,"ASELLUS AQUATICUS",4
"NOR_055_MZB_LO_2","NOR_055_MZB_LO_2-12.10.2004","12.10.2004",2004,10,12,"BAETIS SP.",564
"NOR_055_MZB_LO_2","NOR_055_MZB_LO_2-12.10.2004","12.10.2004",2004,10,12,"CAENIS HORARIA",8
"NOR_055_MZB_LO_2","NOR_055_MZB_LO_2-12.10.2004","12.10.2004",2004,10,12,"CHIRONOMIDAE GEN. SP.",384
"NOR_055_MZB_LO_2","NOR_055_MZB_LO_2-12.10.2004","12.10.2004",2004,10,12,"COLEOPTERA GEN. SP.",28
"NOR_055_MZB_LO_2","NOR_055_MZB_LO_2-12.10.2004","12.10.2004",2004,10,12,"ELMIS AENEA",8
"NOR_055_MZB_LO_2","NOR_055_MZB_LO_2-12.10.2004","12.10.2004",2004,10,12,"GASTROPODA GEN. SP.",12
"NOR_055_MZB_LO_2","NOR_055_MZB_LO_2-12.10.2004","12.10.2004",2004,10,12,"HEPTAGENIA SP.",72
"NOR_055_MZB_LO_2","NOR_055_MZB_LO_2-12.10.2004","12.10.2004",2004,10,12,"HYDROPSYCHE SP.",960
"NOR_055_MZB_LO_2","NOR_055_MZB_LO_2-12.10.2004","12.10.2004",2004,10,12,"ITHYTRICHIA LAMELLARIS",4
"NOR_055_MZB_LO_2","NOR_055_MZB_LO_2-12.10.2004","12.10.2004",2004,10,12,"LEPIDOSTOMA HIRTUM",4
"NOR_055_MZB_LO_2","NOR_055_MZB_LO_2-12.10.2004","12.10.2004",2004,10,12,"LEPTOCERIDAE GEN. SP.",24
"NOR_055_MZB_LO_2","NOR_055_MZB_LO_2-12.10.2004","12.10.2004",2004,10,12,"LIMNIUS VOLCKMARI",20
"NOR_055_MZB_LO_2","NOR_055_MZB_LO_2-12.10.2004","12.10.2004",2004,10,12,"OLIGOCHAETA GEN. SP.",4
"NOR_055_MZB_LO_2","NOR_055_MZB_LO_2-12.10.2004","12.10.2004",2004,10,12,"PEREGRIANA LABIATA",4
"NOR_055_MZB_LO_2","NOR_055_MZB_LO_2-12.10.2004","12.10.2004",2004,10,12,"PLANORBIDAE GEN. SP.",8
"NOR_055_MZB_LO_2","NOR_055_MZB_LO_2-12.10.2004","12.10.2004",2004,10,12,"POLYCENTROPODIDAE GEN. SP.",192
"NOR_055_MZB_LO_2","NOR_055_MZB_LO_2-12.10.2004","12.10.2004",2004,10,12,"PROTONEMURA MEYERI",4
"NOR_055_MZB_LO_2","NOR_055_MZB_LO_2-12.10.2004","12.10.2004",2004,10,12,"RHYACOPHILA NUBILA",96
"NOR_055_MZB_LO_2","NOR_055_MZB_LO_2-12.10.2004","12.10.2004",2004,10,12,"SPHAERIIDAE GEN. SP.",640
"NOR_055_MZB_LO_2","NOR_055_MZB_LO_2-12.10.2004","12.10.2004",2004,10,12,"TRICHOPTERA GEN. SP.",4
"NOR_055_MZB_LO_2","NOR_055_MZB_LO_2-03.08.2005","03.08.2005",2005,8,3,"ASELLUS AQUATICUS",40
"NOR_055_MZB_LO_2","NOR_055_MZB_LO_2-03.08.2005","03.08.2005",2005,8,3,"ASTACUS ASTACUS",1
"NOR_055_MZB_LO_2","NOR_055_MZB_LO_2-03.08.2005","03.08.2005",2005,8,3,"BAETIS SP.",552
"NOR_055_MZB_LO_2","NOR_055_MZB_LO_2-03.08.2005","03.08.2005",2005,8,3,"CHIRONOMIDAE GEN. SP.",2048
"NOR_055_MZB_LO_2","NOR_055_MZB_LO_2-03.08.2005","03.08.2005",2005,8,3,"COLEOPTERA GEN. SP.",8
"NOR_055_MZB_LO_2","NOR_055_MZB_LO_2-03.08.2005","03.08.2005",2005,8,3,"GASTROPODA GEN. SP.",24
"NOR_055_MZB_LO_2","NOR_055_MZB_LO_2-03.08.2005","03.08.2005",2005,8,3,"HEPTAGENIA SP.",8
"NOR_055_MZB_LO_2","NOR_055_MZB_LO_2-03.08.2005","03.08.2005",2005,8,3,"HYDROPSYCHE SP.",2408
"NOR_055_MZB_LO_2","NOR_055_MZB_LO_2-03.08.2005","03.08.2005",2005,8,3,"LEPTOCERIDAE GEN. SP.",8
"NOR_055_MZB_LO_2","NOR_055_MZB_LO_2-03.08.2005","03.08.2005",2005,8,3,"LIMNIUS VOLCKMARI",8
"NOR_055_MZB_LO_2","NOR_055_MZB_LO_2-03.08.2005","03.08.2005",2005,8,3,"OLIGOCHAETA GEN. SP.",24
"NOR_055_MZB_LO_2","NOR_055_MZB_LO_2-03.08.2005","03.08.2005",2005,8,3,"PLANORBIDAE GEN. SP.",24
"NOR_055_MZB_LO_2","NOR_055_MZB_LO_2-03.08.2005","03.08.2005",2005,8,3,"POLYCENTROPODIDAE GEN. SP.",24
"NOR_055_MZB_LO_2","NOR_055_MZB_LO_2-03.08.2005","03.08.2005",2005,8,3,"RHYACOPHILA NUBILA",40
"NOR_055_MZB_LO_2","NOR_055_MZB_LO_2-03.08.2005","03.08.2005",2005,8,3,"SERRATELLA IGNITA",48
"NOR_055_MZB_LO_2","NOR_055_MZB_LO_2-03.08.2005","03.08.2005",2005,8,3,"SPHAERIIDAE GEN. SP.",224
"NOR_055_MZB_LO_2","NOR_055_MZB_LO_2-02.08.2007","02.08.2007",2007,8,2,"ASELLUS AQUATICUS",12
"NOR_055_MZB_LO_2","NOR_055_MZB_LO_2-02.08.2007","02.08.2007",2007,8,2,"BAETIS SP.",1826
"NOR_055_MZB_LO_2","NOR_055_MZB_LO_2-02.08.2007","02.08.2007",2007,8,2,"CHIRONOMIDAE GEN. SP.",384
"NOR_055_MZB_LO_2","NOR_055_MZB_LO_2-02.08.2007","02.08.2007",2007,8,2,"COLEOPTERA GEN. SP.",18
"NOR_055_MZB_LO_2","NOR_055_MZB_LO_2-02.08.2007","02.08.2007",2007,8,2,"ELMIS AENEA",2
"NOR_055_MZB_LO_2","NOR_055_MZB_LO_2-02.08.2007","02.08.2007",2007,8,2,"GASTROPODA GEN. SP.",12
"NOR_055_MZB_LO_2","NOR_055_MZB_LO_2-02.08.2007","02.08.2007",2007,8,2,"HELOBDELLA STAGNALIS",6
"NOR_055_MZB_LO_2","NOR_055_MZB_LO_2-02.08.2007","02.08.2007",2007,8,2,"HEPTAGENIA SP.",54
"NOR_055_MZB_LO_2","NOR_055_MZB_LO_2-02.08.2007","02.08.2007",2007,8,2,"HIRUDINEA GEN. SP.",6
"NOR_055_MZB_LO_2","NOR_055_MZB_LO_2-02.08.2007","02.08.2007",2007,8,2,"HYDROPSYCHE SP.",1936
"NOR_055_MZB_LO_2","NOR_055_MZB_LO_2-02.08.2007","02.08.2007",2007,8,2,"ITHYTRICHIA LAMELLARIS",2
"NOR_055_MZB_LO_2","NOR_055_MZB_LO_2-02.08.2007","02.08.2007",2007,8,2,"LEPTOCERIDAE GEN. SP.",12
"NOR_055_MZB_LO_2","NOR_055_MZB_LO_2-02.08.2007","02.08.2007",2007,8,2,"LEPTOPHLEBIIDAE GEN. SP.",4
"NOR_055_MZB_LO_2","NOR_055_MZB_LO_2-02.08.2007","02.08.2007",2007,8,2,"LEUCTRA SP.",2
"NOR_055_MZB_LO_2","NOR_055_MZB_LO_2-02.08.2007","02.08.2007",2007,8,2,"LIMNIUS VOLCKMARI",16
"NOR_055_MZB_LO_2","NOR_055_MZB_LO_2-02.08.2007","02.08.2007",2007,8,2,"OLIGOCHAETA GEN. SP.",32
"NOR_055_MZB_LO_2","NOR_055_MZB_LO_2-02.08.2007","02.08.2007",2007,8,2,"PLANORBIDAE GEN. SP.",12
"NOR_055_MZB_LO_2","NOR_055_MZB_LO_2-02.08.2007","02.08.2007",2007,8,2,"POLYCENTROPODIDAE GEN. SP.",28
"NOR_055_MZB_LO_2","NOR_055_MZB_LO_2-02.08.2007","02.08.2007",2007,8,2,"RHYACOPHILA NUBILA",8
"NOR_055_MZB_LO_2","NOR_055_MZB_LO_2-02.08.2007","02.08.2007",2007,8,2,"SERRATELLA IGNITA",14
"NOR_055_MZB_LO_2","NOR_055_MZB_LO_2-02.08.2007","02.08.2007",2007,8,2,"SIMULIIDAE GEN. SP.",16
"NOR_055_MZB_LO_2","NOR_055_MZB_LO_2-02.08.2007","02.08.2007",2007,8,2,"SPHAERIIDAE GEN. SP.",376
"NOR_055_MZB_LO_2","NOR_055_MZB_LO_2-17.08.2008","17.08.2008",2008,8,17,"AMPHINEMURA SP.",4
"NOR_055_MZB_LO_2","NOR_055_MZB_LO_2-17.08.2008","17.08.2008",2008,8,17,"BAETIS SP.",416
"NOR_055_MZB_LO_2","NOR_055_MZB_LO_2-17.08.2008","17.08.2008",2008,8,17,"CHIRONOMIDAE GEN. SP.",1680
"NOR_055_MZB_LO_2","NOR_055_MZB_LO_2-17.08.2008","17.08.2008",2008,8,17,"COLEOPTERA GEN. SP.",8
"NOR_055_MZB_LO_2","NOR_055_MZB_LO_2-17.08.2008","17.08.2008",2008,8,17,"ELMIS AENEA",4
"NOR_055_MZB_LO_2","NOR_055_MZB_LO_2-17.08.2008","17.08.2008",2008,8,17,"GASTROPODA GEN. SP.",144
"NOR_055_MZB_LO_2","NOR_055_MZB_LO_2-17.08.2008","17.08.2008",2008,8,17,"HEPTAGENIA SP.",136
"NOR_055_MZB_LO_2","NOR_055_MZB_LO_2-17.08.2008","17.08.2008",2008,8,17,"HYDROPSYCHE SP.",2656
"NOR_055_MZB_LO_2","NOR_055_MZB_LO_2-17.08.2008","17.08.2008",2008,8,17,"LEPTOCERIDAE GEN. SP.",4
"NOR_055_MZB_LO_2","NOR_055_MZB_LO_2-17.08.2008","17.08.2008",2008,8,17,"LEPTOPHLEBIIDAE GEN. SP.",8
"NOR_055_MZB_LO_2","NOR_055_MZB_LO_2-17.08.2008","17.08.2008",2008,8,17,"LEUCTRA SP.",8
"NOR_055_MZB_LO_2","NOR_055_MZB_LO_2-17.08.2008","17.08.2008",2008,8,17,"LIMNIUS VOLCKMARI",4
"NOR_055_MZB_LO_2","NOR_055_MZB_LO_2-17.08.2008","17.08.2008",2008,8,17,"OLIGOCHAETA GEN. SP.",80
"NOR_055_MZB_LO_2","NOR_055_MZB_LO_2-17.08.2008","17.08.2008",2008,8,17,"PLANORBIDAE GEN. SP.",144
"NOR_055_MZB_LO_2","NOR_055_MZB_LO_2-17.08.2008","17.08.2008",2008,8,17,"POLYCENTROPODIDAE GEN. SP.",16
"NOR_055_MZB_LO_2","NOR_055_MZB_LO_2-17.08.2008","17.08.2008",2008,8,17,"RHYACOPHILA NUBILA",112
"NOR_055_MZB_LO_2","NOR_055_MZB_LO_2-17.08.2008","17.08.2008",2008,8,17,"SERRATELLA IGNITA",16
"NOR_055_MZB_LO_2","NOR_055_MZB_LO_2-17.08.2008","17.08.2008",2008,8,17,"SIMULIIDAE GEN. SP.",480
"NOR_055_MZB_LO_2","NOR_055_MZB_LO_2-17.08.2008","17.08.2008",2008,8,17,"SPHAERIIDAE GEN. SP.",976
