"Unique.ID","Samp.ID","Sampling.date","year","month","day","Taxon.name","Abundance"
"NOR_029_MZB_LO_3","NOR_029_MZB_LO_3-23.09.1999","23.09.1999",1999,9,23,"AMELETUS INOPINATUS",13
"NOR_029_MZB_LO_3","NOR_029_MZB_LO_3-23.09.1999","23.09.1999",1999,9,23,"ARCTOPSYCHE LADOGENSIS",1
"NOR_029_MZB_LO_3","NOR_029_MZB_LO_3-23.09.1999","23.09.1999",1999,9,23,"BAETIDAE GEN. SP.",928
"NOR_029_MZB_LO_3","NOR_029_MZB_LO_3-23.09.1999","23.09.1999",1999,9,23,"BRACHYPTERA RISI",2
"NOR_029_MZB_LO_3","NOR_029_MZB_LO_3-23.09.1999","23.09.1999",1999,9,23,"CAPNIIDAE GEN. SP.",48
"NOR_029_MZB_LO_3","NOR_029_MZB_LO_3-23.09.1999","23.09.1999",1999,9,23,"CHIRONOMIDAE GEN. SP.",568
"NOR_029_MZB_LO_3","NOR_029_MZB_LO_3-23.09.1999","23.09.1999",1999,9,23,"CHLOROPERLIDAE GEN. SP.",3
"NOR_029_MZB_LO_3","NOR_029_MZB_LO_3-23.09.1999","23.09.1999",1999,9,23,"DIPTERA GEN. SP.",16
"NOR_029_MZB_LO_3","NOR_029_MZB_LO_3-23.09.1999","23.09.1999",1999,9,23,"ELMINAE GEN. SP.",2
"NOR_029_MZB_LO_3","NOR_029_MZB_LO_3-23.09.1999","23.09.1999",1999,9,23,"EPHEMERELLA ARONI",72
"NOR_029_MZB_LO_3","NOR_029_MZB_LO_3-23.09.1999","23.09.1999",1999,9,23,"EPHEMERELLA MUCRONATA",48
"NOR_029_MZB_LO_3","NOR_029_MZB_LO_3-23.09.1999","23.09.1999",1999,9,23,"GLOSSOSOMA SP.",1
"NOR_029_MZB_LO_3","NOR_029_MZB_LO_3-23.09.1999","23.09.1999",1999,9,23,"HEPTAGENIIDAE GEN. SP.",248
"NOR_029_MZB_LO_3","NOR_029_MZB_LO_3-23.09.1999","23.09.1999",1999,9,23,"HYDRACHNIDIA GEN. SP.",40
"NOR_029_MZB_LO_3","NOR_029_MZB_LO_3-23.09.1999","23.09.1999",1999,9,23,"HYDROPSYCHE SP.",1
"NOR_029_MZB_LO_3","NOR_029_MZB_LO_3-23.09.1999","23.09.1999",1999,9,23,"LEUCTRIDAE GEN. SP.",2
"NOR_029_MZB_LO_3","NOR_029_MZB_LO_3-23.09.1999","23.09.1999",1999,9,23,"NEMOURIDAE GEN. SP.",120
"NOR_029_MZB_LO_3","NOR_029_MZB_LO_3-23.09.1999","23.09.1999",1999,9,23,"OLIGOCHAETA GEN. SP.",112
"NOR_029_MZB_LO_3","NOR_029_MZB_LO_3-23.09.1999","23.09.1999",1999,9,23,"PERLODIDAE GEN. SP.",21
"NOR_029_MZB_LO_3","NOR_029_MZB_LO_3-23.09.1999","23.09.1999",1999,9,23,"POLYCENTROPODIDAE GEN. SP.",3
"NOR_029_MZB_LO_3","NOR_029_MZB_LO_3-23.09.1999","23.09.1999",1999,9,23,"RADIX BALTHICA/LABIATA",2
"NOR_029_MZB_LO_3","NOR_029_MZB_LO_3-23.09.1999","23.09.1999",1999,9,23,"RHYACOPHILA SP.",10
"NOR_029_MZB_LO_3","NOR_029_MZB_LO_3-23.09.1999","23.09.1999",1999,9,23,"SIMULIIDAE GEN. SP.",1
"NOR_029_MZB_LO_3","NOR_029_MZB_LO_3-23.09.1999","23.09.1999",1999,9,23,"TAENIOPTERYX NEBULOSA",1
"NOR_029_MZB_LO_3","NOR_029_MZB_LO_3-10.10.2013","10.10.2013",2013,10,10,"AGAPETUS OCHRIPES",8
"NOR_029_MZB_LO_3","NOR_029_MZB_LO_3-10.10.2013","10.10.2013",2013,10,10,"AMELETUS INOPINATUS",28
"NOR_029_MZB_LO_3","NOR_029_MZB_LO_3-10.10.2013","10.10.2013",2013,10,10,"ARCTOPSYCHE LADOGENSIS",8
"NOR_029_MZB_LO_3","NOR_029_MZB_LO_3-10.10.2013","10.10.2013",2013,10,10,"BAETIDAE GEN. SP.",852
"NOR_029_MZB_LO_3","NOR_029_MZB_LO_3-10.10.2013","10.10.2013",2013,10,10,"BRACHYPTERA RISI",16
"NOR_029_MZB_LO_3","NOR_029_MZB_LO_3-10.10.2013","10.10.2013",2013,10,10,"CAPNIIDAE GEN. SP.",100
"NOR_029_MZB_LO_3","NOR_029_MZB_LO_3-10.10.2013","10.10.2013",2013,10,10,"CERATOPOGONIDAE GEN. SP.",24
"NOR_029_MZB_LO_3","NOR_029_MZB_LO_3-10.10.2013","10.10.2013",2013,10,10,"CHIRONOMIDAE GEN. SP.",584
"NOR_029_MZB_LO_3","NOR_029_MZB_LO_3-10.10.2013","10.10.2013",2013,10,10,"CHLOROPERLIDAE GEN. SP.",4
"NOR_029_MZB_LO_3","NOR_029_MZB_LO_3-10.10.2013","10.10.2013",2013,10,10,"DIPTERA GEN. SP.",2
"NOR_029_MZB_LO_3","NOR_029_MZB_LO_3-10.10.2013","10.10.2013",2013,10,10,"ELMINAE GEN. SP.",10
"NOR_029_MZB_LO_3","NOR_029_MZB_LO_3-10.10.2013","10.10.2013",2013,10,10,"EMPIDIDAE GEN. SP.",6
"NOR_029_MZB_LO_3","NOR_029_MZB_LO_3-10.10.2013","10.10.2013",2013,10,10,"EPHEMERELLA ARONI",28
"NOR_029_MZB_LO_3","NOR_029_MZB_LO_3-10.10.2013","10.10.2013",2013,10,10,"EPHEMERELLA MUCRONATA",208
"NOR_029_MZB_LO_3","NOR_029_MZB_LO_3-10.10.2013","10.10.2013",2013,10,10,"GLOSSOSOMA SP.",2
"NOR_029_MZB_LO_3","NOR_029_MZB_LO_3-10.10.2013","10.10.2013",2013,10,10,"HEPTAGENIIDAE GEN. SP.",104
"NOR_029_MZB_LO_3","NOR_029_MZB_LO_3-10.10.2013","10.10.2013",2013,10,10,"HYDROPSYCHE SP.",30
"NOR_029_MZB_LO_3","NOR_029_MZB_LO_3-10.10.2013","10.10.2013",2013,10,10,"LEPIDOSTOMATIDAE GEN. SP.",8
"NOR_029_MZB_LO_3","NOR_029_MZB_LO_3-10.10.2013","10.10.2013",2013,10,10,"LEPTOPHLEBIIDAE GEN. SP.",4
"NOR_029_MZB_LO_3","NOR_029_MZB_LO_3-10.10.2013","10.10.2013",2013,10,10,"LEUCTRIDAE GEN. SP.",84
"NOR_029_MZB_LO_3","NOR_029_MZB_LO_3-10.10.2013","10.10.2013",2013,10,10,"LIMNEPHILIDAE GEN. SP.",16
"NOR_029_MZB_LO_3","NOR_029_MZB_LO_3-10.10.2013","10.10.2013",2013,10,10,"NEMATOMORPHA GEN. SP.",2
"NOR_029_MZB_LO_3","NOR_029_MZB_LO_3-10.10.2013","10.10.2013",2013,10,10,"NEMOURIDAE GEN. SP.",826
"NOR_029_MZB_LO_3","NOR_029_MZB_LO_3-10.10.2013","10.10.2013",2013,10,10,"OLIGOCHAETA GEN. SP.",56
"NOR_029_MZB_LO_3","NOR_029_MZB_LO_3-10.10.2013","10.10.2013",2013,10,10,"PEDICIIDAE GEN. SP.",48
"NOR_029_MZB_LO_3","NOR_029_MZB_LO_3-10.10.2013","10.10.2013",2013,10,10,"PERLODIDAE GEN. SP.",52
"NOR_029_MZB_LO_3","NOR_029_MZB_LO_3-10.10.2013","10.10.2013",2013,10,10,"POLYCENTROPODIDAE GEN. SP.",4
"NOR_029_MZB_LO_3","NOR_029_MZB_LO_3-10.10.2013","10.10.2013",2013,10,10,"RADIX BALTHICA/LABIATA",4
"NOR_029_MZB_LO_3","NOR_029_MZB_LO_3-10.10.2013","10.10.2013",2013,10,10,"RHYACOPHILA SP.",40
"NOR_029_MZB_LO_3","NOR_029_MZB_LO_3-10.10.2013","10.10.2013",2013,10,10,"SERICOSTOMA PERSONATUM",4
"NOR_029_MZB_LO_3","NOR_029_MZB_LO_3-10.10.2013","10.10.2013",2013,10,10,"TAENIOPTERYX NEBULOSA",24
"NOR_029_MZB_LO_3","NOR_029_MZB_LO_3-09.10.2014","09.10.2014",2014,10,9,"AGAPETUS OCHRIPES",1
"NOR_029_MZB_LO_3","NOR_029_MZB_LO_3-09.10.2014","09.10.2014",2014,10,9,"AMELETUS INOPINATUS",5
"NOR_029_MZB_LO_3","NOR_029_MZB_LO_3-09.10.2014","09.10.2014",2014,10,9,"ARCTOPSYCHE LADOGENSIS",6
"NOR_029_MZB_LO_3","NOR_029_MZB_LO_3-09.10.2014","09.10.2014",2014,10,9,"BAETIDAE GEN. SP.",978
"NOR_029_MZB_LO_3","NOR_029_MZB_LO_3-09.10.2014","09.10.2014",2014,10,9,"BRACHYPTERA RISI",8
"NOR_029_MZB_LO_3","NOR_029_MZB_LO_3-09.10.2014","09.10.2014",2014,10,9,"CAPNIIDAE GEN. SP.",62
"NOR_029_MZB_LO_3","NOR_029_MZB_LO_3-09.10.2014","09.10.2014",2014,10,9,"CERATOPOGONIDAE GEN. SP.",16
"NOR_029_MZB_LO_3","NOR_029_MZB_LO_3-09.10.2014","09.10.2014",2014,10,9,"CHIRONOMIDAE GEN. SP.",388
"NOR_029_MZB_LO_3","NOR_029_MZB_LO_3-09.10.2014","09.10.2014",2014,10,9,"CHLOROPERLIDAE GEN. SP.",6
"NOR_029_MZB_LO_3","NOR_029_MZB_LO_3-09.10.2014","09.10.2014",2014,10,9,"ELMINAE GEN. SP.",12
"NOR_029_MZB_LO_3","NOR_029_MZB_LO_3-09.10.2014","09.10.2014",2014,10,9,"EMPIDIDAE GEN. SP.",3
"NOR_029_MZB_LO_3","NOR_029_MZB_LO_3-09.10.2014","09.10.2014",2014,10,9,"EPHEMERELLA ARONI",10
"NOR_029_MZB_LO_3","NOR_029_MZB_LO_3-09.10.2014","09.10.2014",2014,10,9,"EPHEMERELLA MUCRONATA",34
"NOR_029_MZB_LO_3","NOR_029_MZB_LO_3-09.10.2014","09.10.2014",2014,10,9,"GLOSSOSOMA SP.",1
"NOR_029_MZB_LO_3","NOR_029_MZB_LO_3-09.10.2014","09.10.2014",2014,10,9,"HEPTAGENIIDAE GEN. SP.",48
"NOR_029_MZB_LO_3","NOR_029_MZB_LO_3-09.10.2014","09.10.2014",2014,10,9,"HYDRACHNIDIA GEN. SP.",20
"NOR_029_MZB_LO_3","NOR_029_MZB_LO_3-09.10.2014","09.10.2014",2014,10,9,"HYDROPSYCHE SP.",25
"NOR_029_MZB_LO_3","NOR_029_MZB_LO_3-09.10.2014","09.10.2014",2014,10,9,"LEPIDOSTOMATIDAE GEN. SP.",2
"NOR_029_MZB_LO_3","NOR_029_MZB_LO_3-09.10.2014","09.10.2014",2014,10,9,"LEPTOPHLEBIIDAE GEN. SP.",1
"NOR_029_MZB_LO_3","NOR_029_MZB_LO_3-09.10.2014","09.10.2014",2014,10,9,"LEUCTRIDAE GEN. SP.",10
"NOR_029_MZB_LO_3","NOR_029_MZB_LO_3-09.10.2014","09.10.2014",2014,10,9,"LIMNEPHILIDAE GEN. SP.",7
"NOR_029_MZB_LO_3","NOR_029_MZB_LO_3-09.10.2014","09.10.2014",2014,10,9,"NEMOURIDAE GEN. SP.",348
"NOR_029_MZB_LO_3","NOR_029_MZB_LO_3-09.10.2014","09.10.2014",2014,10,9,"OLIGOCHAETA GEN. SP.",18
"NOR_029_MZB_LO_3","NOR_029_MZB_LO_3-09.10.2014","09.10.2014",2014,10,9,"PEDICIIDAE GEN. SP.",30
"NOR_029_MZB_LO_3","NOR_029_MZB_LO_3-09.10.2014","09.10.2014",2014,10,9,"PERLODIDAE GEN. SP.",57
"NOR_029_MZB_LO_3","NOR_029_MZB_LO_3-09.10.2014","09.10.2014",2014,10,9,"POLYCENTROPODIDAE GEN. SP.",3
"NOR_029_MZB_LO_3","NOR_029_MZB_LO_3-09.10.2014","09.10.2014",2014,10,9,"RADIX BALTHICA/LABIATA",12
"NOR_029_MZB_LO_3","NOR_029_MZB_LO_3-09.10.2014","09.10.2014",2014,10,9,"RHYACOPHILA SP.",28
"NOR_029_MZB_LO_3","NOR_029_MZB_LO_3-09.10.2014","09.10.2014",2014,10,9,"SERICOSTOMA PERSONATUM",3
"NOR_029_MZB_LO_3","NOR_029_MZB_LO_3-09.10.2014","09.10.2014",2014,10,9,"SIMULIIDAE GEN. SP.",6
"NOR_029_MZB_LO_3","NOR_029_MZB_LO_3-09.10.2014","09.10.2014",2014,10,9,"TAENIOPTERYX NEBULOSA",4
"NOR_029_MZB_LO_3","NOR_029_MZB_LO_3-15.10.2015","15.10.2015",2015,10,15,"AMELETUS INOPINATUS",1
"NOR_029_MZB_LO_3","NOR_029_MZB_LO_3-15.10.2015","15.10.2015",2015,10,15,"ARCTOPSYCHE LADOGENSIS",42
"NOR_029_MZB_LO_3","NOR_029_MZB_LO_3-15.10.2015","15.10.2015",2015,10,15,"BAETIDAE GEN. SP.",678
"NOR_029_MZB_LO_3","NOR_029_MZB_LO_3-15.10.2015","15.10.2015",2015,10,15,"BRACHYPTERA RISI",14
"NOR_029_MZB_LO_3","NOR_029_MZB_LO_3-15.10.2015","15.10.2015",2015,10,15,"CAPNIIDAE GEN. SP.",66
"NOR_029_MZB_LO_3","NOR_029_MZB_LO_3-15.10.2015","15.10.2015",2015,10,15,"CERATOPOGONIDAE GEN. SP.",6
"NOR_029_MZB_LO_3","NOR_029_MZB_LO_3-15.10.2015","15.10.2015",2015,10,15,"CHIRONOMIDAE GEN. SP.",360
"NOR_029_MZB_LO_3","NOR_029_MZB_LO_3-15.10.2015","15.10.2015",2015,10,15,"CHLOROPERLIDAE GEN. SP.",13
"NOR_029_MZB_LO_3","NOR_029_MZB_LO_3-15.10.2015","15.10.2015",2015,10,15,"ELMINAE GEN. SP.",2
"NOR_029_MZB_LO_3","NOR_029_MZB_LO_3-15.10.2015","15.10.2015",2015,10,15,"EPHEMERELLA ARONI",4
"NOR_029_MZB_LO_3","NOR_029_MZB_LO_3-15.10.2015","15.10.2015",2015,10,15,"EPHEMERELLA MUCRONATA",14
"NOR_029_MZB_LO_3","NOR_029_MZB_LO_3-15.10.2015","15.10.2015",2015,10,15,"GLOSSOSOMA SP.",1
"NOR_029_MZB_LO_3","NOR_029_MZB_LO_3-15.10.2015","15.10.2015",2015,10,15,"HEPTAGENIIDAE GEN. SP.",44
"NOR_029_MZB_LO_3","NOR_029_MZB_LO_3-15.10.2015","15.10.2015",2015,10,15,"HYDRACHNIDIA GEN. SP.",10
"NOR_029_MZB_LO_3","NOR_029_MZB_LO_3-15.10.2015","15.10.2015",2015,10,15,"HYDROPSYCHE SP.",28
"NOR_029_MZB_LO_3","NOR_029_MZB_LO_3-15.10.2015","15.10.2015",2015,10,15,"LEPIDOSTOMATIDAE GEN. SP.",4
"NOR_029_MZB_LO_3","NOR_029_MZB_LO_3-15.10.2015","15.10.2015",2015,10,15,"LEPTOPHLEBIIDAE GEN. SP.",3
"NOR_029_MZB_LO_3","NOR_029_MZB_LO_3-15.10.2015","15.10.2015",2015,10,15,"LEUCTRIDAE GEN. SP.",30
"NOR_029_MZB_LO_3","NOR_029_MZB_LO_3-15.10.2015","15.10.2015",2015,10,15,"LIMNEPHILIDAE GEN. SP.",6
"NOR_029_MZB_LO_3","NOR_029_MZB_LO_3-15.10.2015","15.10.2015",2015,10,15,"LIMONIIDAE GEN. SP.",2
"NOR_029_MZB_LO_3","NOR_029_MZB_LO_3-15.10.2015","15.10.2015",2015,10,15,"NEMOURIDAE GEN. SP.",546
"NOR_029_MZB_LO_3","NOR_029_MZB_LO_3-15.10.2015","15.10.2015",2015,10,15,"OLIGOCHAETA GEN. SP.",42
"NOR_029_MZB_LO_3","NOR_029_MZB_LO_3-15.10.2015","15.10.2015",2015,10,15,"PEDICIIDAE GEN. SP.",64
"NOR_029_MZB_LO_3","NOR_029_MZB_LO_3-15.10.2015","15.10.2015",2015,10,15,"PERLODIDAE GEN. SP.",72
"NOR_029_MZB_LO_3","NOR_029_MZB_LO_3-15.10.2015","15.10.2015",2015,10,15,"POLYCENTROPODIDAE GEN. SP.",1
"NOR_029_MZB_LO_3","NOR_029_MZB_LO_3-15.10.2015","15.10.2015",2015,10,15,"RADIX BALTHICA/LABIATA",8
"NOR_029_MZB_LO_3","NOR_029_MZB_LO_3-15.10.2015","15.10.2015",2015,10,15,"RHYACOPHILA SP.",10
"NOR_029_MZB_LO_3","NOR_029_MZB_LO_3-15.10.2015","15.10.2015",2015,10,15,"SERICOSTOMA PERSONATUM",2
"NOR_029_MZB_LO_3","NOR_029_MZB_LO_3-15.10.2015","15.10.2015",2015,10,15,"SIMULIIDAE GEN. SP.",8
"NOR_029_MZB_LO_3","NOR_029_MZB_LO_3-15.10.2015","15.10.2015",2015,10,15,"TAENIOPTERYX NEBULOSA",14
"NOR_029_MZB_LO_3","NOR_029_MZB_LO_3-28.10.2016","28.10.2016",2016,10,28,"AMELETUS INOPINATUS",16
"NOR_029_MZB_LO_3","NOR_029_MZB_LO_3-28.10.2016","28.10.2016",2016,10,28,"ARCTOPSYCHE LADOGENSIS",7
"NOR_029_MZB_LO_3","NOR_029_MZB_LO_3-28.10.2016","28.10.2016",2016,10,28,"BAETIDAE GEN. SP.",844
"NOR_029_MZB_LO_3","NOR_029_MZB_LO_3-28.10.2016","28.10.2016",2016,10,28,"BRACHYPTERA RISI",10
"NOR_029_MZB_LO_3","NOR_029_MZB_LO_3-28.10.2016","28.10.2016",2016,10,28,"CAPNIIDAE GEN. SP.",150
"NOR_029_MZB_LO_3","NOR_029_MZB_LO_3-28.10.2016","28.10.2016",2016,10,28,"CERATOPOGONIDAE GEN. SP.",2
"NOR_029_MZB_LO_3","NOR_029_MZB_LO_3-28.10.2016","28.10.2016",2016,10,28,"CHIRONOMIDAE GEN. SP.",280
"NOR_029_MZB_LO_3","NOR_029_MZB_LO_3-28.10.2016","28.10.2016",2016,10,28,"CHLOROPERLIDAE GEN. SP.",4
"NOR_029_MZB_LO_3","NOR_029_MZB_LO_3-28.10.2016","28.10.2016",2016,10,28,"EPHEMERELLA ARONI",2
"NOR_029_MZB_LO_3","NOR_029_MZB_LO_3-28.10.2016","28.10.2016",2016,10,28,"EPHEMERELLA MUCRONATA",74
"NOR_029_MZB_LO_3","NOR_029_MZB_LO_3-28.10.2016","28.10.2016",2016,10,28,"HEPTAGENIIDAE GEN. SP.",148
"NOR_029_MZB_LO_3","NOR_029_MZB_LO_3-28.10.2016","28.10.2016",2016,10,28,"HYDRACHNIDIA GEN. SP.",48
"NOR_029_MZB_LO_3","NOR_029_MZB_LO_3-28.10.2016","28.10.2016",2016,10,28,"HYDRAENA SP.",1
"NOR_029_MZB_LO_3","NOR_029_MZB_LO_3-28.10.2016","28.10.2016",2016,10,28,"HYDROPSYCHE SP.",28
"NOR_029_MZB_LO_3","NOR_029_MZB_LO_3-28.10.2016","28.10.2016",2016,10,28,"LEPIDOSTOMATIDAE GEN. SP.",1
"NOR_029_MZB_LO_3","NOR_029_MZB_LO_3-28.10.2016","28.10.2016",2016,10,28,"LEPTOPHLEBIIDAE GEN. SP.",3
"NOR_029_MZB_LO_3","NOR_029_MZB_LO_3-28.10.2016","28.10.2016",2016,10,28,"LEUCTRIDAE GEN. SP.",7
"NOR_029_MZB_LO_3","NOR_029_MZB_LO_3-28.10.2016","28.10.2016",2016,10,28,"LEUCTRIDAE/CAPNIIDAE GEN. SP.",32
"NOR_029_MZB_LO_3","NOR_029_MZB_LO_3-28.10.2016","28.10.2016",2016,10,28,"LIMNEPHILIDAE GEN. SP.",1
"NOR_029_MZB_LO_3","NOR_029_MZB_LO_3-28.10.2016","28.10.2016",2016,10,28,"LIMONIIDAE GEN. SP.",2
"NOR_029_MZB_LO_3","NOR_029_MZB_LO_3-28.10.2016","28.10.2016",2016,10,28,"NEMOURIDAE GEN. SP.",450
"NOR_029_MZB_LO_3","NOR_029_MZB_LO_3-28.10.2016","28.10.2016",2016,10,28,"OLIGOCHAETA GEN. SP.",104
"NOR_029_MZB_LO_3","NOR_029_MZB_LO_3-28.10.2016","28.10.2016",2016,10,28,"PEDICIIDAE GEN. SP.",42
"NOR_029_MZB_LO_3","NOR_029_MZB_LO_3-28.10.2016","28.10.2016",2016,10,28,"PERLODIDAE GEN. SP.",16
"NOR_029_MZB_LO_3","NOR_029_MZB_LO_3-28.10.2016","28.10.2016",2016,10,28,"POLYCENTROPODIDAE GEN. SP.",1
"NOR_029_MZB_LO_3","NOR_029_MZB_LO_3-28.10.2016","28.10.2016",2016,10,28,"RADIX BALTHICA/LABIATA",3
"NOR_029_MZB_LO_3","NOR_029_MZB_LO_3-28.10.2016","28.10.2016",2016,10,28,"RHYACOPHILA SP.",5
"NOR_029_MZB_LO_3","NOR_029_MZB_LO_3-28.10.2016","28.10.2016",2016,10,28,"SERICOSTOMA PERSONATUM",3
"NOR_029_MZB_LO_3","NOR_029_MZB_LO_3-28.10.2016","28.10.2016",2016,10,28,"SIMULIIDAE GEN. SP.",12
"NOR_029_MZB_LO_3","NOR_029_MZB_LO_3-28.10.2016","28.10.2016",2016,10,28,"TAENIOPTERYX NEBULOSA",3
"NOR_029_MZB_LO_3","NOR_029_MZB_LO_3-28.10.2016","28.10.2016",2016,10,28,"TIPULIDAE GEN. SP.",1
"NOR_029_MZB_LO_3","NOR_029_MZB_LO_3-19.10.2017","19.10.2017",2017,10,19,"AMELETUS INOPINATUS",28
"NOR_029_MZB_LO_3","NOR_029_MZB_LO_3-19.10.2017","19.10.2017",2017,10,19,"APATANIA SP.",8
"NOR_029_MZB_LO_3","NOR_029_MZB_LO_3-19.10.2017","19.10.2017",2017,10,19,"ARCTOPSYCHE LADOGENSIS",1
"NOR_029_MZB_LO_3","NOR_029_MZB_LO_3-19.10.2017","19.10.2017",2017,10,19,"BAETIDAE GEN. SP.",580
"NOR_029_MZB_LO_3","NOR_029_MZB_LO_3-19.10.2017","19.10.2017",2017,10,19,"BRACHYPTERA RISI",4
"NOR_029_MZB_LO_3","NOR_029_MZB_LO_3-19.10.2017","19.10.2017",2017,10,19,"CAPNIIDAE GEN. SP.",130
"NOR_029_MZB_LO_3","NOR_029_MZB_LO_3-19.10.2017","19.10.2017",2017,10,19,"CERATOPOGONIDAE GEN. SP.",1
"NOR_029_MZB_LO_3","NOR_029_MZB_LO_3-19.10.2017","19.10.2017",2017,10,19,"CHIRONOMIDAE GEN. SP.",248
"NOR_029_MZB_LO_3","NOR_029_MZB_LO_3-19.10.2017","19.10.2017",2017,10,19,"CHLOROPERLIDAE GEN. SP.",1
"NOR_029_MZB_LO_3","NOR_029_MZB_LO_3-19.10.2017","19.10.2017",2017,10,19,"EPHEMERELLA ARONI",4
"NOR_029_MZB_LO_3","NOR_029_MZB_LO_3-19.10.2017","19.10.2017",2017,10,19,"EPHEMERELLA MUCRONATA",40
"NOR_029_MZB_LO_3","NOR_029_MZB_LO_3-19.10.2017","19.10.2017",2017,10,19,"HEPTAGENIIDAE GEN. SP.",64
"NOR_029_MZB_LO_3","NOR_029_MZB_LO_3-19.10.2017","19.10.2017",2017,10,19,"HYDRACHNIDIA GEN. SP.",14
"NOR_029_MZB_LO_3","NOR_029_MZB_LO_3-19.10.2017","19.10.2017",2017,10,19,"HYDROPSYCHE SP.",4
"NOR_029_MZB_LO_3","NOR_029_MZB_LO_3-19.10.2017","19.10.2017",2017,10,19,"HYDROPTILIDAE GEN. SP.",2
"NOR_029_MZB_LO_3","NOR_029_MZB_LO_3-19.10.2017","19.10.2017",2017,10,19,"LEPIDOSTOMATIDAE GEN. SP.",16
"NOR_029_MZB_LO_3","NOR_029_MZB_LO_3-19.10.2017","19.10.2017",2017,10,19,"LEPTOPHLEBIIDAE GEN. SP.",1
"NOR_029_MZB_LO_3","NOR_029_MZB_LO_3-19.10.2017","19.10.2017",2017,10,19,"LEUCTRIDAE GEN. SP.",18
"NOR_029_MZB_LO_3","NOR_029_MZB_LO_3-19.10.2017","19.10.2017",2017,10,19,"LIMNEPHILIDAE GEN. SP.",1
"NOR_029_MZB_LO_3","NOR_029_MZB_LO_3-19.10.2017","19.10.2017",2017,10,19,"LIMONIIDAE GEN. SP.",1
"NOR_029_MZB_LO_3","NOR_029_MZB_LO_3-19.10.2017","19.10.2017",2017,10,19,"NEMOURIDAE GEN. SP.",297
"NOR_029_MZB_LO_3","NOR_029_MZB_LO_3-19.10.2017","19.10.2017",2017,10,19,"OLIGOCHAETA GEN. SP.",152
"NOR_029_MZB_LO_3","NOR_029_MZB_LO_3-19.10.2017","19.10.2017",2017,10,19,"PEDICIIDAE GEN. SP.",24
"NOR_029_MZB_LO_3","NOR_029_MZB_LO_3-19.10.2017","19.10.2017",2017,10,19,"PERLODIDAE GEN. SP.",10
"NOR_029_MZB_LO_3","NOR_029_MZB_LO_3-19.10.2017","19.10.2017",2017,10,19,"POLYCENTROPODIDAE GEN. SP.",1
"NOR_029_MZB_LO_3","NOR_029_MZB_LO_3-19.10.2017","19.10.2017",2017,10,19,"RADIX BALTHICA/LABIATA",1
"NOR_029_MZB_LO_3","NOR_029_MZB_LO_3-19.10.2017","19.10.2017",2017,10,19,"RHYACOPHILA SP.",2
"NOR_029_MZB_LO_3","NOR_029_MZB_LO_3-19.10.2017","19.10.2017",2017,10,19,"SERICOSTOMA PERSONATUM",1
"NOR_029_MZB_LO_3","NOR_029_MZB_LO_3-19.10.2017","19.10.2017",2017,10,19,"SIMULIIDAE GEN. SP.",4
"NOR_029_MZB_LO_3","NOR_029_MZB_LO_3-19.10.2017","19.10.2017",2017,10,19,"TAENIOPTERYX NEBULOSA",4
"NOR_029_MZB_LO_3","NOR_029_MZB_LO_3-19.10.2017","19.10.2017",2017,10,19,"TIPULIDAE GEN. SP.",2
"NOR_029_MZB_LO_3","NOR_029_MZB_LO_3-11.10.2018","11.10.2018",2018,10,11,"AMELETUS INOPINATUS",7
"NOR_029_MZB_LO_3","NOR_029_MZB_LO_3-11.10.2018","11.10.2018",2018,10,11,"ARCTOPSYCHE LADOGENSIS",1
"NOR_029_MZB_LO_3","NOR_029_MZB_LO_3-11.10.2018","11.10.2018",2018,10,11,"BAETIDAE GEN. SP.",67
"NOR_029_MZB_LO_3","NOR_029_MZB_LO_3-11.10.2018","11.10.2018",2018,10,11,"CAPNIIDAE GEN. SP.",48
"NOR_029_MZB_LO_3","NOR_029_MZB_LO_3-11.10.2018","11.10.2018",2018,10,11,"CERATOPOGONIDAE GEN. SP.",10
"NOR_029_MZB_LO_3","NOR_029_MZB_LO_3-11.10.2018","11.10.2018",2018,10,11,"CHIRONOMIDAE GEN. SP.",60
"NOR_029_MZB_LO_3","NOR_029_MZB_LO_3-11.10.2018","11.10.2018",2018,10,11,"CHLOROPERLIDAE GEN. SP.",6
"NOR_029_MZB_LO_3","NOR_029_MZB_LO_3-11.10.2018","11.10.2018",2018,10,11,"ELMINAE GEN. SP.",1
"NOR_029_MZB_LO_3","NOR_029_MZB_LO_3-11.10.2018","11.10.2018",2018,10,11,"EPHEMERELLA ARONI",1
"NOR_029_MZB_LO_3","NOR_029_MZB_LO_3-11.10.2018","11.10.2018",2018,10,11,"EPHEMERELLA MUCRONATA",8
"NOR_029_MZB_LO_3","NOR_029_MZB_LO_3-11.10.2018","11.10.2018",2018,10,11,"HEPTAGENIIDAE GEN. SP.",42
"NOR_029_MZB_LO_3","NOR_029_MZB_LO_3-11.10.2018","11.10.2018",2018,10,11,"HYDRACHNIDIA GEN. SP.",3
"NOR_029_MZB_LO_3","NOR_029_MZB_LO_3-11.10.2018","11.10.2018",2018,10,11,"HYDRAENA SP.",1
"NOR_029_MZB_LO_3","NOR_029_MZB_LO_3-11.10.2018","11.10.2018",2018,10,11,"LEPIDOSTOMATIDAE GEN. SP.",1
"NOR_029_MZB_LO_3","NOR_029_MZB_LO_3-11.10.2018","11.10.2018",2018,10,11,"LEUCTRIDAE GEN. SP.",1
"NOR_029_MZB_LO_3","NOR_029_MZB_LO_3-11.10.2018","11.10.2018",2018,10,11,"LIMNEPHILIDAE GEN. SP.",1
"NOR_029_MZB_LO_3","NOR_029_MZB_LO_3-11.10.2018","11.10.2018",2018,10,11,"NEMOURIDAE GEN. SP.",27
"NOR_029_MZB_LO_3","NOR_029_MZB_LO_3-11.10.2018","11.10.2018",2018,10,11,"OLIGOCHAETA GEN. SP.",104
"NOR_029_MZB_LO_3","NOR_029_MZB_LO_3-11.10.2018","11.10.2018",2018,10,11,"PEDICIIDAE GEN. SP.",1
"NOR_029_MZB_LO_3","NOR_029_MZB_LO_3-11.10.2018","11.10.2018",2018,10,11,"PERLODIDAE GEN. SP.",2
"NOR_029_MZB_LO_3","NOR_029_MZB_LO_3-11.10.2018","11.10.2018",2018,10,11,"PLECOPTERA GEN. SP.",3
"NOR_029_MZB_LO_3","NOR_029_MZB_LO_3-11.10.2018","11.10.2018",2018,10,11,"RADIX BALTHICA/LABIATA",5
"NOR_029_MZB_LO_3","NOR_029_MZB_LO_3-11.10.2018","11.10.2018",2018,10,11,"RHYACOPHILA SP.",1
"NOR_029_MZB_LO_3","NOR_029_MZB_LO_3-17.10.2019","17.10.2019",2019,10,17,"AMELETUS INOPINATUS",1
"NOR_029_MZB_LO_3","NOR_029_MZB_LO_3-17.10.2019","17.10.2019",2019,10,17,"ARCTOPSYCHE LADOGENSIS",2
"NOR_029_MZB_LO_3","NOR_029_MZB_LO_3-17.10.2019","17.10.2019",2019,10,17,"BAETIDAE GEN. SP.",534
"NOR_029_MZB_LO_3","NOR_029_MZB_LO_3-17.10.2019","17.10.2019",2019,10,17,"BRACHYPTERA RISI",12
"NOR_029_MZB_LO_3","NOR_029_MZB_LO_3-17.10.2019","17.10.2019",2019,10,17,"CAPNIIDAE GEN. SP.",9
"NOR_029_MZB_LO_3","NOR_029_MZB_LO_3-17.10.2019","17.10.2019",2019,10,17,"CERATOPOGONIDAE GEN. SP.",1
"NOR_029_MZB_LO_3","NOR_029_MZB_LO_3-17.10.2019","17.10.2019",2019,10,17,"CHIRONOMIDAE GEN. SP.",640
"NOR_029_MZB_LO_3","NOR_029_MZB_LO_3-17.10.2019","17.10.2019",2019,10,17,"ELMINAE GEN. SP.",3
"NOR_029_MZB_LO_3","NOR_029_MZB_LO_3-17.10.2019","17.10.2019",2019,10,17,"EMPIDIDAE GEN. SP.",4
"NOR_029_MZB_LO_3","NOR_029_MZB_LO_3-17.10.2019","17.10.2019",2019,10,17,"EPHEMERELLA ARONI",8
"NOR_029_MZB_LO_3","NOR_029_MZB_LO_3-17.10.2019","17.10.2019",2019,10,17,"EPHEMERELLA MUCRONATA",2
"NOR_029_MZB_LO_3","NOR_029_MZB_LO_3-17.10.2019","17.10.2019",2019,10,17,"EPHEMEROPTERA GEN. SP.",1
"NOR_029_MZB_LO_3","NOR_029_MZB_LO_3-17.10.2019","17.10.2019",2019,10,17,"GASTROPODA GEN. SP.",4
"NOR_029_MZB_LO_3","NOR_029_MZB_LO_3-17.10.2019","17.10.2019",2019,10,17,"HEPTAGENIIDAE GEN. SP.",72
"NOR_029_MZB_LO_3","NOR_029_MZB_LO_3-17.10.2019","17.10.2019",2019,10,17,"HYDRACHNIDIA GEN. SP.",10
"NOR_029_MZB_LO_3","NOR_029_MZB_LO_3-17.10.2019","17.10.2019",2019,10,17,"HYDRAENA SP.",1
"NOR_029_MZB_LO_3","NOR_029_MZB_LO_3-17.10.2019","17.10.2019",2019,10,17,"HYDROPSYCHE SP.",8
"NOR_029_MZB_LO_3","NOR_029_MZB_LO_3-17.10.2019","17.10.2019",2019,10,17,"LEPIDOSTOMATIDAE GEN. SP.",1
"NOR_029_MZB_LO_3","NOR_029_MZB_LO_3-17.10.2019","17.10.2019",2019,10,17,"LEUCTRIDAE GEN. SP.",6
"NOR_029_MZB_LO_3","NOR_029_MZB_LO_3-17.10.2019","17.10.2019",2019,10,17,"LEUCTRIDAE/CAPNIIDAE GEN. SP.",4
"NOR_029_MZB_LO_3","NOR_029_MZB_LO_3-17.10.2019","17.10.2019",2019,10,17,"LIMNEPHILIDAE GEN. SP.",4
"NOR_029_MZB_LO_3","NOR_029_MZB_LO_3-17.10.2019","17.10.2019",2019,10,17,"MICRASEMA SETIFERUM SSP.",2
"NOR_029_MZB_LO_3","NOR_029_MZB_LO_3-17.10.2019","17.10.2019",2019,10,17,"NEMOURIDAE GEN. SP.",64
"NOR_029_MZB_LO_3","NOR_029_MZB_LO_3-17.10.2019","17.10.2019",2019,10,17,"OLIGOCHAETA GEN. SP.",84
"NOR_029_MZB_LO_3","NOR_029_MZB_LO_3-17.10.2019","17.10.2019",2019,10,17,"PEDICIIDAE GEN. SP.",22
"NOR_029_MZB_LO_3","NOR_029_MZB_LO_3-17.10.2019","17.10.2019",2019,10,17,"PERLODIDAE GEN. SP.",18
"NOR_029_MZB_LO_3","NOR_029_MZB_LO_3-17.10.2019","17.10.2019",2019,10,17,"PHILOPOTAMUS MONTANUS SSP.",1
"NOR_029_MZB_LO_3","NOR_029_MZB_LO_3-17.10.2019","17.10.2019",2019,10,17,"PLECOPTERA GEN. SP.",1
"NOR_029_MZB_LO_3","NOR_029_MZB_LO_3-17.10.2019","17.10.2019",2019,10,17,"PSYCHODIDAE GEN. SP.",4
"NOR_029_MZB_LO_3","NOR_029_MZB_LO_3-17.10.2019","17.10.2019",2019,10,17,"RADIX BALTHICA/LABIATA",12
"NOR_029_MZB_LO_3","NOR_029_MZB_LO_3-17.10.2019","17.10.2019",2019,10,17,"RHYACOPHILA SP.",1
"NOR_029_MZB_LO_3","NOR_029_MZB_LO_3-17.10.2019","17.10.2019",2019,10,17,"SIMULIIDAE GEN. SP.",92
"NOR_029_MZB_LO_3","NOR_029_MZB_LO_3-17.10.2019","17.10.2019",2019,10,17,"TAENIOPTERYX NEBULOSA",6
"NOR_029_MZB_LO_3","NOR_029_MZB_LO_3-21.10.2020","21.10.2020",2020,10,21,"AMELETUS INOPINATUS",124
"NOR_029_MZB_LO_3","NOR_029_MZB_LO_3-21.10.2020","21.10.2020",2020,10,21,"BAETIDAE GEN. SP.",614
"NOR_029_MZB_LO_3","NOR_029_MZB_LO_3-21.10.2020","21.10.2020",2020,10,21,"BRACHYPTERA RISI",1
"NOR_029_MZB_LO_3","NOR_029_MZB_LO_3-21.10.2020","21.10.2020",2020,10,21,"CAPNIIDAE GEN. SP.",38
"NOR_029_MZB_LO_3","NOR_029_MZB_LO_3-21.10.2020","21.10.2020",2020,10,21,"CERATOPOGONIDAE GEN. SP.",7
"NOR_029_MZB_LO_3","NOR_029_MZB_LO_3-21.10.2020","21.10.2020",2020,10,21,"CHIRONOMIDAE GEN. SP.",736
"NOR_029_MZB_LO_3","NOR_029_MZB_LO_3-21.10.2020","21.10.2020",2020,10,21,"CHLOROPERLIDAE GEN. SP.",1
"NOR_029_MZB_LO_3","NOR_029_MZB_LO_3-21.10.2020","21.10.2020",2020,10,21,"ELMINAE GEN. SP.",5
"NOR_029_MZB_LO_3","NOR_029_MZB_LO_3-21.10.2020","21.10.2020",2020,10,21,"EMPIDIDAE GEN. SP.",1
"NOR_029_MZB_LO_3","NOR_029_MZB_LO_3-21.10.2020","21.10.2020",2020,10,21,"EPHEMERELLA ARONI",20
"NOR_029_MZB_LO_3","NOR_029_MZB_LO_3-21.10.2020","21.10.2020",2020,10,21,"EPHEMERELLA MUCRONATA",6
"NOR_029_MZB_LO_3","NOR_029_MZB_LO_3-21.10.2020","21.10.2020",2020,10,21,"GLOSSOSOMA SP.",1
"NOR_029_MZB_LO_3","NOR_029_MZB_LO_3-21.10.2020","21.10.2020",2020,10,21,"HEPTAGENIIDAE GEN. SP.",64
"NOR_029_MZB_LO_3","NOR_029_MZB_LO_3-21.10.2020","21.10.2020",2020,10,21,"HYDRACHNIDIA GEN. SP.",12
"NOR_029_MZB_LO_3","NOR_029_MZB_LO_3-21.10.2020","21.10.2020",2020,10,21,"HYDRAENA SP.",12
"NOR_029_MZB_LO_3","NOR_029_MZB_LO_3-21.10.2020","21.10.2020",2020,10,21,"HYDROPTILIDAE GEN. SP.",5
"NOR_029_MZB_LO_3","NOR_029_MZB_LO_3-21.10.2020","21.10.2020",2020,10,21,"LEPIDOSTOMATIDAE GEN. SP.",2
"NOR_029_MZB_LO_3","NOR_029_MZB_LO_3-21.10.2020","21.10.2020",2020,10,21,"LEUCTRIDAE GEN. SP.",1
"NOR_029_MZB_LO_3","NOR_029_MZB_LO_3-21.10.2020","21.10.2020",2020,10,21,"LEUCTRIDAE/CAPNIIDAE GEN. SP.",1
"NOR_029_MZB_LO_3","NOR_029_MZB_LO_3-21.10.2020","21.10.2020",2020,10,21,"LIMNEPHILIDAE GEN. SP.",24
"NOR_029_MZB_LO_3","NOR_029_MZB_LO_3-21.10.2020","21.10.2020",2020,10,21,"LIMONIIDAE GEN. SP.",1
"NOR_029_MZB_LO_3","NOR_029_MZB_LO_3-21.10.2020","21.10.2020",2020,10,21,"NEMOURIDAE GEN. SP.",44
"NOR_029_MZB_LO_3","NOR_029_MZB_LO_3-21.10.2020","21.10.2020",2020,10,21,"OLIGOCHAETA GEN. SP.",768
"NOR_029_MZB_LO_3","NOR_029_MZB_LO_3-21.10.2020","21.10.2020",2020,10,21,"PEDICIIDAE GEN. SP.",32
"NOR_029_MZB_LO_3","NOR_029_MZB_LO_3-21.10.2020","21.10.2020",2020,10,21,"PERLODIDAE GEN. SP.",12
"NOR_029_MZB_LO_3","NOR_029_MZB_LO_3-21.10.2020","21.10.2020",2020,10,21,"PLECOPTERA GEN. SP.",1
"NOR_029_MZB_LO_3","NOR_029_MZB_LO_3-21.10.2020","21.10.2020",2020,10,21,"POLYCENTROPODIDAE GEN. SP.",1
"NOR_029_MZB_LO_3","NOR_029_MZB_LO_3-21.10.2020","21.10.2020",2020,10,21,"PSYCHODIDAE GEN. SP.",8
"NOR_029_MZB_LO_3","NOR_029_MZB_LO_3-21.10.2020","21.10.2020",2020,10,21,"RADIX BALTHICA/LABIATA",16
"NOR_029_MZB_LO_3","NOR_029_MZB_LO_3-21.10.2020","21.10.2020",2020,10,21,"RHYACOPHILA SP.",5
"NOR_029_MZB_LO_3","NOR_029_MZB_LO_3-21.10.2020","21.10.2020",2020,10,21,"SERICOSTOMA PERSONATUM",3
"NOR_029_MZB_LO_3","NOR_029_MZB_LO_3-21.10.2020","21.10.2020",2020,10,21,"SIMULIIDAE GEN. SP.",32
"NOR_029_MZB_LO_3","NOR_029_MZB_LO_3-21.10.2020","21.10.2020",2020,10,21,"TAENIOPTERYX NEBULOSA",1
"NOR_029_MZB_LO_3","NOR_029_MZB_LO_3-21.10.2020","21.10.2020",2020,10,21,"TIPULIDAE GEN. SP.",1
"NOR_029_MZB_LO_3","NOR_029_MZB_LO_3-06.10.2021","06.10.2021",2021,10,6,"AMELETUS INOPINATUS",60
"NOR_029_MZB_LO_3","NOR_029_MZB_LO_3-06.10.2021","06.10.2021",2021,10,6,"APATANIA SP.",2
"NOR_029_MZB_LO_3","NOR_029_MZB_LO_3-06.10.2021","06.10.2021",2021,10,6,"ARCTOPSYCHE LADOGENSIS",2
"NOR_029_MZB_LO_3","NOR_029_MZB_LO_3-06.10.2021","06.10.2021",2021,10,6,"BAETIDAE GEN. SP.",251
"NOR_029_MZB_LO_3","NOR_029_MZB_LO_3-06.10.2021","06.10.2021",2021,10,6,"CAPNIIDAE GEN. SP.",53
"NOR_029_MZB_LO_3","NOR_029_MZB_LO_3-06.10.2021","06.10.2021",2021,10,6,"CERATOPOGONIDAE GEN. SP.",2
"NOR_029_MZB_LO_3","NOR_029_MZB_LO_3-06.10.2021","06.10.2021",2021,10,6,"CHIRONOMIDAE GEN. SP.",144
"NOR_029_MZB_LO_3","NOR_029_MZB_LO_3-06.10.2021","06.10.2021",2021,10,6,"CHLOROPERLIDAE GEN. SP.",2
"NOR_029_MZB_LO_3","NOR_029_MZB_LO_3-06.10.2021","06.10.2021",2021,10,6,"ELMINAE GEN. SP.",6
"NOR_029_MZB_LO_3","NOR_029_MZB_LO_3-06.10.2021","06.10.2021",2021,10,6,"EPHEMERELLA ARONI",32
"NOR_029_MZB_LO_3","NOR_029_MZB_LO_3-06.10.2021","06.10.2021",2021,10,6,"GYRAULUS ACRONICUS",1
"NOR_029_MZB_LO_3","NOR_029_MZB_LO_3-06.10.2021","06.10.2021",2021,10,6,"HEPTAGENIIDAE GEN. SP.",27
"NOR_029_MZB_LO_3","NOR_029_MZB_LO_3-06.10.2021","06.10.2021",2021,10,6,"HYDROPSYCHE SP.",7
"NOR_029_MZB_LO_3","NOR_029_MZB_LO_3-06.10.2021","06.10.2021",2021,10,6,"LEPIDOSTOMATIDAE GEN. SP.",3
"NOR_029_MZB_LO_3","NOR_029_MZB_LO_3-06.10.2021","06.10.2021",2021,10,6,"LEPTOPHLEBIIDAE GEN. SP.",1
"NOR_029_MZB_LO_3","NOR_029_MZB_LO_3-06.10.2021","06.10.2021",2021,10,6,"LEUCTRIDAE GEN. SP.",2
"NOR_029_MZB_LO_3","NOR_029_MZB_LO_3-06.10.2021","06.10.2021",2021,10,6,"LIMNEPHILIDAE GEN. SP.",25
"NOR_029_MZB_LO_3","NOR_029_MZB_LO_3-06.10.2021","06.10.2021",2021,10,6,"LIMONIIDAE GEN. SP.",3
"NOR_029_MZB_LO_3","NOR_029_MZB_LO_3-06.10.2021","06.10.2021",2021,10,6,"MICRASEMA SETIFERUM SSP.",1
"NOR_029_MZB_LO_3","NOR_029_MZB_LO_3-06.10.2021","06.10.2021",2021,10,6,"NEMOURIDAE GEN. SP.",4
"NOR_029_MZB_LO_3","NOR_029_MZB_LO_3-06.10.2021","06.10.2021",2021,10,6,"OLIGOCHAETA GEN. SP.",264
"NOR_029_MZB_LO_3","NOR_029_MZB_LO_3-06.10.2021","06.10.2021",2021,10,6,"PEDICIIDAE GEN. SP.",24
"NOR_029_MZB_LO_3","NOR_029_MZB_LO_3-06.10.2021","06.10.2021",2021,10,6,"PERLODIDAE GEN. SP.",28
"NOR_029_MZB_LO_3","NOR_029_MZB_LO_3-06.10.2021","06.10.2021",2021,10,6,"POLYCENTROPODIDAE GEN. SP.",1
"NOR_029_MZB_LO_3","NOR_029_MZB_LO_3-06.10.2021","06.10.2021",2021,10,6,"PSYCHODIDAE GEN. SP.",1
"NOR_029_MZB_LO_3","NOR_029_MZB_LO_3-06.10.2021","06.10.2021",2021,10,6,"RADIX BALTHICA/LABIATA",14
"NOR_029_MZB_LO_3","NOR_029_MZB_LO_3-06.10.2021","06.10.2021",2021,10,6,"RHYACOPHILA SP.",1
"NOR_029_MZB_LO_3","NOR_029_MZB_LO_3-06.10.2021","06.10.2021",2021,10,6,"SIMULIIDAE GEN. SP.",3
"NOR_029_MZB_LO_3","NOR_029_MZB_LO_3-06.10.2021","06.10.2021",2021,10,6,"TAENIOPTERYX NEBULOSA",5
"NOR_029_MZB_LO_3","NOR_029_MZB_LO_3-06.10.2021","06.10.2021",2021,10,6,"TIPULIDAE GEN. SP.",1
"NOR_029_MZB_LO_3","NOR_029_MZB_LO_3-19.10.2022","19.10.2022",2022,10,19,"AMELETUS INOPINATUS",4
"NOR_029_MZB_LO_3","NOR_029_MZB_LO_3-19.10.2022","19.10.2022",2022,10,19,"ARCTOPSYCHE LADOGENSIS",1
"NOR_029_MZB_LO_3","NOR_029_MZB_LO_3-19.10.2022","19.10.2022",2022,10,19,"BAETIDAE GEN. SP.",773
"NOR_029_MZB_LO_3","NOR_029_MZB_LO_3-19.10.2022","19.10.2022",2022,10,19,"BRACHYPTERA RISI",1
"NOR_029_MZB_LO_3","NOR_029_MZB_LO_3-19.10.2022","19.10.2022",2022,10,19,"CAPNIIDAE GEN. SP.",21
"NOR_029_MZB_LO_3","NOR_029_MZB_LO_3-19.10.2022","19.10.2022",2022,10,19,"CERATOPOGONIDAE GEN. SP.",4
"NOR_029_MZB_LO_3","NOR_029_MZB_LO_3-19.10.2022","19.10.2022",2022,10,19,"CHIRONOMIDAE GEN. SP.",576
"NOR_029_MZB_LO_3","NOR_029_MZB_LO_3-19.10.2022","19.10.2022",2022,10,19,"CHLOROPERLIDAE GEN. SP.",2
"NOR_029_MZB_LO_3","NOR_029_MZB_LO_3-19.10.2022","19.10.2022",2022,10,19,"ELMINAE GEN. SP.",5
"NOR_029_MZB_LO_3","NOR_029_MZB_LO_3-19.10.2022","19.10.2022",2022,10,19,"EPHEMERELLA ARONI",18
"NOR_029_MZB_LO_3","NOR_029_MZB_LO_3-19.10.2022","19.10.2022",2022,10,19,"HEPTAGENIIDAE GEN. SP.",26
"NOR_029_MZB_LO_3","NOR_029_MZB_LO_3-19.10.2022","19.10.2022",2022,10,19,"HYDROPSYCHE SP.",8
"NOR_029_MZB_LO_3","NOR_029_MZB_LO_3-19.10.2022","19.10.2022",2022,10,19,"LEPIDOSTOMATIDAE GEN. SP.",1
"NOR_029_MZB_LO_3","NOR_029_MZB_LO_3-19.10.2022","19.10.2022",2022,10,19,"LEUCTRIDAE GEN. SP.",2
"NOR_029_MZB_LO_3","NOR_029_MZB_LO_3-19.10.2022","19.10.2022",2022,10,19,"LIMNEPHILIDAE GEN. SP.",1
"NOR_029_MZB_LO_3","NOR_029_MZB_LO_3-19.10.2022","19.10.2022",2022,10,19,"LIMONIIDAE GEN. SP.",5
"NOR_029_MZB_LO_3","NOR_029_MZB_LO_3-19.10.2022","19.10.2022",2022,10,19,"NEMOURIDAE GEN. SP.",96
"NOR_029_MZB_LO_3","NOR_029_MZB_LO_3-19.10.2022","19.10.2022",2022,10,19,"OLIGOCHAETA GEN. SP.",144
"NOR_029_MZB_LO_3","NOR_029_MZB_LO_3-19.10.2022","19.10.2022",2022,10,19,"PEDICIIDAE GEN. SP.",17
"NOR_029_MZB_LO_3","NOR_029_MZB_LO_3-19.10.2022","19.10.2022",2022,10,19,"PERLODIDAE GEN. SP.",12
"NOR_029_MZB_LO_3","NOR_029_MZB_LO_3-19.10.2022","19.10.2022",2022,10,19,"POLYCENTROPODIDAE GEN. SP.",1
"NOR_029_MZB_LO_3","NOR_029_MZB_LO_3-19.10.2022","19.10.2022",2022,10,19,"PSYCHODIDAE GEN. SP.",2
"NOR_029_MZB_LO_3","NOR_029_MZB_LO_3-19.10.2022","19.10.2022",2022,10,19,"RADIX BALTHICA/LABIATA",3
"NOR_029_MZB_LO_3","NOR_029_MZB_LO_3-19.10.2022","19.10.2022",2022,10,19,"RHYACOPHILA SP.",4
"NOR_029_MZB_LO_3","NOR_029_MZB_LO_3-19.10.2022","19.10.2022",2022,10,19,"SIMULIIDAE GEN. SP.",26
"NOR_029_MZB_LO_4","NOR_029_MZB_LO_4-23.09.1999","23.09.1999",1999,9,23,"ARCTOPSYCHE LADOGENSIS",3
"NOR_029_MZB_LO_4","NOR_029_MZB_LO_4-23.09.1999","23.09.1999",1999,9,23,"BAETIDAE GEN. SP.",18
"NOR_029_MZB_LO_4","NOR_029_MZB_LO_4-23.09.1999","23.09.1999",1999,9,23,"BRACHYPTERA RISI",2
"NOR_029_MZB_LO_4","NOR_029_MZB_LO_4-23.09.1999","23.09.1999",1999,9,23,"CHIRONOMIDAE GEN. SP.",77
"NOR_029_MZB_LO_4","NOR_029_MZB_LO_4-23.09.1999","23.09.1999",1999,9,23,"DIPTERA GEN. SP.",8
"NOR_029_MZB_LO_4","NOR_029_MZB_LO_4-23.09.1999","23.09.1999",1999,9,23,"HYDRACHNIDIA GEN. SP.",2
"NOR_029_MZB_LO_4","NOR_029_MZB_LO_4-23.09.1999","23.09.1999",1999,9,23,"HYDROPTILIDAE GEN. SP.",5
"NOR_029_MZB_LO_4","NOR_029_MZB_LO_4-23.09.1999","23.09.1999",1999,9,23,"LEUCTRIDAE GEN. SP.",1
"NOR_029_MZB_LO_4","NOR_029_MZB_LO_4-23.09.1999","23.09.1999",1999,9,23,"OLIGOCHAETA GEN. SP.",4
"NOR_029_MZB_LO_4","NOR_029_MZB_LO_4-23.09.1999","23.09.1999",1999,9,23,"POLYCENTROPODIDAE GEN. SP.",3
"NOR_029_MZB_LO_4","NOR_029_MZB_LO_4-23.09.1999","23.09.1999",1999,9,23,"RHYACOPHILA SP.",1
"NOR_029_MZB_LO_4","NOR_029_MZB_LO_4-10.10.2013","10.10.2013",2013,10,10,"ARCTOPSYCHE LADOGENSIS",22
"NOR_029_MZB_LO_4","NOR_029_MZB_LO_4-10.10.2013","10.10.2013",2013,10,10,"CAPNIIDAE GEN. SP.",5
"NOR_029_MZB_LO_4","NOR_029_MZB_LO_4-10.10.2013","10.10.2013",2013,10,10,"HYDROPSYCHE SP.",18
"NOR_029_MZB_LO_4","NOR_029_MZB_LO_4-10.10.2013","10.10.2013",2013,10,10,"HYDROPTILIDAE GEN. SP.",4
"NOR_029_MZB_LO_4","NOR_029_MZB_LO_4-10.10.2013","10.10.2013",2013,10,10,"LEUCTRIDAE/CAPNIIDAE GEN. SP.",14
"NOR_029_MZB_LO_4","NOR_029_MZB_LO_4-10.10.2013","10.10.2013",2013,10,10,"PERLODIDAE GEN. SP.",8
"NOR_029_MZB_LO_4","NOR_029_MZB_LO_4-10.10.2013","10.10.2013",2013,10,10,"POLYCENTROPODIDAE GEN. SP.",3
"NOR_029_MZB_LO_4","NOR_029_MZB_LO_4-10.10.2013","10.10.2013",2013,10,10,"RHYACOPHILA SP.",14
"NOR_029_MZB_LO_4","NOR_029_MZB_LO_4-09.10.2014","09.10.2014",2014,10,9,"ARCTOPSYCHE LADOGENSIS",16
"NOR_029_MZB_LO_4","NOR_029_MZB_LO_4-09.10.2014","09.10.2014",2014,10,9,"BAETIDAE GEN. SP.",116
"NOR_029_MZB_LO_4","NOR_029_MZB_LO_4-09.10.2014","09.10.2014",2014,10,9,"CERATOPOGONIDAE GEN. SP.",2
"NOR_029_MZB_LO_4","NOR_029_MZB_LO_4-09.10.2014","09.10.2014",2014,10,9,"CHIRONOMIDAE GEN. SP.",228
"NOR_029_MZB_LO_4","NOR_029_MZB_LO_4-09.10.2014","09.10.2014",2014,10,9,"HYDROPSYCHE SP.",2
"NOR_029_MZB_LO_4","NOR_029_MZB_LO_4-09.10.2014","09.10.2014",2014,10,9,"HYDROPTILIDAE GEN. SP.",1
"NOR_029_MZB_LO_4","NOR_029_MZB_LO_4-09.10.2014","09.10.2014",2014,10,9,"NEMOURIDAE GEN. SP.",88
"NOR_029_MZB_LO_4","NOR_029_MZB_LO_4-09.10.2014","09.10.2014",2014,10,9,"OLIGOCHAETA GEN. SP.",8
"NOR_029_MZB_LO_4","NOR_029_MZB_LO_4-09.10.2014","09.10.2014",2014,10,9,"PERLODIDAE GEN. SP.",4
"NOR_029_MZB_LO_4","NOR_029_MZB_LO_4-09.10.2014","09.10.2014",2014,10,9,"RHYACOPHILA SP.",6
"NOR_029_MZB_LO_4","NOR_029_MZB_LO_4-09.10.2014","09.10.2014",2014,10,9,"SIALIS SP.",2
"NOR_029_MZB_LO_4","NOR_029_MZB_LO_4-15.10.2015","15.10.2015",2015,10,15,"ARCTOPSYCHE LADOGENSIS",4
"NOR_029_MZB_LO_4","NOR_029_MZB_LO_4-15.10.2015","15.10.2015",2015,10,15,"BAETIDAE GEN. SP.",298
"NOR_029_MZB_LO_4","NOR_029_MZB_LO_4-15.10.2015","15.10.2015",2015,10,15,"CERATOPOGONIDAE GEN. SP.",80
"NOR_029_MZB_LO_4","NOR_029_MZB_LO_4-15.10.2015","15.10.2015",2015,10,15,"CHIRONOMIDAE GEN. SP.",192
"NOR_029_MZB_LO_4","NOR_029_MZB_LO_4-15.10.2015","15.10.2015",2015,10,15,"DIPTERA GEN. SP.",2
"NOR_029_MZB_LO_4","NOR_029_MZB_LO_4-15.10.2015","15.10.2015",2015,10,15,"HYDROPSYCHE SP.",4
"NOR_029_MZB_LO_4","NOR_029_MZB_LO_4-15.10.2015","15.10.2015",2015,10,15,"HYDROPTILIDAE GEN. SP.",2
"NOR_029_MZB_LO_4","NOR_029_MZB_LO_4-15.10.2015","15.10.2015",2015,10,15,"NEMOURIDAE GEN. SP.",14
"NOR_029_MZB_LO_4","NOR_029_MZB_LO_4-15.10.2015","15.10.2015",2015,10,15,"OLIGOCHAETA GEN. SP.",16
"NOR_029_MZB_LO_4","NOR_029_MZB_LO_4-15.10.2015","15.10.2015",2015,10,15,"PEDICIIDAE GEN. SP.",8
"NOR_029_MZB_LO_4","NOR_029_MZB_LO_4-15.10.2015","15.10.2015",2015,10,15,"PERLODIDAE GEN. SP.",6
"NOR_029_MZB_LO_4","NOR_029_MZB_LO_4-15.10.2015","15.10.2015",2015,10,15,"RHYACOPHILA SP.",4
"NOR_029_MZB_LO_4","NOR_029_MZB_LO_4-28.10.2016","28.10.2016",2016,10,28,"ARCTOPSYCHE LADOGENSIS",2
"NOR_029_MZB_LO_4","NOR_029_MZB_LO_4-28.10.2016","28.10.2016",2016,10,28,"BAETIDAE GEN. SP.",66
"NOR_029_MZB_LO_4","NOR_029_MZB_LO_4-28.10.2016","28.10.2016",2016,10,28,"CERATOPOGONIDAE GEN. SP.",6
"NOR_029_MZB_LO_4","NOR_029_MZB_LO_4-28.10.2016","28.10.2016",2016,10,28,"CHIRONOMIDAE GEN. SP.",240
"NOR_029_MZB_LO_4","NOR_029_MZB_LO_4-28.10.2016","28.10.2016",2016,10,28,"DIPTERA GEN. SP.",6
"NOR_029_MZB_LO_4","NOR_029_MZB_LO_4-28.10.2016","28.10.2016",2016,10,28,"HYDROPTILIDAE GEN. SP.",12
"NOR_029_MZB_LO_4","NOR_029_MZB_LO_4-28.10.2016","28.10.2016",2016,10,28,"NEMOURIDAE GEN. SP.",16
"NOR_029_MZB_LO_4","NOR_029_MZB_LO_4-28.10.2016","28.10.2016",2016,10,28,"OLIGOCHAETA GEN. SP.",24
"NOR_029_MZB_LO_4","NOR_029_MZB_LO_4-28.10.2016","28.10.2016",2016,10,28,"PERLODIDAE GEN. SP.",6
"NOR_029_MZB_LO_4","NOR_029_MZB_LO_4-28.10.2016","28.10.2016",2016,10,28,"RHYACOPHILA SP.",14
"NOR_029_MZB_LO_4","NOR_029_MZB_LO_4-28.10.2016","28.10.2016",2016,10,28,"TAENIOPTERYX NEBULOSA",7
"NOR_029_MZB_LO_4","NOR_029_MZB_LO_4-19.10.2017","19.10.2017",2017,10,19,"ARCTOPSYCHE LADOGENSIS",12
"NOR_029_MZB_LO_4","NOR_029_MZB_LO_4-19.10.2017","19.10.2017",2017,10,19,"BAETIDAE GEN. SP.",56
"NOR_029_MZB_LO_4","NOR_029_MZB_LO_4-19.10.2017","19.10.2017",2017,10,19,"CERATOPOGONIDAE GEN. SP.",4
"NOR_029_MZB_LO_4","NOR_029_MZB_LO_4-19.10.2017","19.10.2017",2017,10,19,"CHIRONOMIDAE GEN. SP.",26
"NOR_029_MZB_LO_4","NOR_029_MZB_LO_4-19.10.2017","19.10.2017",2017,10,19,"ELMINAE GEN. SP.",1
"NOR_029_MZB_LO_4","NOR_029_MZB_LO_4-19.10.2017","19.10.2017",2017,10,19,"NEMOURIDAE GEN. SP.",10
"NOR_029_MZB_LO_4","NOR_029_MZB_LO_4-19.10.2017","19.10.2017",2017,10,19,"OLIGOCHAETA GEN. SP.",2
"NOR_029_MZB_LO_4","NOR_029_MZB_LO_4-19.10.2017","19.10.2017",2017,10,19,"PERLODIDAE GEN. SP.",1
"NOR_029_MZB_LO_4","NOR_029_MZB_LO_4-19.10.2017","19.10.2017",2017,10,19,"RHYACOPHILA SP.",4
"NOR_029_MZB_LO_4","NOR_029_MZB_LO_4-19.10.2017","19.10.2017",2017,10,19,"SIMULIIDAE GEN. SP.",3
"NOR_029_MZB_LO_4","NOR_029_MZB_LO_4-19.10.2017","19.10.2017",2017,10,19,"TAENIOPTERYX NEBULOSA",1
"NOR_029_MZB_LO_4","NOR_029_MZB_LO_4-12.10.2018","12.10.2018",2018,10,12,"ARCTOPSYCHE LADOGENSIS",3
"NOR_029_MZB_LO_4","NOR_029_MZB_LO_4-12.10.2018","12.10.2018",2018,10,12,"BAETIDAE GEN. SP.",2
"NOR_029_MZB_LO_4","NOR_029_MZB_LO_4-12.10.2018","12.10.2018",2018,10,12,"CAPNIIDAE GEN. SP.",4
"NOR_029_MZB_LO_4","NOR_029_MZB_LO_4-12.10.2018","12.10.2018",2018,10,12,"CERATOPOGONIDAE GEN. SP.",4
"NOR_029_MZB_LO_4","NOR_029_MZB_LO_4-12.10.2018","12.10.2018",2018,10,12,"CHIRONOMIDAE GEN. SP.",32
"NOR_029_MZB_LO_4","NOR_029_MZB_LO_4-12.10.2018","12.10.2018",2018,10,12,"EMPIDIDAE GEN. SP.",2
"NOR_029_MZB_LO_4","NOR_029_MZB_LO_4-12.10.2018","12.10.2018",2018,10,12,"HYDROPTILIDAE GEN. SP.",4
"NOR_029_MZB_LO_4","NOR_029_MZB_LO_4-12.10.2018","12.10.2018",2018,10,12,"NEMOURIDAE GEN. SP.",4
"NOR_029_MZB_LO_4","NOR_029_MZB_LO_4-12.10.2018","12.10.2018",2018,10,12,"OLIGOCHAETA GEN. SP.",2
"NOR_029_MZB_LO_4","NOR_029_MZB_LO_4-12.10.2018","12.10.2018",2018,10,12,"POLYCENTROPODIDAE GEN. SP.",13
"NOR_029_MZB_LO_4","NOR_029_MZB_LO_4-12.10.2018","12.10.2018",2018,10,12,"SIMULIIDAE GEN. SP.",2
"NOR_029_MZB_LO_4","NOR_029_MZB_LO_4-17.10.2019","17.10.2019",2019,10,17,"BAETIDAE GEN. SP.",14
"NOR_029_MZB_LO_4","NOR_029_MZB_LO_4-17.10.2019","17.10.2019",2019,10,17,"CERATOPOGONIDAE GEN. SP.",1
"NOR_029_MZB_LO_4","NOR_029_MZB_LO_4-17.10.2019","17.10.2019",2019,10,17,"CHIRONOMIDAE GEN. SP.",38
"NOR_029_MZB_LO_4","NOR_029_MZB_LO_4-17.10.2019","17.10.2019",2019,10,17,"HYDROPTILIDAE GEN. SP.",1
"NOR_029_MZB_LO_4","NOR_029_MZB_LO_4-17.10.2019","17.10.2019",2019,10,17,"PERLODIDAE GEN. SP.",1
"NOR_029_MZB_LO_4","NOR_029_MZB_LO_4-17.10.2019","17.10.2019",2019,10,17,"POLYCENTROPODIDAE GEN. SP.",3
"NOR_029_MZB_LO_4","NOR_029_MZB_LO_4-17.10.2019","17.10.2019",2019,10,17,"RHYACOPHILA SP.",1
"NOR_029_MZB_LO_4","NOR_029_MZB_LO_4-22.10.2020","22.10.2020",2020,10,22,"ARCTOPSYCHE LADOGENSIS",1
"NOR_029_MZB_LO_4","NOR_029_MZB_LO_4-22.10.2020","22.10.2020",2020,10,22,"BAETIDAE GEN. SP.",18
"NOR_029_MZB_LO_4","NOR_029_MZB_LO_4-22.10.2020","22.10.2020",2020,10,22,"CERATOPOGONIDAE GEN. SP.",3
"NOR_029_MZB_LO_4","NOR_029_MZB_LO_4-22.10.2020","22.10.2020",2020,10,22,"CHIRONOMIDAE GEN. SP.",120
"NOR_029_MZB_LO_4","NOR_029_MZB_LO_4-22.10.2020","22.10.2020",2020,10,22,"DIPTERA GEN. SP.",1
"NOR_029_MZB_LO_4","NOR_029_MZB_LO_4-22.10.2020","22.10.2020",2020,10,22,"HYDROPTILIDAE GEN. SP.",3
"NOR_029_MZB_LO_4","NOR_029_MZB_LO_4-22.10.2020","22.10.2020",2020,10,22,"LIMNEPHILIDAE GEN. SP.",1
"NOR_029_MZB_LO_4","NOR_029_MZB_LO_4-22.10.2020","22.10.2020",2020,10,22,"PERLODIDAE GEN. SP.",2
"NOR_029_MZB_LO_4","NOR_029_MZB_LO_4-22.10.2020","22.10.2020",2020,10,22,"POLYCENTROPODIDAE GEN. SP.",1
"NOR_029_MZB_LO_4","NOR_029_MZB_LO_4-06.10.2021","06.10.2021",2021,10,6,"BAETIDAE GEN. SP.",3
"NOR_029_MZB_LO_4","NOR_029_MZB_LO_4-06.10.2021","06.10.2021",2021,10,6,"CAPNIIDAE GEN. SP.",2
"NOR_029_MZB_LO_4","NOR_029_MZB_LO_4-06.10.2021","06.10.2021",2021,10,6,"CERATOPOGONIDAE GEN. SP.",3
"NOR_029_MZB_LO_4","NOR_029_MZB_LO_4-06.10.2021","06.10.2021",2021,10,6,"CHIRONOMIDAE GEN. SP.",56
"NOR_029_MZB_LO_4","NOR_029_MZB_LO_4-06.10.2021","06.10.2021",2021,10,6,"DIPTERA GEN. SP.",1
"NOR_029_MZB_LO_4","NOR_029_MZB_LO_4-06.10.2021","06.10.2021",2021,10,6,"EMPIDIDAE GEN. SP.",1
"NOR_029_MZB_LO_4","NOR_029_MZB_LO_4-06.10.2021","06.10.2021",2021,10,6,"HYDROPTILIDAE GEN. SP.",3
"NOR_029_MZB_LO_4","NOR_029_MZB_LO_4-06.10.2021","06.10.2021",2021,10,6,"PEDICIIDAE GEN. SP.",1
"NOR_029_MZB_LO_4","NOR_029_MZB_LO_4-06.10.2021","06.10.2021",2021,10,6,"PERLODIDAE GEN. SP.",1
"NOR_029_MZB_LO_4","NOR_029_MZB_LO_4-06.10.2021","06.10.2021",2021,10,6,"POLYCENTROPODIDAE GEN. SP.",2
"NOR_029_MZB_LO_4","NOR_029_MZB_LO_4-06.10.2021","06.10.2021",2021,10,6,"TIPULIDAE GEN. SP.",2
"NOR_029_MZB_LO_4","NOR_029_MZB_LO_4-20.10.2022","20.10.2022",2022,10,20,"ARCTOPSYCHE LADOGENSIS",1
"NOR_029_MZB_LO_4","NOR_029_MZB_LO_4-20.10.2022","20.10.2022",2022,10,20,"BAETIDAE GEN. SP.",170
"NOR_029_MZB_LO_4","NOR_029_MZB_LO_4-20.10.2022","20.10.2022",2022,10,20,"CERATOPOGONIDAE GEN. SP.",2
"NOR_029_MZB_LO_4","NOR_029_MZB_LO_4-20.10.2022","20.10.2022",2022,10,20,"CHIRONOMIDAE GEN. SP.",312
"NOR_029_MZB_LO_4","NOR_029_MZB_LO_4-20.10.2022","20.10.2022",2022,10,20,"CHLOROPERLIDAE GEN. SP.",4
"NOR_029_MZB_LO_4","NOR_029_MZB_LO_4-20.10.2022","20.10.2022",2022,10,20,"HYDRACHNIDIA GEN. SP.",18
"NOR_029_MZB_LO_4","NOR_029_MZB_LO_4-20.10.2022","20.10.2022",2022,10,20,"HYDROPTILIDAE GEN. SP.",1
"NOR_029_MZB_LO_4","NOR_029_MZB_LO_4-20.10.2022","20.10.2022",2022,10,20,"LIMNEPHILIDAE GEN. SP.",10
"NOR_029_MZB_LO_4","NOR_029_MZB_LO_4-20.10.2022","20.10.2022",2022,10,20,"PEDICIIDAE GEN. SP.",1
"NOR_029_MZB_LO_4","NOR_029_MZB_LO_4-20.10.2022","20.10.2022",2022,10,20,"PERLODIDAE GEN. SP.",2
