"Unique.ID","Samp.ID","Sampling.date","year","month","day","Taxon.name","Abundance"
"PRT_032_MZB_LO_1","PRT_032_MZB_LO_1-01.04.1993","01.04.1993",1993,4,1,"AESHNIDAE GEN. SP.",1
"PRT_032_MZB_LO_1","PRT_032_MZB_LO_1-01.04.1993","01.04.1993",1993,4,1,"ATYAEPHYRA DESMARESTI",1
"PRT_032_MZB_LO_1","PRT_032_MZB_LO_1-01.04.1993","01.04.1993",1993,4,1,"CAENIS SP.",167
"PRT_032_MZB_LO_1","PRT_032_MZB_LO_1-01.04.1993","01.04.1993",1993,4,1,"CERATOPOGONIDAE GEN. SP.",14
"PRT_032_MZB_LO_1","PRT_032_MZB_LO_1-01.04.1993","01.04.1993",1993,4,1,"CHIRONOMIDAE GEN. SP.",213
"PRT_032_MZB_LO_1","PRT_032_MZB_LO_1-01.04.1993","01.04.1993",1993,4,1,"COENAGRIONIDAE GEN. SP.",10
"PRT_032_MZB_LO_1","PRT_032_MZB_LO_1-01.04.1993","01.04.1993",1993,4,1,"HALIPLUS SP.",2
"PRT_032_MZB_LO_1","PRT_032_MZB_LO_1-01.04.1993","01.04.1993",1993,4,1,"HYDRACHNIDIA GEN. SP.",24
"PRT_032_MZB_LO_1","PRT_032_MZB_LO_1-01.04.1993","01.04.1993",1993,4,1,"LIMONIIDAE GEN. SP.",5
"PRT_032_MZB_LO_1","PRT_032_MZB_LO_1-01.04.1993","01.04.1993",1993,4,1,"MICRONECTA SP.",43
"PRT_032_MZB_LO_1","PRT_032_MZB_LO_1-01.04.1993","01.04.1993",1993,4,1,"MYSTACIDES SP.",8
"PRT_032_MZB_LO_1","PRT_032_MZB_LO_1-01.04.1993","01.04.1993",1993,4,1,"NEMOURA SP.",15
"PRT_032_MZB_LO_1","PRT_032_MZB_LO_1-01.04.1993","01.04.1993",1993,4,1,"OLIGOCHAETA GEN. SP.",30
"PRT_032_MZB_LO_1","PRT_032_MZB_LO_1-01.04.1993","01.04.1993",1993,4,1,"OULIMNIUS SP.",46
"PRT_032_MZB_LO_1","PRT_032_MZB_LO_1-01.04.1993","01.04.1993",1993,4,1,"PELTODYTES ROTUNDATUS",3
"PRT_032_MZB_LO_1","PRT_032_MZB_LO_1-01.04.1993","01.04.1993",1993,4,1,"PHYSELLA ACUTA",6
"PRT_032_MZB_LO_1","PRT_032_MZB_LO_1-01.04.1993","01.04.1993",1993,4,1,"SCIRTIDAE GEN. SP.",8
"PRT_032_MZB_LO_1","PRT_032_MZB_LO_1-01.04.1993","01.04.1993",1993,4,1,"SIMULIIDAE GEN. SP.",410
"PRT_032_MZB_LO_1","PRT_032_MZB_LO_1-01.04.1993","01.04.1993",1993,4,1,"TAENIOPTERYGIDAE GEN. SP.",37
"PRT_032_MZB_LO_1","PRT_032_MZB_LO_1-01.04.1993","01.04.1993",1993,4,1,"TYRRHENOLEUCTRA SP.",15
"PRT_032_MZB_LO_1","PRT_032_MZB_LO_1-01.04.1994","01.04.1994",1994,4,1,"ATYAEPHYRA DESMARESTI",26
"PRT_032_MZB_LO_1","PRT_032_MZB_LO_1-01.04.1994","01.04.1994",1994,4,1,"BAETIDAE GEN. SP.",55
"PRT_032_MZB_LO_1","PRT_032_MZB_LO_1-01.04.1994","01.04.1994",1994,4,1,"CAENIS SP.",129
"PRT_032_MZB_LO_1","PRT_032_MZB_LO_1-01.04.1994","01.04.1994",1994,4,1,"CAPNIIDAE GEN. SP.",8
"PRT_032_MZB_LO_1","PRT_032_MZB_LO_1-01.04.1994","01.04.1994",1994,4,1,"CERATOPOGONIDAE GEN. SP.",7
"PRT_032_MZB_LO_1","PRT_032_MZB_LO_1-01.04.1994","01.04.1994",1994,4,1,"CHIRONOMIDAE GEN. SP.",64
"PRT_032_MZB_LO_1","PRT_032_MZB_LO_1-01.04.1994","01.04.1994",1994,4,1,"CHOROTERPES PICTETI",102
"PRT_032_MZB_LO_1","PRT_032_MZB_LO_1-01.04.1994","01.04.1994",1994,4,1,"COENAGRIONIDAE GEN. SP.",50
"PRT_032_MZB_LO_1","PRT_032_MZB_LO_1-01.04.1994","01.04.1994",1994,4,1,"ECDYONURUS SP.",2
"PRT_032_MZB_LO_1","PRT_032_MZB_LO_1-01.04.1994","01.04.1994",1994,4,1,"EPHEMERELLA SP.",22
"PRT_032_MZB_LO_1","PRT_032_MZB_LO_1-01.04.1994","01.04.1994",1994,4,1,"HYDRACHNIDIA GEN. SP.",19
"PRT_032_MZB_LO_1","PRT_032_MZB_LO_1-01.04.1994","01.04.1994",1994,4,1,"HYDROPTILIDAE GEN. SP.",1
"PRT_032_MZB_LO_1","PRT_032_MZB_LO_1-01.04.1994","01.04.1994",1994,4,1,"ISOGENUS SP.",34
"PRT_032_MZB_LO_1","PRT_032_MZB_LO_1-01.04.1994","01.04.1994",1994,4,1,"LIMONIIDAE GEN. SP.",1
"PRT_032_MZB_LO_1","PRT_032_MZB_LO_1-01.04.1994","01.04.1994",1994,4,1,"MICRONECTA SP.",32
"PRT_032_MZB_LO_1","PRT_032_MZB_LO_1-01.04.1994","01.04.1994",1994,4,1,"NEMOURA SP.",8
"PRT_032_MZB_LO_1","PRT_032_MZB_LO_1-01.04.1994","01.04.1994",1994,4,1,"OLIGOCHAETA GEN. SP.",76
"PRT_032_MZB_LO_1","PRT_032_MZB_LO_1-01.04.1994","01.04.1994",1994,4,1,"OULIMNIUS SP.",114
"PRT_032_MZB_LO_1","PRT_032_MZB_LO_1-01.04.1994","01.04.1994",1994,4,1,"PELTODYTES ROTUNDATUS",1
"PRT_032_MZB_LO_1","PRT_032_MZB_LO_1-01.04.1994","01.04.1994",1994,4,1,"PHYSELLA ACUTA",1
"PRT_032_MZB_LO_1","PRT_032_MZB_LO_1-01.04.1994","01.04.1994",1994,4,1,"SIMULIIDAE GEN. SP.",27
"PRT_032_MZB_LO_1","PRT_032_MZB_LO_1-01.04.1994","01.04.1994",1994,4,1,"TYRRHENOLEUCTRA SP.",4
"PRT_032_MZB_LO_1","PRT_032_MZB_LO_1-01.04.1995","01.04.1995",1995,4,1,"ANCYLUS FLUVIATILIS",3
"PRT_032_MZB_LO_1","PRT_032_MZB_LO_1-01.04.1995","01.04.1995",1995,4,1,"ATYAEPHYRA DESMARESTI",2
"PRT_032_MZB_LO_1","PRT_032_MZB_LO_1-01.04.1995","01.04.1995",1995,4,1,"BAETIDAE GEN. SP.",35
"PRT_032_MZB_LO_1","PRT_032_MZB_LO_1-01.04.1995","01.04.1995",1995,4,1,"CAENIS SP.",28
"PRT_032_MZB_LO_1","PRT_032_MZB_LO_1-01.04.1995","01.04.1995",1995,4,1,"CERATOPOGONIDAE GEN. SP.",1
"PRT_032_MZB_LO_1","PRT_032_MZB_LO_1-01.04.1995","01.04.1995",1995,4,1,"CHIRONOMIDAE GEN. SP.",171
"PRT_032_MZB_LO_1","PRT_032_MZB_LO_1-01.04.1995","01.04.1995",1995,4,1,"CHOROTERPES PICTETI",1
"PRT_032_MZB_LO_1","PRT_032_MZB_LO_1-01.04.1995","01.04.1995",1995,4,1,"DYTISCIDAE GEN. SP.",12
"PRT_032_MZB_LO_1","PRT_032_MZB_LO_1-01.04.1995","01.04.1995",1995,4,1,"ERPOBDELLA SP.",1
"PRT_032_MZB_LO_1","PRT_032_MZB_LO_1-01.04.1995","01.04.1995",1995,4,1,"HYDRACHNIDIA GEN. SP.",1
"PRT_032_MZB_LO_1","PRT_032_MZB_LO_1-01.04.1995","01.04.1995",1995,4,1,"HYDROMETRA STAGNORUM",1
"PRT_032_MZB_LO_1","PRT_032_MZB_LO_1-01.04.1995","01.04.1995",1995,4,1,"HYDROPHILIDAE GEN. SP.",5
"PRT_032_MZB_LO_1","PRT_032_MZB_LO_1-01.04.1995","01.04.1995",1995,4,1,"HYDROPTILIDAE GEN. SP.",1
"PRT_032_MZB_LO_1","PRT_032_MZB_LO_1-01.04.1995","01.04.1995",1995,4,1,"ISOGENUS SP.",5
"PRT_032_MZB_LO_1","PRT_032_MZB_LO_1-01.04.1995","01.04.1995",1995,4,1,"LIMONIIDAE GEN. SP.",4
"PRT_032_MZB_LO_1","PRT_032_MZB_LO_1-01.04.1995","01.04.1995",1995,4,1,"NOTERUS SP.",1
"PRT_032_MZB_LO_1","PRT_032_MZB_LO_1-01.04.1995","01.04.1995",1995,4,1,"OCHTHEBIUS SP.",2
"PRT_032_MZB_LO_1","PRT_032_MZB_LO_1-01.04.1995","01.04.1995",1995,4,1,"OLIGOCHAETA GEN. SP.",1
"PRT_032_MZB_LO_1","PRT_032_MZB_LO_1-01.04.1995","01.04.1995",1995,4,1,"OULIMNIUS SP.",32
"PRT_032_MZB_LO_1","PRT_032_MZB_LO_1-01.04.1995","01.04.1995",1995,4,1,"SIMULIIDAE GEN. SP.",404
"PRT_032_MZB_LO_1","PRT_032_MZB_LO_1-01.04.1995","01.04.1995",1995,4,1,"TAENIOPTERYGIDAE GEN. SP.",5
"PRT_032_MZB_LO_1","PRT_032_MZB_LO_1-01.04.1995","01.04.1995",1995,4,1,"TYRRHENOLEUCTRA SP.",6
"PRT_032_MZB_LO_1","PRT_032_MZB_LO_1-01.04.1996","01.04.1996",1996,4,1,"BAETIDAE GEN. SP.",30
"PRT_032_MZB_LO_1","PRT_032_MZB_LO_1-01.04.1996","01.04.1996",1996,4,1,"CAENIS SP.",41
"PRT_032_MZB_LO_1","PRT_032_MZB_LO_1-01.04.1996","01.04.1996",1996,4,1,"CERATOPOGONIDAE GEN. SP.",7
"PRT_032_MZB_LO_1","PRT_032_MZB_LO_1-01.04.1996","01.04.1996",1996,4,1,"CHIRONOMIDAE GEN. SP.",22
"PRT_032_MZB_LO_1","PRT_032_MZB_LO_1-01.04.1996","01.04.1996",1996,4,1,"CHOROTERPES PICTETI",271
"PRT_032_MZB_LO_1","PRT_032_MZB_LO_1-01.04.1996","01.04.1996",1996,4,1,"COENAGRIONIDAE GEN. SP.",1
"PRT_032_MZB_LO_1","PRT_032_MZB_LO_1-01.04.1996","01.04.1996",1996,4,1,"DYTISCIDAE GEN. SP.",6
"PRT_032_MZB_LO_1","PRT_032_MZB_LO_1-01.04.1996","01.04.1996",1996,4,1,"ECDYONURUS SP.",31
"PRT_032_MZB_LO_1","PRT_032_MZB_LO_1-01.04.1996","01.04.1996",1996,4,1,"EPHEMERELLA SP.",14
"PRT_032_MZB_LO_1","PRT_032_MZB_LO_1-01.04.1996","01.04.1996",1996,4,1,"HALIPLUS SP.",1
"PRT_032_MZB_LO_1","PRT_032_MZB_LO_1-01.04.1996","01.04.1996",1996,4,1,"HYDRACHNIDIA GEN. SP.",21
"PRT_032_MZB_LO_1","PRT_032_MZB_LO_1-01.04.1996","01.04.1996",1996,4,1,"HYDROPHILIDAE GEN. SP.",1
"PRT_032_MZB_LO_1","PRT_032_MZB_LO_1-01.04.1996","01.04.1996",1996,4,1,"ISOGENUS SP.",14
"PRT_032_MZB_LO_1","PRT_032_MZB_LO_1-01.04.1996","01.04.1996",1996,4,1,"ISOPERLA SP.",1
"PRT_032_MZB_LO_1","PRT_032_MZB_LO_1-01.04.1996","01.04.1996",1996,4,1,"MICRONECTA SP.",20
"PRT_032_MZB_LO_1","PRT_032_MZB_LO_1-01.04.1996","01.04.1996",1996,4,1,"NEMOURA SP.",36
"PRT_032_MZB_LO_1","PRT_032_MZB_LO_1-01.04.1996","01.04.1996",1996,4,1,"OLIGOCHAETA GEN. SP.",20
"PRT_032_MZB_LO_1","PRT_032_MZB_LO_1-01.04.1996","01.04.1996",1996,4,1,"OULIMNIUS SP.",24
"PRT_032_MZB_LO_1","PRT_032_MZB_LO_1-01.04.1996","01.04.1996",1996,4,1,"SIMULIIDAE GEN. SP.",1
"PRT_032_MZB_LO_1","PRT_032_MZB_LO_1-01.04.1996","01.04.1996",1996,4,1,"TYRRHENOLEUCTRA SP.",172
"PRT_032_MZB_LO_1","PRT_032_MZB_LO_1-01.04.1997","01.04.1997",1997,4,1,"ANCYLUS FLUVIATILIS",1
"PRT_032_MZB_LO_1","PRT_032_MZB_LO_1-01.04.1997","01.04.1997",1997,4,1,"ATHRIPSODES SP.",2
"PRT_032_MZB_LO_1","PRT_032_MZB_LO_1-01.04.1997","01.04.1997",1997,4,1,"ATYAEPHYRA DESMARESTI",21
"PRT_032_MZB_LO_1","PRT_032_MZB_LO_1-01.04.1997","01.04.1997",1997,4,1,"BAETIDAE GEN. SP.",219
"PRT_032_MZB_LO_1","PRT_032_MZB_LO_1-01.04.1997","01.04.1997",1997,4,1,"CAENIS SP.",108
"PRT_032_MZB_LO_1","PRT_032_MZB_LO_1-01.04.1997","01.04.1997",1997,4,1,"CAPNIIDAE GEN. SP.",17
"PRT_032_MZB_LO_1","PRT_032_MZB_LO_1-01.04.1997","01.04.1997",1997,4,1,"CERATOPOGONIDAE GEN. SP.",3
"PRT_032_MZB_LO_1","PRT_032_MZB_LO_1-01.04.1997","01.04.1997",1997,4,1,"CHIRONOMIDAE GEN. SP.",9
"PRT_032_MZB_LO_1","PRT_032_MZB_LO_1-01.04.1997","01.04.1997",1997,4,1,"COENAGRIONIDAE GEN. SP.",11
"PRT_032_MZB_LO_1","PRT_032_MZB_LO_1-01.04.1997","01.04.1997",1997,4,1,"DYTISCIDAE GEN. SP.",10
"PRT_032_MZB_LO_1","PRT_032_MZB_LO_1-01.04.1997","01.04.1997",1997,4,1,"EPHEMERELLA SP.",18
"PRT_032_MZB_LO_1","PRT_032_MZB_LO_1-01.04.1997","01.04.1997",1997,4,1,"ERPOBDELLA SP.",1
"PRT_032_MZB_LO_1","PRT_032_MZB_LO_1-01.04.1997","01.04.1997",1997,4,1,"GERRIS SP.",1
"PRT_032_MZB_LO_1","PRT_032_MZB_LO_1-01.04.1997","01.04.1997",1997,4,1,"HYDRACHNIDIA GEN. SP.",18
"PRT_032_MZB_LO_1","PRT_032_MZB_LO_1-01.04.1997","01.04.1997",1997,4,1,"HYDRAENA SP.",4
"PRT_032_MZB_LO_1","PRT_032_MZB_LO_1-01.04.1997","01.04.1997",1997,4,1,"HYDROMETRA STAGNORUM",3
"PRT_032_MZB_LO_1","PRT_032_MZB_LO_1-01.04.1997","01.04.1997",1997,4,1,"ISOPERLA SP.",17
"PRT_032_MZB_LO_1","PRT_032_MZB_LO_1-01.04.1997","01.04.1997",1997,4,1,"NAUCORIDAE GEN. SP.",1
"PRT_032_MZB_LO_1","PRT_032_MZB_LO_1-01.04.1997","01.04.1997",1997,4,1,"NEMOURA SP.",4
"PRT_032_MZB_LO_1","PRT_032_MZB_LO_1-01.04.1997","01.04.1997",1997,4,1,"OULIMNIUS SP.",79
"PRT_032_MZB_LO_1","PRT_032_MZB_LO_1-01.04.1997","01.04.1997",1997,4,1,"PARASIGARA TRANSVERSA",2
"PRT_032_MZB_LO_1","PRT_032_MZB_LO_1-01.04.1997","01.04.1997",1997,4,1,"PHYSELLA ACUTA",1
"PRT_032_MZB_LO_1","PRT_032_MZB_LO_1-01.04.1997","01.04.1997",1997,4,1,"PROCAMBARUS CLARKII",1
"PRT_032_MZB_LO_1","PRT_032_MZB_LO_1-01.04.1997","01.04.1997",1997,4,1,"SIMULIIDAE GEN. SP.",186
"PRT_032_MZB_LO_1","PRT_032_MZB_LO_1-01.04.1997","01.04.1997",1997,4,1,"SIPHLONURUS SP.",7
"PRT_032_MZB_LO_1","PRT_032_MZB_LO_1-01.04.1997","01.04.1997",1997,4,1,"TAENIOPTERYGIDAE GEN. SP.",36
"PRT_032_MZB_LO_1","PRT_032_MZB_LO_1-01.04.1997","01.04.1997",1997,4,1,"TYRRHENOLEUCTRA SP.",51
"PRT_032_MZB_LO_1","PRT_032_MZB_LO_1-01.04.1998","01.04.1998",1998,4,1,"ANCYLUS FLUVIATILIS",3
"PRT_032_MZB_LO_1","PRT_032_MZB_LO_1-01.04.1998","01.04.1998",1998,4,1,"ATYAEPHYRA DESMARESTI",7
"PRT_032_MZB_LO_1","PRT_032_MZB_LO_1-01.04.1998","01.04.1998",1998,4,1,"BAETIDAE GEN. SP.",6
"PRT_032_MZB_LO_1","PRT_032_MZB_LO_1-01.04.1998","01.04.1998",1998,4,1,"CAENIS SP.",45
"PRT_032_MZB_LO_1","PRT_032_MZB_LO_1-01.04.1998","01.04.1998",1998,4,1,"CERATOPOGONIDAE GEN. SP.",12
"PRT_032_MZB_LO_1","PRT_032_MZB_LO_1-01.04.1998","01.04.1998",1998,4,1,"CHIRONOMIDAE GEN. SP.",135
"PRT_032_MZB_LO_1","PRT_032_MZB_LO_1-01.04.1998","01.04.1998",1998,4,1,"ECDYONURUS SP.",2
"PRT_032_MZB_LO_1","PRT_032_MZB_LO_1-01.04.1998","01.04.1998",1998,4,1,"EPHEMERELLA SP.",4
"PRT_032_MZB_LO_1","PRT_032_MZB_LO_1-01.04.1998","01.04.1998",1998,4,1,"HYDRACHNIDIA GEN. SP.",10
"PRT_032_MZB_LO_1","PRT_032_MZB_LO_1-01.04.1998","01.04.1998",1998,4,1,"ISOPERLA SP.",1
"PRT_032_MZB_LO_1","PRT_032_MZB_LO_1-01.04.1998","01.04.1998",1998,4,1,"LIMONIIDAE GEN. SP.",5
"PRT_032_MZB_LO_1","PRT_032_MZB_LO_1-01.04.1998","01.04.1998",1998,4,1,"OLIGOCHAETA GEN. SP.",25
"PRT_032_MZB_LO_1","PRT_032_MZB_LO_1-01.04.1998","01.04.1998",1998,4,1,"OULIMNIUS SP.",23
"PRT_032_MZB_LO_1","PRT_032_MZB_LO_1-01.04.1998","01.04.1998",1998,4,1,"SIMULIIDAE GEN. SP.",12
"PRT_032_MZB_LO_1","PRT_032_MZB_LO_1-01.04.1998","01.04.1998",1998,4,1,"TABANIDAE GEN. SP.",1
"PRT_032_MZB_LO_1","PRT_032_MZB_LO_1-01.04.1998","01.04.1998",1998,4,1,"THRAULUS BELLUS",1
"PRT_032_MZB_LO_1","PRT_032_MZB_LO_1-01.04.1999","01.04.1999",1999,4,1,"ATHRIPSODES SP.",1
"PRT_032_MZB_LO_1","PRT_032_MZB_LO_1-01.04.1999","01.04.1999",1999,4,1,"ATYAEPHYRA DESMARESTI",2
"PRT_032_MZB_LO_1","PRT_032_MZB_LO_1-01.04.1999","01.04.1999",1999,4,1,"BAETIDAE GEN. SP.",13
"PRT_032_MZB_LO_1","PRT_032_MZB_LO_1-01.04.1999","01.04.1999",1999,4,1,"CAENIS SP.",99
"PRT_032_MZB_LO_1","PRT_032_MZB_LO_1-01.04.1999","01.04.1999",1999,4,1,"CAPNIIDAE GEN. SP.",34
"PRT_032_MZB_LO_1","PRT_032_MZB_LO_1-01.04.1999","01.04.1999",1999,4,1,"CERATOPOGONIDAE GEN. SP.",9
"PRT_032_MZB_LO_1","PRT_032_MZB_LO_1-01.04.1999","01.04.1999",1999,4,1,"CHIRONOMIDAE GEN. SP.",217
"PRT_032_MZB_LO_1","PRT_032_MZB_LO_1-01.04.1999","01.04.1999",1999,4,1,"CHOROTERPES PICTETI",2
"PRT_032_MZB_LO_1","PRT_032_MZB_LO_1-01.04.1999","01.04.1999",1999,4,1,"DRYOPS SP.",1
"PRT_032_MZB_LO_1","PRT_032_MZB_LO_1-01.04.1999","01.04.1999",1999,4,1,"DYTISCIDAE GEN. SP.",1
"PRT_032_MZB_LO_1","PRT_032_MZB_LO_1-01.04.1999","01.04.1999",1999,4,1,"HALIPLUS SP.",1
"PRT_032_MZB_LO_1","PRT_032_MZB_LO_1-01.04.1999","01.04.1999",1999,4,1,"HYDRACHNIDIA GEN. SP.",43
"PRT_032_MZB_LO_1","PRT_032_MZB_LO_1-01.04.1999","01.04.1999",1999,4,1,"HYDROPHILIDAE GEN. SP.",1
"PRT_032_MZB_LO_1","PRT_032_MZB_LO_1-01.04.1999","01.04.1999",1999,4,1,"ISOGENUS SP.",13
"PRT_032_MZB_LO_1","PRT_032_MZB_LO_1-01.04.1999","01.04.1999",1999,4,1,"LIBELLULIDAE GEN. SP.",2
"PRT_032_MZB_LO_1","PRT_032_MZB_LO_1-01.04.1999","01.04.1999",1999,4,1,"MICRONECTA SP.",93
"PRT_032_MZB_LO_1","PRT_032_MZB_LO_1-01.04.1999","01.04.1999",1999,4,1,"NEMOURA SP.",16
"PRT_032_MZB_LO_1","PRT_032_MZB_LO_1-01.04.1999","01.04.1999",1999,4,1,"OLIGOCHAETA GEN. SP.",1
"PRT_032_MZB_LO_1","PRT_032_MZB_LO_1-01.04.1999","01.04.1999",1999,4,1,"OULIMNIUS SP.",6
"PRT_032_MZB_LO_1","PRT_032_MZB_LO_1-01.04.1999","01.04.1999",1999,4,1,"PHYSELLA ACUTA",3
"PRT_032_MZB_LO_1","PRT_032_MZB_LO_1-01.04.1999","01.04.1999",1999,4,1,"PROCAMBARUS CLARKII",1
"PRT_032_MZB_LO_1","PRT_032_MZB_LO_1-01.04.1999","01.04.1999",1999,4,1,"SIMULIIDAE GEN. SP.",315
"PRT_032_MZB_LO_1","PRT_032_MZB_LO_1-01.04.1999","01.04.1999",1999,4,1,"TABANIDAE GEN. SP.",1
"PRT_032_MZB_LO_1","PRT_032_MZB_LO_1-01.04.1999","01.04.1999",1999,4,1,"TAENIOPTERYGIDAE GEN. SP.",23
"PRT_032_MZB_LO_1","PRT_032_MZB_LO_1-01.04.1999","01.04.1999",1999,4,1,"THRAULUS BELLUS",1
"PRT_032_MZB_LO_1","PRT_032_MZB_LO_1-01.04.1999","01.04.1999",1999,4,1,"TYRRHENOLEUCTRA SP.",22
"PRT_032_MZB_LO_1","PRT_032_MZB_LO_1-01.04.2000","01.04.2000",2000,4,1,"BAETIDAE GEN. SP.",145
"PRT_032_MZB_LO_1","PRT_032_MZB_LO_1-01.04.2000","01.04.2000",2000,4,1,"CAENIS SP.",225
"PRT_032_MZB_LO_1","PRT_032_MZB_LO_1-01.04.2000","01.04.2000",2000,4,1,"CERATOPOGONIDAE GEN. SP.",8
"PRT_032_MZB_LO_1","PRT_032_MZB_LO_1-01.04.2000","01.04.2000",2000,4,1,"CHIRONOMIDAE GEN. SP.",313
"PRT_032_MZB_LO_1","PRT_032_MZB_LO_1-01.04.2000","01.04.2000",2000,4,1,"CHOROTERPES PICTETI",15
"PRT_032_MZB_LO_1","PRT_032_MZB_LO_1-01.04.2000","01.04.2000",2000,4,1,"COENAGRIONIDAE GEN. SP.",8
"PRT_032_MZB_LO_1","PRT_032_MZB_LO_1-01.04.2000","01.04.2000",2000,4,1,"HYDRACHNIDIA GEN. SP.",17
"PRT_032_MZB_LO_1","PRT_032_MZB_LO_1-01.04.2000","01.04.2000",2000,4,1,"HYDROPSYCHE SP.",1
"PRT_032_MZB_LO_1","PRT_032_MZB_LO_1-01.04.2000","01.04.2000",2000,4,1,"ISOGENUS SP.",2
"PRT_032_MZB_LO_1","PRT_032_MZB_LO_1-01.04.2000","01.04.2000",2000,4,1,"LIBELLULIDAE GEN. SP.",1
"PRT_032_MZB_LO_1","PRT_032_MZB_LO_1-01.04.2000","01.04.2000",2000,4,1,"MICRONECTA SP.",39
"PRT_032_MZB_LO_1","PRT_032_MZB_LO_1-01.04.2000","01.04.2000",2000,4,1,"NEPA CINEREA",3
"PRT_032_MZB_LO_1","PRT_032_MZB_LO_1-01.04.2000","01.04.2000",2000,4,1,"OLIGOCHAETA GEN. SP.",18
"PRT_032_MZB_LO_1","PRT_032_MZB_LO_1-01.04.2000","01.04.2000",2000,4,1,"OULIMNIUS SP.",1
"PRT_032_MZB_LO_1","PRT_032_MZB_LO_1-01.04.2000","01.04.2000",2000,4,1,"PHYSELLA ACUTA",31
"PRT_032_MZB_LO_1","PRT_032_MZB_LO_1-01.04.2000","01.04.2000",2000,4,1,"PROCAMBARUS CLARKII",2
"PRT_032_MZB_LO_1","PRT_032_MZB_LO_1-01.04.2000","01.04.2000",2000,4,1,"SIMULIIDAE GEN. SP.",2
"PRT_032_MZB_LO_1","PRT_032_MZB_LO_1-01.04.2000","01.04.2000",2000,4,1,"TAENIOPTERYGIDAE GEN. SP.",1
"PRT_032_MZB_LO_1","PRT_032_MZB_LO_1-01.04.2000","01.04.2000",2000,4,1,"TYRRHENOLEUCTRA SP.",13
"PRT_032_MZB_LO_1","PRT_032_MZB_LO_1-01.04.2001","01.04.2001",2001,4,1,"ATYAEPHYRA DESMARESTI",4
"PRT_032_MZB_LO_1","PRT_032_MZB_LO_1-01.04.2001","01.04.2001",2001,4,1,"BAETIDAE GEN. SP.",90
"PRT_032_MZB_LO_1","PRT_032_MZB_LO_1-01.04.2001","01.04.2001",2001,4,1,"CAENIS SP.",207
"PRT_032_MZB_LO_1","PRT_032_MZB_LO_1-01.04.2001","01.04.2001",2001,4,1,"CERATOPOGONIDAE GEN. SP.",10
"PRT_032_MZB_LO_1","PRT_032_MZB_LO_1-01.04.2001","01.04.2001",2001,4,1,"CHIRONOMIDAE GEN. SP.",137
"PRT_032_MZB_LO_1","PRT_032_MZB_LO_1-01.04.2001","01.04.2001",2001,4,1,"CHOROTERPES PICTETI",13
"PRT_032_MZB_LO_1","PRT_032_MZB_LO_1-01.04.2001","01.04.2001",2001,4,1,"COENAGRIONIDAE GEN. SP.",2
"PRT_032_MZB_LO_1","PRT_032_MZB_LO_1-01.04.2001","01.04.2001",2001,4,1,"DYTISCIDAE GEN. SP.",8
"PRT_032_MZB_LO_1","PRT_032_MZB_LO_1-01.04.2001","01.04.2001",2001,4,1,"ECDYONURUS SP.",9
"PRT_032_MZB_LO_1","PRT_032_MZB_LO_1-01.04.2001","01.04.2001",2001,4,1,"EPHEMERELLA SP.",5
"PRT_032_MZB_LO_1","PRT_032_MZB_LO_1-01.04.2001","01.04.2001",2001,4,1,"HALIPLUS SP.",1
"PRT_032_MZB_LO_1","PRT_032_MZB_LO_1-01.04.2001","01.04.2001",2001,4,1,"HEMIMELAENA FLAVIVENTRIS",2
"PRT_032_MZB_LO_1","PRT_032_MZB_LO_1-01.04.2001","01.04.2001",2001,4,1,"HYDRACHNIDIA GEN. SP.",10
"PRT_032_MZB_LO_1","PRT_032_MZB_LO_1-01.04.2001","01.04.2001",2001,4,1,"HYDROPTILIDAE GEN. SP.",10
"PRT_032_MZB_LO_1","PRT_032_MZB_LO_1-01.04.2001","01.04.2001",2001,4,1,"ISOGENUS SP.",7
"PRT_032_MZB_LO_1","PRT_032_MZB_LO_1-01.04.2001","01.04.2001",2001,4,1,"ISOPERLA SP.",40
"PRT_032_MZB_LO_1","PRT_032_MZB_LO_1-01.04.2001","01.04.2001",2001,4,1,"LIMONIIDAE GEN. SP.",7
"PRT_032_MZB_LO_1","PRT_032_MZB_LO_1-01.04.2001","01.04.2001",2001,4,1,"MICRONECTA SP.",7
"PRT_032_MZB_LO_1","PRT_032_MZB_LO_1-01.04.2001","01.04.2001",2001,4,1,"NAUCORIDAE GEN. SP.",1
"PRT_032_MZB_LO_1","PRT_032_MZB_LO_1-01.04.2001","01.04.2001",2001,4,1,"NEMOURA SP.",10
"PRT_032_MZB_LO_1","PRT_032_MZB_LO_1-01.04.2001","01.04.2001",2001,4,1,"OLIGOCHAETA GEN. SP.",2
"PRT_032_MZB_LO_1","PRT_032_MZB_LO_1-01.04.2001","01.04.2001",2001,4,1,"PHYSELLA ACUTA",1
"PRT_032_MZB_LO_1","PRT_032_MZB_LO_1-01.04.2001","01.04.2001",2001,4,1,"POLYCENTROPUS SP.",1
"PRT_032_MZB_LO_1","PRT_032_MZB_LO_1-01.04.2001","01.04.2001",2001,4,1,"PROCAMBARUS CLARKII",2
"PRT_032_MZB_LO_1","PRT_032_MZB_LO_1-01.04.2001","01.04.2001",2001,4,1,"SIPHLONURUS SP.",5
"PRT_032_MZB_LO_1","PRT_032_MZB_LO_1-01.04.2001","01.04.2001",2001,4,1,"THRAULUS BELLUS",8
"PRT_032_MZB_LO_1","PRT_032_MZB_LO_1-01.04.2001","01.04.2001",2001,4,1,"TYRRHENOLEUCTRA SP.",12
"PRT_032_MZB_LO_1","PRT_032_MZB_LO_1-01.04.2002","01.04.2002",2002,4,1,"ANCYLUS FLUVIATILIS",1
"PRT_032_MZB_LO_1","PRT_032_MZB_LO_1-01.04.2002","01.04.2002",2002,4,1,"ATHRIPSODES SP.",1
"PRT_032_MZB_LO_1","PRT_032_MZB_LO_1-01.04.2002","01.04.2002",2002,4,1,"BAETIDAE GEN. SP.",131
"PRT_032_MZB_LO_1","PRT_032_MZB_LO_1-01.04.2002","01.04.2002",2002,4,1,"CERATOPOGONIDAE GEN. SP.",14
"PRT_032_MZB_LO_1","PRT_032_MZB_LO_1-01.04.2002","01.04.2002",2002,4,1,"CHIRONOMIDAE GEN. SP.",183
"PRT_032_MZB_LO_1","PRT_032_MZB_LO_1-01.04.2002","01.04.2002",2002,4,1,"CHOROTERPES PICTETI",19
"PRT_032_MZB_LO_1","PRT_032_MZB_LO_1-01.04.2002","01.04.2002",2002,4,1,"DYTISCIDAE GEN. SP.",6
"PRT_032_MZB_LO_1","PRT_032_MZB_LO_1-01.04.2002","01.04.2002",2002,4,1,"ECNOMUS SP.",2
"PRT_032_MZB_LO_1","PRT_032_MZB_LO_1-01.04.2002","01.04.2002",2002,4,1,"EPHEMERELLA SP.",10
"PRT_032_MZB_LO_1","PRT_032_MZB_LO_1-01.04.2002","01.04.2002",2002,4,1,"HYDRACHNIDIA GEN. SP.",207
"PRT_032_MZB_LO_1","PRT_032_MZB_LO_1-01.04.2002","01.04.2002",2002,4,1,"HYDROMETRA STAGNORUM",1
"PRT_032_MZB_LO_1","PRT_032_MZB_LO_1-01.04.2002","01.04.2002",2002,4,1,"HYDROPTILIDAE GEN. SP.",1
"PRT_032_MZB_LO_1","PRT_032_MZB_LO_1-01.04.2002","01.04.2002",2002,4,1,"ISOGENUS SP.",15
"PRT_032_MZB_LO_1","PRT_032_MZB_LO_1-01.04.2002","01.04.2002",2002,4,1,"ISOPERLA SP.",16
"PRT_032_MZB_LO_1","PRT_032_MZB_LO_1-01.04.2002","01.04.2002",2002,4,1,"MICRONECTA SP.",211
"PRT_032_MZB_LO_1","PRT_032_MZB_LO_1-01.04.2002","01.04.2002",2002,4,1,"NEMOURA SP.",9
"PRT_032_MZB_LO_1","PRT_032_MZB_LO_1-01.04.2002","01.04.2002",2002,4,1,"OULIMNIUS SP.",2
"PRT_032_MZB_LO_1","PRT_032_MZB_LO_1-01.04.2002","01.04.2002",2002,4,1,"TAENIOPTERYGIDAE GEN. SP.",2
"PRT_032_MZB_LO_1","PRT_032_MZB_LO_1-01.04.2002","01.04.2002",2002,4,1,"TYRRHENOLEUCTRA SP.",45
"PRT_032_MZB_LO_1","PRT_032_MZB_LO_1-01.04.2003","01.04.2003",2003,4,1,"AESHNIDAE GEN. SP.",1
"PRT_032_MZB_LO_1","PRT_032_MZB_LO_1-01.04.2003","01.04.2003",2003,4,1,"ANCYLUS FLUVIATILIS",5
"PRT_032_MZB_LO_1","PRT_032_MZB_LO_1-01.04.2003","01.04.2003",2003,4,1,"ATYAEPHYRA DESMARESTI",11
"PRT_032_MZB_LO_1","PRT_032_MZB_LO_1-01.04.2003","01.04.2003",2003,4,1,"BAETIDAE GEN. SP.",509
"PRT_032_MZB_LO_1","PRT_032_MZB_LO_1-01.04.2003","01.04.2003",2003,4,1,"CAENIS SP.",354
"PRT_032_MZB_LO_1","PRT_032_MZB_LO_1-01.04.2003","01.04.2003",2003,4,1,"CERATOPOGONIDAE GEN. SP.",2
"PRT_032_MZB_LO_1","PRT_032_MZB_LO_1-01.04.2003","01.04.2003",2003,4,1,"CHIRONOMIDAE GEN. SP.",377
"PRT_032_MZB_LO_1","PRT_032_MZB_LO_1-01.04.2003","01.04.2003",2003,4,1,"CHOROTERPES PICTETI",82
"PRT_032_MZB_LO_1","PRT_032_MZB_LO_1-01.04.2003","01.04.2003",2003,4,1,"DYTISCIDAE GEN. SP.",11
"PRT_032_MZB_LO_1","PRT_032_MZB_LO_1-01.04.2003","01.04.2003",2003,4,1,"ECDYONURUS SP.",27
"PRT_032_MZB_LO_1","PRT_032_MZB_LO_1-01.04.2003","01.04.2003",2003,4,1,"EPHEMERELLA SP.",48
"PRT_032_MZB_LO_1","PRT_032_MZB_LO_1-01.04.2003","01.04.2003",2003,4,1,"HABROPHLEBIA SP.",6
"PRT_032_MZB_LO_1","PRT_032_MZB_LO_1-01.04.2003","01.04.2003",2003,4,1,"HEMIMELAENA FLAVIVENTRIS",15
"PRT_032_MZB_LO_1","PRT_032_MZB_LO_1-01.04.2003","01.04.2003",2003,4,1,"HYDRACHNIDIA GEN. SP.",116
"PRT_032_MZB_LO_1","PRT_032_MZB_LO_1-01.04.2003","01.04.2003",2003,4,1,"HYDROPSYCHE SP.",5
"PRT_032_MZB_LO_1","PRT_032_MZB_LO_1-01.04.2003","01.04.2003",2003,4,1,"HYDROPTILIDAE GEN. SP.",11
"PRT_032_MZB_LO_1","PRT_032_MZB_LO_1-01.04.2003","01.04.2003",2003,4,1,"ISOGENUS SP.",14
"PRT_032_MZB_LO_1","PRT_032_MZB_LO_1-01.04.2003","01.04.2003",2003,4,1,"ISOPERLA SP.",69
"PRT_032_MZB_LO_1","PRT_032_MZB_LO_1-01.04.2003","01.04.2003",2003,4,1,"LIMONIIDAE GEN. SP.",2
"PRT_032_MZB_LO_1","PRT_032_MZB_LO_1-01.04.2003","01.04.2003",2003,4,1,"MICRONECTA SP.",1
"PRT_032_MZB_LO_1","PRT_032_MZB_LO_1-01.04.2003","01.04.2003",2003,4,1,"NEMOURA SP.",3
"PRT_032_MZB_LO_1","PRT_032_MZB_LO_1-01.04.2003","01.04.2003",2003,4,1,"OLIGOCHAETA GEN. SP.",1
"PRT_032_MZB_LO_1","PRT_032_MZB_LO_1-01.04.2003","01.04.2003",2003,4,1,"OULIMNIUS SP.",19
"PRT_032_MZB_LO_1","PRT_032_MZB_LO_1-01.04.2003","01.04.2003",2003,4,1,"PROCAMBARUS CLARKII",3
"PRT_032_MZB_LO_1","PRT_032_MZB_LO_1-01.04.2003","01.04.2003",2003,4,1,"SIMULIIDAE GEN. SP.",48
"PRT_032_MZB_LO_1","PRT_032_MZB_LO_1-01.04.2003","01.04.2003",2003,4,1,"TABANIDAE GEN. SP.",6
"PRT_032_MZB_LO_1","PRT_032_MZB_LO_1-01.04.2003","01.04.2003",2003,4,1,"THRAULUS BELLUS",6
"PRT_032_MZB_LO_1","PRT_032_MZB_LO_1-01.04.2003","01.04.2003",2003,4,1,"TYRRHENOLEUCTRA SP.",68
"PRT_032_MZB_LO_1","PRT_032_MZB_LO_1-01.04.2004","01.04.2004",2004,4,1,"ANCYLUS FLUVIATILIS",4
"PRT_032_MZB_LO_1","PRT_032_MZB_LO_1-01.04.2004","01.04.2004",2004,4,1,"ATHRIPSODES SP.",1
"PRT_032_MZB_LO_1","PRT_032_MZB_LO_1-01.04.2004","01.04.2004",2004,4,1,"ATYAEPHYRA DESMARESTI",4
"PRT_032_MZB_LO_1","PRT_032_MZB_LO_1-01.04.2004","01.04.2004",2004,4,1,"BAETIDAE GEN. SP.",44
"PRT_032_MZB_LO_1","PRT_032_MZB_LO_1-01.04.2004","01.04.2004",2004,4,1,"CAENIS SP.",152
"PRT_032_MZB_LO_1","PRT_032_MZB_LO_1-01.04.2004","01.04.2004",2004,4,1,"CERATOPOGONIDAE GEN. SP.",13
"PRT_032_MZB_LO_1","PRT_032_MZB_LO_1-01.04.2004","01.04.2004",2004,4,1,"CHIRONOMIDAE GEN. SP.",52
"PRT_032_MZB_LO_1","PRT_032_MZB_LO_1-01.04.2004","01.04.2004",2004,4,1,"CHOROTERPES PICTETI",34
"PRT_032_MZB_LO_1","PRT_032_MZB_LO_1-01.04.2004","01.04.2004",2004,4,1,"DYTISCIDAE GEN. SP.",1
"PRT_032_MZB_LO_1","PRT_032_MZB_LO_1-01.04.2004","01.04.2004",2004,4,1,"ECDYONURUS SP.",45
"PRT_032_MZB_LO_1","PRT_032_MZB_LO_1-01.04.2004","01.04.2004",2004,4,1,"EPHEMERELLA SP.",26
"PRT_032_MZB_LO_1","PRT_032_MZB_LO_1-01.04.2004","01.04.2004",2004,4,1,"HEMIMELAENA FLAVIVENTRIS",2
"PRT_032_MZB_LO_1","PRT_032_MZB_LO_1-01.04.2004","01.04.2004",2004,4,1,"HYDRACHNIDIA GEN. SP.",2
"PRT_032_MZB_LO_1","PRT_032_MZB_LO_1-01.04.2004","01.04.2004",2004,4,1,"HYDROPSYCHE SP.",1
"PRT_032_MZB_LO_1","PRT_032_MZB_LO_1-01.04.2004","01.04.2004",2004,4,1,"HYDROPTILIDAE GEN. SP.",3
"PRT_032_MZB_LO_1","PRT_032_MZB_LO_1-01.04.2004","01.04.2004",2004,4,1,"ISOPERLA SP.",20
"PRT_032_MZB_LO_1","PRT_032_MZB_LO_1-01.04.2004","01.04.2004",2004,4,1,"LIMONIIDAE GEN. SP.",1
"PRT_032_MZB_LO_1","PRT_032_MZB_LO_1-01.04.2004","01.04.2004",2004,4,1,"NEMOURA SP.",1
"PRT_032_MZB_LO_1","PRT_032_MZB_LO_1-01.04.2004","01.04.2004",2004,4,1,"OLIGOCHAETA GEN. SP.",10
"PRT_032_MZB_LO_1","PRT_032_MZB_LO_1-01.04.2004","01.04.2004",2004,4,1,"OULIMNIUS SP.",1
"PRT_032_MZB_LO_1","PRT_032_MZB_LO_1-01.04.2004","01.04.2004",2004,4,1,"PROCAMBARUS CLARKII",2
"PRT_032_MZB_LO_1","PRT_032_MZB_LO_1-01.04.2004","01.04.2004",2004,4,1,"SIMULIIDAE GEN. SP.",22
"PRT_032_MZB_LO_1","PRT_032_MZB_LO_1-01.04.2004","01.04.2004",2004,4,1,"THRAULUS BELLUS",1
"PRT_032_MZB_LO_1","PRT_032_MZB_LO_1-01.04.2004","01.04.2004",2004,4,1,"TYRRHENOLEUCTRA SP.",10
"PRT_032_MZB_LO_1","PRT_032_MZB_LO_1-01.04.2005","01.04.2005",2005,4,1,"ATYAEPHYRA DESMARESTI",8
"PRT_032_MZB_LO_1","PRT_032_MZB_LO_1-01.04.2005","01.04.2005",2005,4,1,"BAETIDAE GEN. SP.",47
"PRT_032_MZB_LO_1","PRT_032_MZB_LO_1-01.04.2005","01.04.2005",2005,4,1,"CAENIS SP.",5
"PRT_032_MZB_LO_1","PRT_032_MZB_LO_1-01.04.2005","01.04.2005",2005,4,1,"CHIRONOMIDAE GEN. SP.",4
"PRT_032_MZB_LO_1","PRT_032_MZB_LO_1-01.04.2005","01.04.2005",2005,4,1,"CHOROTERPES PICTETI",3
"PRT_032_MZB_LO_1","PRT_032_MZB_LO_1-01.04.2005","01.04.2005",2005,4,1,"DYTISCIDAE GEN. SP.",6
"PRT_032_MZB_LO_1","PRT_032_MZB_LO_1-01.04.2005","01.04.2005",2005,4,1,"ECDYONURUS SP.",1
"PRT_032_MZB_LO_1","PRT_032_MZB_LO_1-01.04.2005","01.04.2005",2005,4,1,"EPHEMERELLA SP.",1
"PRT_032_MZB_LO_1","PRT_032_MZB_LO_1-01.04.2005","01.04.2005",2005,4,1,"GUADALGENUS FRANZI",4
"PRT_032_MZB_LO_1","PRT_032_MZB_LO_1-01.04.2005","01.04.2005",2005,4,1,"HEMIMELAENA FLAVIVENTRIS",1
"PRT_032_MZB_LO_1","PRT_032_MZB_LO_1-01.04.2005","01.04.2005",2005,4,1,"HYDRACHNIDIA GEN. SP.",6
"PRT_032_MZB_LO_1","PRT_032_MZB_LO_1-01.04.2005","01.04.2005",2005,4,1,"HYDRAENA SP.",1
"PRT_032_MZB_LO_1","PRT_032_MZB_LO_1-01.04.2005","01.04.2005",2005,4,1,"ISOPERLA SP.",9
"PRT_032_MZB_LO_1","PRT_032_MZB_LO_1-01.04.2005","01.04.2005",2005,4,1,"LIMONIIDAE GEN. SP.",5
"PRT_032_MZB_LO_1","PRT_032_MZB_LO_1-01.04.2005","01.04.2005",2005,4,1,"NEMOURA SP.",7
"PRT_032_MZB_LO_1","PRT_032_MZB_LO_1-01.04.2005","01.04.2005",2005,4,1,"OLIGOCHAETA GEN. SP.",2
"PRT_032_MZB_LO_1","PRT_032_MZB_LO_1-01.04.2005","01.04.2005",2005,4,1,"OULIMNIUS SP.",5
"PRT_032_MZB_LO_1","PRT_032_MZB_LO_1-01.04.2005","01.04.2005",2005,4,1,"PHYSELLA ACUTA",2
"PRT_032_MZB_LO_1","PRT_032_MZB_LO_1-01.04.2005","01.04.2005",2005,4,1,"PROCAMBARUS CLARKII",3
"PRT_032_MZB_LO_1","PRT_032_MZB_LO_1-01.04.2005","01.04.2005",2005,4,1,"SIMULIIDAE GEN. SP.",54
"PRT_032_MZB_LO_1","PRT_032_MZB_LO_1-01.04.2005","01.04.2005",2005,4,1,"TYRRHENOLEUCTRA SP.",49
"PRT_032_MZB_LO_1","PRT_032_MZB_LO_1-01.04.2006","01.04.2006",2006,4,1,"ANCYLUS FLUVIATILIS",3
"PRT_032_MZB_LO_1","PRT_032_MZB_LO_1-01.04.2006","01.04.2006",2006,4,1,"BAETIDAE GEN. SP.",58
"PRT_032_MZB_LO_1","PRT_032_MZB_LO_1-01.04.2006","01.04.2006",2006,4,1,"CAENIS SP.",65
"PRT_032_MZB_LO_1","PRT_032_MZB_LO_1-01.04.2006","01.04.2006",2006,4,1,"CERATOPOGONIDAE GEN. SP.",13
"PRT_032_MZB_LO_1","PRT_032_MZB_LO_1-01.04.2006","01.04.2006",2006,4,1,"CHIRONOMIDAE GEN. SP.",105
"PRT_032_MZB_LO_1","PRT_032_MZB_LO_1-01.04.2006","01.04.2006",2006,4,1,"DYTISCIDAE GEN. SP.",15
"PRT_032_MZB_LO_1","PRT_032_MZB_LO_1-01.04.2006","01.04.2006",2006,4,1,"ECDYONURUS SP.",2
"PRT_032_MZB_LO_1","PRT_032_MZB_LO_1-01.04.2006","01.04.2006",2006,4,1,"EPHEMERELLA SP.",5
"PRT_032_MZB_LO_1","PRT_032_MZB_LO_1-01.04.2006","01.04.2006",2006,4,1,"GUADALGENUS FRANZI",10
"PRT_032_MZB_LO_1","PRT_032_MZB_LO_1-01.04.2006","01.04.2006",2006,4,1,"HALIPLUS SP.",5
"PRT_032_MZB_LO_1","PRT_032_MZB_LO_1-01.04.2006","01.04.2006",2006,4,1,"HEMIMELAENA FLAVIVENTRIS",1
"PRT_032_MZB_LO_1","PRT_032_MZB_LO_1-01.04.2006","01.04.2006",2006,4,1,"HYDRACHNIDIA GEN. SP.",24
"PRT_032_MZB_LO_1","PRT_032_MZB_LO_1-01.04.2006","01.04.2006",2006,4,1,"HYDROPSYCHE SP.",2
"PRT_032_MZB_LO_1","PRT_032_MZB_LO_1-01.04.2006","01.04.2006",2006,4,1,"ISOPERLA SP.",32
"PRT_032_MZB_LO_1","PRT_032_MZB_LO_1-01.04.2006","01.04.2006",2006,4,1,"LIMONIIDAE GEN. SP.",12
"PRT_032_MZB_LO_1","PRT_032_MZB_LO_1-01.04.2006","01.04.2006",2006,4,1,"LYMNAEA SP.",3
"PRT_032_MZB_LO_1","PRT_032_MZB_LO_1-01.04.2006","01.04.2006",2006,4,1,"MICRONECTA SP.",11
"PRT_032_MZB_LO_1","PRT_032_MZB_LO_1-01.04.2006","01.04.2006",2006,4,1,"NEMOURA SP.",25
"PRT_032_MZB_LO_1","PRT_032_MZB_LO_1-01.04.2006","01.04.2006",2006,4,1,"OLIGOCHAETA GEN. SP.",124
"PRT_032_MZB_LO_1","PRT_032_MZB_LO_1-01.04.2006","01.04.2006",2006,4,1,"PHYSELLA ACUTA",3
"PRT_032_MZB_LO_1","PRT_032_MZB_LO_1-01.04.2006","01.04.2006",2006,4,1,"SIMULIIDAE GEN. SP.",62
"PRT_032_MZB_LO_1","PRT_032_MZB_LO_1-01.04.2006","01.04.2006",2006,4,1,"SIPHLONURUS SP.",1
"PRT_032_MZB_LO_1","PRT_032_MZB_LO_1-01.04.2006","01.04.2006",2006,4,1,"TYRRHENOLEUCTRA SP.",23
"PRT_032_MZB_LO_1","PRT_032_MZB_LO_1-01.04.2007","01.04.2007",2007,4,1,"ATHRIPSODES SP.",1
"PRT_032_MZB_LO_1","PRT_032_MZB_LO_1-01.04.2007","01.04.2007",2007,4,1,"ATYAEPHYRA DESMARESTI",41
"PRT_032_MZB_LO_1","PRT_032_MZB_LO_1-01.04.2007","01.04.2007",2007,4,1,"BAETIDAE GEN. SP.",124
"PRT_032_MZB_LO_1","PRT_032_MZB_LO_1-01.04.2007","01.04.2007",2007,4,1,"CAENIS SP.",162
"PRT_032_MZB_LO_1","PRT_032_MZB_LO_1-01.04.2007","01.04.2007",2007,4,1,"CERATOPOGONIDAE GEN. SP.",1
"PRT_032_MZB_LO_1","PRT_032_MZB_LO_1-01.04.2007","01.04.2007",2007,4,1,"CHIRONOMIDAE GEN. SP.",36
"PRT_032_MZB_LO_1","PRT_032_MZB_LO_1-01.04.2007","01.04.2007",2007,4,1,"CHOROTERPES PICTETI",60
"PRT_032_MZB_LO_1","PRT_032_MZB_LO_1-01.04.2007","01.04.2007",2007,4,1,"DYTISCIDAE GEN. SP.",1
"PRT_032_MZB_LO_1","PRT_032_MZB_LO_1-01.04.2007","01.04.2007",2007,4,1,"ECDYONURUS SP.",7
"PRT_032_MZB_LO_1","PRT_032_MZB_LO_1-01.04.2007","01.04.2007",2007,4,1,"EPHEMERELLA SP.",5
"PRT_032_MZB_LO_1","PRT_032_MZB_LO_1-01.04.2007","01.04.2007",2007,4,1,"GUADALGENUS FRANZI",6
"PRT_032_MZB_LO_1","PRT_032_MZB_LO_1-01.04.2007","01.04.2007",2007,4,1,"HEMIMELAENA FLAVIVENTRIS",3
"PRT_032_MZB_LO_1","PRT_032_MZB_LO_1-01.04.2007","01.04.2007",2007,4,1,"HYDRACHNIDIA GEN. SP.",66
"PRT_032_MZB_LO_1","PRT_032_MZB_LO_1-01.04.2007","01.04.2007",2007,4,1,"HYDROPSYCHE SP.",5
"PRT_032_MZB_LO_1","PRT_032_MZB_LO_1-01.04.2007","01.04.2007",2007,4,1,"HYDROPTILIDAE GEN. SP.",2
"PRT_032_MZB_LO_1","PRT_032_MZB_LO_1-01.04.2007","01.04.2007",2007,4,1,"ISOPERLA SP.",32
"PRT_032_MZB_LO_1","PRT_032_MZB_LO_1-01.04.2007","01.04.2007",2007,4,1,"MICRONECTA SP.",27
"PRT_032_MZB_LO_1","PRT_032_MZB_LO_1-01.04.2007","01.04.2007",2007,4,1,"NAUCORIDAE GEN. SP.",2
"PRT_032_MZB_LO_1","PRT_032_MZB_LO_1-01.04.2007","01.04.2007",2007,4,1,"NEMOURA SP.",5
"PRT_032_MZB_LO_1","PRT_032_MZB_LO_1-01.04.2007","01.04.2007",2007,4,1,"OLIGOCHAETA GEN. SP.",39
"PRT_032_MZB_LO_1","PRT_032_MZB_LO_1-01.04.2007","01.04.2007",2007,4,1,"OULIMNIUS SP.",17
"PRT_032_MZB_LO_1","PRT_032_MZB_LO_1-01.04.2007","01.04.2007",2007,4,1,"PELTODYTES ROTUNDATUS",1
"PRT_032_MZB_LO_1","PRT_032_MZB_LO_1-01.04.2007","01.04.2007",2007,4,1,"PHYSELLA ACUTA",5
"PRT_032_MZB_LO_1","PRT_032_MZB_LO_1-01.04.2007","01.04.2007",2007,4,1,"PROCAMBARUS CLARKII",1
"PRT_032_MZB_LO_1","PRT_032_MZB_LO_1-01.04.2007","01.04.2007",2007,4,1,"RHAGIONIDAE GEN. SP.",1
"PRT_032_MZB_LO_1","PRT_032_MZB_LO_1-01.04.2007","01.04.2007",2007,4,1,"TYRRHENOLEUCTRA SP.",5
"PRT_032_MZB_LO_1","PRT_032_MZB_LO_1-01.04.2008","01.04.2008",2008,4,1,"ATYAEPHYRA DESMARESTI",8
"PRT_032_MZB_LO_1","PRT_032_MZB_LO_1-01.04.2008","01.04.2008",2008,4,1,"BAETIDAE GEN. SP.",47
"PRT_032_MZB_LO_1","PRT_032_MZB_LO_1-01.04.2008","01.04.2008",2008,4,1,"CAENIS SP.",5
"PRT_032_MZB_LO_1","PRT_032_MZB_LO_1-01.04.2008","01.04.2008",2008,4,1,"CHIRONOMIDAE GEN. SP.",4
"PRT_032_MZB_LO_1","PRT_032_MZB_LO_1-01.04.2008","01.04.2008",2008,4,1,"CHOROTERPES PICTETI",3
"PRT_032_MZB_LO_1","PRT_032_MZB_LO_1-01.04.2008","01.04.2008",2008,4,1,"DYTISCIDAE GEN. SP.",6
"PRT_032_MZB_LO_1","PRT_032_MZB_LO_1-01.04.2008","01.04.2008",2008,4,1,"ECDYONURUS SP.",1
"PRT_032_MZB_LO_1","PRT_032_MZB_LO_1-01.04.2008","01.04.2008",2008,4,1,"EPHEMERELLA SP.",1
"PRT_032_MZB_LO_1","PRT_032_MZB_LO_1-01.04.2008","01.04.2008",2008,4,1,"GUADALGENUS FRANZI",4
"PRT_032_MZB_LO_1","PRT_032_MZB_LO_1-01.04.2008","01.04.2008",2008,4,1,"HEMIMELAENA FLAVIVENTRIS",1
"PRT_032_MZB_LO_1","PRT_032_MZB_LO_1-01.04.2008","01.04.2008",2008,4,1,"HYDRACHNIDIA GEN. SP.",6
"PRT_032_MZB_LO_1","PRT_032_MZB_LO_1-01.04.2008","01.04.2008",2008,4,1,"HYDRAENA SP.",1
"PRT_032_MZB_LO_1","PRT_032_MZB_LO_1-01.04.2008","01.04.2008",2008,4,1,"ISOPERLA SP.",9
"PRT_032_MZB_LO_1","PRT_032_MZB_LO_1-01.04.2008","01.04.2008",2008,4,1,"LIMONIIDAE GEN. SP.",5
"PRT_032_MZB_LO_1","PRT_032_MZB_LO_1-01.04.2008","01.04.2008",2008,4,1,"NEMOURA SP.",7
"PRT_032_MZB_LO_1","PRT_032_MZB_LO_1-01.04.2008","01.04.2008",2008,4,1,"OLIGOCHAETA GEN. SP.",2
"PRT_032_MZB_LO_1","PRT_032_MZB_LO_1-01.04.2008","01.04.2008",2008,4,1,"OULIMNIUS SP.",5
"PRT_032_MZB_LO_1","PRT_032_MZB_LO_1-01.04.2008","01.04.2008",2008,4,1,"PHYSELLA ACUTA",2
"PRT_032_MZB_LO_1","PRT_032_MZB_LO_1-01.04.2008","01.04.2008",2008,4,1,"PROCAMBARUS CLARKII",3
"PRT_032_MZB_LO_1","PRT_032_MZB_LO_1-01.04.2008","01.04.2008",2008,4,1,"SIMULIIDAE GEN. SP.",54
"PRT_032_MZB_LO_1","PRT_032_MZB_LO_1-01.04.2008","01.04.2008",2008,4,1,"TYRRHENOLEUCTRA SP.",49
"PRT_032_MZB_LO_1","PRT_032_MZB_LO_1-01.04.2009","01.04.2009",2009,4,1,"ATYAEPHYRA DESMARESTI",6
"PRT_032_MZB_LO_1","PRT_032_MZB_LO_1-01.04.2009","01.04.2009",2009,4,1,"BAETIDAE GEN. SP.",46
"PRT_032_MZB_LO_1","PRT_032_MZB_LO_1-01.04.2009","01.04.2009",2009,4,1,"CAENIS SP.",17
"PRT_032_MZB_LO_1","PRT_032_MZB_LO_1-01.04.2009","01.04.2009",2009,4,1,"CHIRONOMIDAE GEN. SP.",21
"PRT_032_MZB_LO_1","PRT_032_MZB_LO_1-01.04.2009","01.04.2009",2009,4,1,"COENAGRIONIDAE GEN. SP.",3
"PRT_032_MZB_LO_1","PRT_032_MZB_LO_1-01.04.2009","01.04.2009",2009,4,1,"DYTISCIDAE GEN. SP.",5
"PRT_032_MZB_LO_1","PRT_032_MZB_LO_1-01.04.2009","01.04.2009",2009,4,1,"GYRINUS SP.",1
"PRT_032_MZB_LO_1","PRT_032_MZB_LO_1-01.04.2009","01.04.2009",2009,4,1,"HYDRACHNIDIA GEN. SP.",15
"PRT_032_MZB_LO_1","PRT_032_MZB_LO_1-01.04.2009","01.04.2009",2009,4,1,"HYDRAENA SP.",2
"PRT_032_MZB_LO_1","PRT_032_MZB_LO_1-01.04.2009","01.04.2009",2009,4,1,"HYDROPHILIDAE GEN. SP.",19
"PRT_032_MZB_LO_1","PRT_032_MZB_LO_1-01.04.2009","01.04.2009",2009,4,1,"LIMONIIDAE GEN. SP.",1
"PRT_032_MZB_LO_1","PRT_032_MZB_LO_1-01.04.2009","01.04.2009",2009,4,1,"MICRONECTA SP.",20
"PRT_032_MZB_LO_1","PRT_032_MZB_LO_1-01.04.2009","01.04.2009",2009,4,1,"NEMOURA SP.",22
"PRT_032_MZB_LO_1","PRT_032_MZB_LO_1-01.04.2009","01.04.2009",2009,4,1,"NOTONECTA SP.",2
"PRT_032_MZB_LO_1","PRT_032_MZB_LO_1-01.04.2009","01.04.2009",2009,4,1,"OLIGOCHAETA GEN. SP.",44
"PRT_032_MZB_LO_1","PRT_032_MZB_LO_1-01.04.2009","01.04.2009",2009,4,1,"PELTODYTES ROTUNDATUS",1
"PRT_032_MZB_LO_1","PRT_032_MZB_LO_1-01.04.2009","01.04.2009",2009,4,1,"PHYSELLA ACUTA",2
"PRT_032_MZB_LO_1","PRT_032_MZB_LO_1-01.04.2009","01.04.2009",2009,4,1,"SCIRTIDAE GEN. SP.",17
"PRT_032_MZB_LO_1","PRT_032_MZB_LO_1-01.04.2009","01.04.2009",2009,4,1,"SIMULIIDAE GEN. SP.",1
"PRT_032_MZB_LO_1","PRT_032_MZB_LO_1-01.04.2010","01.04.2010",2010,4,1,"ATYAEPHYRA DESMARESTI",8
"PRT_032_MZB_LO_1","PRT_032_MZB_LO_1-01.04.2010","01.04.2010",2010,4,1,"BAETIDAE GEN. SP.",438
"PRT_032_MZB_LO_1","PRT_032_MZB_LO_1-01.04.2010","01.04.2010",2010,4,1,"CAENIS SP.",3
"PRT_032_MZB_LO_1","PRT_032_MZB_LO_1-01.04.2010","01.04.2010",2010,4,1,"CAPNIIDAE GEN. SP.",6
"PRT_032_MZB_LO_1","PRT_032_MZB_LO_1-01.04.2010","01.04.2010",2010,4,1,"CHIRONOMIDAE GEN. SP.",37
"PRT_032_MZB_LO_1","PRT_032_MZB_LO_1-01.04.2010","01.04.2010",2010,4,1,"COENAGRIONIDAE GEN. SP.",3
"PRT_032_MZB_LO_1","PRT_032_MZB_LO_1-01.04.2010","01.04.2010",2010,4,1,"DYTISCIDAE GEN. SP.",8
"PRT_032_MZB_LO_1","PRT_032_MZB_LO_1-01.04.2010","01.04.2010",2010,4,1,"HYDRACHNIDIA GEN. SP.",19
"PRT_032_MZB_LO_1","PRT_032_MZB_LO_1-01.04.2010","01.04.2010",2010,4,1,"HYDROMETRA STAGNORUM",2
"PRT_032_MZB_LO_1","PRT_032_MZB_LO_1-01.04.2010","01.04.2010",2010,4,1,"LIBELLULIDAE GEN. SP.",1
"PRT_032_MZB_LO_1","PRT_032_MZB_LO_1-01.04.2010","01.04.2010",2010,4,1,"NOTONECTA SP.",1
"PRT_032_MZB_LO_1","PRT_032_MZB_LO_1-01.04.2010","01.04.2010",2010,4,1,"OLIGOCHAETA GEN. SP.",3
"PRT_032_MZB_LO_1","PRT_032_MZB_LO_1-01.04.2010","01.04.2010",2010,4,1,"PHYSELLA ACUTA",1
"PRT_032_MZB_LO_1","PRT_032_MZB_LO_1-01.04.2010","01.04.2010",2010,4,1,"SIMULIIDAE GEN. SP.",8
"PRT_032_MZB_LO_1","PRT_032_MZB_LO_1-01.04.2011","01.04.2011",2011,4,1,"ANCYLUS FLUVIATILIS",3
"PRT_032_MZB_LO_1","PRT_032_MZB_LO_1-01.04.2011","01.04.2011",2011,4,1,"ATHRIPSODES SP.",1
"PRT_032_MZB_LO_1","PRT_032_MZB_LO_1-01.04.2011","01.04.2011",2011,4,1,"BAETIDAE GEN. SP.",7
"PRT_032_MZB_LO_1","PRT_032_MZB_LO_1-01.04.2011","01.04.2011",2011,4,1,"CAENIS SP.",53
"PRT_032_MZB_LO_1","PRT_032_MZB_LO_1-01.04.2011","01.04.2011",2011,4,1,"CAPNIIDAE GEN. SP.",29
"PRT_032_MZB_LO_1","PRT_032_MZB_LO_1-01.04.2011","01.04.2011",2011,4,1,"CERATOPOGONIDAE GEN. SP.",2
"PRT_032_MZB_LO_1","PRT_032_MZB_LO_1-01.04.2011","01.04.2011",2011,4,1,"CHIRONOMIDAE GEN. SP.",11
"PRT_032_MZB_LO_1","PRT_032_MZB_LO_1-01.04.2011","01.04.2011",2011,4,1,"CHOROTERPES PICTETI",1
"PRT_032_MZB_LO_1","PRT_032_MZB_LO_1-01.04.2011","01.04.2011",2011,4,1,"DYTISCIDAE GEN. SP.",3
"PRT_032_MZB_LO_1","PRT_032_MZB_LO_1-01.04.2011","01.04.2011",2011,4,1,"ECDYONURUS SP.",3
"PRT_032_MZB_LO_1","PRT_032_MZB_LO_1-01.04.2011","01.04.2011",2011,4,1,"EPHEMERELLA SP.",50
"PRT_032_MZB_LO_1","PRT_032_MZB_LO_1-01.04.2011","01.04.2011",2011,4,1,"HYDRACHNIDIA GEN. SP.",22
"PRT_032_MZB_LO_1","PRT_032_MZB_LO_1-01.04.2011","01.04.2011",2011,4,1,"HYDROPTILIDAE GEN. SP.",1
"PRT_032_MZB_LO_1","PRT_032_MZB_LO_1-01.04.2011","01.04.2011",2011,4,1,"ISOPERLA SP.",39
"PRT_032_MZB_LO_1","PRT_032_MZB_LO_1-01.04.2011","01.04.2011",2011,4,1,"LIMONIIDAE GEN. SP.",55
"PRT_032_MZB_LO_1","PRT_032_MZB_LO_1-01.04.2011","01.04.2011",2011,4,1,"LYMNAEA SP.",1
"PRT_032_MZB_LO_1","PRT_032_MZB_LO_1-01.04.2011","01.04.2011",2011,4,1,"MICRONECTA SP.",1
"PRT_032_MZB_LO_1","PRT_032_MZB_LO_1-01.04.2011","01.04.2011",2011,4,1,"NEMOURA SP.",82
"PRT_032_MZB_LO_1","PRT_032_MZB_LO_1-01.04.2011","01.04.2011",2011,4,1,"OLIGOCHAETA GEN. SP.",21
"PRT_032_MZB_LO_1","PRT_032_MZB_LO_1-01.04.2011","01.04.2011",2011,4,1,"PARASIGARA TRANSVERSA",1
"PRT_032_MZB_LO_1","PRT_032_MZB_LO_1-01.04.2011","01.04.2011",2011,4,1,"PROCAMBARUS CLARKII",2
"PRT_032_MZB_LO_1","PRT_032_MZB_LO_1-01.04.2011","01.04.2011",2011,4,1,"SIMULIIDAE GEN. SP.",35
"PRT_032_MZB_LO_1","PRT_032_MZB_LO_1-01.04.2011","01.04.2011",2011,4,1,"TABANIDAE GEN. SP.",1
"PRT_032_MZB_LO_1","PRT_032_MZB_LO_1-01.04.2011","01.04.2011",2011,4,1,"TAENIOPTERYGIDAE GEN. SP.",2
"PRT_032_MZB_LO_1","PRT_032_MZB_LO_1-01.04.2011","01.04.2011",2011,4,1,"TIPULIDAE GEN. SP.",1
"PRT_032_MZB_LO_1","PRT_032_MZB_LO_1-01.04.2012","01.04.2012",2012,4,1,"BAETIDAE GEN. SP.",7
"PRT_032_MZB_LO_1","PRT_032_MZB_LO_1-01.04.2012","01.04.2012",2012,4,1,"CAENIS SP.",19
"PRT_032_MZB_LO_1","PRT_032_MZB_LO_1-01.04.2012","01.04.2012",2012,4,1,"CAPNIIDAE GEN. SP.",8
"PRT_032_MZB_LO_1","PRT_032_MZB_LO_1-01.04.2012","01.04.2012",2012,4,1,"CERATOPOGONIDAE GEN. SP.",8
"PRT_032_MZB_LO_1","PRT_032_MZB_LO_1-01.04.2012","01.04.2012",2012,4,1,"CHIRONOMIDAE GEN. SP.",17
"PRT_032_MZB_LO_1","PRT_032_MZB_LO_1-01.04.2012","01.04.2012",2012,4,1,"CHOROTERPES PICTETI",18
"PRT_032_MZB_LO_1","PRT_032_MZB_LO_1-01.04.2012","01.04.2012",2012,4,1,"DYTISCIDAE GEN. SP.",1
"PRT_032_MZB_LO_1","PRT_032_MZB_LO_1-01.04.2012","01.04.2012",2012,4,1,"ECDYONURUS SP.",14
"PRT_032_MZB_LO_1","PRT_032_MZB_LO_1-01.04.2012","01.04.2012",2012,4,1,"EPHEMERELLA SP.",8
"PRT_032_MZB_LO_1","PRT_032_MZB_LO_1-01.04.2012","01.04.2012",2012,4,1,"HYDRACHNIDIA GEN. SP.",5
"PRT_032_MZB_LO_1","PRT_032_MZB_LO_1-01.04.2012","01.04.2012",2012,4,1,"HYDRAENA SP.",3
"PRT_032_MZB_LO_1","PRT_032_MZB_LO_1-01.04.2012","01.04.2012",2012,4,1,"HYDROPSYCHE SP.",2
"PRT_032_MZB_LO_1","PRT_032_MZB_LO_1-01.04.2012","01.04.2012",2012,4,1,"LIMONIIDAE GEN. SP.",5
"PRT_032_MZB_LO_1","PRT_032_MZB_LO_1-01.04.2012","01.04.2012",2012,4,1,"NEMOURA SP.",14
"PRT_032_MZB_LO_1","PRT_032_MZB_LO_1-01.04.2012","01.04.2012",2012,4,1,"OLIGOCHAETA GEN. SP.",4
"PRT_032_MZB_LO_1","PRT_032_MZB_LO_1-01.04.2012","01.04.2012",2012,4,1,"PROCAMBARUS CLARKII",2
"PRT_032_MZB_LO_1","PRT_032_MZB_LO_1-01.04.2013","01.04.2013",2013,4,1,"AESHNIDAE GEN. SP.",1
"PRT_032_MZB_LO_1","PRT_032_MZB_LO_1-01.04.2013","01.04.2013",2013,4,1,"BAETIDAE GEN. SP.",9
"PRT_032_MZB_LO_1","PRT_032_MZB_LO_1-01.04.2013","01.04.2013",2013,4,1,"CAENIS SP.",12
"PRT_032_MZB_LO_1","PRT_032_MZB_LO_1-01.04.2013","01.04.2013",2013,4,1,"CHIRONOMIDAE GEN. SP.",38
"PRT_032_MZB_LO_1","PRT_032_MZB_LO_1-01.04.2013","01.04.2013",2013,4,1,"CORDULIIDAE GEN. SP.",1
"PRT_032_MZB_LO_1","PRT_032_MZB_LO_1-01.04.2013","01.04.2013",2013,4,1,"HYDRACHNIDIA GEN. SP.",29
"PRT_032_MZB_LO_1","PRT_032_MZB_LO_1-01.04.2013","01.04.2013",2013,4,1,"MICRONECTA SP.",2
"PRT_032_MZB_LO_1","PRT_032_MZB_LO_1-01.04.2013","01.04.2013",2013,4,1,"OLIGOCHAETA GEN. SP.",1
"PRT_032_MZB_LO_1","PRT_032_MZB_LO_1-01.04.2014","01.04.2014",2014,4,1,"BAETIDAE GEN. SP.",106
"PRT_032_MZB_LO_1","PRT_032_MZB_LO_1-01.04.2014","01.04.2014",2014,4,1,"CAENIS SP.",1
"PRT_032_MZB_LO_1","PRT_032_MZB_LO_1-01.04.2014","01.04.2014",2014,4,1,"CAPNIIDAE GEN. SP.",8
"PRT_032_MZB_LO_1","PRT_032_MZB_LO_1-01.04.2014","01.04.2014",2014,4,1,"CERATOPOGONIDAE GEN. SP.",1
"PRT_032_MZB_LO_1","PRT_032_MZB_LO_1-01.04.2014","01.04.2014",2014,4,1,"CHIRONOMIDAE GEN. SP.",42
"PRT_032_MZB_LO_1","PRT_032_MZB_LO_1-01.04.2014","01.04.2014",2014,4,1,"CHOROTERPES PICTETI",5
"PRT_032_MZB_LO_1","PRT_032_MZB_LO_1-01.04.2014","01.04.2014",2014,4,1,"DYTISCIDAE GEN. SP.",2
"PRT_032_MZB_LO_1","PRT_032_MZB_LO_1-01.04.2014","01.04.2014",2014,4,1,"ECDYONURUS SP.",10
"PRT_032_MZB_LO_1","PRT_032_MZB_LO_1-01.04.2014","01.04.2014",2014,4,1,"EPHEMERELLA SP.",134
"PRT_032_MZB_LO_1","PRT_032_MZB_LO_1-01.04.2014","01.04.2014",2014,4,1,"HYDROPTILIDAE GEN. SP.",4
"PRT_032_MZB_LO_1","PRT_032_MZB_LO_1-01.04.2014","01.04.2014",2014,4,1,"ISOPERLA SP.",35
"PRT_032_MZB_LO_1","PRT_032_MZB_LO_1-01.04.2014","01.04.2014",2014,4,1,"LIMONIIDAE GEN. SP.",33
"PRT_032_MZB_LO_1","PRT_032_MZB_LO_1-01.04.2014","01.04.2014",2014,4,1,"NEMOURA SP.",17
"PRT_032_MZB_LO_1","PRT_032_MZB_LO_1-01.04.2014","01.04.2014",2014,4,1,"OULIMNIUS SP.",10
"PRT_032_MZB_LO_1","PRT_032_MZB_LO_1-01.04.2014","01.04.2014",2014,4,1,"SIMULIIDAE GEN. SP.",5
"PRT_032_MZB_LO_1","PRT_032_MZB_LO_1-01.04.2015","01.04.2015",2015,4,1,"BAETIDAE GEN. SP.",83
"PRT_032_MZB_LO_1","PRT_032_MZB_LO_1-01.04.2015","01.04.2015",2015,4,1,"CAENIS SP.",2
"PRT_032_MZB_LO_1","PRT_032_MZB_LO_1-01.04.2015","01.04.2015",2015,4,1,"CERATOPOGONIDAE GEN. SP.",9
"PRT_032_MZB_LO_1","PRT_032_MZB_LO_1-01.04.2015","01.04.2015",2015,4,1,"CHIRONOMIDAE GEN. SP.",24
"PRT_032_MZB_LO_1","PRT_032_MZB_LO_1-01.04.2015","01.04.2015",2015,4,1,"CHOROTERPES PICTETI",18
"PRT_032_MZB_LO_1","PRT_032_MZB_LO_1-01.04.2015","01.04.2015",2015,4,1,"DYTISCIDAE GEN. SP.",2
"PRT_032_MZB_LO_1","PRT_032_MZB_LO_1-01.04.2015","01.04.2015",2015,4,1,"ECDYONURUS SP.",10
"PRT_032_MZB_LO_1","PRT_032_MZB_LO_1-01.04.2015","01.04.2015",2015,4,1,"EPHEMERELLA SP.",3
"PRT_032_MZB_LO_1","PRT_032_MZB_LO_1-01.04.2015","01.04.2015",2015,4,1,"HYDRAENA SP.",18
"PRT_032_MZB_LO_1","PRT_032_MZB_LO_1-01.04.2015","01.04.2015",2015,4,1,"HYDROMETRA STAGNORUM",2
"PRT_032_MZB_LO_1","PRT_032_MZB_LO_1-01.04.2015","01.04.2015",2015,4,1,"HYDROPSYCHE SP.",3
"PRT_032_MZB_LO_1","PRT_032_MZB_LO_1-01.04.2015","01.04.2015",2015,4,1,"ISOPERLA SP.",14
"PRT_032_MZB_LO_1","PRT_032_MZB_LO_1-01.04.2015","01.04.2015",2015,4,1,"LIMONIIDAE GEN. SP.",81
"PRT_032_MZB_LO_1","PRT_032_MZB_LO_1-01.04.2015","01.04.2015",2015,4,1,"OLIGOCHAETA GEN. SP.",11
"PRT_032_MZB_LO_1","PRT_032_MZB_LO_1-01.04.2015","01.04.2015",2015,4,1,"OULIMNIUS SP.",4
"PRT_032_MZB_LO_1","PRT_032_MZB_LO_1-01.04.2015","01.04.2015",2015,4,1,"PHYSELLA ACUTA",1
"PRT_032_MZB_LO_1","PRT_032_MZB_LO_1-01.04.2015","01.04.2015",2015,4,1,"SIMULIIDAE GEN. SP.",31
"PRT_032_MZB_LO_1","PRT_032_MZB_LO_1-01.04.2016","01.04.2016",2016,4,1,"BAETIDAE GEN. SP.",136
"PRT_032_MZB_LO_1","PRT_032_MZB_LO_1-01.04.2016","01.04.2016",2016,4,1,"CAENIS SP.",1
"PRT_032_MZB_LO_1","PRT_032_MZB_LO_1-01.04.2016","01.04.2016",2016,4,1,"CHIRONOMIDAE GEN. SP.",8
"PRT_032_MZB_LO_1","PRT_032_MZB_LO_1-01.04.2016","01.04.2016",2016,4,1,"COENAGRIONIDAE GEN. SP.",2
"PRT_032_MZB_LO_1","PRT_032_MZB_LO_1-01.04.2016","01.04.2016",2016,4,1,"DIXA SP.",2
"PRT_032_MZB_LO_1","PRT_032_MZB_LO_1-01.04.2016","01.04.2016",2016,4,1,"DYTISCIDAE GEN. SP.",1
"PRT_032_MZB_LO_1","PRT_032_MZB_LO_1-01.04.2016","01.04.2016",2016,4,1,"HYDROPSYCHE SP.",1
"PRT_032_MZB_LO_1","PRT_032_MZB_LO_1-01.04.2016","01.04.2016",2016,4,1,"NOTONECTA SP.",1
"PRT_032_MZB_LO_1","PRT_032_MZB_LO_1-01.04.2016","01.04.2016",2016,4,1,"OCHTHEBIUS SP.",9
"PRT_032_MZB_LO_1","PRT_032_MZB_LO_1-01.04.2016","01.04.2016",2016,4,1,"PARALEPTOPHLEBIA SP.",2
"PRT_032_MZB_LO_1","PRT_032_MZB_LO_1-01.04.2016","01.04.2016",2016,4,1,"PARASIGARA TRANSVERSA",2
"PRT_032_MZB_LO_1","PRT_032_MZB_LO_1-01.04.2016","01.04.2016",2016,4,1,"SIMULIIDAE GEN. SP.",90
"PRT_032_MZB_LO_1","PRT_032_MZB_LO_1-01.04.2017","01.04.2017",2017,4,1,"BAETIDAE GEN. SP.",136
"PRT_032_MZB_LO_1","PRT_032_MZB_LO_1-01.04.2017","01.04.2017",2017,4,1,"CAENIS SP.",1
"PRT_032_MZB_LO_1","PRT_032_MZB_LO_1-01.04.2017","01.04.2017",2017,4,1,"CHIRONOMIDAE GEN. SP.",17
"PRT_032_MZB_LO_1","PRT_032_MZB_LO_1-01.04.2017","01.04.2017",2017,4,1,"COENAGRIONIDAE GEN. SP.",2
"PRT_032_MZB_LO_1","PRT_032_MZB_LO_1-01.04.2017","01.04.2017",2017,4,1,"DIXA SP.",2
"PRT_032_MZB_LO_1","PRT_032_MZB_LO_1-01.04.2017","01.04.2017",2017,4,1,"DYTISCIDAE GEN. SP.",1
"PRT_032_MZB_LO_1","PRT_032_MZB_LO_1-01.04.2017","01.04.2017",2017,4,1,"HYDROPSYCHE SP.",1
"PRT_032_MZB_LO_1","PRT_032_MZB_LO_1-01.04.2017","01.04.2017",2017,4,1,"NOTONECTA SP.",1
"PRT_032_MZB_LO_1","PRT_032_MZB_LO_1-01.04.2017","01.04.2017",2017,4,1,"PARALEPTOPHLEBIA SP.",2
"PRT_032_MZB_LO_1","PRT_032_MZB_LO_1-01.04.2017","01.04.2017",2017,4,1,"PARASIGARA TRANSVERSA",2
"PRT_032_MZB_LO_1","PRT_032_MZB_LO_1-01.04.2017","01.04.2017",2017,4,1,"SIMULIIDAE GEN. SP.",90
"PRT_032_MZB_LO_1","PRT_032_MZB_LO_1-01.04.2018","01.04.2018",2018,4,1,"ANCYLUS FLUVIATILIS",6
"PRT_032_MZB_LO_1","PRT_032_MZB_LO_1-01.04.2018","01.04.2018",2018,4,1,"ATYAEPHYRA DESMARESTI",1
"PRT_032_MZB_LO_1","PRT_032_MZB_LO_1-01.04.2018","01.04.2018",2018,4,1,"BAETIDAE GEN. SP.",5
"PRT_032_MZB_LO_1","PRT_032_MZB_LO_1-01.04.2018","01.04.2018",2018,4,1,"CAENIS SP.",10
"PRT_032_MZB_LO_1","PRT_032_MZB_LO_1-01.04.2018","01.04.2018",2018,4,1,"CAPNIIDAE GEN. SP.",9
"PRT_032_MZB_LO_1","PRT_032_MZB_LO_1-01.04.2018","01.04.2018",2018,4,1,"CERATOPOGONIDAE GEN. SP.",1
"PRT_032_MZB_LO_1","PRT_032_MZB_LO_1-01.04.2018","01.04.2018",2018,4,1,"CORDULIIDAE GEN. SP.",2
"PRT_032_MZB_LO_1","PRT_032_MZB_LO_1-01.04.2018","01.04.2018",2018,4,1,"DYTISCIDAE GEN. SP.",5
"PRT_032_MZB_LO_1","PRT_032_MZB_LO_1-01.04.2018","01.04.2018",2018,4,1,"EPHEMERELLA SP.",4
"PRT_032_MZB_LO_1","PRT_032_MZB_LO_1-01.04.2018","01.04.2018",2018,4,1,"HYDRACHNIDIA GEN. SP.",4
"PRT_032_MZB_LO_1","PRT_032_MZB_LO_1-01.04.2018","01.04.2018",2018,4,1,"ISOPERLA SP.",6
"PRT_032_MZB_LO_1","PRT_032_MZB_LO_1-01.04.2018","01.04.2018",2018,4,1,"LIMONIIDAE GEN. SP.",2
"PRT_032_MZB_LO_1","PRT_032_MZB_LO_1-01.04.2018","01.04.2018",2018,4,1,"MICRONECTA SP.",3
"PRT_032_MZB_LO_1","PRT_032_MZB_LO_1-01.04.2018","01.04.2018",2018,4,1,"NEMOURA SP.",10
"PRT_032_MZB_LO_1","PRT_032_MZB_LO_1-01.04.2018","01.04.2018",2018,4,1,"NOTONECTA SP.",1
"PRT_032_MZB_LO_1","PRT_032_MZB_LO_1-01.04.2018","01.04.2018",2018,4,1,"OLIGOCHAETA GEN. SP.",9
"PRT_032_MZB_LO_1","PRT_032_MZB_LO_1-01.04.2018","01.04.2018",2018,4,1,"OULIMNIUS SP.",10
"PRT_032_MZB_LO_1","PRT_032_MZB_LO_1-01.04.2018","01.04.2018",2018,4,1,"PARALEPTOPHLEBIA SP.",1
"PRT_032_MZB_LO_1","PRT_032_MZB_LO_1-01.04.2018","01.04.2018",2018,4,1,"RHAGIONIDAE GEN. SP.",2
"PRT_032_MZB_LO_1","PRT_032_MZB_LO_1-01.04.2018","01.04.2018",2018,4,1,"SIMULIIDAE GEN. SP.",36
"PRT_032_MZB_LO_1","PRT_032_MZB_LO_1-01.04.2019","01.04.2019",2019,4,1,"ANCYLUS FLUVIATILIS",1
"PRT_032_MZB_LO_1","PRT_032_MZB_LO_1-01.04.2019","01.04.2019",2019,4,1,"BAETIDAE GEN. SP.",40
"PRT_032_MZB_LO_1","PRT_032_MZB_LO_1-01.04.2019","01.04.2019",2019,4,1,"CAENIS SP.",10
"PRT_032_MZB_LO_1","PRT_032_MZB_LO_1-01.04.2019","01.04.2019",2019,4,1,"CERATOPOGONIDAE GEN. SP.",2
"PRT_032_MZB_LO_1","PRT_032_MZB_LO_1-01.04.2019","01.04.2019",2019,4,1,"CHIRONOMIDAE GEN. SP.",10
"PRT_032_MZB_LO_1","PRT_032_MZB_LO_1-01.04.2019","01.04.2019",2019,4,1,"CHLOROPERLIDAE GEN. SP.",4
"PRT_032_MZB_LO_1","PRT_032_MZB_LO_1-01.04.2019","01.04.2019",2019,4,1,"CORDULIIDAE GEN. SP.",1
"PRT_032_MZB_LO_1","PRT_032_MZB_LO_1-01.04.2019","01.04.2019",2019,4,1,"DYTISCIDAE GEN. SP.",3
"PRT_032_MZB_LO_1","PRT_032_MZB_LO_1-01.04.2019","01.04.2019",2019,4,1,"ECDYONURUS SP.",1
"PRT_032_MZB_LO_1","PRT_032_MZB_LO_1-01.04.2019","01.04.2019",2019,4,1,"EPHEMERELLA SP.",1
"PRT_032_MZB_LO_1","PRT_032_MZB_LO_1-01.04.2019","01.04.2019",2019,4,1,"HYDROPHILIDAE GEN. SP.",3
"PRT_032_MZB_LO_1","PRT_032_MZB_LO_1-01.04.2019","01.04.2019",2019,4,1,"ISOPERLA SP.",6
"PRT_032_MZB_LO_1","PRT_032_MZB_LO_1-01.04.2019","01.04.2019",2019,4,1,"LIMONIIDAE GEN. SP.",2
"PRT_032_MZB_LO_1","PRT_032_MZB_LO_1-01.04.2019","01.04.2019",2019,4,1,"NOTONECTA SP.",1
"PRT_032_MZB_LO_1","PRT_032_MZB_LO_1-01.04.2019","01.04.2019",2019,4,1,"OULIMNIUS SP.",2
"PRT_032_MZB_LO_1","PRT_032_MZB_LO_1-01.04.2019","01.04.2019",2019,4,1,"PHYSELLA ACUTA",10
"PRT_032_MZB_LO_1","PRT_032_MZB_LO_1-01.04.2019","01.04.2019",2019,4,1,"SIMULIIDAE GEN. SP.",183
"PRT_032_MZB_LO_1","PRT_032_MZB_LO_1-01.04.2019","01.04.2019",2019,4,1,"TIPULIDAE GEN. SP.",1
"PRT_032_MZB_LO_2","PRT_032_MZB_LO_2-01.04.1993","01.04.1993",1993,4,1,"ATYAEPHYRA DESMARESTI",17
"PRT_032_MZB_LO_2","PRT_032_MZB_LO_2-01.04.1993","01.04.1993",1993,4,1,"CAENIS SP.",86
"PRT_032_MZB_LO_2","PRT_032_MZB_LO_2-01.04.1993","01.04.1993",1993,4,1,"CHIRONOMIDAE GEN. SP.",221
"PRT_032_MZB_LO_2","PRT_032_MZB_LO_2-01.04.1993","01.04.1993",1993,4,1,"COENAGRIONIDAE GEN. SP.",12
"PRT_032_MZB_LO_2","PRT_032_MZB_LO_2-01.04.1993","01.04.1993",1993,4,1,"DYTISCIDAE GEN. SP.",2
"PRT_032_MZB_LO_2","PRT_032_MZB_LO_2-01.04.1993","01.04.1993",1993,4,1,"GLOSSIPHONIA SP.",1
"PRT_032_MZB_LO_2","PRT_032_MZB_LO_2-01.04.1993","01.04.1993",1993,4,1,"HYDRACHNIDIA GEN. SP.",28
"PRT_032_MZB_LO_2","PRT_032_MZB_LO_2-01.04.1993","01.04.1993",1993,4,1,"NEMOURA SP.",108
"PRT_032_MZB_LO_2","PRT_032_MZB_LO_2-01.04.1993","01.04.1993",1993,4,1,"OLIGOCHAETA GEN. SP.",5
"PRT_032_MZB_LO_2","PRT_032_MZB_LO_2-01.04.1993","01.04.1993",1993,4,1,"OULIMNIUS SP.",21
"PRT_032_MZB_LO_2","PRT_032_MZB_LO_2-01.04.1993","01.04.1993",1993,4,1,"PHYSELLA ACUTA",1
"PRT_032_MZB_LO_2","PRT_032_MZB_LO_2-01.04.1993","01.04.1993",1993,4,1,"RHAGIONIDAE GEN. SP.",1
"PRT_032_MZB_LO_2","PRT_032_MZB_LO_2-01.04.1993","01.04.1993",1993,4,1,"SIMULIIDAE GEN. SP.",407
"PRT_032_MZB_LO_2","PRT_032_MZB_LO_2-01.04.1993","01.04.1993",1993,4,1,"TAENIOPTERYGIDAE GEN. SP.",15
"PRT_032_MZB_LO_2","PRT_032_MZB_LO_2-01.04.1993","01.04.1993",1993,4,1,"TYRRHENOLEUCTRA SP.",10
"PRT_032_MZB_LO_2","PRT_032_MZB_LO_2-01.04.1994","01.04.1994",1994,4,1,"ANCYLUS FLUVIATILIS",7
"PRT_032_MZB_LO_2","PRT_032_MZB_LO_2-01.04.1994","01.04.1994",1994,4,1,"ATYAEPHYRA DESMARESTI",24
"PRT_032_MZB_LO_2","PRT_032_MZB_LO_2-01.04.1994","01.04.1994",1994,4,1,"BAETIDAE GEN. SP.",119
"PRT_032_MZB_LO_2","PRT_032_MZB_LO_2-01.04.1994","01.04.1994",1994,4,1,"BITHYNIA SP.",2
"PRT_032_MZB_LO_2","PRT_032_MZB_LO_2-01.04.1994","01.04.1994",1994,4,1,"CAENIS SP.",181
"PRT_032_MZB_LO_2","PRT_032_MZB_LO_2-01.04.1994","01.04.1994",1994,4,1,"CAPNIIDAE GEN. SP.",87
"PRT_032_MZB_LO_2","PRT_032_MZB_LO_2-01.04.1994","01.04.1994",1994,4,1,"CERATOPOGONIDAE GEN. SP.",19
"PRT_032_MZB_LO_2","PRT_032_MZB_LO_2-01.04.1994","01.04.1994",1994,4,1,"CHIRONOMIDAE GEN. SP.",22
"PRT_032_MZB_LO_2","PRT_032_MZB_LO_2-01.04.1994","01.04.1994",1994,4,1,"CHOROTERPES PICTETI",78
"PRT_032_MZB_LO_2","PRT_032_MZB_LO_2-01.04.1994","01.04.1994",1994,4,1,"COENAGRIONIDAE GEN. SP.",1
"PRT_032_MZB_LO_2","PRT_032_MZB_LO_2-01.04.1994","01.04.1994",1994,4,1,"DRYOPS SP.",1
"PRT_032_MZB_LO_2","PRT_032_MZB_LO_2-01.04.1994","01.04.1994",1994,4,1,"DYTISCIDAE GEN. SP.",1
"PRT_032_MZB_LO_2","PRT_032_MZB_LO_2-01.04.1994","01.04.1994",1994,4,1,"ECDYONURUS SP.",1
"PRT_032_MZB_LO_2","PRT_032_MZB_LO_2-01.04.1994","01.04.1994",1994,4,1,"GLOSSIPHONIA SP.",2
"PRT_032_MZB_LO_2","PRT_032_MZB_LO_2-01.04.1994","01.04.1994",1994,4,1,"HEMIMELAENA FLAVIVENTRIS",6
"PRT_032_MZB_LO_2","PRT_032_MZB_LO_2-01.04.1994","01.04.1994",1994,4,1,"HYDRACHNIDIA GEN. SP.",48
"PRT_032_MZB_LO_2","PRT_032_MZB_LO_2-01.04.1994","01.04.1994",1994,4,1,"ISOGENUS SP.",20
"PRT_032_MZB_LO_2","PRT_032_MZB_LO_2-01.04.1994","01.04.1994",1994,4,1,"LIMONIIDAE GEN. SP.",4
"PRT_032_MZB_LO_2","PRT_032_MZB_LO_2-01.04.1994","01.04.1994",1994,4,1,"NEMOURA SP.",12
"PRT_032_MZB_LO_2","PRT_032_MZB_LO_2-01.04.1994","01.04.1994",1994,4,1,"OLIGOCHAETA GEN. SP.",2
"PRT_032_MZB_LO_2","PRT_032_MZB_LO_2-01.04.1994","01.04.1994",1994,4,1,"OULIMNIUS SP.",99
"PRT_032_MZB_LO_2","PRT_032_MZB_LO_2-01.04.1994","01.04.1994",1994,4,1,"PHYSELLA ACUTA",2
"PRT_032_MZB_LO_2","PRT_032_MZB_LO_2-01.04.1994","01.04.1994",1994,4,1,"SIMULIIDAE GEN. SP.",1
"PRT_032_MZB_LO_2","PRT_032_MZB_LO_2-01.04.1995","01.04.1995",1995,4,1,"CAENIS SP.",89
"PRT_032_MZB_LO_2","PRT_032_MZB_LO_2-01.04.1995","01.04.1995",1995,4,1,"CHIRONOMIDAE GEN. SP.",210
"PRT_032_MZB_LO_2","PRT_032_MZB_LO_2-01.04.1995","01.04.1995",1995,4,1,"DYTISCIDAE GEN. SP.",9
"PRT_032_MZB_LO_2","PRT_032_MZB_LO_2-01.04.1995","01.04.1995",1995,4,1,"HYDRACHNIDIA GEN. SP.",16
"PRT_032_MZB_LO_2","PRT_032_MZB_LO_2-01.04.1995","01.04.1995",1995,4,1,"ISOGENUS SP.",3
"PRT_032_MZB_LO_2","PRT_032_MZB_LO_2-01.04.1995","01.04.1995",1995,4,1,"LIMONIIDAE GEN. SP.",1
"PRT_032_MZB_LO_2","PRT_032_MZB_LO_2-01.04.1995","01.04.1995",1995,4,1,"NEMOURA SP.",17
"PRT_032_MZB_LO_2","PRT_032_MZB_LO_2-01.04.1995","01.04.1995",1995,4,1,"OLIGOCHAETA GEN. SP.",2
"PRT_032_MZB_LO_2","PRT_032_MZB_LO_2-01.04.1995","01.04.1995",1995,4,1,"OULIMNIUS SP.",88
"PRT_032_MZB_LO_2","PRT_032_MZB_LO_2-01.04.1995","01.04.1995",1995,4,1,"PELTODYTES ROTUNDATUS",1
"PRT_032_MZB_LO_2","PRT_032_MZB_LO_2-01.04.1995","01.04.1995",1995,4,1,"PROCAMBARUS CLARKII",24
"PRT_032_MZB_LO_2","PRT_032_MZB_LO_2-01.04.1995","01.04.1995",1995,4,1,"RHAGIONIDAE GEN. SP.",1
"PRT_032_MZB_LO_2","PRT_032_MZB_LO_2-01.04.1995","01.04.1995",1995,4,1,"SCIOMYZIDAE GEN. SP.",2
"PRT_032_MZB_LO_2","PRT_032_MZB_LO_2-01.04.1995","01.04.1995",1995,4,1,"SIMULIIDAE GEN. SP.",117
"PRT_032_MZB_LO_2","PRT_032_MZB_LO_2-01.04.1995","01.04.1995",1995,4,1,"TAENIOPTERYGIDAE GEN. SP.",17
"PRT_032_MZB_LO_2","PRT_032_MZB_LO_2-01.04.1995","01.04.1995",1995,4,1,"TYRRHENOLEUCTRA SP.",7
"PRT_032_MZB_LO_2","PRT_032_MZB_LO_2-01.04.1996","01.04.1996",1996,4,1,"ANCYLUS FLUVIATILIS",4
"PRT_032_MZB_LO_2","PRT_032_MZB_LO_2-01.04.1996","01.04.1996",1996,4,1,"ATYAEPHYRA DESMARESTI",4
"PRT_032_MZB_LO_2","PRT_032_MZB_LO_2-01.04.1996","01.04.1996",1996,4,1,"BAETIDAE GEN. SP.",1
"PRT_032_MZB_LO_2","PRT_032_MZB_LO_2-01.04.1996","01.04.1996",1996,4,1,"CAENIS SP.",70
"PRT_032_MZB_LO_2","PRT_032_MZB_LO_2-01.04.1996","01.04.1996",1996,4,1,"CERATOPOGONIDAE GEN. SP.",1
"PRT_032_MZB_LO_2","PRT_032_MZB_LO_2-01.04.1996","01.04.1996",1996,4,1,"CHIRONOMIDAE GEN. SP.",6
"PRT_032_MZB_LO_2","PRT_032_MZB_LO_2-01.04.1996","01.04.1996",1996,4,1,"CHOROTERPES PICTETI",38
"PRT_032_MZB_LO_2","PRT_032_MZB_LO_2-01.04.1996","01.04.1996",1996,4,1,"DYTISCIDAE GEN. SP.",5
"PRT_032_MZB_LO_2","PRT_032_MZB_LO_2-01.04.1996","01.04.1996",1996,4,1,"ECDYONURUS SP.",1
"PRT_032_MZB_LO_2","PRT_032_MZB_LO_2-01.04.1996","01.04.1996",1996,4,1,"HYDRACHNIDIA GEN. SP.",16
"PRT_032_MZB_LO_2","PRT_032_MZB_LO_2-01.04.1996","01.04.1996",1996,4,1,"ISOGENUS SP.",4
"PRT_032_MZB_LO_2","PRT_032_MZB_LO_2-01.04.1996","01.04.1996",1996,4,1,"NEMOURA SP.",7
"PRT_032_MZB_LO_2","PRT_032_MZB_LO_2-01.04.1996","01.04.1996",1996,4,1,"OLIGOCHAETA GEN. SP.",112
"PRT_032_MZB_LO_2","PRT_032_MZB_LO_2-01.04.1996","01.04.1996",1996,4,1,"OULIMNIUS SP.",8
"PRT_032_MZB_LO_2","PRT_032_MZB_LO_2-01.04.1996","01.04.1996",1996,4,1,"SIMULIIDAE GEN. SP.",132
"PRT_032_MZB_LO_2","PRT_032_MZB_LO_2-01.04.1996","01.04.1996",1996,4,1,"TABANIDAE GEN. SP.",4
"PRT_032_MZB_LO_2","PRT_032_MZB_LO_2-01.04.1996","01.04.1996",1996,4,1,"TAENIOPTERYGIDAE GEN. SP.",2
"PRT_032_MZB_LO_2","PRT_032_MZB_LO_2-01.04.1996","01.04.1996",1996,4,1,"TYRRHENOLEUCTRA SP.",410
"PRT_032_MZB_LO_2","PRT_032_MZB_LO_2-01.04.1997","01.04.1997",1997,4,1,"ANCYLUS FLUVIATILIS",24
"PRT_032_MZB_LO_2","PRT_032_MZB_LO_2-01.04.1997","01.04.1997",1997,4,1,"ATYAEPHYRA DESMARESTI",15
"PRT_032_MZB_LO_2","PRT_032_MZB_LO_2-01.04.1997","01.04.1997",1997,4,1,"BAETIDAE GEN. SP.",41
"PRT_032_MZB_LO_2","PRT_032_MZB_LO_2-01.04.1997","01.04.1997",1997,4,1,"CAENIS SP.",24
"PRT_032_MZB_LO_2","PRT_032_MZB_LO_2-01.04.1997","01.04.1997",1997,4,1,"CAPNIIDAE GEN. SP.",7
"PRT_032_MZB_LO_2","PRT_032_MZB_LO_2-01.04.1997","01.04.1997",1997,4,1,"CERATOPOGONIDAE GEN. SP.",13
"PRT_032_MZB_LO_2","PRT_032_MZB_LO_2-01.04.1997","01.04.1997",1997,4,1,"CHIRONOMIDAE GEN. SP.",11
"PRT_032_MZB_LO_2","PRT_032_MZB_LO_2-01.04.1997","01.04.1997",1997,4,1,"COENAGRIONIDAE GEN. SP.",1
"PRT_032_MZB_LO_2","PRT_032_MZB_LO_2-01.04.1997","01.04.1997",1997,4,1,"EPHEMERELLA SP.",6
"PRT_032_MZB_LO_2","PRT_032_MZB_LO_2-01.04.1997","01.04.1997",1997,4,1,"GERRIS SP.",2
"PRT_032_MZB_LO_2","PRT_032_MZB_LO_2-01.04.1997","01.04.1997",1997,4,1,"GLOSSIPHONIA SP.",1
"PRT_032_MZB_LO_2","PRT_032_MZB_LO_2-01.04.1997","01.04.1997",1997,4,1,"HYDRACHNIDIA GEN. SP.",3
"PRT_032_MZB_LO_2","PRT_032_MZB_LO_2-01.04.1997","01.04.1997",1997,4,1,"ISOGENUS SP.",13
"PRT_032_MZB_LO_2","PRT_032_MZB_LO_2-01.04.1997","01.04.1997",1997,4,1,"ISOPERLA SP.",17
"PRT_032_MZB_LO_2","PRT_032_MZB_LO_2-01.04.1997","01.04.1997",1997,4,1,"NEMOURA SP.",38
"PRT_032_MZB_LO_2","PRT_032_MZB_LO_2-01.04.1997","01.04.1997",1997,4,1,"OLIGOCHAETA GEN. SP.",13
"PRT_032_MZB_LO_2","PRT_032_MZB_LO_2-01.04.1997","01.04.1997",1997,4,1,"OULIMNIUS SP.",66
"PRT_032_MZB_LO_2","PRT_032_MZB_LO_2-01.04.1997","01.04.1997",1997,4,1,"PHYSELLA ACUTA",2
"PRT_032_MZB_LO_2","PRT_032_MZB_LO_2-01.04.1997","01.04.1997",1997,4,1,"SIMULIIDAE GEN. SP.",981
"PRT_032_MZB_LO_2","PRT_032_MZB_LO_2-01.04.1997","01.04.1997",1997,4,1,"TAENIOPTERYGIDAE GEN. SP.",33
"PRT_032_MZB_LO_2","PRT_032_MZB_LO_2-01.04.1997","01.04.1997",1997,4,1,"TYRRHENOLEUCTRA SP.",27
"PRT_032_MZB_LO_2","PRT_032_MZB_LO_2-01.04.1998","01.04.1998",1998,4,1,"ANCYLUS FLUVIATILIS",6
"PRT_032_MZB_LO_2","PRT_032_MZB_LO_2-01.04.1998","01.04.1998",1998,4,1,"ATYAEPHYRA DESMARESTI",6
"PRT_032_MZB_LO_2","PRT_032_MZB_LO_2-01.04.1998","01.04.1998",1998,4,1,"BAETIDAE GEN. SP.",596
"PRT_032_MZB_LO_2","PRT_032_MZB_LO_2-01.04.1998","01.04.1998",1998,4,1,"CAENIS SP.",183
"PRT_032_MZB_LO_2","PRT_032_MZB_LO_2-01.04.1998","01.04.1998",1998,4,1,"CERATOPOGONIDAE GEN. SP.",6
"PRT_032_MZB_LO_2","PRT_032_MZB_LO_2-01.04.1998","01.04.1998",1998,4,1,"CHIRONOMIDAE GEN. SP.",90
"PRT_032_MZB_LO_2","PRT_032_MZB_LO_2-01.04.1998","01.04.1998",1998,4,1,"COENAGRIONIDAE GEN. SP.",2
"PRT_032_MZB_LO_2","PRT_032_MZB_LO_2-01.04.1998","01.04.1998",1998,4,1,"ECDYONURUS SP.",29
"PRT_032_MZB_LO_2","PRT_032_MZB_LO_2-01.04.1998","01.04.1998",1998,4,1,"EPHEMERELLA SP.",19
"PRT_032_MZB_LO_2","PRT_032_MZB_LO_2-01.04.1998","01.04.1998",1998,4,1,"ERPOBDELLA SP.",8
"PRT_032_MZB_LO_2","PRT_032_MZB_LO_2-01.04.1998","01.04.1998",1998,4,1,"HEMIMELAENA FLAVIVENTRIS",8
"PRT_032_MZB_LO_2","PRT_032_MZB_LO_2-01.04.1998","01.04.1998",1998,4,1,"HYDRACHNIDIA GEN. SP.",36
"PRT_032_MZB_LO_2","PRT_032_MZB_LO_2-01.04.1998","01.04.1998",1998,4,1,"HYDROPSYCHE SP.",150
"PRT_032_MZB_LO_2","PRT_032_MZB_LO_2-01.04.1998","01.04.1998",1998,4,1,"HYDROPTILIDAE GEN. SP.",6
"PRT_032_MZB_LO_2","PRT_032_MZB_LO_2-01.04.1998","01.04.1998",1998,4,1,"ISOPERLA SP.",7
"PRT_032_MZB_LO_2","PRT_032_MZB_LO_2-01.04.1998","01.04.1998",1998,4,1,"LIMONIIDAE GEN. SP.",1
"PRT_032_MZB_LO_2","PRT_032_MZB_LO_2-01.04.1998","01.04.1998",1998,4,1,"NEMOURA SP.",1
"PRT_032_MZB_LO_2","PRT_032_MZB_LO_2-01.04.1998","01.04.1998",1998,4,1,"OLIGOCHAETA GEN. SP.",40
"PRT_032_MZB_LO_2","PRT_032_MZB_LO_2-01.04.1998","01.04.1998",1998,4,1,"OULIMNIUS SP.",17
"PRT_032_MZB_LO_2","PRT_032_MZB_LO_2-01.04.1998","01.04.1998",1998,4,1,"SIMULIIDAE GEN. SP.",1
"PRT_032_MZB_LO_2","PRT_032_MZB_LO_2-01.04.1998","01.04.1998",1998,4,1,"TYRRHENOLEUCTRA SP.",62
"PRT_032_MZB_LO_2","PRT_032_MZB_LO_2-01.04.1999","01.04.1999",1999,4,1,"ANCYLUS FLUVIATILIS",1
"PRT_032_MZB_LO_2","PRT_032_MZB_LO_2-01.04.1999","01.04.1999",1999,4,1,"BAETIDAE GEN. SP.",2
"PRT_032_MZB_LO_2","PRT_032_MZB_LO_2-01.04.1999","01.04.1999",1999,4,1,"CAENIS SP.",52
"PRT_032_MZB_LO_2","PRT_032_MZB_LO_2-01.04.1999","01.04.1999",1999,4,1,"CHIRONOMIDAE GEN. SP.",758
"PRT_032_MZB_LO_2","PRT_032_MZB_LO_2-01.04.1999","01.04.1999",1999,4,1,"DYTISCIDAE GEN. SP.",1
"PRT_032_MZB_LO_2","PRT_032_MZB_LO_2-01.04.1999","01.04.1999",1999,4,1,"HYDRACHNIDIA GEN. SP.",66
"PRT_032_MZB_LO_2","PRT_032_MZB_LO_2-01.04.1999","01.04.1999",1999,4,1,"ISOGENUS SP.",9
"PRT_032_MZB_LO_2","PRT_032_MZB_LO_2-01.04.1999","01.04.1999",1999,4,1,"LIMONIIDAE GEN. SP.",3
"PRT_032_MZB_LO_2","PRT_032_MZB_LO_2-01.04.1999","01.04.1999",1999,4,1,"MICRONECTA SP.",134
"PRT_032_MZB_LO_2","PRT_032_MZB_LO_2-01.04.1999","01.04.1999",1999,4,1,"OLIGOCHAETA GEN. SP.",2
"PRT_032_MZB_LO_2","PRT_032_MZB_LO_2-01.04.1999","01.04.1999",1999,4,1,"OULIMNIUS SP.",4
"PRT_032_MZB_LO_2","PRT_032_MZB_LO_2-01.04.1999","01.04.1999",1999,4,1,"PROCAMBARUS CLARKII",1
"PRT_032_MZB_LO_2","PRT_032_MZB_LO_2-01.04.1999","01.04.1999",1999,4,1,"SIMULIIDAE GEN. SP.",1055
"PRT_032_MZB_LO_2","PRT_032_MZB_LO_2-01.04.1999","01.04.1999",1999,4,1,"TAENIOPTERYGIDAE GEN. SP.",15
"PRT_032_MZB_LO_2","PRT_032_MZB_LO_2-01.04.1999","01.04.1999",1999,4,1,"TYRRHENOLEUCTRA SP.",166
"PRT_032_MZB_LO_2","PRT_032_MZB_LO_2-01.04.2000","01.04.2000",2000,4,1,"ANCYLUS FLUVIATILIS",7
"PRT_032_MZB_LO_2","PRT_032_MZB_LO_2-01.04.2000","01.04.2000",2000,4,1,"ATYAEPHYRA DESMARESTI",5
"PRT_032_MZB_LO_2","PRT_032_MZB_LO_2-01.04.2000","01.04.2000",2000,4,1,"BAETIDAE GEN. SP.",9
"PRT_032_MZB_LO_2","PRT_032_MZB_LO_2-01.04.2000","01.04.2000",2000,4,1,"CAENIS SP.",40
"PRT_032_MZB_LO_2","PRT_032_MZB_LO_2-01.04.2000","01.04.2000",2000,4,1,"CAPNIIDAE GEN. SP.",2
"PRT_032_MZB_LO_2","PRT_032_MZB_LO_2-01.04.2000","01.04.2000",2000,4,1,"CERATOPOGONIDAE GEN. SP.",1
"PRT_032_MZB_LO_2","PRT_032_MZB_LO_2-01.04.2000","01.04.2000",2000,4,1,"CHIRONOMIDAE GEN. SP.",51
"PRT_032_MZB_LO_2","PRT_032_MZB_LO_2-01.04.2000","01.04.2000",2000,4,1,"CHOROTERPES PICTETI",1
"PRT_032_MZB_LO_2","PRT_032_MZB_LO_2-01.04.2000","01.04.2000",2000,4,1,"DYTISCIDAE GEN. SP.",3
"PRT_032_MZB_LO_2","PRT_032_MZB_LO_2-01.04.2000","01.04.2000",2000,4,1,"ERPOBDELLA SP.",1
"PRT_032_MZB_LO_2","PRT_032_MZB_LO_2-01.04.2000","01.04.2000",2000,4,1,"HYDRACHNIDIA GEN. SP.",2
"PRT_032_MZB_LO_2","PRT_032_MZB_LO_2-01.04.2000","01.04.2000",2000,4,1,"HYDROPSYCHE SP.",1
"PRT_032_MZB_LO_2","PRT_032_MZB_LO_2-01.04.2000","01.04.2000",2000,4,1,"ISOGENUS SP.",13
"PRT_032_MZB_LO_2","PRT_032_MZB_LO_2-01.04.2000","01.04.2000",2000,4,1,"NEMOURA SP.",2
"PRT_032_MZB_LO_2","PRT_032_MZB_LO_2-01.04.2000","01.04.2000",2000,4,1,"OLIGOCHAETA GEN. SP.",2
"PRT_032_MZB_LO_2","PRT_032_MZB_LO_2-01.04.2000","01.04.2000",2000,4,1,"SIMULIIDAE GEN. SP.",389
"PRT_032_MZB_LO_2","PRT_032_MZB_LO_2-01.04.2000","01.04.2000",2000,4,1,"TAENIOPTERYGIDAE GEN. SP.",5
"PRT_032_MZB_LO_2","PRT_032_MZB_LO_2-01.04.2000","01.04.2000",2000,4,1,"TYRRHENOLEUCTRA SP.",156
"PRT_032_MZB_LO_2","PRT_032_MZB_LO_2-01.04.2001","01.04.2001",2001,4,1,"ANCYLUS FLUVIATILIS",5
"PRT_032_MZB_LO_2","PRT_032_MZB_LO_2-01.04.2001","01.04.2001",2001,4,1,"ATHRIPSODES SP.",2
"PRT_032_MZB_LO_2","PRT_032_MZB_LO_2-01.04.2001","01.04.2001",2001,4,1,"ATYAEPHYRA DESMARESTI",8
"PRT_032_MZB_LO_2","PRT_032_MZB_LO_2-01.04.2001","01.04.2001",2001,4,1,"BAETIDAE GEN. SP.",39
"PRT_032_MZB_LO_2","PRT_032_MZB_LO_2-01.04.2001","01.04.2001",2001,4,1,"CAENIS SP.",25
"PRT_032_MZB_LO_2","PRT_032_MZB_LO_2-01.04.2001","01.04.2001",2001,4,1,"CHIRONOMIDAE GEN. SP.",876
"PRT_032_MZB_LO_2","PRT_032_MZB_LO_2-01.04.2001","01.04.2001",2001,4,1,"CHOROTERPES PICTETI",1
"PRT_032_MZB_LO_2","PRT_032_MZB_LO_2-01.04.2001","01.04.2001",2001,4,1,"COENAGRIONIDAE GEN. SP.",1
"PRT_032_MZB_LO_2","PRT_032_MZB_LO_2-01.04.2001","01.04.2001",2001,4,1,"DYTISCIDAE GEN. SP.",11
"PRT_032_MZB_LO_2","PRT_032_MZB_LO_2-01.04.2001","01.04.2001",2001,4,1,"EPHEMERELLA SP.",10
"PRT_032_MZB_LO_2","PRT_032_MZB_LO_2-01.04.2001","01.04.2001",2001,4,1,"ERPOBDELLA SP.",1
"PRT_032_MZB_LO_2","PRT_032_MZB_LO_2-01.04.2001","01.04.2001",2001,4,1,"GERRIS SP.",1
"PRT_032_MZB_LO_2","PRT_032_MZB_LO_2-01.04.2001","01.04.2001",2001,4,1,"HEMIMELAENA FLAVIVENTRIS",5
"PRT_032_MZB_LO_2","PRT_032_MZB_LO_2-01.04.2001","01.04.2001",2001,4,1,"HYDRACHNIDIA GEN. SP.",1
"PRT_032_MZB_LO_2","PRT_032_MZB_LO_2-01.04.2001","01.04.2001",2001,4,1,"ISOGENUS SP.",6
"PRT_032_MZB_LO_2","PRT_032_MZB_LO_2-01.04.2001","01.04.2001",2001,4,1,"ISOPERLA SP.",21
"PRT_032_MZB_LO_2","PRT_032_MZB_LO_2-01.04.2001","01.04.2001",2001,4,1,"MICRONECTA SP.",5
"PRT_032_MZB_LO_2","PRT_032_MZB_LO_2-01.04.2001","01.04.2001",2001,4,1,"NEMOURA SP.",17
"PRT_032_MZB_LO_2","PRT_032_MZB_LO_2-01.04.2001","01.04.2001",2001,4,1,"OLIGOCHAETA GEN. SP.",5
"PRT_032_MZB_LO_2","PRT_032_MZB_LO_2-01.04.2001","01.04.2001",2001,4,1,"OULIMNIUS SP.",3
"PRT_032_MZB_LO_2","PRT_032_MZB_LO_2-01.04.2001","01.04.2001",2001,4,1,"PHYSELLA ACUTA",2
"PRT_032_MZB_LO_2","PRT_032_MZB_LO_2-01.04.2001","01.04.2001",2001,4,1,"PROCAMBARUS CLARKII",1
"PRT_032_MZB_LO_2","PRT_032_MZB_LO_2-01.04.2001","01.04.2001",2001,4,1,"SIMULIIDAE GEN. SP.",1
"PRT_032_MZB_LO_2","PRT_032_MZB_LO_2-01.04.2001","01.04.2001",2001,4,1,"SIPHLONURUS SP.",5
"PRT_032_MZB_LO_2","PRT_032_MZB_LO_2-01.04.2001","01.04.2001",2001,4,1,"THRAULUS BELLUS",1
"PRT_032_MZB_LO_2","PRT_032_MZB_LO_2-01.04.2001","01.04.2001",2001,4,1,"TYRRHENOLEUCTRA SP.",72
"PRT_032_MZB_LO_2","PRT_032_MZB_LO_2-01.04.2002","01.04.2002",2002,4,1,"ANCYLUS FLUVIATILIS",20
"PRT_032_MZB_LO_2","PRT_032_MZB_LO_2-01.04.2002","01.04.2002",2002,4,1,"ATYAEPHYRA DESMARESTI",4
"PRT_032_MZB_LO_2","PRT_032_MZB_LO_2-01.04.2002","01.04.2002",2002,4,1,"BAETIDAE GEN. SP.",137
"PRT_032_MZB_LO_2","PRT_032_MZB_LO_2-01.04.2002","01.04.2002",2002,4,1,"CHIRONOMIDAE GEN. SP.",22
"PRT_032_MZB_LO_2","PRT_032_MZB_LO_2-01.04.2002","01.04.2002",2002,4,1,"COENAGRIONIDAE GEN. SP.",1
"PRT_032_MZB_LO_2","PRT_032_MZB_LO_2-01.04.2002","01.04.2002",2002,4,1,"DYTISCIDAE GEN. SP.",37
"PRT_032_MZB_LO_2","PRT_032_MZB_LO_2-01.04.2002","01.04.2002",2002,4,1,"EPHEMERELLA SP.",3
"PRT_032_MZB_LO_2","PRT_032_MZB_LO_2-01.04.2002","01.04.2002",2002,4,1,"HALIPLUS SP.",1
"PRT_032_MZB_LO_2","PRT_032_MZB_LO_2-01.04.2002","01.04.2002",2002,4,1,"HYDRACHNIDIA GEN. SP.",44
"PRT_032_MZB_LO_2","PRT_032_MZB_LO_2-01.04.2002","01.04.2002",2002,4,1,"HYDROPTILIDAE GEN. SP.",1
"PRT_032_MZB_LO_2","PRT_032_MZB_LO_2-01.04.2002","01.04.2002",2002,4,1,"ISOGENUS SP.",93
"PRT_032_MZB_LO_2","PRT_032_MZB_LO_2-01.04.2002","01.04.2002",2002,4,1,"ISOPERLA SP.",93
"PRT_032_MZB_LO_2","PRT_032_MZB_LO_2-01.04.2002","01.04.2002",2002,4,1,"NEMOURA SP.",107
"PRT_032_MZB_LO_2","PRT_032_MZB_LO_2-01.04.2002","01.04.2002",2002,4,1,"OLIGOCHAETA GEN. SP.",17
"PRT_032_MZB_LO_2","PRT_032_MZB_LO_2-01.04.2002","01.04.2002",2002,4,1,"PHYSELLA ACUTA",5
"PRT_032_MZB_LO_2","PRT_032_MZB_LO_2-01.04.2002","01.04.2002",2002,4,1,"PROCAMBARUS CLARKII",4
"PRT_032_MZB_LO_2","PRT_032_MZB_LO_2-01.04.2002","01.04.2002",2002,4,1,"SIMULIIDAE GEN. SP.",9
"PRT_032_MZB_LO_2","PRT_032_MZB_LO_2-01.04.2002","01.04.2002",2002,4,1,"TAENIOPTERYGIDAE GEN. SP.",29
"PRT_032_MZB_LO_2","PRT_032_MZB_LO_2-01.04.2002","01.04.2002",2002,4,1,"TYRRHENOLEUCTRA SP.",122
"PRT_032_MZB_LO_2","PRT_032_MZB_LO_2-01.04.2003","01.04.2003",2003,4,1,"ANCYLUS FLUVIATILIS",43
"PRT_032_MZB_LO_2","PRT_032_MZB_LO_2-01.04.2003","01.04.2003",2003,4,1,"BAETIDAE GEN. SP.",822
"PRT_032_MZB_LO_2","PRT_032_MZB_LO_2-01.04.2003","01.04.2003",2003,4,1,"BITHYNIA SP.",2
"PRT_032_MZB_LO_2","PRT_032_MZB_LO_2-01.04.2003","01.04.2003",2003,4,1,"CAENIS SP.",134
"PRT_032_MZB_LO_2","PRT_032_MZB_LO_2-01.04.2003","01.04.2003",2003,4,1,"CHIRONOMIDAE GEN. SP.",193
"PRT_032_MZB_LO_2","PRT_032_MZB_LO_2-01.04.2003","01.04.2003",2003,4,1,"CHOROTERPES PICTETI",23
"PRT_032_MZB_LO_2","PRT_032_MZB_LO_2-01.04.2003","01.04.2003",2003,4,1,"DYTISCIDAE GEN. SP.",54
"PRT_032_MZB_LO_2","PRT_032_MZB_LO_2-01.04.2003","01.04.2003",2003,4,1,"ECDYONURUS SP.",46
"PRT_032_MZB_LO_2","PRT_032_MZB_LO_2-01.04.2003","01.04.2003",2003,4,1,"EPHEMERELLA SP.",37
"PRT_032_MZB_LO_2","PRT_032_MZB_LO_2-01.04.2003","01.04.2003",2003,4,1,"GLOSSIPHONIA SP.",3
"PRT_032_MZB_LO_2","PRT_032_MZB_LO_2-01.04.2003","01.04.2003",2003,4,1,"HABROPHLEBIA SP.",2
"PRT_032_MZB_LO_2","PRT_032_MZB_LO_2-01.04.2003","01.04.2003",2003,4,1,"HEMIMELAENA FLAVIVENTRIS",14
"PRT_032_MZB_LO_2","PRT_032_MZB_LO_2-01.04.2003","01.04.2003",2003,4,1,"HYDRACHNIDIA GEN. SP.",36
"PRT_032_MZB_LO_2","PRT_032_MZB_LO_2-01.04.2003","01.04.2003",2003,4,1,"HYDROPHILIDAE GEN. SP.",1
"PRT_032_MZB_LO_2","PRT_032_MZB_LO_2-01.04.2003","01.04.2003",2003,4,1,"HYDROPSYCHE SP.",5
"PRT_032_MZB_LO_2","PRT_032_MZB_LO_2-01.04.2003","01.04.2003",2003,4,1,"HYDROPTILIDAE GEN. SP.",11
"PRT_032_MZB_LO_2","PRT_032_MZB_LO_2-01.04.2003","01.04.2003",2003,4,1,"ISOGENUS SP.",69
"PRT_032_MZB_LO_2","PRT_032_MZB_LO_2-01.04.2003","01.04.2003",2003,4,1,"LIMONIIDAE GEN. SP.",28
"PRT_032_MZB_LO_2","PRT_032_MZB_LO_2-01.04.2003","01.04.2003",2003,4,1,"LYMNAEA SP.",2
"PRT_032_MZB_LO_2","PRT_032_MZB_LO_2-01.04.2003","01.04.2003",2003,4,1,"MICRONECTA SP.",31
"PRT_032_MZB_LO_2","PRT_032_MZB_LO_2-01.04.2003","01.04.2003",2003,4,1,"NEMOURA SP.",18
"PRT_032_MZB_LO_2","PRT_032_MZB_LO_2-01.04.2003","01.04.2003",2003,4,1,"OLIGOCHAETA GEN. SP.",538
"PRT_032_MZB_LO_2","PRT_032_MZB_LO_2-01.04.2003","01.04.2003",2003,4,1,"PHYSELLA ACUTA",2
"PRT_032_MZB_LO_2","PRT_032_MZB_LO_2-01.04.2003","01.04.2003",2003,4,1,"SIMULIIDAE GEN. SP.",15
"PRT_032_MZB_LO_2","PRT_032_MZB_LO_2-01.04.2003","01.04.2003",2003,4,1,"THRAULUS BELLUS",1
"PRT_032_MZB_LO_2","PRT_032_MZB_LO_2-01.04.2003","01.04.2003",2003,4,1,"TYRRHENOLEUCTRA SP.",157
"PRT_032_MZB_LO_2","PRT_032_MZB_LO_2-01.04.2004","01.04.2004",2004,4,1,"ANCYLUS FLUVIATILIS",22
"PRT_032_MZB_LO_2","PRT_032_MZB_LO_2-01.04.2004","01.04.2004",2004,4,1,"ATYAEPHYRA DESMARESTI",2
"PRT_032_MZB_LO_2","PRT_032_MZB_LO_2-01.04.2004","01.04.2004",2004,4,1,"BAETIDAE GEN. SP.",67
"PRT_032_MZB_LO_2","PRT_032_MZB_LO_2-01.04.2004","01.04.2004",2004,4,1,"CAENIS SP.",37
"PRT_032_MZB_LO_2","PRT_032_MZB_LO_2-01.04.2004","01.04.2004",2004,4,1,"CERATOPOGONIDAE GEN. SP.",5
"PRT_032_MZB_LO_2","PRT_032_MZB_LO_2-01.04.2004","01.04.2004",2004,4,1,"CHIRONOMIDAE GEN. SP.",82
"PRT_032_MZB_LO_2","PRT_032_MZB_LO_2-01.04.2004","01.04.2004",2004,4,1,"CHOROTERPES PICTETI",69
"PRT_032_MZB_LO_2","PRT_032_MZB_LO_2-01.04.2004","01.04.2004",2004,4,1,"DYTISCIDAE GEN. SP.",5
"PRT_032_MZB_LO_2","PRT_032_MZB_LO_2-01.04.2004","01.04.2004",2004,4,1,"ECDYONURUS SP.",31
"PRT_032_MZB_LO_2","PRT_032_MZB_LO_2-01.04.2004","01.04.2004",2004,4,1,"EPHEMERELLA SP.",16
"PRT_032_MZB_LO_2","PRT_032_MZB_LO_2-01.04.2004","01.04.2004",2004,4,1,"HEMIMELAENA FLAVIVENTRIS",1
"PRT_032_MZB_LO_2","PRT_032_MZB_LO_2-01.04.2004","01.04.2004",2004,4,1,"HYDRACHNIDIA GEN. SP.",2
"PRT_032_MZB_LO_2","PRT_032_MZB_LO_2-01.04.2004","01.04.2004",2004,4,1,"HYDROPTILIDAE GEN. SP.",16
"PRT_032_MZB_LO_2","PRT_032_MZB_LO_2-01.04.2004","01.04.2004",2004,4,1,"ISOGENUS SP.",6
"PRT_032_MZB_LO_2","PRT_032_MZB_LO_2-01.04.2004","01.04.2004",2004,4,1,"ISOPERLA SP.",32
"PRT_032_MZB_LO_2","PRT_032_MZB_LO_2-01.04.2004","01.04.2004",2004,4,1,"LIMONIIDAE GEN. SP.",2
"PRT_032_MZB_LO_2","PRT_032_MZB_LO_2-01.04.2004","01.04.2004",2004,4,1,"NEMOURA SP.",58
"PRT_032_MZB_LO_2","PRT_032_MZB_LO_2-01.04.2004","01.04.2004",2004,4,1,"OLIGOCHAETA GEN. SP.",43
"PRT_032_MZB_LO_2","PRT_032_MZB_LO_2-01.04.2004","01.04.2004",2004,4,1,"OULIMNIUS SP.",2
"PRT_032_MZB_LO_2","PRT_032_MZB_LO_2-01.04.2004","01.04.2004",2004,4,1,"SIMULIIDAE GEN. SP.",5
"PRT_032_MZB_LO_2","PRT_032_MZB_LO_2-01.04.2004","01.04.2004",2004,4,1,"TYRRHENOLEUCTRA SP.",78
"PRT_032_MZB_LO_2","PRT_032_MZB_LO_2-01.04.2005","01.04.2005",2005,4,1,"ANCYLUS FLUVIATILIS",4
"PRT_032_MZB_LO_2","PRT_032_MZB_LO_2-01.04.2005","01.04.2005",2005,4,1,"BAETIDAE GEN. SP.",88
"PRT_032_MZB_LO_2","PRT_032_MZB_LO_2-01.04.2005","01.04.2005",2005,4,1,"CAENIS SP.",6
"PRT_032_MZB_LO_2","PRT_032_MZB_LO_2-01.04.2005","01.04.2005",2005,4,1,"CERATOPOGONIDAE GEN. SP.",1
"PRT_032_MZB_LO_2","PRT_032_MZB_LO_2-01.04.2005","01.04.2005",2005,4,1,"CHIRONOMIDAE GEN. SP.",12
"PRT_032_MZB_LO_2","PRT_032_MZB_LO_2-01.04.2005","01.04.2005",2005,4,1,"CHOROTERPES PICTETI",1
"PRT_032_MZB_LO_2","PRT_032_MZB_LO_2-01.04.2005","01.04.2005",2005,4,1,"COENAGRIONIDAE GEN. SP.",1
"PRT_032_MZB_LO_2","PRT_032_MZB_LO_2-01.04.2005","01.04.2005",2005,4,1,"DYTISCIDAE GEN. SP.",12
"PRT_032_MZB_LO_2","PRT_032_MZB_LO_2-01.04.2005","01.04.2005",2005,4,1,"ECDYONURUS SP.",2
"PRT_032_MZB_LO_2","PRT_032_MZB_LO_2-01.04.2005","01.04.2005",2005,4,1,"GUADALGENUS FRANZI",6
"PRT_032_MZB_LO_2","PRT_032_MZB_LO_2-01.04.2005","01.04.2005",2005,4,1,"HEMIMELAENA FLAVIVENTRIS",5
"PRT_032_MZB_LO_2","PRT_032_MZB_LO_2-01.04.2005","01.04.2005",2005,4,1,"HYDRACHNIDIA GEN. SP.",3
"PRT_032_MZB_LO_2","PRT_032_MZB_LO_2-01.04.2005","01.04.2005",2005,4,1,"ISOPERLA SP.",5
"PRT_032_MZB_LO_2","PRT_032_MZB_LO_2-01.04.2005","01.04.2005",2005,4,1,"LIMONIIDAE GEN. SP.",12
"PRT_032_MZB_LO_2","PRT_032_MZB_LO_2-01.04.2005","01.04.2005",2005,4,1,"LYMNAEA SP.",1
"PRT_032_MZB_LO_2","PRT_032_MZB_LO_2-01.04.2005","01.04.2005",2005,4,1,"NEMOURA SP.",31
"PRT_032_MZB_LO_2","PRT_032_MZB_LO_2-01.04.2005","01.04.2005",2005,4,1,"NOTERUS SP.",5
"PRT_032_MZB_LO_2","PRT_032_MZB_LO_2-01.04.2005","01.04.2005",2005,4,1,"OLIGOCHAETA GEN. SP.",2
"PRT_032_MZB_LO_2","PRT_032_MZB_LO_2-01.04.2005","01.04.2005",2005,4,1,"OULIMNIUS SP.",2
"PRT_032_MZB_LO_2","PRT_032_MZB_LO_2-01.04.2005","01.04.2005",2005,4,1,"PROCAMBARUS CLARKII",2
"PRT_032_MZB_LO_2","PRT_032_MZB_LO_2-01.04.2005","01.04.2005",2005,4,1,"SIMULIIDAE GEN. SP.",69
"PRT_032_MZB_LO_2","PRT_032_MZB_LO_2-01.04.2005","01.04.2005",2005,4,1,"TYRRHENOLEUCTRA SP.",184
"PRT_032_MZB_LO_2","PRT_032_MZB_LO_2-01.04.2006","01.04.2006",2006,4,1,"ANCYLUS FLUVIATILIS",45
"PRT_032_MZB_LO_2","PRT_032_MZB_LO_2-01.04.2006","01.04.2006",2006,4,1,"BAETIDAE GEN. SP.",6
"PRT_032_MZB_LO_2","PRT_032_MZB_LO_2-01.04.2006","01.04.2006",2006,4,1,"CAENIS SP.",4
"PRT_032_MZB_LO_2","PRT_032_MZB_LO_2-01.04.2006","01.04.2006",2006,4,1,"CERATOPOGONIDAE GEN. SP.",17
"PRT_032_MZB_LO_2","PRT_032_MZB_LO_2-01.04.2006","01.04.2006",2006,4,1,"CHIRONOMIDAE GEN. SP.",57
"PRT_032_MZB_LO_2","PRT_032_MZB_LO_2-01.04.2006","01.04.2006",2006,4,1,"CHOROTERPES PICTETI",10
"PRT_032_MZB_LO_2","PRT_032_MZB_LO_2-01.04.2006","01.04.2006",2006,4,1,"DYTISCIDAE GEN. SP.",4
"PRT_032_MZB_LO_2","PRT_032_MZB_LO_2-01.04.2006","01.04.2006",2006,4,1,"ECDYONURUS SP.",3
"PRT_032_MZB_LO_2","PRT_032_MZB_LO_2-01.04.2006","01.04.2006",2006,4,1,"EPHEMERELLA SP.",1
"PRT_032_MZB_LO_2","PRT_032_MZB_LO_2-01.04.2006","01.04.2006",2006,4,1,"GLOSSIPHONIA SP.",1
"PRT_032_MZB_LO_2","PRT_032_MZB_LO_2-01.04.2006","01.04.2006",2006,4,1,"GUADALGENUS FRANZI",1
"PRT_032_MZB_LO_2","PRT_032_MZB_LO_2-01.04.2006","01.04.2006",2006,4,1,"HEMIMELAENA FLAVIVENTRIS",18
"PRT_032_MZB_LO_2","PRT_032_MZB_LO_2-01.04.2006","01.04.2006",2006,4,1,"HYDRACHNIDIA GEN. SP.",5
"PRT_032_MZB_LO_2","PRT_032_MZB_LO_2-01.04.2006","01.04.2006",2006,4,1,"HYDROPSYCHE SP.",1
"PRT_032_MZB_LO_2","PRT_032_MZB_LO_2-01.04.2006","01.04.2006",2006,4,1,"HYDROPTILIDAE GEN. SP.",8
"PRT_032_MZB_LO_2","PRT_032_MZB_LO_2-01.04.2006","01.04.2006",2006,4,1,"ISOPERLA SP.",6
"PRT_032_MZB_LO_2","PRT_032_MZB_LO_2-01.04.2006","01.04.2006",2006,4,1,"LYMNAEA SP.",2
"PRT_032_MZB_LO_2","PRT_032_MZB_LO_2-01.04.2006","01.04.2006",2006,4,1,"MICRONECTA SP.",2
"PRT_032_MZB_LO_2","PRT_032_MZB_LO_2-01.04.2006","01.04.2006",2006,4,1,"NEMOURA SP.",111
"PRT_032_MZB_LO_2","PRT_032_MZB_LO_2-01.04.2006","01.04.2006",2006,4,1,"OLIGOCHAETA GEN. SP.",87
"PRT_032_MZB_LO_2","PRT_032_MZB_LO_2-01.04.2006","01.04.2006",2006,4,1,"PHYSELLA ACUTA",3
"PRT_032_MZB_LO_2","PRT_032_MZB_LO_2-01.04.2006","01.04.2006",2006,4,1,"RHAGIONIDAE GEN. SP.",1
"PRT_032_MZB_LO_2","PRT_032_MZB_LO_2-01.04.2006","01.04.2006",2006,4,1,"SIMULIIDAE GEN. SP.",98
"PRT_032_MZB_LO_2","PRT_032_MZB_LO_2-01.04.2006","01.04.2006",2006,4,1,"TAENIOPTERYGIDAE GEN. SP.",2
"PRT_032_MZB_LO_2","PRT_032_MZB_LO_2-01.04.2006","01.04.2006",2006,4,1,"TYRRHENOLEUCTRA SP.",219
"PRT_032_MZB_LO_2","PRT_032_MZB_LO_2-01.04.2007","01.04.2007",2007,4,1,"ATHRIPSODES SP.",1
"PRT_032_MZB_LO_2","PRT_032_MZB_LO_2-01.04.2007","01.04.2007",2007,4,1,"BAETIDAE GEN. SP.",114
"PRT_032_MZB_LO_2","PRT_032_MZB_LO_2-01.04.2007","01.04.2007",2007,4,1,"BITHYNIA SP.",1
"PRT_032_MZB_LO_2","PRT_032_MZB_LO_2-01.04.2007","01.04.2007",2007,4,1,"CAENIS SP.",133
"PRT_032_MZB_LO_2","PRT_032_MZB_LO_2-01.04.2007","01.04.2007",2007,4,1,"CERATOPOGONIDAE GEN. SP.",32
"PRT_032_MZB_LO_2","PRT_032_MZB_LO_2-01.04.2007","01.04.2007",2007,4,1,"CHIRONOMIDAE GEN. SP.",63
"PRT_032_MZB_LO_2","PRT_032_MZB_LO_2-01.04.2007","01.04.2007",2007,4,1,"CHOROTERPES PICTETI",13
"PRT_032_MZB_LO_2","PRT_032_MZB_LO_2-01.04.2007","01.04.2007",2007,4,1,"DYTISCIDAE GEN. SP.",8
"PRT_032_MZB_LO_2","PRT_032_MZB_LO_2-01.04.2007","01.04.2007",2007,4,1,"EPHEMERELLA SP.",3
"PRT_032_MZB_LO_2","PRT_032_MZB_LO_2-01.04.2007","01.04.2007",2007,4,1,"GLOSSIPHONIA SP.",19
"PRT_032_MZB_LO_2","PRT_032_MZB_LO_2-01.04.2007","01.04.2007",2007,4,1,"GUADALGENUS FRANZI",5
"PRT_032_MZB_LO_2","PRT_032_MZB_LO_2-01.04.2007","01.04.2007",2007,4,1,"HEMIMELAENA FLAVIVENTRIS",5
"PRT_032_MZB_LO_2","PRT_032_MZB_LO_2-01.04.2007","01.04.2007",2007,4,1,"HYDRACHNIDIA GEN. SP.",37
"PRT_032_MZB_LO_2","PRT_032_MZB_LO_2-01.04.2007","01.04.2007",2007,4,1,"HYDROPSYCHE SP.",3
"PRT_032_MZB_LO_2","PRT_032_MZB_LO_2-01.04.2007","01.04.2007",2007,4,1,"HYDROPTILIDAE GEN. SP.",3
"PRT_032_MZB_LO_2","PRT_032_MZB_LO_2-01.04.2007","01.04.2007",2007,4,1,"ISOPERLA SP.",70
"PRT_032_MZB_LO_2","PRT_032_MZB_LO_2-01.04.2007","01.04.2007",2007,4,1,"LIMONIIDAE GEN. SP.",17
"PRT_032_MZB_LO_2","PRT_032_MZB_LO_2-01.04.2007","01.04.2007",2007,4,1,"NEMOURA SP.",50
"PRT_032_MZB_LO_2","PRT_032_MZB_LO_2-01.04.2007","01.04.2007",2007,4,1,"OLIGOCHAETA GEN. SP.",138
"PRT_032_MZB_LO_2","PRT_032_MZB_LO_2-01.04.2007","01.04.2007",2007,4,1,"OULIMNIUS SP.",11
"PRT_032_MZB_LO_2","PRT_032_MZB_LO_2-01.04.2007","01.04.2007",2007,4,1,"TABANIDAE GEN. SP.",1
"PRT_032_MZB_LO_2","PRT_032_MZB_LO_2-01.04.2007","01.04.2007",2007,4,1,"TYRRHENOLEUCTRA SP.",30
"PRT_032_MZB_LO_2","PRT_032_MZB_LO_2-01.04.2008","01.04.2008",2008,4,1,"ANCYLUS FLUVIATILIS",4
"PRT_032_MZB_LO_2","PRT_032_MZB_LO_2-01.04.2008","01.04.2008",2008,4,1,"BAETIDAE GEN. SP.",88
"PRT_032_MZB_LO_2","PRT_032_MZB_LO_2-01.04.2008","01.04.2008",2008,4,1,"CAENIS SP.",6
"PRT_032_MZB_LO_2","PRT_032_MZB_LO_2-01.04.2008","01.04.2008",2008,4,1,"CERATOPOGONIDAE GEN. SP.",1
"PRT_032_MZB_LO_2","PRT_032_MZB_LO_2-01.04.2008","01.04.2008",2008,4,1,"CHIRONOMIDAE GEN. SP.",12
"PRT_032_MZB_LO_2","PRT_032_MZB_LO_2-01.04.2008","01.04.2008",2008,4,1,"CHOROTERPES PICTETI",1
"PRT_032_MZB_LO_2","PRT_032_MZB_LO_2-01.04.2008","01.04.2008",2008,4,1,"COENAGRIONIDAE GEN. SP.",1
"PRT_032_MZB_LO_2","PRT_032_MZB_LO_2-01.04.2008","01.04.2008",2008,4,1,"DYTISCIDAE GEN. SP.",12
"PRT_032_MZB_LO_2","PRT_032_MZB_LO_2-01.04.2008","01.04.2008",2008,4,1,"ECDYONURUS SP.",2
"PRT_032_MZB_LO_2","PRT_032_MZB_LO_2-01.04.2008","01.04.2008",2008,4,1,"GUADALGENUS FRANZI",6
"PRT_032_MZB_LO_2","PRT_032_MZB_LO_2-01.04.2008","01.04.2008",2008,4,1,"HEMIMELAENA FLAVIVENTRIS",5
"PRT_032_MZB_LO_2","PRT_032_MZB_LO_2-01.04.2008","01.04.2008",2008,4,1,"HYDRACHNIDIA GEN. SP.",3
"PRT_032_MZB_LO_2","PRT_032_MZB_LO_2-01.04.2008","01.04.2008",2008,4,1,"ISOPERLA SP.",5
"PRT_032_MZB_LO_2","PRT_032_MZB_LO_2-01.04.2008","01.04.2008",2008,4,1,"LIMONIIDAE GEN. SP.",12
"PRT_032_MZB_LO_2","PRT_032_MZB_LO_2-01.04.2008","01.04.2008",2008,4,1,"LYMNAEA SP.",1
"PRT_032_MZB_LO_2","PRT_032_MZB_LO_2-01.04.2008","01.04.2008",2008,4,1,"NEMOURA SP.",31
"PRT_032_MZB_LO_2","PRT_032_MZB_LO_2-01.04.2008","01.04.2008",2008,4,1,"NOTERUS SP.",5
"PRT_032_MZB_LO_2","PRT_032_MZB_LO_2-01.04.2008","01.04.2008",2008,4,1,"OLIGOCHAETA GEN. SP.",2
"PRT_032_MZB_LO_2","PRT_032_MZB_LO_2-01.04.2008","01.04.2008",2008,4,1,"OULIMNIUS SP.",2
"PRT_032_MZB_LO_2","PRT_032_MZB_LO_2-01.04.2008","01.04.2008",2008,4,1,"PROCAMBARUS CLARKII",2
"PRT_032_MZB_LO_2","PRT_032_MZB_LO_2-01.04.2008","01.04.2008",2008,4,1,"SIMULIIDAE GEN. SP.",69
"PRT_032_MZB_LO_2","PRT_032_MZB_LO_2-01.04.2008","01.04.2008",2008,4,1,"TYRRHENOLEUCTRA SP.",184
"PRT_032_MZB_LO_2","PRT_032_MZB_LO_2-01.04.2009","01.04.2009",2009,4,1,"BAETIDAE GEN. SP.",8
"PRT_032_MZB_LO_2","PRT_032_MZB_LO_2-01.04.2009","01.04.2009",2009,4,1,"CAENIS SP.",6
"PRT_032_MZB_LO_2","PRT_032_MZB_LO_2-01.04.2009","01.04.2009",2009,4,1,"CAPNIIDAE GEN. SP.",20
"PRT_032_MZB_LO_2","PRT_032_MZB_LO_2-01.04.2009","01.04.2009",2009,4,1,"CERATOPOGONIDAE GEN. SP.",3
"PRT_032_MZB_LO_2","PRT_032_MZB_LO_2-01.04.2009","01.04.2009",2009,4,1,"CHIRONOMIDAE GEN. SP.",13
"PRT_032_MZB_LO_2","PRT_032_MZB_LO_2-01.04.2009","01.04.2009",2009,4,1,"DYTISCIDAE GEN. SP.",3
"PRT_032_MZB_LO_2","PRT_032_MZB_LO_2-01.04.2009","01.04.2009",2009,4,1,"ECDYONURUS SP.",1
"PRT_032_MZB_LO_2","PRT_032_MZB_LO_2-01.04.2009","01.04.2009",2009,4,1,"HALIPLUS SP.",2
"PRT_032_MZB_LO_2","PRT_032_MZB_LO_2-01.04.2009","01.04.2009",2009,4,1,"HELOPHORUS SP.",1
"PRT_032_MZB_LO_2","PRT_032_MZB_LO_2-01.04.2009","01.04.2009",2009,4,1,"HYDRACHNIDIA GEN. SP.",1
"PRT_032_MZB_LO_2","PRT_032_MZB_LO_2-01.04.2009","01.04.2009",2009,4,1,"HYDROPTILIDAE GEN. SP.",1
"PRT_032_MZB_LO_2","PRT_032_MZB_LO_2-01.04.2009","01.04.2009",2009,4,1,"ISOPERLA SP.",16
"PRT_032_MZB_LO_2","PRT_032_MZB_LO_2-01.04.2009","01.04.2009",2009,4,1,"LIBELLULIDAE GEN. SP.",1
"PRT_032_MZB_LO_2","PRT_032_MZB_LO_2-01.04.2009","01.04.2009",2009,4,1,"LIMONIIDAE GEN. SP.",1
"PRT_032_MZB_LO_2","PRT_032_MZB_LO_2-01.04.2009","01.04.2009",2009,4,1,"MICRONECTA SP.",3
"PRT_032_MZB_LO_2","PRT_032_MZB_LO_2-01.04.2009","01.04.2009",2009,4,1,"NEMOURA SP.",16
"PRT_032_MZB_LO_2","PRT_032_MZB_LO_2-01.04.2009","01.04.2009",2009,4,1,"OLIGOCHAETA GEN. SP.",8
"PRT_032_MZB_LO_2","PRT_032_MZB_LO_2-01.04.2009","01.04.2009",2009,4,1,"OULIMNIUS SP.",3
"PRT_032_MZB_LO_2","PRT_032_MZB_LO_2-01.04.2009","01.04.2009",2009,4,1,"PROCAMBARUS CLARKII",2
"PRT_032_MZB_LO_2","PRT_032_MZB_LO_2-01.04.2009","01.04.2009",2009,4,1,"SIMULIIDAE GEN. SP.",16
"PRT_032_MZB_LO_2","PRT_032_MZB_LO_2-01.04.2010","01.04.2010",2010,4,1,"AESHNIDAE GEN. SP.",1
"PRT_032_MZB_LO_2","PRT_032_MZB_LO_2-01.04.2010","01.04.2010",2010,4,1,"ANCYLUS FLUVIATILIS",1
"PRT_032_MZB_LO_2","PRT_032_MZB_LO_2-01.04.2010","01.04.2010",2010,4,1,"BAETIDAE GEN. SP.",88
"PRT_032_MZB_LO_2","PRT_032_MZB_LO_2-01.04.2010","01.04.2010",2010,4,1,"CAENIS SP.",31
"PRT_032_MZB_LO_2","PRT_032_MZB_LO_2-01.04.2010","01.04.2010",2010,4,1,"CAPNIIDAE GEN. SP.",1
"PRT_032_MZB_LO_2","PRT_032_MZB_LO_2-01.04.2010","01.04.2010",2010,4,1,"CERATOPOGONIDAE GEN. SP.",1
"PRT_032_MZB_LO_2","PRT_032_MZB_LO_2-01.04.2010","01.04.2010",2010,4,1,"CHIRONOMIDAE GEN. SP.",26
"PRT_032_MZB_LO_2","PRT_032_MZB_LO_2-01.04.2010","01.04.2010",2010,4,1,"DYTISCIDAE GEN. SP.",4
"PRT_032_MZB_LO_2","PRT_032_MZB_LO_2-01.04.2010","01.04.2010",2010,4,1,"EPHEMERELLA SP.",1
"PRT_032_MZB_LO_2","PRT_032_MZB_LO_2-01.04.2010","01.04.2010",2010,4,1,"HALIPLUS SP.",1
"PRT_032_MZB_LO_2","PRT_032_MZB_LO_2-01.04.2010","01.04.2010",2010,4,1,"HYDROMETRA STAGNORUM",1
"PRT_032_MZB_LO_2","PRT_032_MZB_LO_2-01.04.2010","01.04.2010",2010,4,1,"ISOPERLA SP.",10
"PRT_032_MZB_LO_2","PRT_032_MZB_LO_2-01.04.2010","01.04.2010",2010,4,1,"NEMOURA SP.",15
"PRT_032_MZB_LO_2","PRT_032_MZB_LO_2-01.04.2010","01.04.2010",2010,4,1,"PROCAMBARUS CLARKII",1
"PRT_032_MZB_LO_2","PRT_032_MZB_LO_2-01.04.2010","01.04.2010",2010,4,1,"SIMULIIDAE GEN. SP.",8
"PRT_032_MZB_LO_2","PRT_032_MZB_LO_2-01.04.2011","01.04.2011",2011,4,1,"ANCYLUS FLUVIATILIS",8
"PRT_032_MZB_LO_2","PRT_032_MZB_LO_2-01.04.2011","01.04.2011",2011,4,1,"CAPNIIDAE GEN. SP.",26
"PRT_032_MZB_LO_2","PRT_032_MZB_LO_2-01.04.2011","01.04.2011",2011,4,1,"CERATOPOGONIDAE GEN. SP.",2
"PRT_032_MZB_LO_2","PRT_032_MZB_LO_2-01.04.2011","01.04.2011",2011,4,1,"CHIRONOMIDAE GEN. SP.",3
"PRT_032_MZB_LO_2","PRT_032_MZB_LO_2-01.04.2011","01.04.2011",2011,4,1,"ECDYONURUS SP.",3
"PRT_032_MZB_LO_2","PRT_032_MZB_LO_2-01.04.2011","01.04.2011",2011,4,1,"EPHEMERELLA SP.",53
"PRT_032_MZB_LO_2","PRT_032_MZB_LO_2-01.04.2011","01.04.2011",2011,4,1,"ERPOBDELLA SP.",1
"PRT_032_MZB_LO_2","PRT_032_MZB_LO_2-01.04.2011","01.04.2011",2011,4,1,"LIBELLULIDAE GEN. SP.",1
"PRT_032_MZB_LO_2","PRT_032_MZB_LO_2-01.04.2011","01.04.2011",2011,4,1,"LIMONIIDAE GEN. SP.",139
"PRT_032_MZB_LO_2","PRT_032_MZB_LO_2-01.04.2011","01.04.2011",2011,4,1,"OLIGOCHAETA GEN. SP.",15
"PRT_032_MZB_LO_2","PRT_032_MZB_LO_2-01.04.2011","01.04.2011",2011,4,1,"OULIMNIUS SP.",3
"PRT_032_MZB_LO_2","PRT_032_MZB_LO_2-01.04.2011","01.04.2011",2011,4,1,"SIMULIIDAE GEN. SP.",7
"PRT_032_MZB_LO_2","PRT_032_MZB_LO_2-01.04.2012","01.04.2012",2012,4,1,"ANCYLUS FLUVIATILIS",2
"PRT_032_MZB_LO_2","PRT_032_MZB_LO_2-01.04.2012","01.04.2012",2012,4,1,"BAETIDAE GEN. SP.",1
"PRT_032_MZB_LO_2","PRT_032_MZB_LO_2-01.04.2012","01.04.2012",2012,4,1,"CAENIS SP.",5
"PRT_032_MZB_LO_2","PRT_032_MZB_LO_2-01.04.2012","01.04.2012",2012,4,1,"CAPNIIDAE GEN. SP.",10
"PRT_032_MZB_LO_2","PRT_032_MZB_LO_2-01.04.2012","01.04.2012",2012,4,1,"CERATOPOGONIDAE GEN. SP.",2
"PRT_032_MZB_LO_2","PRT_032_MZB_LO_2-01.04.2012","01.04.2012",2012,4,1,"CHIRONOMIDAE GEN. SP.",14
"PRT_032_MZB_LO_2","PRT_032_MZB_LO_2-01.04.2012","01.04.2012",2012,4,1,"CHOROTERPES PICTETI",29
"PRT_032_MZB_LO_2","PRT_032_MZB_LO_2-01.04.2012","01.04.2012",2012,4,1,"DYTISCIDAE GEN. SP.",1
"PRT_032_MZB_LO_2","PRT_032_MZB_LO_2-01.04.2012","01.04.2012",2012,4,1,"ECDYONURUS SP.",13
"PRT_032_MZB_LO_2","PRT_032_MZB_LO_2-01.04.2012","01.04.2012",2012,4,1,"EPHEMERELLA SP.",2
"PRT_032_MZB_LO_2","PRT_032_MZB_LO_2-01.04.2012","01.04.2012",2012,4,1,"ERPOBDELLA SP.",1
"PRT_032_MZB_LO_2","PRT_032_MZB_LO_2-01.04.2012","01.04.2012",2012,4,1,"HALIPLUS SP.",3
"PRT_032_MZB_LO_2","PRT_032_MZB_LO_2-01.04.2012","01.04.2012",2012,4,1,"HELOPHORUS SP.",1
"PRT_032_MZB_LO_2","PRT_032_MZB_LO_2-01.04.2012","01.04.2012",2012,4,1,"HYDRACHNIDIA GEN. SP.",11
"PRT_032_MZB_LO_2","PRT_032_MZB_LO_2-01.04.2012","01.04.2012",2012,4,1,"HYDROMETRA STAGNORUM",2
"PRT_032_MZB_LO_2","PRT_032_MZB_LO_2-01.04.2012","01.04.2012",2012,4,1,"HYDROPSYCHE SP.",1
"PRT_032_MZB_LO_2","PRT_032_MZB_LO_2-01.04.2012","01.04.2012",2012,4,1,"HYDROPTILIDAE GEN. SP.",1
"PRT_032_MZB_LO_2","PRT_032_MZB_LO_2-01.04.2012","01.04.2012",2012,4,1,"LIMONIIDAE GEN. SP.",5
"PRT_032_MZB_LO_2","PRT_032_MZB_LO_2-01.04.2012","01.04.2012",2012,4,1,"NEMOURA SP.",24
"PRT_032_MZB_LO_2","PRT_032_MZB_LO_2-01.04.2012","01.04.2012",2012,4,1,"OLIGOCHAETA GEN. SP.",2
"PRT_032_MZB_LO_2","PRT_032_MZB_LO_2-01.04.2012","01.04.2012",2012,4,1,"OULIMNIUS SP.",6
"PRT_032_MZB_LO_2","PRT_032_MZB_LO_2-01.04.2012","01.04.2012",2012,4,1,"PROCAMBARUS CLARKII",2
"PRT_032_MZB_LO_2","PRT_032_MZB_LO_2-01.04.2012","01.04.2012",2012,4,1,"SCIRTIDAE GEN. SP.",1
"PRT_032_MZB_LO_2","PRT_032_MZB_LO_2-01.04.2013","01.04.2013",2013,4,1,"BAETIDAE GEN. SP.",1
"PRT_032_MZB_LO_2","PRT_032_MZB_LO_2-01.04.2013","01.04.2013",2013,4,1,"CAENIS SP.",112
"PRT_032_MZB_LO_2","PRT_032_MZB_LO_2-01.04.2013","01.04.2013",2013,4,1,"CHIRONOMIDAE GEN. SP.",12
"PRT_032_MZB_LO_2","PRT_032_MZB_LO_2-01.04.2013","01.04.2013",2013,4,1,"CHOROTERPES PICTETI",2
"PRT_032_MZB_LO_2","PRT_032_MZB_LO_2-01.04.2013","01.04.2013",2013,4,1,"HYDRACHNIDIA GEN. SP.",16
"PRT_032_MZB_LO_2","PRT_032_MZB_LO_2-01.04.2013","01.04.2013",2013,4,1,"OLIGOCHAETA GEN. SP.",2
"PRT_032_MZB_LO_2","PRT_032_MZB_LO_2-01.04.2013","01.04.2013",2013,4,1,"POLYCENTROPUS SP.",2
"PRT_032_MZB_LO_2","PRT_032_MZB_LO_2-01.04.2013","01.04.2013",2013,4,1,"PROCAMBARUS CLARKII",1
"PRT_032_MZB_LO_2","PRT_032_MZB_LO_2-01.04.2013","01.04.2013",2013,4,1,"THRAULUS BELLUS",4
"PRT_032_MZB_LO_2","PRT_032_MZB_LO_2-01.04.2013","01.04.2013",2013,4,1,"UNIONIDAE GEN. SP.",1
"PRT_032_MZB_LO_2","PRT_032_MZB_LO_2-01.04.2014","01.04.2014",2014,4,1,"BAETIDAE GEN. SP.",50
"PRT_032_MZB_LO_2","PRT_032_MZB_LO_2-01.04.2014","01.04.2014",2014,4,1,"CAENIS SP.",4
"PRT_032_MZB_LO_2","PRT_032_MZB_LO_2-01.04.2014","01.04.2014",2014,4,1,"CAPNIIDAE GEN. SP.",56
"PRT_032_MZB_LO_2","PRT_032_MZB_LO_2-01.04.2014","01.04.2014",2014,4,1,"CERATOPOGONIDAE GEN. SP.",2
"PRT_032_MZB_LO_2","PRT_032_MZB_LO_2-01.04.2014","01.04.2014",2014,4,1,"CHIRONOMIDAE GEN. SP.",10
"PRT_032_MZB_LO_2","PRT_032_MZB_LO_2-01.04.2014","01.04.2014",2014,4,1,"CHOROTERPES PICTETI",6
"PRT_032_MZB_LO_2","PRT_032_MZB_LO_2-01.04.2014","01.04.2014",2014,4,1,"DYTISCIDAE GEN. SP.",5
"PRT_032_MZB_LO_2","PRT_032_MZB_LO_2-01.04.2014","01.04.2014",2014,4,1,"ECDYONURUS SP.",6
"PRT_032_MZB_LO_2","PRT_032_MZB_LO_2-01.04.2014","01.04.2014",2014,4,1,"EPHEMERELLA SP.",16
"PRT_032_MZB_LO_2","PRT_032_MZB_LO_2-01.04.2014","01.04.2014",2014,4,1,"HYDRACHNIDIA GEN. SP.",1
"PRT_032_MZB_LO_2","PRT_032_MZB_LO_2-01.04.2014","01.04.2014",2014,4,1,"ISOPERLA SP.",16
"PRT_032_MZB_LO_2","PRT_032_MZB_LO_2-01.04.2014","01.04.2014",2014,4,1,"LIMONIIDAE GEN. SP.",17
"PRT_032_MZB_LO_2","PRT_032_MZB_LO_2-01.04.2014","01.04.2014",2014,4,1,"NEMOURA SP.",14
"PRT_032_MZB_LO_2","PRT_032_MZB_LO_2-01.04.2014","01.04.2014",2014,4,1,"OLIGOCHAETA GEN. SP.",10
"PRT_032_MZB_LO_2","PRT_032_MZB_LO_2-01.04.2014","01.04.2014",2014,4,1,"SIMULIIDAE GEN. SP.",7
"PRT_032_MZB_LO_2","PRT_032_MZB_LO_2-01.04.2015","01.04.2015",2015,4,1,"CAENIS SP.",1
"PRT_032_MZB_LO_2","PRT_032_MZB_LO_2-01.04.2015","01.04.2015",2015,4,1,"CERATOPOGONIDAE GEN. SP.",5
"PRT_032_MZB_LO_2","PRT_032_MZB_LO_2-01.04.2015","01.04.2015",2015,4,1,"CHIRONOMIDAE GEN. SP.",2
"PRT_032_MZB_LO_2","PRT_032_MZB_LO_2-01.04.2015","01.04.2015",2015,4,1,"CHOROTERPES PICTETI",4
"PRT_032_MZB_LO_2","PRT_032_MZB_LO_2-01.04.2015","01.04.2015",2015,4,1,"DYTISCIDAE GEN. SP.",1
"PRT_032_MZB_LO_2","PRT_032_MZB_LO_2-01.04.2015","01.04.2015",2015,4,1,"ECDYONURUS SP.",10
"PRT_032_MZB_LO_2","PRT_032_MZB_LO_2-01.04.2015","01.04.2015",2015,4,1,"ERPOBDELLA SP.",2
"PRT_032_MZB_LO_2","PRT_032_MZB_LO_2-01.04.2015","01.04.2015",2015,4,1,"HYDROPHILIDAE GEN. SP.",1
"PRT_032_MZB_LO_2","PRT_032_MZB_LO_2-01.04.2015","01.04.2015",2015,4,1,"HYDROPSYCHE SP.",5
"PRT_032_MZB_LO_2","PRT_032_MZB_LO_2-01.04.2015","01.04.2015",2015,4,1,"ISOPERLA SP.",12
"PRT_032_MZB_LO_2","PRT_032_MZB_LO_2-01.04.2015","01.04.2015",2015,4,1,"LIMONIIDAE GEN. SP.",4
"PRT_032_MZB_LO_2","PRT_032_MZB_LO_2-01.04.2015","01.04.2015",2015,4,1,"OLIGOCHAETA GEN. SP.",3
"PRT_032_MZB_LO_2","PRT_032_MZB_LO_2-01.04.2015","01.04.2015",2015,4,1,"SIMULIIDAE GEN. SP.",2669
"PRT_032_MZB_LO_2","PRT_032_MZB_LO_2-01.04.2016","01.04.2016",2016,4,1,"ANCYLUS FLUVIATILIS",7
"PRT_032_MZB_LO_2","PRT_032_MZB_LO_2-01.04.2016","01.04.2016",2016,4,1,"BAETIDAE GEN. SP.",42
"PRT_032_MZB_LO_2","PRT_032_MZB_LO_2-01.04.2016","01.04.2016",2016,4,1,"CAENIS SP.",4
"PRT_032_MZB_LO_2","PRT_032_MZB_LO_2-01.04.2016","01.04.2016",2016,4,1,"CERATOPOGONIDAE GEN. SP.",3
"PRT_032_MZB_LO_2","PRT_032_MZB_LO_2-01.04.2016","01.04.2016",2016,4,1,"CHIRONOMIDAE GEN. SP.",5
"PRT_032_MZB_LO_2","PRT_032_MZB_LO_2-01.04.2016","01.04.2016",2016,4,1,"COENAGRIONIDAE GEN. SP.",3
"PRT_032_MZB_LO_2","PRT_032_MZB_LO_2-01.04.2016","01.04.2016",2016,4,1,"DYTISCIDAE GEN. SP.",11
"PRT_032_MZB_LO_2","PRT_032_MZB_LO_2-01.04.2016","01.04.2016",2016,4,1,"ECDYONURUS SP.",2
"PRT_032_MZB_LO_2","PRT_032_MZB_LO_2-01.04.2016","01.04.2016",2016,4,1,"HYDROPSYCHE SP.",8
"PRT_032_MZB_LO_2","PRT_032_MZB_LO_2-01.04.2016","01.04.2016",2016,4,1,"HYDROPTILIDAE GEN. SP.",1
"PRT_032_MZB_LO_2","PRT_032_MZB_LO_2-01.04.2016","01.04.2016",2016,4,1,"LIMONIIDAE GEN. SP.",15
"PRT_032_MZB_LO_2","PRT_032_MZB_LO_2-01.04.2016","01.04.2016",2016,4,1,"OCHTHEBIUS SP.",8
"PRT_032_MZB_LO_2","PRT_032_MZB_LO_2-01.04.2016","01.04.2016",2016,4,1,"OLIGOCHAETA GEN. SP.",1
"PRT_032_MZB_LO_2","PRT_032_MZB_LO_2-01.04.2016","01.04.2016",2016,4,1,"PARALEPTOPHLEBIA SP.",10
"PRT_032_MZB_LO_2","PRT_032_MZB_LO_2-01.04.2016","01.04.2016",2016,4,1,"PHYSELLA ACUTA",4
"PRT_032_MZB_LO_2","PRT_032_MZB_LO_2-01.04.2016","01.04.2016",2016,4,1,"SIMULIIDAE GEN. SP.",559
"PRT_032_MZB_LO_2","PRT_032_MZB_LO_2-01.04.2016","01.04.2016",2016,4,1,"TIPULIDAE GEN. SP.",1
"PRT_032_MZB_LO_2","PRT_032_MZB_LO_2-01.04.2017","01.04.2017",2017,4,1,"ANCYLUS FLUVIATILIS",7
"PRT_032_MZB_LO_2","PRT_032_MZB_LO_2-01.04.2017","01.04.2017",2017,4,1,"BAETIDAE GEN. SP.",42
"PRT_032_MZB_LO_2","PRT_032_MZB_LO_2-01.04.2017","01.04.2017",2017,4,1,"CAENIS SP.",4
"PRT_032_MZB_LO_2","PRT_032_MZB_LO_2-01.04.2017","01.04.2017",2017,4,1,"CERATOPOGONIDAE GEN. SP.",3
"PRT_032_MZB_LO_2","PRT_032_MZB_LO_2-01.04.2017","01.04.2017",2017,4,1,"CHIRONOMIDAE GEN. SP.",13
"PRT_032_MZB_LO_2","PRT_032_MZB_LO_2-01.04.2017","01.04.2017",2017,4,1,"COENAGRIONIDAE GEN. SP.",3
"PRT_032_MZB_LO_2","PRT_032_MZB_LO_2-01.04.2017","01.04.2017",2017,4,1,"DYTISCIDAE GEN. SP.",11
"PRT_032_MZB_LO_2","PRT_032_MZB_LO_2-01.04.2017","01.04.2017",2017,4,1,"ECDYONURUS SP.",2
"PRT_032_MZB_LO_2","PRT_032_MZB_LO_2-01.04.2017","01.04.2017",2017,4,1,"HYDROPSYCHE SP.",8
"PRT_032_MZB_LO_2","PRT_032_MZB_LO_2-01.04.2017","01.04.2017",2017,4,1,"HYDROPTILIDAE GEN. SP.",1
"PRT_032_MZB_LO_2","PRT_032_MZB_LO_2-01.04.2017","01.04.2017",2017,4,1,"LIMONIIDAE GEN. SP.",15
"PRT_032_MZB_LO_2","PRT_032_MZB_LO_2-01.04.2017","01.04.2017",2017,4,1,"OLIGOCHAETA GEN. SP.",1
"PRT_032_MZB_LO_2","PRT_032_MZB_LO_2-01.04.2017","01.04.2017",2017,4,1,"PARALEPTOPHLEBIA SP.",10
"PRT_032_MZB_LO_2","PRT_032_MZB_LO_2-01.04.2017","01.04.2017",2017,4,1,"PHYSELLA ACUTA",4
"PRT_032_MZB_LO_2","PRT_032_MZB_LO_2-01.04.2017","01.04.2017",2017,4,1,"SIMULIIDAE GEN. SP.",559
"PRT_032_MZB_LO_2","PRT_032_MZB_LO_2-01.04.2017","01.04.2017",2017,4,1,"TIPULIDAE GEN. SP.",1
"PRT_032_MZB_LO_2","PRT_032_MZB_LO_2-01.04.2018","01.04.2018",2018,4,1,"ANCYLUS FLUVIATILIS",11
"PRT_032_MZB_LO_2","PRT_032_MZB_LO_2-01.04.2018","01.04.2018",2018,4,1,"CAENIS SP.",4
"PRT_032_MZB_LO_2","PRT_032_MZB_LO_2-01.04.2018","01.04.2018",2018,4,1,"CAPNIIDAE GEN. SP.",107
"PRT_032_MZB_LO_2","PRT_032_MZB_LO_2-01.04.2018","01.04.2018",2018,4,1,"CERATOPOGONIDAE GEN. SP.",2
"PRT_032_MZB_LO_2","PRT_032_MZB_LO_2-01.04.2018","01.04.2018",2018,4,1,"CHIRONOMIDAE GEN. SP.",34
"PRT_032_MZB_LO_2","PRT_032_MZB_LO_2-01.04.2018","01.04.2018",2018,4,1,"CHLOROPERLIDAE GEN. SP.",8
"PRT_032_MZB_LO_2","PRT_032_MZB_LO_2-01.04.2018","01.04.2018",2018,4,1,"EPHEMERELLA SP.",26
"PRT_032_MZB_LO_2","PRT_032_MZB_LO_2-01.04.2018","01.04.2018",2018,4,1,"ISOPERLA SP.",55
"PRT_032_MZB_LO_2","PRT_032_MZB_LO_2-01.04.2018","01.04.2018",2018,4,1,"LIMONIIDAE GEN. SP.",2
"PRT_032_MZB_LO_2","PRT_032_MZB_LO_2-01.04.2018","01.04.2018",2018,4,1,"NEMOURA SP.",201
"PRT_032_MZB_LO_2","PRT_032_MZB_LO_2-01.04.2018","01.04.2018",2018,4,1,"OLIGOCHAETA GEN. SP.",24
"PRT_032_MZB_LO_2","PRT_032_MZB_LO_2-01.04.2018","01.04.2018",2018,4,1,"OULIMNIUS SP.",30
"PRT_032_MZB_LO_2","PRT_032_MZB_LO_2-01.04.2018","01.04.2018",2018,4,1,"PROCAMBARUS CLARKII",1
"PRT_032_MZB_LO_2","PRT_032_MZB_LO_2-01.04.2018","01.04.2018",2018,4,1,"RHAGIONIDAE GEN. SP.",2
"PRT_032_MZB_LO_2","PRT_032_MZB_LO_2-01.04.2018","01.04.2018",2018,4,1,"SIMULIIDAE GEN. SP.",57
"PRT_032_MZB_LO_2","PRT_032_MZB_LO_2-01.04.2019","01.04.2019",2019,4,1,"ANCYLUS FLUVIATILIS",1
"PRT_032_MZB_LO_2","PRT_032_MZB_LO_2-01.04.2019","01.04.2019",2019,4,1,"BAETIDAE GEN. SP.",120
"PRT_032_MZB_LO_2","PRT_032_MZB_LO_2-01.04.2019","01.04.2019",2019,4,1,"CAENIS SP.",34
"PRT_032_MZB_LO_2","PRT_032_MZB_LO_2-01.04.2019","01.04.2019",2019,4,1,"CERATOPOGONIDAE GEN. SP.",6
"PRT_032_MZB_LO_2","PRT_032_MZB_LO_2-01.04.2019","01.04.2019",2019,4,1,"CHIMARRA MARGINATA",8
"PRT_032_MZB_LO_2","PRT_032_MZB_LO_2-01.04.2019","01.04.2019",2019,4,1,"CHIRONOMIDAE GEN. SP.",13
"PRT_032_MZB_LO_2","PRT_032_MZB_LO_2-01.04.2019","01.04.2019",2019,4,1,"CHLOROPERLIDAE GEN. SP.",4
"PRT_032_MZB_LO_2","PRT_032_MZB_LO_2-01.04.2019","01.04.2019",2019,4,1,"DYTISCIDAE GEN. SP.",1
"PRT_032_MZB_LO_2","PRT_032_MZB_LO_2-01.04.2019","01.04.2019",2019,4,1,"ECDYONURUS SP.",18
"PRT_032_MZB_LO_2","PRT_032_MZB_LO_2-01.04.2019","01.04.2019",2019,4,1,"HYDROPHILIDAE GEN. SP.",1
"PRT_032_MZB_LO_2","PRT_032_MZB_LO_2-01.04.2019","01.04.2019",2019,4,1,"ISOPERLA SP.",13
"PRT_032_MZB_LO_2","PRT_032_MZB_LO_2-01.04.2019","01.04.2019",2019,4,1,"LIMONIIDAE GEN. SP.",3
"PRT_032_MZB_LO_2","PRT_032_MZB_LO_2-01.04.2019","01.04.2019",2019,4,1,"SIMULIIDAE GEN. SP.",8
