"site_id","sgn_id","sample_id","year","month","day","ANCYLUS FLUVIATILIS","ANTHOMYIIDAE GEN. SP.","APHELOCHEIRUS AESTIVALIS","ASELLUS AQUATICUS","BAETIS SP.","BATHYOMPHALUS CONTORTUS","BITHYNIA TENTACULATA","BRACHYPTERA RISI","CAENIS SP.","CALOPTERYX SP.","CERATOPOGONINAE GEN. SP.","CHIRONOMIDAE GEN. SP.","CORBICULA FLUMINEA","CRANGONYX PSEUDOGRACILIS","DIKEROGAMMARUS VILLOSUS","DINA PUNCTATA","DREISSENA POLYMORPHA","DUGESIA LUGUBRIS","ELMIS SP. AD.","ERPOBDELLA OCTOCULATA","ESOLUS SP. AD.","FERRISSIA CLESSINIANA","GAMMARUS FOSSARUM","GAMMARUS PULEX","GOMPHUS SP.","GYRAULUS SP.","HYDROPSYCHE SP.","HYDROPTILIDAE GEN. SP.","LEPIDOSTOMA HIRTUM","LIMNEPHILIDAE GEN. SP.","LIMNIUS SP. AD.","LIMONIIDAE GEN. SP.","LYMNAEIDAE GEN. SP.","MYSTACIDES AZUREA","NEMATODA GEN. SP.","OLIGOCHAETA GEN. SP.","ONYCHOGOMPHUS SP.","ORECTOCHILUS VILLOSUS AD.","PHYSA FONTINALIS","PHYSELLA ACUTA","PISIDIUM SP.","POLYCELIS SP.","POLYCENTROPODIDAE GEN. SP.","POTAMANTHUS LUTEUS","POTAMOPYRGUS ANTIPODARUM","POTAMOPYRGUS ANTIPODARUM.1","PSYCHOMYIA PUSILLA","RHYACOPHILA SP.","RIOLUS SP. AD.","SERRATELLA IGNITA","SIMULIIDAE GEN. SP.","SPHAERIUM SP.","SPONGILLIDAE GEN. SP.","STENELMIS CANALICULATA AD.","TINODES WAENERI SSP.","TIPULIDAE GEN. SP.","VALVATA PISCINALIS SSP."
118000004,"CHE_040_MZB_LO_4","118000004_16.03.1995",1995,"3",16,1,0,0,10,3,0,0,0,0,0,0,10,0,0,0,0,3,0,0,3,0,0,3,0,0,3,0,0,0,0,0,0,10,0,0,3,0,0,3,0,0,0,0,0,0,0,0,0,0,0,40,3,0,0,0,1,0
118000004,"CHE_040_MZB_LO_4","118000004_09.03.2000",2000,"3",9,0,0,0,1,3,0,0,3,0,0,0,40,0,0,0,0,1,0,0,0,0,0,1,0,0,0,4,0,0,0,0,0,0,0,0,1,0,0,0,0,0,0,0,0,0,0,0,0,1,0,160,1,0,0,0,0,0
118000004,"CHE_040_MZB_LO_4","118000004_05.03.2004",2004,"3",5,0,0,0,0,1,0,0,0,0,1,0,40,0,0,0,0,0,0,0,0,0,0,3,0,0,0,3,0,0,0,10,0,1,0,3,1,0,0,0,0,0,0,0,0,0,0,0,0,0,0,40,1,0,0,0,3,0
118000004,"CHE_040_MZB_LO_4","118000004_14.04.2011",2011,"4",14,0,0,7,3,47,0,14,0,0,3,9,46,0,0,15,1,23,0,0,0,0,0,0,9,1,0,52,26,0,6,7,12,0,0,0,9,1,0,0,6,0,4,4,0,10,10,7,11,0,0,16,19,0,20,0,0,26
118000004,"CHE_040_MZB_LO_4","118000004_07.03.2012",2012,"3",7,0,0,0,2,2,1,1,0,0,0,0,40,0,1,5,0,0,1,0,0,0,0,0,0,0,1,70,0,0,2,4,3,0,1,0,6,0,1,0,0,10,0,0,0,0,0,0,0,1,0,120,0,1,1,0,1,0
118000004,"CHE_040_MZB_LO_4","118000004_10.03.2015",2015,"3",10,3,4,0,8,13,0,0,0,0,0,0,200,157,2,9,0,3,0,0,0,3,0,0,6,0,1,60,0,6,12,16,3,3,0,0,18,0,0,0,4,5,0,0,1,0,0,7,16,0,3,50,7,0,1,8,1,9
118000004,"CHE_040_MZB_LO_4","118000004_01.03.2017",2017,"3",1,0,0,0,7,3,1,0,0,0,0,0,30,57,9,12,1,8,0,2,0,1,0,0,0,0,0,37,0,0,0,2,0,1,0,0,4,0,0,0,2,0,0,3,0,0,0,0,2,0,0,833,0,0,0,0,0,6
118000004,"CHE_040_MZB_LO_4","118000004_06.04.2018",2018,"4",6,16,0,0,5,3,0,0,0,4,0,3,467,30,4,63,1,3,0,1,0,5,1,5,0,0,1,67,0,0,1,4,4,0,0,0,4,0,0,0,0,0,0,11,1,7,7,0,4,0,4,0,0,0,1,0,0,5
