"site_id","sgn_id","sample_id","year","month","day","AGABUS GUTTATUS LV.","AGAPETUS FUSCIPES","BAETIS MUTICUS","BAETIS RHODANI","BRACHYPTERA SP.","BYTHINELLA AUSTRIACA AUSTRIACA","CENTROPTILUM LUTEOLUM","CERATOPOGONIDAE GEN. SP.","CHAETOPTERYX FUSCA/VILLOSA","CHAETOPTERYX MAJOR","CHELIFERA SP.","CHIRONOMIDAE GEN. SP.","CHRYSOPILUS SP.","CLINOCERA SP.","DICRANOTA SP.","DIXA SP.","DUGESIA GONOCEPHALA","DUGESIA POLYCHROA","ELECTROGENA UJHELYII","ELMIS MAUGETII AD.","ELODES SP. LV.","ELOEOPHILA SP.","ERIOPTERA SP.","ERPOBDELLA VILNENSIS","GALBA TRUNCATULA","GAMMARUS FOSSARUM","GAMMARUS ROESELII","GLYPHOTAELIUS PELLUCIDUS","HABROLEPTOIDES CONFUSA","HABROPHLEBIA FUSCA","HAEMOPIS SANGUISUGA","HALESUS DIGITATUS DIGITATUS","HEMERODROMIA SP.","HEXATOMA SP.","HYDRACHNIDAE GEN. SP.","HYDRAENA SP. AD.","HYDROPSYCHE INSTABILIS","HYDROPSYCHE SAXONICA","ISOPERLA TRIPARTITA TRIPARTITA","LEUCTRA SP.","LIMNEPHILINAE GEN. SP.","LIMNEPHILUS LUNATUS","LIMNIUS VOLCKMARI LV.","LIMNOPHILA SP.","LIMONIA SP.","LYPE REDUCTA","MICROPTERNA NYCTEROBIA","MICROPTERNA SEQUAX","MOLOPHILUS SP.","MUSCIDAE GEN. SP.","NEMATOCERA GEN. SP.","NEMATODA GEN. SP.","NEMOURIDAE GEN. SP.","NEOLIMNOMYIA SP.","NIPHARGUS AQUILEX","OLIGOCHAETA GEN. SP.","OXYCERA SP.","PEDICIA SP.","PISIDIUM SP.","PLATAMBUS MACULATUS LV.","PLECTROCNEMIA CONSPERSA CONSPERSA","POTAMOPHYLAX CINGULATUS CINGULATUS","PROSIMULIUM TOMOSVARYI","PSYCHODIDAE GEN. SP.","RHYACOPHILA SP.","RHYPHOLOPHUS HAEMORRHOIDALIS","SERICOSTOMA SP.","SILO PALLIPES","SIMULIUM COSTATUM","SIPHLONURUS AESTIVALIS","STENOPHYLAX PERMISTUS","SYNAGAPETUS IRIDIPENNIS","SYNAGAPETUS MOSELYI","TINODES ROSTOCKI","TIPULA MAXIMA","ZWICKNIA BIFRONS"
112000001,"CZE_010_MZB_LO_1","112000001_03.04.2002",2002,"4",3,0,0,0,0,108,0,0,0,0,0,12,752,0,0,0,4,0,0,0,4,0,0,0,0,8,0,0,0,0,0,0,0,0,0,0,0,0,0,248,0,0,0,0,0,0,0,36,24,0,0,0,16,117,0,0,196,4,8,44,0,5,8,600,28,0,0,0,0,0,1,0,0,112,0,4,0
112000001,"CZE_010_MZB_LO_1","112000001_01.04.2003",2003,"4",1,0,0,0,232,17,0,0,20,0,0,6,338,0,0,40,0,0,0,10,2,2,0,0,0,0,1210,2,0,0,0,0,0,0,0,0,0,0,3,0,0,0,0,0,6,0,0,4,4,0,0,0,0,17,0,0,0,0,0,14,0,2,2,2,6,0,0,6,0,0,0,0,0,10,0,0,0
112000001,"CZE_010_MZB_LO_1","112000001_05.04.2005",2005,"4",5,0,0,0,8,142,0,0,48,0,0,8,648,0,0,16,0,0,0,0,0,8,8,0,0,0,280,0,0,0,0,0,0,0,0,8,25,0,0,30,0,0,0,0,8,0,0,42,0,0,0,0,0,48,0,16,91,0,0,56,0,127,0,101,8,0,0,0,0,0,69,0,0,1,0,8,17
112000001,"CZE_010_MZB_LO_1","112000001_25.04.2012",2012,"4",25,0,49,2,299,1,92,0,30,0,3,27,7989,0,1,18,0,57,3,77,322,4,13,0,2,0,2709,0,0,5,0,0,5,5,0,0,131,2,84,41,0,64,0,1,13,0,1,0,0,0,0,0,0,2,2,0,82,0,5,121,0,45,0,23,2,1,0,98,4,0,0,0,0,10,6,0,0
112000001,"CZE_010_MZB_LO_1","112000001_12.04.2013",2013,"4",12,0,0,0,0,69,34,0,8,0,1,13,6628,4,0,0,0,0,0,0,53,0,0,0,0,0,72,0,2,0,0,5,0,0,4,0,1,0,0,275,0,9,0,0,0,4,0,0,0,12,1,0,0,0,0,4,111,0,0,121,0,1,0,578,8,0,2,0,0,4,0,0,0,39,0,0,16
112000001,"CZE_010_MZB_LO_1","112000001_28.03.2014",2014,"3",28,17,0,0,0,3,17,0,0,0,24,170,982,1,0,0,0,0,0,0,1,0,0,0,0,0,115,0,20,0,0,0,0,0,0,0,5,0,0,211,0,21,0,0,0,0,0,4,1,0,0,0,0,4,0,4,100,0,0,133,1,35,0,0,5,0,2,0,0,0,10,0,0,220,0,2,0
112000001,"CZE_010_MZB_LO_1","112000001_01.04.2015",2015,"4",1,11,0,0,169,58,80,3,74,6,22,28,3264,0,0,0,0,0,0,21,17,0,2,0,0,0,127,2,2,0,10,0,0,0,6,0,12,0,0,178,84,95,6,0,2,0,0,4,0,0,0,0,4,83,0,10,409,0,1,234,0,52,0,0,8,0,0,0,0,0,3,2,0,362,0,6,0
112000001,"CZE_010_MZB_LO_1","112000001_07.04.2016",2016,"4",7,18,0,0,0,31,60,0,8,0,0,24,2138,4,0,0,0,0,0,0,0,0,0,4,0,12,73,0,1,0,0,0,0,0,12,0,0,0,0,154,0,20,1,0,0,0,0,27,0,0,0,4,4,222,0,4,449,0,0,240,0,0,0,0,20,0,0,0,0,0,32,0,8,130,0,1,0
