"site_id","sgn_id","sample_id","year","month","day","AGABUS UNDULATUS AD.","AGAPETUS FUSCIPES","AGAPETUS OCHRIPES","AMPHINEMURA SP.","ANACAENA GLOBULUS AD.","ANAX SP.","ANCYLUS FLUVIATILIS","APHELOCHEIRUS AESTIVALIS","ASELLUS AQUATICUS","ATHERIX/IBISIA SP.","ATHRIPSODES ALBIFRONS","ATHRIPSODES BILINEATUS BILINEATUS","ATHRIPSODES CINEREUS","BAETIS SP.","BRACHYPTERA RISI","CAENIS LUCTUOSA","CAENIS LUCTUOSA/MACRURA","CAENIS RIVULORUM","CALOPTERYX SPLENDENS","CENTROPTILUM LUTEOLUM","CERACLEA DISSIMILIS","CERATOPOGONINAE GEN. SP.","CHALCOLESTES VIRIDIS","CHELIFERA SP.","CHEUMATOPSYCHE LEPIDA","CHIRONOMIDAE GEN. SP.","CHLOROPERLA SP.","CHRYSOPILUS SP.","CLINOCERINAE GEN. SP.","CORDULEGASTER BOLTONII","CORIXINAE GEN. SP.","CYRNUS TRIMACULATUS","DERONECTES LATUS AD.","DICRANOTA SP.","DIXELLA SP.","DRYOPS SP. LV.","DUGESIA SP.","ECDYONURUS VENOSUS-GR.","ECHINOGAMMARUS BERILLONI","ELECTROGENA SP.","ELMIS AENEA/MAUGETII AD.","ELMIS AENEA/MAUGETII/RIETSCHELI/RIOLOIDES AD.","ELMIS SP. LV.","ELODES MARGINATA LV.","EPEORUS ASSIMILIS","EPHEMERA DANICA","ERPOBDELLA OCTOCULATA","ERPOBDELLA TESTACEA","ERPOBDELLA VILNENSIS","ESOLUS PARALLELEPIPEDUS AD.","ESOLUS SP. LV.","GAMMAROIDEA GEN. SP.","GAMMARUS FOSSARUM","GAMMARUS PULEX","GLOSSIPHONIA COMPLANATA","GOERA PILOSA","GYRAULUS ALBUS","HABROLEPTOIDES CONFUSA","HABROPHLEBIA LAUTA","HAEMOPIS SANGUISUGA","HELOBDELLA STAGNALIS","HEMERODROMIA SP.","HYDRAENA GRACILIS AD.","HYDRAENA REYI AD.","HYDROCYPHON DEFLEXICOLLIS LV.","HYDROPSYCHE DINARICA","HYDROPSYCHE INCOGNITA","HYDROPSYCHE PELLUCIDULA","HYDROPSYCHE SAXONICA","HYDROPSYCHE SILTALAI","HYDROPTILA SP.","ISOPERLA SP.","LACCOBIUS STRIATULUS AD.","LACCOPHILUS HYALINUS AD.","LEPIDOSTOMA BASALE","LEPIDOSTOMA HIRTUM","LEPTOPHLEBIA MARGINATA","LEUCTRA SP.","LIMNIUS PERRISI AD.","LIMNIUS PERRISI LV.","LIMNIUS VOLCKMARI AD.","LIMNIUS VOLCKMARI LV.","LIMONIIDAE GEN. SP.","LYPE SP.","MICRASEMA LONGULUM","MICRONECTINAE GEN. SP.","MUSCIDAE GEN. SP.","MYSTACIDES AZUREA","NEBRIOPORUS ELEGANS AD.","NEBRIOPORUS ELEGANS LV.","NEMOURA SP.","ODONTOCERUM ALBICORNE","OECETIS TESTACEA","OECISMUS MONEDULA MONEDULA","OLIGOCHAETA GEN. SP.","ORECTOCHILUS VILLOSUS AD.","ORECTOCHILUS VILLOSUS LV.","OULIMNIUS TUBERCULATUS AD.","OULIMNIUS TUBERCULATUS LV.","PARALEPTOPHLEBIA SUBMARGINATA","PEDICIA SP.","PERLA MARGINATA","PERLODES MICROCEPHALUS","PHYSELLA ACUTA","PISIDIUM SP.","PLATAMBUS MACULATUS LV.","PLATYCNEMIS PENNIPES","PLECTROCNEMIA CONSPERSA CONSPERSA","POLYCENTROPUS FLAVOMACULATUS SSP.","POLYCENTROPUS IRRORATUS","POTAMOPYRGUS ANTIPODARUM","POTAMOPYRGUS ANTIPODARUM.1","PROCLOEON SP.","PROSIMULIUM SP.","PROTONEMURA SP.","PSYCHODIDAE GEN. SP.","PSYCHOMYIA PUSILLA","PYRRHOSOMA NYMPHULA","RADIX BALTHICA","RHITHROGENA SEMICOLORATA-GR.","RHYACOPHILA DORSALIS/NUBILA","SERICOSTOMA FLAVICORNE/PERSONATUM","SERRATELLA IGNITA","SIALIS SP.","SILO NIGRICORNIS","SILO PICEUS","SIMULIUM SP.","SIPHLONURUS SP.","SIPHONOPERLA SP.","SPHAERIUM CORNEUM","STAGNICOLA SP.","TABANIDAE GEN. SP.","TIPULA SP.","TORLEYA MAJOR"
108000001,"GER_017_MZB_LO_1","108000001_10.06.2009",2009,"6",10,0,0,0,0,0,0,5.6,0,0,9.6,72,0,28.8,153.6,0,0,9.6,0,0,0,0,9.6,0,0,4.8,396,0,0,0,0,0,0,0,57.6,0,0,0,16,0,0,0,4.8,86.4,0,0,0,15.2,0,0,19.2,120.8,0,0,10.4,4.8,0,0,0,0,0,0,4.8,4.8,0,0,0,19.2,0,0,44,0,0,0,0,0,53,0,92.8,0,0,0,48,4.8,0,0,0,0,9.6,0,0,0,0,0,0,25.6,0,0,4.8,19.2,0,0,0,0,0,0,0,0,0,9.6,0,0,0,0,0,0,0,39.2,0,0,0,44.8,20,417.6,0,0,0,163.2,0,0,0,0,0,0,0
108000001,"GER_017_MZB_LO_1","108000001_24.06.2010",2010,"6",24,0,0,7.2,0,0,0,0,0,0,2.4,72.8,0,28.8,32.8,0,0,50.4,2.4,0,0,0,7.2,0,0,0,168,0,0,0,0,0,0,0,2.4,0,0,0,11.2,0,0,0,0,28,0,0,0.8,5.6,0,0,4.8,21.6,0,0,21.6,0,0.8,0,0,0,0,0,0,0,0,0,0,2.4,0,0,12,0,0,0,0,0,5.6,0,20.8,0,0,0,19.2,0,0,0,0,0,0,0,0,0,0,0,0,0,0,0,4.8,7.2,0,0,0,0,0,0,0,0,0,7.2,0,0,0,0,0,0,0,12,0,12.8,0,10.4,22.4,296.8,0,0,0,17.6,0,0,0,0,0,0,0
108000001,"GER_017_MZB_LO_1","108000001_14.06.2011",2011,"6",14,0,0,0,0,0,0,0,0.8,0,0,48,0,40,102.4,0,0,173.6,4,0,0,0,0,0,0,4,578.8,0,0,0,0,0,0,0,24,0,0,0,88.8,0,0,0,0.8,20,0,0,0.8,4,0,0,0,40,0,0,4,0,0,0,0,0,0,0,0,0,0,0,0,14.6,0,0,11.8,0,0,0,0,0,4.8,0,62.4,0,0,0,4,0,0,0,0,0,0,1.6,0,0,0,0,0,1.6,0,0,0,20,0,0,0,0,0,0,0,0,0,0,0,0,0,0,0,0,0,0,0,0,0,24,17.6,297.6,0,0,0,12,0,0,0,0,0,0,0
108000001,"GER_017_MZB_LO_1","108000001_12.06.2012",2012,"6",12,0,0,0,0,0,0,0,0.8,0,12,60,0,32,24.800004,0,0,224.00003,0,0,0,0,4,0,0,12,356.8,0,0,0,0,0,0,0,12,0,0,0,43.2,0,0,0,0,16,0,0,4.8,4,0,0,4,95.44615,0,0,17.35385,4,0,0,0,0,0,0,0,0,0,0,0,27,0,0,9,0,0,0,0,0,32.8,0,97.6,0,0,0,12,0,0,0,8,0,0,0,0,0,0,0,0,0,0,0,6.4,8,0,4,0,0,0,12,0,0,0,8,0,0,0,0.8,0,0,0,4,0,8,0,12,32,229.6,0,0,0,4,0,0,0,0,0,4,0
108000001,"GER_017_MZB_LO_1","108000001_26.06.2013",2013,"6",26,0,0,0,0,0,0,0,8,0,0,33.5,51.2,33.5,33.6,0,0,211.2,0,0,0,4.8,9.6,0,0,24,578.4,0,0,0,0,0,0,0,0,0,0,0,55.2,0,0,0,0,0,0,0,21.6,34.4,0,0,0,9.6,0,0,107.2,0,0,0,0,0,0,0,0,0,0,0,0,34.4,0,0,5.6,0,0,0,0,0,26.4,0,213.6,0,0,0,19.2,0,0,0,0,0,0,0,0,0,0,0,0,19.2,0,0.8,4.8,0,0,0,0,0,0,9.6,0,0,0,68.8,0,0,0,0,0,0,0,14.4,0,0.8,0,4.8,14.4,572.8,0,0,0,0,0,0,0.8,0,0,0,0
108000001,"GER_017_MZB_LO_1","108000001_11.06.2015",2015,"6",11,0,0,4.8,0,0,0,57.6,10.4,0,0,24,14.4,4.8,397.6,0,0,92,0,0,0,0,0,0,0,24,332.8,0,0,0,0,0,0,0,9.6,0,0,0.8,3.2,0,0,0,0,91.2,0,0,9.6,4.8,0,0,33.6,192,0,0,86.4,0,0,14.4,0,0,0,0,0,0,0,0,0,24,0,0,19.2,0,0,0,0,0,9.6,0,72,0,0,0,57.6,0,0,0,0,0,0,0,0,0,0,0,0,0,0,0,4.8,0,0,0,0,0,0,0,0,0,0,9.6,0,0,0,0,0,0,0,19.2,0,14.4,0,4.8,9.6,405.6,0,0,0,139.2,0,0,0,0,0,0,0
108000001,"GER_017_MZB_LO_1","108000001_12.07.2016",2016,"7",12,0,0,15.2,0,0,0,14.4,24.8,4.8,0,9.6,4.8,0,129.6,0,0,62.4,0,0,0,0,0,0,0,0,491.2,0,0,0,0,0,0,0,0,0,0,0,57.6,0,0,0,28.8,33.6,0,0,0.8,0.8,0,0,24,369.6,0,0,283.2,0,0,0,0,0,0,0,0,0,0,0,0,62,0,0,0,0,0,0,0,0,10.4,0,212,0,0,4.8,67.2,0,0,0,0,0,0,0,0,0,0,0,0,0,0,0,0,0,0,0,0,0,0,4.8,0,0,0,9.6,0,0,0,0,0,0,0,0,0,0,0,24.8,0,540.8,0,0,0,225.6,0,0,0,0,0,0,0
108000001,"GER_017_MZB_LO_1","108000001_18.07.2017",2017,"7",18,0,0,62.4,0,0,0,0,55.2,0,0,9.6,0,0,90.4,0,0,28.8,0,0,0,0,0,0,0,145.6,456.8,0,0,0,0,0,0,0,19.2,0,0,0.8,28.8,0,0,0,19.2,105.6,0,0,0,0.8,0,0,207.2,259.2,0,0,292.8,0.8,0,0,0,0,0,10.4,0,0,0,0,0,68,31,0,0,0,0,0,0,0,0,0,84,0,0,4.8,33.6,38.4,0,0,0,0,0,0,0,0,0,0,0,5.6,0,0,81.6,14.4,0,0,0,0,0,0,0,0,0,46.4,0,0,0,0,0,0,0,11.2,0,0.8,0,11.2,14.4,106.4,0,0,0,499.2,0,0,0.8,0,0,0,0
108000001,"GER_017_MZB_LO_1","108000001_26.06.2018",2018,"6",26,0,0,0,0,0,0,67.2,88,0,14.4,0,4.8,0,209.6,0,0,72,0,0,0,0,0,0,0,24,865.6,0,0,0,0,0,0,0,0,0,0,9.6,31.2,0,0,0,0,76.8,0,0,20.8,1.6,0,0,0,523.2,0,0,217.6,4.8,0,9.6,0,0,0,0,0,0,0,0,0,117,33.6,0,5.6,4.8,0,0,0,0,0,0,43.2,0,0,0,28.8,57.6,0,0,0,0,33.6,0,0,0,0,0,0,24,0,0,0,19.2,0,0,0,0,0,0,0,0,0,4.8,0,9.6,9.6,0,0,0,0,28.8,0,5.6,0,41.6,0.8,204,0,0,0,505.6,0,0,0,0,0,0,0
108000001,"GER_017_MZB_LO_1","108000001_08.07.2019",2019,"7",8,0,0,0,0,0,0,3.428571429,21.37142857,0,0,0,0,0,32.457142858,0,0,30.9,0,0,3.428571429,0,3.4,0,0,6.857142857,452.57142852,0,0,0,0,0,0,0,13.71428571,0,0,3.428571429,37.5,0,0,0,0,6.857142857,0,0,1.6,0,0,0,20.57142857,58.28571429,0,0,113.1428571,0,0,6.857142857,0,0,0,0.8,0,0,0,0,0,62.4,11.1,0,0,0,0,0,0,0,0.8,0,28.22857143,0,0,0,20.57142857,0,0,0,0,0,24,0.8,0,0,0,0,0,11.085714286,0,0,3.428571429,3.428571429,0,0,0,0,0,0,0,0,0,3.428571429,0,0,0,0,0,0,0,6.857142857,0,3.428571429,0,22.1,1.6,58.05714286,10.28571429,0,0,176.4571429,0,0,3.4,0,0,3.428571429,0
108000002,"GER_017_MZB_LO_2","108000002_11.07.2008",2008,"7",11,0,0,4.8,0,0,0,0,0,0,6,0,0,0,14.4,0,0,0,0,0,0,0,1.2,0,0,0,321.2,0,0,0,0,0,0,0,1.2,0,0,0,5.2,0,0,0,0,1.2,0,0,0,0,0,0,2.4,19.2,0,0,0.8,0,0,0,0,0,0,0,0,0,0,0,0,13.6,0,0,0,0,0,0,0,0,0,0,151.2,0,0,0,1.2,0,0,0,0,0,0,0,0,0,0,0,0,0,0.8,0,0,1.2,0,0,0,0,0,0,0,0,0,1.2,0,0,0,0,0,0,0,0,0,0,0,19.2,0,16.4,0,0,0,3.6,0,0,0,0,0,2.8,0
108000002,"GER_017_MZB_LO_2","108000002_10.06.2009",2009,"6",10,0,0,4.8,0,0,0,10.4,0,0,0.8,76.8,0,4.8,58.4,0,0,9.6,0,0,0,0,14.4,0,0,0,1247.2,0,0,0,0,0,0,0,9.6,0,0,0,21.6,0,0,0,0,91.2,0,0,1.6,9.6,0,0,10.4,255.2,0,0,255.2,4.8,0,0,0,0,0,0,0,9.6,0,0,0,39.2,0,0,38.4,0.8,0,0,0,0,107.2,0,198.4,0,0,0,4.8,0,0,0,0,0,4.8,0,0,0,0,0,0,14.4,0,0,4.8,4.8,0,0,0,0,0,9.6,0,0,0,20,0,0,0,0,0,0,0,19.2,0,5.6,0,24,29.6,452.8,4.8,0,0,38.4,0,0,0.8,0,0,0,0
108000002,"GER_017_MZB_LO_2","108000002_24.06.2010",2010,"6",24,0,0,5.6,0,0,0,0,0,9.6,44.8,62.4,0,4.8,89.6,0,0,4.8,0,0,0,0,4.8,0,0,0,620,0,0,0,0,0,0,0,24,0,0,0.8,16,0,0,0,0.8,50.4,0,0,0,40,0,0,19.2,63.2,0,0,44,0,0,0,0,0,0,4.8,0,0,0,0,0,5.2,0,0,34.4,0,0,0,0,0,5.6,0,48,0,0,0,14.4,4.8,0,0,0,0,0,0,0,0,0,0,0,0,0,0,9.6,14.4,0,0,0,0,0,0.8,0,0,0,16,0,0,0,0,0,0,0,0,0,9.6,0,24.8,6.4,335.2,0,0,0,312,0,0,0,0,0,0,0
108000002,"GER_017_MZB_LO_2","108000002_14.06.2011",2011,"6",14,0,0,14.4,0,0,0,0,0,0,24.8,0,0,14.4,214.4,0,0,43.2,0,0,0,0,0,0,0,0,572.4,0,0,0,0,0,0,0,14.4,0,0,0,247.2,0.8,0,0,0.8,4.8,0,0,0,0,0,0,28.8,144,0,0,0,0,0,0,0,0,0,0,0,0,0,0,0,27,0,0,37,0,0,0,0,0,0.8,0,131.2,0,0,0,4.8,0,0,0,0,0,0,0,0,0,0,0,0,0,0,0,9.6,0.8,0,0,0,0,0,0,0,0,0,0,0,0,0,0,0,0,0,43.2,0,0,0,11.2,0,502.4,0,0,0,20,0,0,4.8,0,0,4.8,0
108000002,"GER_017_MZB_LO_2","108000002_12.06.2012",2012,"6",12,0,0,0,0,0,0,24,0,4.8,0,62.4,0,9.6,96.8,0,0,322.285,0,0,0,0,0,0,0,4.8,1401.6,0,0,0,0,0,0,0,4.8,0,0,0,111.2,0,0,0,0,4.8,0,0,6.4,4.8,0,0,43.2,235.2,0,0,10.4,0,0,3.2,0,0,0,0,0,0,0,0,0,26.6,0,0,26.6,0,0,0,0,0,15.2,0,399.2,0,0,0,19.2,0,0,0,19.2,0,4.8,0,0,0,0,0,0,19.2,5.6,0,5.6,14.4,0,9.6,0,0,0,9.6,0,0,0,19.2,0,0,0,0,0,0,4.8,0,0,9.6,0,10.4,9.6,586.4,0,0,0,9.6,0,0,0,0,0,4.8,0
108000002,"GER_017_MZB_LO_2","108000002_21.06.2013",2013,"6",21,0,0,0,0,0,0,10.4,0.8,4.8,1.6,48.3,0,24.1,48,0,0,384,0,0,0,0,9.6,0,0,14.4,265.6,0,0,0,0,0,0,0,0,0,0,0,50.4,0,0,0,0,0,0,0,10.4,29.6,0,0,0.8,48,0,0,32,0,0,0,0,0,0,0,0,0,0,0,0,24.8,0,0,0,0,0,0,0,0,16,0,40,0,0,0,4.8,0,0,0,0,0,0,0.8,0,0,0,0,0,4.8,0,0,0,0,0,0,0,0,0,0,0,0,0,25.6,0,4.8,4.8,9.6,0,0,0,9.6,0,11.2,0,14.4,4.8,408.8,0,0,0,24,0,0,0,0,0,19.2,0
108000002,"GER_017_MZB_LO_2","108000002_11.06.2015",2015,"6",11,5.6,0,0,0,0,0,9.6,0,0,0,28.8,19.2,4.8,236,0,0,19.2,0,4.8,0,0,0,0,0,52.8,63.2,0,0,0,0,0,0,0,33.6,0,0,0,12.8,894.4,0,0,0,24,0,0,48,4.8,0,0,14.4,129.6,0,0,57.6,1.6,9.6,0,0,0,0,0,0,0,0,0,0,6.4,0,0,4.8,0,0,0,0,0,7.2,0,36,0,0,0,24,0,0,0,0,0,0,0,0,0,0,0,0,0,14.4,0,0,0,0,0,0,0,0,0,0,0,0,14.4,0,0,0,0,0,0,0,0,0,0,0,10.4,0.8,396,0,0,0,14.4,0,0,0,0,0,0,0
108000002,"GER_017_MZB_LO_2","108000002_12.07.2016",2016,"7",12,0,0,115.2,0,0,0,0,0,4.8,20,14.4,0,0,153.6,0,0,24,0,15.2,0,0,0,0,0,0,297.6,0,0,0,0,0,0,0,4.8,0,0,0,48.8,1228.8,0,0,28.8,33.6,0,0,9.6,0,0,0,24,369.6,0,0,48,1.6,4.8,0,0,0,0,0,0,0,0,0,0,58,0,0,0,0,0,0,0,0,4.8,0,64,0,0,4.8,67.2,0,0,0,0,0,15.2,0,0,0,0,0,0,4.8,0,0,0,0,0,0,0,0,0,4.8,0,0,0,0,0,0,0,0,0,0,0,0,0,0,0,53.6,9.6,380,0.8,0,0,9.6,0,0,0,0,0,0,0
108000002,"GER_017_MZB_LO_2","108000002_18.07.2017",2017,"7",18,0,0,39.2,0,0,0,5.6,16,10.4,0,0,0,0,18.4,0,0,24.8,0,12.8,0,0,0,0,0,53.6,557.6,0,0,4.8,0,0,0,0,0,0,0,0,16.8,855.2,0,0,28.8,33.6,0,0,15.2,11.2,0,0,15.2,178.4,0,0,14.4,4.8,0,9.6,0,0,0,0,0,0,0,0,0,65,38,0,0,0,0,0,0,0,0,0,62.4,0,0,4.8,24,33.6,0,0,0,0,9.6,0,0,0,0,0,0,0,0,0,15.2,9.6,0,0,0,0,0,0,0,0,0,5.6,0,0,0,0,0,0,0,0,0,58.4,0,12.8,0,36,0,0,0,24,0,0,0,9.6,0,0.8,0
108000002,"GER_017_MZB_LO_2","108000002_26.06.2018",2018,"6",26,0,0,22.4,0,0,0,10.4,29.4,0,67.2,4.8,0,0,158.4,0,0,121,0,7.2,0,0,0,0,0,111.2,1084.8,0,0,4.8,0,0,0,0,0,0,0,0,7.2,927.2,0,0,9.6,28.8,0,0,4,0.8,0,0,0,484.8,38.4,0,4.8,4.8,0,0,0,0,0,0,0,0,0,0,0,154.4,14.8,0,9.6,4.8,0,0,0,0,0.8,0,16,0,0,0,38.4,48.8,0,0,0,0,7.2,0,0,0,0,0,0,0,0,0,0,19.2,0,0,0,0,0,4.8,0,0,0.8,0,0,0,0,0,0,0,0,14.4,0,68,0,41.6,0,138.2,4.8,0,0,72.8,0,0,0,4.8,0,0,0
108000002,"GER_017_MZB_LO_2","108000002_08.07.2019",2019,"7",8,0,0,2.4,0,0,0,9.6,24.8,0,19.2,0,0,0,48.8,0,0,32.6,0,0,4.8,0,0,0,0,0,700.8,0,0,0,0,0,0,0,0,0,0,0,23.2,604.8,0,0,0,0,0,0,10.4,9.6,0,0,4.8,62.4,9.6,0,9.6,0,0,0,0,0,0,9.6,0,0,0,0,0,68.8,0,0,0,0,0,0,0,0,0,0,28.8,0,4.8,0,24,14.4,0,0,0,0,9.6,0.8,0.8,0,0,0,0,1.6,0,0,0,0,0,0,0,0,4.8,4.8,0,0,0,4.8,0,0,0,0,0,0,0,9.6,0,9.6,0,20,4.8,74.4,14.4,0,0,4.8,0,0,5.6,0,0,4.8,0
108000003,"GER_017_MZB_LO_1","108000003_14.04.2010",2010,"4",14,0,0,0,4,0,0,2.8,0,0,12,0,0,0,74,20.8,0,0,0,0.8,0,0,16,0,0,0,46,0,0,0,0.8,0,0,2.8,0,0,0,4,11.6,0,0,0,0,8,0,2,38,0,0,0,0,0,0,0,0,0,0,0,0.8,4,0,0,0,0,0,106,7.6,0,7.6,0,4.8,0,0.8,0,0,0,0,0,18,2,30,0,66,32,2,0,0,0,0,0,0,2,8,0,0,4,0,2,0,4,0,0,0,0,0,2,0,0,0,4,0,0,0,0,106,32.8,0,0,0,0,20,0,11.6,0,1.6,0,0,4,0,10,0,0,0,0,0
108000003,"GER_017_MZB_LO_1","108000003_15.04.2011",2011,"4",15,0,0,0,0,0,0,4,0,0,0,0,0,0,4.8,0,0,0,0,0,0,0,4,0,0,0,36,4.8,0,0,0,1.6,0,2.4,0,0,0,0,14,0,4,0,0,0,0,0,24.8,0,0,0,0,0,0,0,0,0,0,0,55.2,1.6,0,0,0,0,0,2.4,0,0,1.6,0,0,0,0,0,0,0,0,0,3.2,0,4.8,1.6,14.4,12.8,0,0,0,0,0.8,0,0,4,5.6,0,0.8,0.8,0,0.8,1.6,5.6,0,0,0,0,0,0,0,0,2.4,1.6,0,0,0,0,0,0,0,0,0,0,6.6,0,5.6,0,4.8,0,0,0.8,0,19.2,0,0,0,0,0
108000003,"GER_017_MZB_LO_1","108000003_13.04.2012",2012,"4",13,0,3.428571429,0,0,0,0.8,16.91428571,0,0,0,0,0,0,53.02857143,0,0,0,0,9.2,0,0,61.71428571,0,0,0,150.85714286,0,0,0,4.228571429,0,0,4.228571429,0,0,0,0,10,0,0,6.857142857,0,10.28571429,0,0.8,66.74285714,0,0,0,0,0,0,0,0,0,0,0,26,91,0,0,0,27.42857143,0,226.2857143,9.9,0,4.6,0,0,0,3.428571429,0,0,0,0,0,30.85714286,0,20.57142857,0,37.71428571,13.71428571,0,0,0,0,0,0,0,3.428571429,4.228571429,0,0,17.942857139,0,0,20.57142857,51.42857143,0,3.428571429,0,0,0,0,0,0,0,6.857142857,0,0,0,0,3.428571429,17.14285714,0,0,0,0,20,0,20.57142857,0,10,0,0,3.428571429,0,51.42857143,0,0,0,0,0
108000003,"GER_017_MZB_LO_1","108000003_15.04.2013",2013,"4",15,0,0,0,0,0,0,0,0,0,15.52941176,0,0,0,15.2,0,0,0,0,2.211764706,5.647058824,0,2.823529412,0,0,0,121.4117647,4.235294118,0,0,0,0,0,2.211764706,0,0,0,0,8.470588235,0,0,1.411764706,0,0,0,0,48,0,0,0,0,1.411764706,0,0,0,0,0,0,2,45.6,0,0,0,8.470588235,0,12.70588235,2.8,0,0,0,0,0,2.823529412,0,0,0,0,0,9.882352941,1.411764706,11.29411765,1.411764706,7.058823529,2.823529412,0,0,0,0,0,0,0,34.87058824,8.470588235,0,0,0,0,1.411764706,1.411764706,16.94117647,0,0,0,0,0,2.823529412,0,0,1.411764706,4.235294118,1.411764706,0,0,0,0,0,0,0,0,0,1.411764706,0,4.235294118,0,12.1,0,0,28.235294118,0,15.52941176,0,0,1.411764706,0,0
108000003,"GER_017_MZB_LO_1","108000003_10.04.2014",2014,"4",10,0,0,0,4,0,0,28.8,0,0,1.6,0,0,0,91,0,0,0,0,0.8,16,0,4,0,0,0,461.6,0,0,0,0,16,0.8,2.4,0,4,0,0,2.4,0,0,4,0,0,0,0,200.8,0,0,0,0,0,0,0,0,0,0,0,64,216,0,0,0,4,0,44,2.4,0,0.8,0,4,0,0,0,0,0,0,1.6,0,0,0,16,36.8,4,0,0,0,0,8,0,0,96,14.4,0,8,8,0,4,12,140,0,0,1.6,0,0,4,0,0,12,0.8,0.8,0,0,0,0,12.8,0,0,0,0,0.8,0,5.6,0,36.8,0,0,24.8,8,8.8,0,0,0,0,0
108000003,"GER_017_MZB_LO_1","108000003_15.04.2015",2015,"4",15,0,0,0,1.6,0.8,0,23.2,0,0,12,0,0,0,10.4,0,0,0,0,2.4,0,0,4,0,0.8,0,35.2,0,0,0,3.2,1.6,3.2,0.8,0,0,0,1.6,3.2,0,0,4,0,0.8,0.8,0,36,0,0,0.8,0,0,0,0,0,0,0,0,9.4,13.2,0,0,0,0,0,11.2,0,0,1,0,2.2,0,1.6,0,0,0,0,0,0,0,4,3.2,11.2,0.8,0,0,0,0,0,0,0,0.8,2.4,0,0,4.8,0,0,0,14.4,0,0,0.8,0,0,1.6,0,0,1.6,0.8,0.8,0,0,0,0.8,6.4,0,0,0,0,2.4,0,12.8,0,4,0,0,16,0,0.8,0,0,0,0,0.8
108000003,"GER_017_MZB_LO_1","108000003_08.04.2016",2016,"4",8,0.8,0,0,0,0,0,10.8,0,0,8,0,0,0,32.8,0,0,0,0,2.8,2,0,26,0,0,0,148,4,0,0,0,0,0,5.6,0,0,0,0.8,7.6,0,0,0,0,2,6,0,59.6,0,0,0,0,0,0,0,0,0,0,0,1.6,72,0,2,0,2,0,16,0,0,0,0,0,4,5.6,0,0,0,0,0,0,0,2,2,14,0,0,0,0,2,0,0,0,4,3.6,0,0,8.8,0,4,12.8,26,11.6,0,0,0.8,0,8,0,4,0,12,0,0,0,0,2,4,0,0,0,4,0,0,10.8,0,22.8,0,0,32.8,0,8,0,0,0,0,0
108000003,"GER_017_MZB_LO_1","108000003_13.04.2017",2017,"4",13,0,0,0,4.8,0,0,24,0,0,15.2,0,0,0,98.4,0,0,0,0,5.6,0,0,19.2,4.8,0,0,174.4,0,0,0,0,0,2.4,3.2,0,0,0,4.8,9.6,0,0,2.4,0,0,0,0,98.4,0,0,0,0,0,0,4.8,0,0,0,0,12.4,124,0,0.8,0,4.8,0,2.4,0,0,2.4,0,0,0,0,0,0,0,0,1.6,0,0,4.8,2.4,9.6,0,0,0,0,0,0,0,0,7.2,0.8,0,0,4.8,0,2.4,7.2,14.4,10.6,0,2.4,0,0,0,0,4.8,0,12,0,0,0,1.6,0,0,0,0,0.8,0,2.4,0,17.6,0,3.2,0,0,27.2,0,4.8,0,0,4.8,2.4,0
108000003,"GER_017_MZB_LO_1","108000003_18.04.2018",2018,"4",18,0,0,0,8,4,0,4,0,0,24,0,0,0,368.8,0,0,0,0,4,0,0,28,0,0,0,268,0,0,0,0,0,8,1.6,4,0,0,4,8.8,0,0,16,0,36,4,0,28.8,0,0,0,12,56,0,0,0,0,0,0,10,148,0,0,0,16,0,224,0,0,12,0,0,0,5.6,0,0,0,0,0,12,0,0,0,60,0,0,0,0,0,0,0,0,32.8,0,0,0,16,0,8.8,76,28,1.6,0,1.6,0,0,0,0,0,0,20,0,0,0,0,56,24,0,0,1.6,0,16.8,0,0,0,4.8,0,0,180,0,64,0,0,4,0,0
108000003,"GER_017_MZB_LO_1","108000003_08.04.2019",2019,"4",8,0,0,0,2.4,2.4,0,9.6,0,0,0,0,0,0,0,8,0,0,0,2.4,12,0,0,0,0,0,175.2,0,0,0,0.8,0,7.2,5.6,0,0.8,0,2.4,0,0,0,0,0,7.2,0,0,28.8,0,0,0,7.2,2.4,0,0,0,0,0,0,0,91.2,0,0,0,9.6,0,48,0,0,0,0,0,0,1.6,0,0,0,0,0,0,2.4,0,12,38.4,2.4,0,0,0,0,2.4,0,0,33.6,0,2.4,0,26.4,0,0,79.2,45.6,7.2,0,0,0,0,16.8,0,21.6,0,0,0,0,0,0,27.2,2.4,0,0,2.4,12,0,0,5.6,0,22.4,0,0,43.2,0,4.8,0,0,0,0,0
108000004,"GER_017_MZB_LO_2","108000004_14.04.2010",2010,"4",14,0,0,0,2.4,0,0,7.2,0,0,0,0,0,0,20.8,7.2,0,0,0,0,0,0,0.8,0,0,0,25.6,0.8,0,0,0.8,0,0,0.8,0,0,0,0.8,5.6,0,0,8,0,0,10.4,0,8,0,0,0,0.8,0,0,0,0,0,0,0,0.8,0,0,0,0,3.2,0,32.8,7,0,4,0,0,0,0,0,0,0,0,0,7.2,4,28.8,1.6,30.4,10.4,0,0,0,0,0,0,0,4,3.2,0,0,0.8,0,0.8,0,3.2,0,0,0,0.8,0,0,0,0.8,0,3.2,0,0,0,0,18.4,12,0,0,0,0,11.2,0,2.4,0,0.8,0,0,15.2,0,9.6,0,0,0,1.6,0
108000004,"GER_017_MZB_LO_2","108000004_15.04.2011",2011,"4",15,0,0,0,1.6,0,0,0,0,0,0,0,0,0,0,4.8,0,0,0,0,0,0,0.8,0,0,0,20,0,0.8,0,0,0,0,0,0,0,0.8,1.6,3.2,0,0,0.8,0,0,0,0,0.8,0,0,0,0,0,0,0,0,0,0,0,0.8,0,0,0,0,0.8,0,0,0,0,0,4.8,0,0,4,0,0,0,0,0,1.6,0,0,0,0,0.8,0,0,0,0,0,0,0,0.8,1.6,0,0,0,0,1.6,0,0.8,0,0,0,0,0,0,0,0,0,0,0,0,0,0,0.8,4,0,0,0,0,4.8,0,0.8,0,0,0,0,0,0,4.8,0,0,0,0,0
108000004,"GER_017_MZB_LO_2","108000004_13.04.2012",2012,"4",13,0,0,0,1.333333333,0,0,0.8,0,0,0,0,0,0,56.33333333,1.333333333,0,0,0,0,12,0,8,0,0,0,53.333333336,4.8,0,0,0,0,0,0.8,0,0,0,0,3.466666667,0,0,1.333333333,0,0,0,1.6,74.93333333,0,0,0,0,0,0,0,0,0,0,0,1.333333333,14,0,0,0,4,0,1.333333333,4.266666667,0,0,0,0,0,4.266666667,0,0,0,0,0,6.666666667,1.333333333,2.666666667,2.666666667,5.333333333,8,0,0,0,0,0,0,0,0,0,0,0,1.333333333,0,0,1.333333333,1.333333333,0,0,0,1.6,0,0,0,0,0,8.8,0,0,0,0,0.8,14.66666667,0,0,0,0,11.3,0,6.133333333,0,4.8,0,0,4,0,17.33333333,0,0,6.133333333,0,0
108000004,"GER_017_MZB_LO_2","108000004_15.04.2013",2013,"4",15,0,0,0,0,0,0,11.46666667,0,0,11.46666667,0,0,0,49,2.666666667,0,0,0,0,16,0,2.666666667,0,0,0,98.66666667,0,0,0,0,0,0,0,3.466666667,0,0,0,19,0,0,0,0,24,0,0,236.2666667,0,0,0,0,0,0,0,0,0,0,0,0.8,44,0,0,0,8,0,10.66666667,3.6,0,0,5,3.6,0,0,0,0,0,0,0,10.666666667,0,2.666666667,2.666666667,5.333333333,5.333333334,0,0,0,0,0,0,0,39.73333333,3.466666667,0,0,6.133333334,0,0,0,10.66666667,0,0,5.333333333,0,0,0,2.666666667,0,0,2.666666667,0,0,0,0,2.666666667,8,0,0,0,0,6,0,16,0,0,0,0,88.000000003,0,21.33333333,0,0,2.666666667,0,0
108000004,"GER_017_MZB_LO_2","108000004_10.04.2014",2014,"4",10,0,0,0,0,0,0,3.2,0,0,0,0,0,0,109,0,0,0,0,2.4,105,0,4.8,0,0,0,178.4,0,0,0,0.8,0,4.8,24.8,0,0,0,0,6.4,0,0,0,0,4.8,0,0,344,0,0,0,19.2,4.8,0,0,0,0,0,0,41.6,164,0,0,0,14.4,0,4.8,0,0,0.8,0.8,0,0,1.6,0,0,0,0,0.8,0,0,38.4,4.8,168,9.6,0,0,0,0,0,0,0,110.4,2.4,0,0,5.6,0,0,43.2,187.2,0,0,0,0,0,0,0,0,0,15.2,0,0,0,0,4.8,0,0,0,0,0,0,0,24.8,0,9.6,0,0,48,9.6,4.8,0,0,33.6,0,0
108000004,"GER_017_MZB_LO_2","108000004_15.04.2015",2015,"4",15,0,0,0,8,0,0,4.8,0,0,12.8,0,0,0,176.8,0,0,0,0,0,4,0,16,0,0,0,201.6,0,0,0,0,24,0,4,4,0,0,0,16,0,0,0,0,24,0,0,216.8,0,0,0,0,12,0,0,0,0,0,0,34.8,204,0,0,0,4,4,48.8,0,0,0,0,0,0,0,0,0,0,0,0,8,0,8,0,44,0,0,0,0,0,0,0,0,50.4,22.4,0,0,32,0,0,4,68,0,0,0,0,0,0,0,0,0,8,0,0,0,0,1.6,20,0,0,0.8,0,12.8,0,56,0,0,0,0,44.8,0,4,0,0,8.8,0,0
108000004,"GER_017_MZB_LO_2","108000004_08.04.2016",2016,"4",8,0,0,0,5.333333333,2.666666667,0,8,0,0,10.66666667,0,0,0,98.400000006,0,0,0,0,3.466666667,2.666666667,0,29.33333333,0,0,0,149.33333333,0,0,0,0,2.666666667,5.333333333,3.466666667,0,0,0,0,8,0,0,0,0,5.333333333,0,0,121.3333333,0,0,0,0,0,0,0,0,0,0,0,32.8,5.333333333,0,3.466666667,0,0,0,10.66666667,0,0,0,2.666666667,0,5.333333333,8,2.666666667,0,0,0,0,2.666666667,0,8,0,75.46666667,5.333333333,0,0,0,0,0,0,0,21.33333333,8,0,0,2.666666667,0,8,2.666666667,18.66666667,8,0,0,0,0,5.333333333,0,2.666666667,0,18.7,0,0,0,0,16,2.666666667,0,0,0,5.333333333,8,0,13.33333333,0,2.666666667,0,0,77.33333333,0,11.46666667,0,0,26.66666667,0,0
108000004,"GER_017_MZB_LO_2","108000004_13.04.2017",2017,"4",13,0,0,0,0,0.8,0,30.4,0,0,14.4,0,0,0,59,4.8,0,0,0,0.8,34,0,9.6,0,0,0,184,0,0,0,1.6,0,0,5.6,0,0,0,0,5.6,0,0,4.8,0,0,0,0,139.2,0,0,0,4.8,19.2,0,0,0,0,0,0,42,90,0,15.2,0,9.6,0,28.8,0,0,0,0,0,0,0,0,0,0,0,0,0,0,9.6,9.6,110.4,0,0,0,0,0,0,0,0,97.6,9.6,0,0,19.2,0,0,91.2,100.8,8.8,0,0,0,0,14.4,0,0,0,25.6,0,0,0,0,4.8,0,0,0,0,0,0,0,20,0,0,0,0,222.4,0,19.2,0,0,9.6,0,0
108000004,"GER_017_MZB_LO_2","108000004_18.04.2018",2018,"4",18,0,0,0,0,4,0,0,0,0,8,0,0,0,213.6,0,0,0,0,0.8,0,0,28,0,0,0,380,0,0,0,0.8,16,8,4.8,4,0,0,0.8,20,0,0,4,0,16,0,0,53.6,0,0,0,0,36,0,0,0,0,0,0,0,113,0,8,0,8,0,68,0,0,8,0,0,0,0.8,0,0,0,0,0,20,0,4,0,52,8,0,0,0,0,0,0,0,44.8,17.6,0,0,20.8,0,16.8,68,76,2.4,0,0,0,0,8,0,0,0,8,0,0,0,0,28,0,0,0,3.2,4,5.6,0,32,0,0.8,0,0,40,0,8.8,0,0,0,0,0
108000004,"GER_017_MZB_LO_2","108000004_08.04.2019",2019,"4",8,0,0,0,0,8,0,0,0,0,0,0,0,0,12,52,0,0,0,9.6,0,0,4,0,0,0,362.4,0,0,0,4.8,0,20,4,0,0,0,0,0.8,0,0,0,0,4,0,0,104,0,4,0,0,0,0,0,0,0,0,0,0.8,64,0,0,0,0,0,8,0,0,0,0,0,0,4,0,0,0,0,0,0,0,0,0,20,16,0,0,0,4,0,0,0,244,1.6,0,0,28,0,0.8,64,72,0,0,0,0,0,0,0,28,0,4,0,0,0,0,33.6,0,0,0,2.4,8,0,0,0.8,0,24.8,0,0,76,0.8,4,0,0,24,0,0
108000005,"GER_017_MZB_LO_3","108000005_14.04.2010",2010,"4",14,0,0,0.8,0,0,0,0,0,0,3.2,0,3.2,0,39.2,11.2,0,0,0,0,0,0,3.2,0,0,0,29.6,2.4,0,0.8,0,0,0,0,0,0,0,0,14.4,0,0,6.4,0,12.8,0,6.4,3.2,0,0,0,0,0.8,0,0,0,0,0,0,12.8,0,0,0,0,6.4,0,9.6,0,0,6.4,0,0.8,0,0.8,0,0,0,0,0,0.8,0,0,1.6,15.2,4,0,1.6,0,0,0,0,0,1.6,0.8,0,0,4,0,6.4,2.4,0,0,0,5.6,0,0,0.8,0,0,0,0.8,0,0,0,0,2.4,2.4,0,0,0,0,25.6,3.2,4,0,0,0,0,7.2,0,4.8,0,0,0,0.8,0
108000005,"GER_017_MZB_LO_3","108000005_15.04.2011",2011,"4",15,0,0,0,1.6,0,0,0,0,0,5.6,0,0,0,139.2,8.8,0,0,0,0,0,0,0,0,0,0,33.6,5.6,0,0,0,0,0.8,0.8,0,0,0,0,27,0,12.8,18.4,0,0.8,0,3.2,1.6,0,0,0,0.8,0.8,0,0,0,0,0,0,24.8,1.6,0,0,0,5.6,0,1.6,0,0,15.4,0,15.4,0,7.2,0,0,0,2.4,0,0,0,0,1.6,2.4,0.8,0,0,0,0,0,0,0,0,0,0,0,0,0,4,2.4,1.6,0,0,3.2,0.8,0,0,0,0,0,0,0,0,0,0,10.4,8.8,0,0,0,0,33,0.8,6.4,0,0,0,0.8,80,0,20,0,0,1.6,0,0.8
108000005,"GER_017_MZB_LO_3","108000005_13.04.2012",2012,"4",13,0,0,0,0,0,0,0,0,0,6.857142857,0,41.2,0,228,0.8,1.6,0,0,0.8,0,0,13.71428571,0,0,0,226.28571425,0,0,0,0.8,0,0,0,20.57142857,0,0,0,76,0,0,45.37142857,0,48,0,5.028571429,21.37142857,0,0,0,0,10.28571429,0,0,0,0,0,0,88,0,0,0,3.428571429,0,0,34.28571429,0,0,63.7,0,7,3.428571429,4.228571429,0,0,0.8,0,0,0,0,0,0,10.28571429,10.285714286,0,0,0,0,0,0,0,0,3.428571429,0,0,7.657142857,0,4.228571429,10.28571429,92.57142857,0,0,7.428571429,0,0,0,0,0,0,10.28571429,3.428571429,0,0,0,0.8,0,0,0,0,3.428571429,34,0,14.51428571,0,0,0,0,78.85714286,0,17.14285714,0,0,10.28571429,0,6.857142857
108000005,"GER_017_MZB_LO_3","108000005_15.04.2013",2013,"4",15,0,0,0,2.666666667,0,0,0,0,0,5.333333333,0,0,0,135.8,3.466666667,0,0,0,0.8,0,0,5.333333333,0,0,0,72.000000003,2.666666667,0,0,0,0,0,0,2.666666667,0,0,0,57.6,0,0,18.66666667,0,74.66666667,0,6.933333333,38.13333333,0,0,0,16,16,0,0,0.8,0,0,0,142,0,0,0,0,0,0,50.66666667,0,0,12.26666667,0,8,11.46666667,0,0,0,8,0,0,0,0,0,8,17.33333333,5.333333333,2.666666667,2.666666667,0,0,5.333333333,0,0,27.46666667,0,0,0,29.333333334,0,8.8,8,48,0,0,1.6,1.6,0,0,0,0,0,8,0,0,0,0,5.333333333,2.666666667,0,0,0,2.666666667,74.66666667,5.333333333,11.46666667,0,3.5,0,2.666666667,74.4,0,21.33333333,0,0,6.133333333,5.333333333,29.33333333
108000005,"GER_017_MZB_LO_3","108000005_10.04.2014",2014,"4",10,0,0,10,0,0,0,0.8,0,0,13.71428571,0,0,0,29.9,0,0,0,0,3.428571429,10.9,0,17.14285714,0,6.857142857,0,253.714285759,0,0,0,0,0,3.428571429,0,3.428571429,0,0,0,24.57142857,0,0,51.42857143,0,17.14285714,0,14.51428571,28.22857143,0,0,0,41.14285714,24,0,0,11.88571429,0,0,0,86,0,0,0,3.428571429,6.857142857,0,0,0,0,11.1,0,0,0,0,0,0,0,14.51428571,0,10.28571429,0,0,6.857142857,34.28571429,13.71428571,0,0,0,0,3.428571429,0,0,29.02857143,0,0,0,17.142857148,0,4.228571429,61.71428571,109.7142857,0,0,0.8,0,0,0,0,0,0,6.2,4.8,0,0,0,0,3.428571429,0,0,0,0,6.9,4.228571429,10.28571429,0,6.857142857,0,6.857142857,17.94285714,0,3.428571429,0,0,30.85714286,0,10.28571429
108000005,"GER_017_MZB_LO_3","108000005_15.04.2015",2015,"4",15,0,0,39,0,0.8,0,6,0,0,3.8,0,0,0,136.8,0,0,0,0,3,6,0,3,0,6.8,0,54,0,0,0,0,0,3,0.8,3,0,0,3.8,33,0,0,54.8,0,48,0,16.8,9.8,0,0,0,42,36,0,10,48,0,0,0,54,0,0,0,0,3.8,0,34.6,0,0,3,0,0,0,0,0,0,9.8,9,0,9,0,0,6,12,3,0,0.8,0,0,0,0,0,3,0,0,0,51,0,29.4,66,54,0,0,9.8,0,0,0,0,0,0.8,21,0,0,0,0,0,0,0,0,0,12.8,25.6,0,18,0,0,0,7.6,9,0,0,0,0,6,0,15.8
108000005,"GER_017_MZB_LO_3","108000005_08.04.2016",2016,"4",8,0,0,2.666666667,0,0,0,0,0,0,10.66666667,0,0,0,104,2.666666667,0,0,0,26.8,10.66666667,0,2.666666667,0,0,0,121.600000007,0,0,0,0,0,0,1.6,13.33333333,0,0,0,11.2,0,0,53.33333333,0,13.33333333,0,2.666666667,90.66666667,0,0,0,2.666666667,37.33333333,0,0,60.3,0,0,0,13.33333333,8,0,0,0,5.3,0,34.66666667,5.333333333,0,41.6,0,0,8,0,0,0,0,2.666666667,0,10.66666667,0,0,5.333333333,5.333333333,0,0,0,0,0,0,3.466666667,0,5.333333333,0,0,0,8.800000001,0,24,48,61.33333333,21.33333333,0,7.733333333,0.8,0,0,0,0,0,5.33,0,0,0,0,0,5.333333333,0,0,0,0,13.33333333,3.5,26.4,0,3.466666667,2.666666667,0,29.333333337,0,2.666666667,0,0,6.933333333,0,5.333333333
108000005,"GER_017_MZB_LO_3","108000005_13.04.2017",2017,"4",13,0,0,0,0,0,0,12.8,0,0,24,0,0,0,15,7.6,0,0,0,3.8,0,0,6,3,0,0,132.8,0,0,6,0,0,0,3.8,3,0,0,3,1.6,0,0,55.6,0,75,0,0,4.6,0,0,0,90,30,0,0,51.8,0,0,0,1.6,0,0,0,0,6,0,0,0,0,0,0,6,0,0,0,0,3,0,4.6,12,0,0,12.8,42,0,0,1.6,0,0,0,0,0,7.6,0,3.8,0,9,0,0,180,30,19.8,0,1.6,0,0,6,0,0,0,48,0,0,0,18.8,3,0,0,0,0,6,0,3,3.8,0,11.4,0.8,3,60.8,6,0,0,0,6,0.8,6
108000005,"GER_017_MZB_LO_3","108000005_18.04.2018",2018,"4",18,0,0,0,0,0,0,0,0,0,0,0,0,0,300,4,0,0,0,45,48,0,36,0,12,0,68,0,0,0,0,0,0,0,8,0,0,0,20,0,0,116,0,16,0,0,0,0,0,0,112,216,0,0,36,0,0,16,0,0,0,0,0,40,0,0,0,0,20,0,0,4,0,0,4,4,12.8,0,28,0,0,0,48,0,0,0,0,0,4,0,0,28.8,0,4,0,24,0,8,104,144,0,0,0,0,0,12,0,0,0,12.8,0,0,0,0,0,4,0,0,0.8,20.8,4,0,0,0,0,0,0,56,0,0,0,0,0,0.8,8
108000005,"GER_017_MZB_LO_3","108000005_08.04.2019",2019,"4",8,0,0,0,0,0.8,0,5.6,0,0,2.4,0,0,0,40.2,77.6,9.6,0,0,0,5,0,0,0,0,0,89.6,0,0,0,0,0,0,4.8,4.8,0,0,0,0.8,0,0,129.6,0,57.6,0,0,8,0,0,0,408,86.4,0,0,4.8,0,0,4.8,0,0,0.8,0,0,19.2,0,0,0,0,0,0,0,0,1.6,0,0,0,0,0,0,0,0,19.2,24,0,0,0,0,4.8,0,0,0,20,0,4.8,0,19.2,0,0,340.8,48,0,0,0,0,0,4.8,0,0,0,0,0,0,0,0,38.4,9.6,0,0,0,0,0,0,4,0,0,0,0,436.8,0,0,0,0,5.6,0,0
