"","country","prov","dataset.id","distance_m","within_distance_type","pair_id","site_role","origin","org.site","unique.id","river","latitude","longitude","st.yr","ed.yr","yr.ln","yr.num"
"1","Belgium","Marie Anne Eurie Forio","BEL_005_MZB_LO",90.7702877867262,"within_100m","BEL_005_MZB_LO_117__BEL_005_MZB_LO_118","i","merge of Ellen's data and second data call","BEVL_VMM_366600","BEL_005_MZB_LO_117","",50.7234364,4.2866238,1994,2021,28,10
"2","Belgium","Marie Anne Eurie Forio","BEL_005_MZB_LO",90.7702877867262,"within_100m","BEL_005_MZB_LO_117__BEL_005_MZB_LO_118","j","merge of Ellen's data and second data call","BEVL_VMM_366700","BEL_005_MZB_LO_118","",50.7234354,4.2852926,1994,2021,28,11
"3","Belgium","Marie Anne Eurie Forio","BEL_005_MZB_LO",71.3860550474934,"within_100m","BEL_005_MZB_LO_126__BEL_005_MZB_LO_128","i","merge of Ellen's data and second data call","BEVL_VMM_411400","BEL_005_MZB_LO_126","GROTEBEEK - WINTERBEEK",51.0106218,5.0460201,2009,2023,15,8
"4","Belgium","Marie Anne Eurie Forio","BEL_005_MZB_LO",71.3860550474934,"within_100m","BEL_005_MZB_LO_126__BEL_005_MZB_LO_128","j","merge of Ellen's data and second data call","BEVL_VMM_413460","BEL_005_MZB_LO_128","KLEINEBEEK - RIJSELSESTRAATVLIET",51.0100082,5.0464245,2006,2021,16,6
"5","Belgium","Marie Anne Eurie Forio","BEL_005_MZB_LO",29.0534572319955,"within_100m","BEL_005_MZB_LO_249__BEL_005_MZB_LO_250","i","merge of Ellen's data and second data call","BEVL_VMM_89200","BEL_005_MZB_LO_249","",51.2753802,5.3460514,1992,2004,13,10
"6","Belgium","Marie Anne Eurie Forio","BEL_005_MZB_LO",29.0534572319955,"within_100m","BEL_005_MZB_LO_249__BEL_005_MZB_LO_250","j","merge of Ellen's data and second data call","BEVL_VMM_89500","BEL_005_MZB_LO_250","",51.2754487,5.3464685,1989,2003,15,13
"7","Switzerland","Christopher Robinson","CHE_076_MZB_LO",97.6697016051867,"within_100m","CHE_076_MZB_LO_1__CHE_076_MZB_LO_2","i","new data call","1","CHE_076_MZB_LO_1","Grond",46.7292538603,10.126757835,2001,2022,22,22
"8","Switzerland","Christopher Robinson","CHE_076_MZB_LO",97.6697016051867,"within_100m","CHE_076_MZB_LO_1__CHE_076_MZB_LO_2","j","new data call","2","CHE_076_MZB_LO_2","Mezza-Gluna",46.7299353673,10.1276295696,2001,2022,22,22
"9","Czech Republic","state enterprises Povodí Moravy, Ohře, Odry, Labe, Vltavy (via Peter Paril)","CZE_003_MZB_LO",82.0308275230802,"within_100m","CZE_003_MZB_LO_32__CZE_003_MZB_LO_33","i","second data call; new data","PLA_110","CZE_003_MZB_LO_32","Úpa",50.4117045751851,16.0561707462489,2007,2019,13,5
"10","Czech Republic","state enterprises Povodí Moravy, Ohře, Odry, Labe, Vltavy (via Peter Paril)","CZE_003_MZB_LO",82.0308275230802,"within_100m","CZE_003_MZB_LO_32__CZE_003_MZB_LO_33","j","second data call; new data","PLA_111","CZE_003_MZB_LO_33","Olešnice (do Úpy)",50.4110008477024,16.0566348854085,2007,2019,13,5
"11","Czech Republic","state enterprises Povodí Moravy, Ohře, Odry, Labe, Vltavy (via Peter Paril)","CZE_003_MZB_LO",63.3937288176208,"within_100m","CZE_003_MZB_LO_77__CZE_003_MZB_LO_8","i","second data call; new data","PLA_1010","CZE_003_MZB_LO_8","Jizera",50.6334099496337,15.3005435224428,2007,2019,13,6
"12","Czech Republic","state enterprises Povodí Moravy, Ohře, Odry, Labe, Vltavy (via Peter Paril)","CZE_003_MZB_LO",63.3937288176208,"within_100m","CZE_003_MZB_LO_77__CZE_003_MZB_LO_8","j","second data call; new data","PLA_24","CZE_003_MZB_LO_77","Kamenice",50.6339786812071,15.3002957405797,2006,2019,14,7
"13","Czech Republic","state enterprises Povodí Moravy, Ohře, Odry, Labe, Vltavy (via Peter Paril)","CZE_003_MZB_LO",73.5268201781857,"within_100m","CZE_003_MZB_LO_174__CZE_003_MZB_LO_258","i","second data call; new data","PMO_507-023","CZE_003_MZB_LO_174","Tištínka",49.3245557710158,17.1488999443427,2002,2020,19,9
"14","Czech Republic","state enterprises Povodí Moravy, Ohře, Odry, Labe, Vltavy (via Peter Paril)","CZE_003_MZB_LO",73.5268201781857,"within_100m","CZE_003_MZB_LO_174__CZE_003_MZB_LO_258","j","second data call; new data","PMO_YPPHa019","CZE_003_MZB_LO_258","Haná",49.3248332155817,17.1479427451333,2008,2020,13,5
"15","England","John Francis Murphy","ENG_041_MZB_LO",51.0660346234644,"within_100m","ENG_041_MZB_LO_3569__ENG_041_MZB_LO_3587","i","first call; data Ellen used","67369","ENG_041_MZB_LO_3569","Yarrow US Big Lodge Water",53.640843,-2.6178187,1994,2014,21,18
"16","England","John Francis Murphy","ENG_041_MZB_LO",51.0660346234644,"within_100m","ENG_041_MZB_LO_3569__ENG_041_MZB_LO_3587","j","first call; data Ellen used","68310","ENG_041_MZB_LO_3587","Yarrow US Big Lodge Water",53.641254,-2.618218,1994,2013,20,19
"17","England","James Sinclair","ENG_062_MZB_LO",63.8037687906586,"within_100m","ENG_062_MZB_LO_188__ENG_062_MZB_LO_68","i","second data call; new data","254","ENG_062_MZB_LO_68","RYBURN",53.6654607202,-1.9497777927,2002,2019,18,17
"18","England","James Sinclair","ENG_062_MZB_LO",63.8037687906586,"within_100m","ENG_062_MZB_LO_188__ENG_062_MZB_LO_68","j","second data call; new data","1170","ENG_062_MZB_LO_188","BOOTH DEAN CLOUGH",53.6656041265,-1.9488090495,2012,2023,12,11
"19","England","James Sinclair","ENG_062_MZB_LO",84.6918493781788,"within_100m","ENG_062_MZB_LO_207__ENG_062_MZB_LO_36","i","second data call; new data","135","ENG_062_MZB_LO_36","DRONE",53.2710982983,-1.4423121481,2002,2018,17,5
"20","England","James Sinclair","ENG_062_MZB_LO",84.6918493781788,"within_100m","ENG_062_MZB_LO_207__ENG_062_MZB_LO_36","j","second data call; new data","1282","ENG_062_MZB_LO_207","BARLOW BROOK",53.2703542309,-1.4427416894,2002,2014,13,5
"21","England","James Sinclair","ENG_062_MZB_LO",22.4983524091366,"within_100m","ENG_062_MZB_LO_235__ENG_062_MZB_LO_246","i","second data call; new data","1366","ENG_062_MZB_LO_235","BRADFORD BECK",53.7931156974,-1.7608810274,2003,2023,21,6
"22","England","James Sinclair","ENG_062_MZB_LO",22.4983524091366,"within_100m","ENG_062_MZB_LO_235__ENG_062_MZB_LO_246","j","second data call; new data","1402","ENG_062_MZB_LO_246","WEST BROOK",53.7932062088,-1.7611992935,2002,2017,16,6
"23","England","James Sinclair","ENG_062_MZB_LO",43.3863634629123,"within_100m","ENG_062_MZB_LO_624__ENG_062_MZB_LO_628","i","second data call; new data","9264","ENG_062_MZB_LO_624","ERME",50.3616218193,-3.9127710883,2004,2014,11,5
"24","England","James Sinclair","ENG_062_MZB_LO",43.3863634629123,"within_100m","ENG_062_MZB_LO_624__ENG_062_MZB_LO_628","j","second data call; new data","9284","ENG_062_MZB_LO_628","LUD BROOK",50.3615149111,-3.9121621914,2004,2021,18,6
"25","England","James Sinclair","ENG_062_MZB_LO",96.3063741783984,"within_100m","ENG_062_MZB_LO_1089__ENG_062_MZB_LO_992","i","second data call; new data","35047","ENG_062_MZB_LO_992","LASHLAKE STREAM",51.7576968439,-0.9737038105,2003,2018,16,6
"26","England","James Sinclair","ENG_062_MZB_LO",96.3063741783984,"within_100m","ENG_062_MZB_LO_1089__ENG_062_MZB_LO_992","j","second data call; new data","35948","ENG_062_MZB_LO_1089","SCOTSGROVE BROOK",51.7579158757,-0.975104264,2003,2015,13,6
"27","England","James Sinclair","ENG_062_MZB_LO",71.7489072982511,"within_100m","ENG_062_MZB_LO_1007__ENG_062_MZB_LO_1113","i","second data call; new data","35170","ENG_062_MZB_LO_1007","PETTYS BROOK",51.2922515958,-1.026337125,2006,2020,15,15
"28","England","James Sinclair","ENG_062_MZB_LO",71.7489072982511,"within_100m","ENG_062_MZB_LO_1007__ENG_062_MZB_LO_1113","j","second data call; new data","36041","ENG_062_MZB_LO_1113","LODDON",51.2917600123,-1.025616115,2004,2023,20,20
"29","England","James Sinclair","ENG_062_MZB_LO",89.0375359215811,"within_100m","ENG_062_MZB_LO_1184__ENG_062_MZB_LO_1261","i","second data call; new data","42005","ENG_062_MZB_LO_1184","OUSE (SUSSEX)",50.9943597977,0.0018665676,2002,2015,14,7
"30","England","James Sinclair","ENG_062_MZB_LO",89.0375359215811,"within_100m","ENG_062_MZB_LO_1184__ENG_062_MZB_LO_1261","j","second data call; new data","42543","ENG_062_MZB_LO_1261","PELLINGFORD BROOK",50.9949160846,0.000892943,2002,2014,13,5
"31","England","James Sinclair","ENG_062_MZB_LO",93.7047588375933,"within_100m","ENG_062_MZB_LO_1235__ENG_062_MZB_LO_1330","i","second data call; new data","42285","ENG_062_MZB_LO_1235","HORTON HEATH STR. (FORD LAKE)",50.9264652058,-1.2654682029,2002,2014,13,6
"32","England","James Sinclair","ENG_062_MZB_LO",93.7047588375933,"within_100m","ENG_062_MZB_LO_1235__ENG_062_MZB_LO_1330","j","second data call; new data","43125","ENG_062_MZB_LO_1330","HAMBLE",50.926465522,-1.264087992,2003,2019,17,14
"33","England","James Sinclair","ENG_062_MZB_LO",96.5996247209442,"within_100m","ENG_062_MZB_LO_1211__ENG_062_MZB_LO_1382","i","second data call; new data","42119","ENG_062_MZB_LO_1211","BOURNE RIVULET",51.236761189,-1.384726197,2003,2017,15,8
"34","England","James Sinclair","ENG_062_MZB_LO",96.5996247209442,"within_100m","ENG_062_MZB_LO_1211__ENG_062_MZB_LO_1382","j","second data call; new data","43637","ENG_062_MZB_LO_1382","BOURNE RIVULET",51.2367687039,-1.386158515,2003,2017,15,8
"35","England","James Sinclair","ENG_062_MZB_LO",85.4222904011677,"within_100m","ENG_062_MZB_LO_1388__ENG_062_MZB_LO_1415","i","second data call; new data","43711","ENG_062_MZB_LO_1388","HURST HAVEN",50.8406703126,0.3103333809,2003,2014,12,5
"36","England","James Sinclair","ENG_062_MZB_LO",85.4222904011677,"within_100m","ENG_062_MZB_LO_1388__ENG_062_MZB_LO_1415","j","second data call; new data","44028","ENG_062_MZB_LO_1415","RICKNEY SEWER",50.8401031334,0.3094530995,2002,2017,16,7
"37","England","James Sinclair","ENG_062_MZB_LO",39.8024744104599,"within_100m","ENG_062_MZB_LO_1457__ENG_062_MZB_LO_1458","i","second data call; new data","45327","ENG_062_MZB_LO_1457","LITTLE LUGG",52.0959278772,-2.6538594411,2002,2014,13,5
"38","England","James Sinclair","ENG_062_MZB_LO",39.8024744104599,"within_100m","ENG_062_MZB_LO_1457__ENG_062_MZB_LO_1458","j","second data call; new data","45328","ENG_062_MZB_LO_1458","WITHINGTON MARSH BROOK",52.0959671625,-2.6532615076,2004,2018,15,5
"39","England","James Sinclair","ENG_062_MZB_LO",83.5018468155082,"within_100m","ENG_062_MZB_LO_1510__ENG_062_MZB_LO_1650","i","second data call; new data","47146","ENG_062_MZB_LO_1510","SOAR",52.5815447281,-1.188098361,2002,2014,13,6
"40","England","James Sinclair","ENG_062_MZB_LO",83.5018468155082,"within_100m","ENG_062_MZB_LO_1510__ENG_062_MZB_LO_1650","j","second data call; new data","48601","ENG_062_MZB_LO_1650","SENCE (SOAR)",52.5812221252,-1.1869384139,2002,2014,13,8
"41","England","James Sinclair","ENG_062_MZB_LO",1.93352797717779,"within_100m","ENG_062_MZB_LO_1855__ENG_062_MZB_LO_1873","i","second data call; new data","51357","ENG_062_MZB_LO_1855","DOVE (DOVE(UPPER))",53.1352220254,-1.8208602476,2002,2015,14,10
"42","England","James Sinclair","ENG_062_MZB_LO",1.93352797717779,"within_100m","ENG_062_MZB_LO_1855__ENG_062_MZB_LO_1873","j","second data call; new data","51578","ENG_062_MZB_LO_1873","DOVE (DOVE(UPPER))",53.1352040476,-1.8208603218,2002,2012,11,9
"43","England","James Sinclair","ENG_062_MZB_LO",79.672038313431,"within_100m","ENG_062_MZB_LO_1623__ENG_062_MZB_LO_1915","i","second data call; new data","48401","ENG_062_MZB_LO_1623","HYDE BROOK",51.9451371774,-2.1180794725,2002,2014,13,5
"44","England","James Sinclair","ENG_062_MZB_LO",79.672038313431,"within_100m","ENG_062_MZB_LO_1623__ENG_062_MZB_LO_1915","j","second data call; new data","52025","ENG_062_MZB_LO_1915","SWILGATE",51.9453158164,-2.11924382,2002,2014,13,5
"45","England","James Sinclair","ENG_062_MZB_LO",99.8840377969218,"within_100m","ENG_062_MZB_LO_1790__ENG_062_MZB_LO_1976","i","second data call; new data","50791","ENG_062_MZB_LO_1790","TEME",52.35914394,-2.8786771135,2002,2024,23,22
"46","England","James Sinclair","ENG_062_MZB_LO",99.8840377969218,"within_100m","ENG_062_MZB_LO_1790__ENG_062_MZB_LO_1976","j","second data call; new data","52662","ENG_062_MZB_LO_1976","CLUN",52.360049449,-2.8790181256,2002,2023,22,15
"47","England","James Sinclair","ENG_062_MZB_LO",50.4495976992458,"within_100m","ENG_062_MZB_LO_2073__ENG_062_MZB_LO_2074","i","second data call; new data","53508","ENG_062_MZB_LO_2073","TAME (UT - OLDBURY ARM)",52.5648062243,-1.9940798682,2002,2014,13,8
"48","England","James Sinclair","ENG_062_MZB_LO",50.4495976992458,"within_100m","ENG_062_MZB_LO_2073__ENG_062_MZB_LO_2074","j","second data call; new data","53510","ENG_062_MZB_LO_2074","FORD BROOK",52.5651838254,-1.9945371557,2002,2018,17,6
"49","England","James Sinclair","ENG_062_MZB_LO",4.83218474509684,"within_100m","ENG_062_MZB_LO_2073__ENG_062_MZB_LO_2075","i","second data call; new data","53508","ENG_062_MZB_LO_2073","TAME (UT - OLDBURY ARM)",52.5648062243,-1.9940798682,2002,2014,13,8
"50","England","James Sinclair","ENG_062_MZB_LO",4.83218474509684,"within_100m","ENG_062_MZB_LO_2073__ENG_062_MZB_LO_2075","j","second data call; new data","53513","ENG_062_MZB_LO_2075","TAME (UT -  WOLVERHAMPTON ARM)",52.5647612745,-1.994079874,2002,2015,14,6
"51","England","James Sinclair","ENG_062_MZB_LO",54.4131779093051,"within_100m","ENG_062_MZB_LO_2074__ENG_062_MZB_LO_2075","i","second data call; new data","53510","ENG_062_MZB_LO_2074","FORD BROOK",52.5651838254,-1.9945371557,2002,2018,17,6
"52","England","James Sinclair","ENG_062_MZB_LO",54.4131779093051,"within_100m","ENG_062_MZB_LO_2074__ENG_062_MZB_LO_2075","j","second data call; new data","53513","ENG_062_MZB_LO_2075","TAME (UT -  WOLVERHAMPTON ARM)",52.5647612745,-1.994079874,2002,2015,14,6
"53","England","James Sinclair","ENG_062_MZB_LO",65.8672381985281,"within_100m","ENG_062_MZB_LO_1565__ENG_062_MZB_LO_2104","i","second data call; new data","47545","ENG_062_MZB_LO_1565","ALPORT",53.402601967,-1.7887137832,2002,2013,12,5
"54","England","James Sinclair","ENG_062_MZB_LO",65.8672381985281,"within_100m","ENG_062_MZB_LO_1565__ENG_062_MZB_LO_2104","j","second data call; new data","53803","ENG_062_MZB_LO_2104","ASHOP",53.4019908535,-1.7887769646,2002,2024,23,5
"55","England","James Sinclair","ENG_062_MZB_LO",13.6564750124526,"within_100m","ENG_062_MZB_LO_2192__ENG_062_MZB_LO_2193","i","second data call; new data","54699","ENG_062_MZB_LO_2192","EASTWOOD BROOK",51.5778333077,0.6978425785,2002,2016,15,6
"56","England","James Sinclair","ENG_062_MZB_LO",13.6564750124526,"within_100m","ENG_062_MZB_LO_2192__ENG_062_MZB_LO_2193","j","second data call; new data","54701","ENG_062_MZB_LO_2193","NOBLES GREEN DITCH",51.5779198091,0.697992046,2003,2016,14,10
"57","England","James Sinclair","ENG_062_MZB_LO",89.0378161939498,"within_100m","ENG_062_MZB_LO_2198__ENG_062_MZB_LO_2199","i","second data call; new data","54712","ENG_062_MZB_LO_2198","SANDON BROOK (EAST)",51.7150624338,0.5328462201,2002,2015,14,8
"58","England","James Sinclair","ENG_062_MZB_LO",89.0378161939498,"within_100m","ENG_062_MZB_LO_2198__ENG_062_MZB_LO_2199","j","second data call; new data","54713","ENG_062_MZB_LO_2199","SANDON BROOK",51.7149108387,0.5315347371,2002,2023,22,18
"59","England","James Sinclair","ENG_062_MZB_LO",96.6841395181356,"within_100m","ENG_062_MZB_LO_2301__ENG_062_MZB_LO_2365","i","second data call; new data","54999","ENG_062_MZB_LO_2301","ANCHOLME",53.4066591834,-0.4490687794,2002,2023,22,20
"60","England","James Sinclair","ENG_062_MZB_LO",96.6841395181356,"within_100m","ENG_062_MZB_LO_2301__ENG_062_MZB_LO_2365","j","second data call; new data","55279","ENG_062_MZB_LO_2365","RASE",53.4066396479,-0.44756512,2002,2022,21,18
"61","England","James Sinclair","ENG_062_MZB_LO",64.7959019124827,"within_100m","ENG_062_MZB_LO_2573__ENG_062_MZB_LO_2574","i","second data call; new data","56047","ENG_062_MZB_LO_2573","OLD BEDFORD/RIVER DELPH",52.519625275,0.2520641298,2002,2014,13,11
"62","England","James Sinclair","ENG_062_MZB_LO",64.7959019124827,"within_100m","ENG_062_MZB_LO_2573__ENG_062_MZB_LO_2574","j","second data call; new data","56048","ENG_062_MZB_LO_2574","COUNTER DRAIN",52.5198495406,0.251146947,2002,2015,14,11
"63","England","James Sinclair","ENG_062_MZB_LO",16.885917338124,"within_100m","ENG_062_MZB_LO_2921__ENG_062_MZB_LO_2922","i","second data call; new data","67365","ENG_062_MZB_LO_2921","MARTHALL BK",53.304333886,-2.3406885942,2002,2013,12,5
"64","England","James Sinclair","ENG_062_MZB_LO",16.885917338124,"within_100m","ENG_062_MZB_LO_2921__ENG_062_MZB_LO_2922","j","second data call; new data","67366","ENG_062_MZB_LO_2922","PEDLEY BK",53.3044865201,-2.3407498343,2003,2013,11,5
"65","England","James Sinclair","ENG_062_MZB_LO",39.754597381003,"within_100m","ENG_062_MZB_LO_2928__ENG_062_MZB_LO_2932","i","second data call; new data","67431","ENG_062_MZB_LO_2928","CRINGLE BK",53.4409494653,-2.2381332105,2002,2015,14,6
"66","England","James Sinclair","ENG_062_MZB_LO",39.754597381003,"within_100m","ENG_062_MZB_LO_2928__ENG_062_MZB_LO_2932","j","second data call; new data","67463","ENG_062_MZB_LO_2932","CHORLTON BK",53.4412273144,-2.2385412418,2002,2014,13,6
"67","England","James Sinclair","ENG_062_MZB_LO",64.5297005975862,"within_100m","ENG_062_MZB_LO_2935__ENG_062_MZB_LO_2952","i","second data call; new data","67542","ENG_062_MZB_LO_2935","ETHEROW",53.4544447855,-1.9864660335,2002,2023,22,19
"68","England","James Sinclair","ENG_062_MZB_LO",64.5297005975862,"within_100m","ENG_062_MZB_LO_2935__ENG_062_MZB_LO_2952","j","second data call; new data","67777","ENG_062_MZB_LO_2952","GLOSSOP BK",53.4538784673,-1.9861349151,2002,2016,15,8
"69","England","James Sinclair","ENG_062_MZB_LO",19.7199201714124,"within_100m","ENG_062_MZB_LO_2949__ENG_062_MZB_LO_2995","i","second data call; new data","67753","ENG_062_MZB_LO_2949","ROSSENDALE BK",53.2412304548,-2.1097753584,2002,2023,22,9
"70","England","James Sinclair","ENG_062_MZB_LO",19.7199201714124,"within_100m","ENG_062_MZB_LO_2949__ENG_062_MZB_LO_2995","j","second data call; new data","68108","ENG_062_MZB_LO_2995","BOLLIN",53.2411947777,-2.1094755835,2002,2022,21,18
"71","England","James Sinclair","ENG_062_MZB_LO",61.9035754756399,"within_100m","ENG_062_MZB_LO_3002__ENG_062_MZB_LO_3003","i","second data call; new data","68213","ENG_062_MZB_LO_3002","WHITE ASH BROOK",53.7553085098,-2.4014932008,2002,2015,14,5
"72","England","James Sinclair","ENG_062_MZB_LO",61.9035754756399,"within_100m","ENG_062_MZB_LO_3002__ENG_062_MZB_LO_3003","j","second data call; new data","68286","ENG_062_MZB_LO_3003","TINKER BROOK",53.7553117558,-2.400522581,2002,2015,14,5
"73","England","James Sinclair","ENG_062_MZB_LO",33.8644844235618,"within_100m","ENG_062_MZB_LO_2923__ENG_062_MZB_LO_3007","i","second data call; new data","67369","ENG_062_MZB_LO_2923","YARROW",53.6409557526,-2.6181958541,2002,2014,13,10
"74","England","James Sinclair","ENG_062_MZB_LO",33.8644844235618,"within_100m","ENG_062_MZB_LO_2923__ENG_062_MZB_LO_3007","j","second data call; new data","68310","ENG_062_MZB_LO_3007","BLACK BROOK (YARROW)",53.641270251,-2.618215572,2002,2013,12,12
"75","England","James Sinclair","ENG_062_MZB_LO",80.4720709565538,"within_100m","ENG_062_MZB_LO_2967__ENG_062_MZB_LO_3046","i","second data call; new data","67862","ENG_062_MZB_LO_2967","WILSON BK",53.4534184517,-2.0951912262,2002,2014,13,6
"76","England","James Sinclair","ENG_062_MZB_LO",80.4720709565538,"within_100m","ENG_062_MZB_LO_2967__ENG_062_MZB_LO_3046","j","second data call; new data","69106","ENG_062_MZB_LO_3046","TAME (NORTH WEST)",53.4540471092,-2.0958703016,2002,2022,21,13
"77","England","James Sinclair","ENG_062_MZB_LO",33.5295639012854,"within_100m","ENG_062_MZB_LO_3377__ENG_062_MZB_LO_879","i","second data call; new data","33889","ENG_062_MZB_LO_879","ASH (LEE)",51.8481447225,0.0746630996,2002,2024,23,22
"78","England","James Sinclair","ENG_062_MZB_LO",33.5295639012854,"within_100m","ENG_062_MZB_LO_3377__ENG_062_MZB_LO_879","j","second data call; new data","157240","ENG_062_MZB_LO_3377","ASH (LEE)",51.8484484273,0.074778703,2011,2023,13,9
"79","England","James Sinclair","ENG_062_MZB_LO",9.16387494090264,"within_100m","ENG_062_MZB_LO_1351__ENG_062_MZB_LO_3385","i","second data call; new data","43301","ENG_062_MZB_LO_1351","TEST",50.9589829322,-1.4963326136,2002,2011,10,6
"80","England","James Sinclair","ENG_062_MZB_LO",9.16387494090264,"within_100m","ENG_062_MZB_LO_1351__ENG_062_MZB_LO_3385","j","second data call; new data","158095","ENG_062_MZB_LO_3385","TEST",50.9589554029,-1.4962047683,2011,2023,13,10
"81","Spain","Aitor Larrañaga","ESP_034_MZB_LO",76.7931968372616,"within_100m","ESP_034_MZB_LO_21__ESP_034_MZB_LO_6","i","second data call; new data","Gip14","ESP_034_MZB_LO_6","Urumea",43.29429139,-1.729233825,1996,2021,26,24
"82","Spain","Aitor Larrañaga","ESP_034_MZB_LO",76.7931968372616,"within_100m","ESP_034_MZB_LO_21__ESP_034_MZB_LO_6","j","second data call; new data","Gip28","ESP_034_MZB_LO_21","Endara",43.2936662,-1.729694356,1996,2021,26,24
"83","Spain","Aitor Larrañaga","ESP_034_MZB_LO",1.32269487504275,"within_100m","ESP_034_MZB_LO_56__ESP_034_MZB_LO_87","i","second data call; new data","Gip6","ESP_034_MZB_LO_56","Deba",43.10151623,-2.391545259,1996,2021,26,24
"84","Spain","Aitor Larrañaga","ESP_034_MZB_LO",1.32269487504275,"within_100m","ESP_034_MZB_LO_56__ESP_034_MZB_LO_87","j","first call; data Ellen used","103000527","ESP_034_MZB_LO_87","Antzuola",43.1015275,-2.3915388,2007,2019,13,13
"85","Spain","Aitor Larrañaga","ESP_034_MZB_LO",13.5677137796344,"within_100m","ESP_034_MZB_LO_25__ESP_034_MZB_LO_93","i","second data call; new data","Gip31","ESP_034_MZB_LO_25","Oria",43.05029869,-2.219227779,1996,2021,26,24
"86","Spain","Aitor Larrañaga","ESP_034_MZB_LO",13.5677137796344,"within_100m","ESP_034_MZB_LO_25__ESP_034_MZB_LO_93","j","first call; data Ellen used","103000533","ESP_034_MZB_LO_93","Estanda",43.0504046,-2.2191363,2002,2019,18,18
"87","Spain","Aitor Larrañaga","ESP_034_MZB_LO",31.8903319070977,"within_100m","ESP_034_MZB_LO_107__ESP_034_MZB_LO_6","i","second data call; new data","Gip14","ESP_034_MZB_LO_6","Urumea",43.29429139,-1.729233825,1996,2021,26,24
"88","Spain","Aitor Larrañaga","ESP_034_MZB_LO",31.8903319070977,"within_100m","ESP_034_MZB_LO_107__ESP_034_MZB_LO_6","j","first call; data Ellen used","103000547","ESP_034_MZB_LO_107","Bidasoa",43.2940308,-1.7294226,1997,2019,23,23
"89","Spain","Aitor Larrañaga","ESP_034_MZB_LO",44.9041806543334,"within_100m","ESP_034_MZB_LO_107__ESP_034_MZB_LO_21","i","second data call; new data","Gip28","ESP_034_MZB_LO_21","Endara",43.2936662,-1.729694356,1996,2021,26,24
"90","Spain","Aitor Larrañaga","ESP_034_MZB_LO",44.9041806543334,"within_100m","ESP_034_MZB_LO_107__ESP_034_MZB_LO_21","j","first call; data Ellen used","103000547","ESP_034_MZB_LO_107","Bidasoa",43.2940308,-1.7294226,1997,2019,23,23
"91","Spain","Aitor Larrañaga","ESP_034_MZB_LO",80.5646681520732,"within_100m","ESP_034_MZB_LO_138__ESP_034_MZB_LO_44","i","second data call; new data","Gip49","ESP_034_MZB_LO_44","Oria",43.08181,-2.152854,2003,2017,15,15
"92","Spain","Aitor Larrañaga","ESP_034_MZB_LO",80.5646681520732,"within_100m","ESP_034_MZB_LO_138__ESP_034_MZB_LO_44","j","first call; data Ellen used","103000578","ESP_034_MZB_LO_138","Oria",43.0810712,-2.1527286,1993,2019,27,27
"93","Spain","Aitor Larrañaga","ESP_034_MZB_LO",55.7588610540788,"within_100m","ESP_034_MZB_LO_11__ESP_034_MZB_LO_170","i","second data call; new data","Gip19","ESP_034_MZB_LO_11","Deba",43.082,-2.447405,1987,2021,35,25
"94","Spain","Aitor Larrañaga","ESP_034_MZB_LO",55.7588610540788,"within_100m","ESP_034_MZB_LO_11__ESP_034_MZB_LO_170","j","first call; data Ellen used","103000610","ESP_034_MZB_LO_170","Deba",43.0814872,-2.4474737,2002,2019,18,18
"95","Spain","Aitor Larrañaga","ESP_034_MZB_LO",28.2820465811965,"within_100m","ESP_034_MZB_LO_187__ESP_034_MZB_LO_45","i","second data call; new data","Gip5","ESP_034_MZB_LO_45","Oria",43.0487488,-2.15797857,1998,2021,24,22
"96","Spain","Aitor Larrañaga","ESP_034_MZB_LO",28.2820465811965,"within_100m","ESP_034_MZB_LO_187__ESP_034_MZB_LO_45","j","first call; data Ellen used","103000627","ESP_034_MZB_LO_187","Zaldivia",43.0485376,-2.1577687,2002,2019,18,18
"97","Spain","Aitor Larrañaga","ESP_034_MZB_LO",55.7588610540788,"within_100m","ESP_034_MZB_LO_11__ESP_034_MZB_LO_305","i","second data call; new data","Gip19","ESP_034_MZB_LO_11","Deba",43.082,-2.447405,1987,2021,35,25
"98","Spain","Aitor Larrañaga","ESP_034_MZB_LO",55.7588610540788,"within_100m","ESP_034_MZB_LO_11__ESP_034_MZB_LO_305","j","second data call; new data","BC137","ESP_034_MZB_LO_305","Deba",43.0814872,-2.4474737,2002,2021,20,20
"99","Spain","Aitor Larrañaga","ESP_034_MZB_LO",28.2820465811965,"within_100m","ESP_034_MZB_LO_328__ESP_034_MZB_LO_45","i","second data call; new data","Gip5","ESP_034_MZB_LO_45","Oria",43.0487488,-2.15797857,1998,2021,24,22
"100","Spain","Aitor Larrañaga","ESP_034_MZB_LO",28.2820465811965,"within_100m","ESP_034_MZB_LO_328__ESP_034_MZB_LO_45","j","second data call; new data","BC164","ESP_034_MZB_LO_328","Zaldivia",43.0485376,-2.1577687,2002,2021,20,20
"101","Spain","Aitor Larrañaga","ESP_034_MZB_LO",1.32269487504275,"within_100m","ESP_034_MZB_LO_340__ESP_034_MZB_LO_56","i","second data call; new data","Gip6","ESP_034_MZB_LO_56","Deba",43.10151623,-2.391545259,1996,2021,26,24
"102","Spain","Aitor Larrañaga","ESP_034_MZB_LO",1.32269487504275,"within_100m","ESP_034_MZB_LO_340__ESP_034_MZB_LO_56","j","second data call; new data","BC20","ESP_034_MZB_LO_340","Antzuola",43.1015275,-2.3915388,2007,2021,15,15
"103","Spain","Aitor Larrañaga","ESP_034_MZB_LO",13.5677137796344,"within_100m","ESP_034_MZB_LO_25__ESP_034_MZB_LO_348","i","second data call; new data","Gip31","ESP_034_MZB_LO_25","Oria",43.05029869,-2.219227779,1996,2021,26,24
"104","Spain","Aitor Larrañaga","ESP_034_MZB_LO",13.5677137796344,"within_100m","ESP_034_MZB_LO_25__ESP_034_MZB_LO_348","j","second data call; new data","BC32","ESP_034_MZB_LO_348","Estanda",43.0504046,-2.2191363,2002,2022,21,21
"105","Spain","Aitor Larrañaga","ESP_034_MZB_LO",2.97993772396591,"within_100m","ESP_034_MZB_LO_353__ESP_034_MZB_LO_99","i","first call; data Ellen used","103000539","ESP_034_MZB_LO_99","Angiozar",43.107943,-2.4454906,2007,2019,13,12
"106","Spain","Aitor Larrañaga","ESP_034_MZB_LO",2.97993772396591,"within_100m","ESP_034_MZB_LO_353__ESP_034_MZB_LO_99","j","second data call; new data","BC38","ESP_034_MZB_LO_353","Angiozar",43.10797,-2.445498,2007,2022,16,15
"107","Spain","Aitor Larrañaga","ESP_034_MZB_LO",31.8903319070977,"within_100m","ESP_034_MZB_LO_363__ESP_034_MZB_LO_6","i","second data call; new data","Gip14","ESP_034_MZB_LO_6","Urumea",43.29429139,-1.729233825,1996,2021,26,24
"108","Spain","Aitor Larrañaga","ESP_034_MZB_LO",31.8903319070977,"within_100m","ESP_034_MZB_LO_363__ESP_034_MZB_LO_6","j","second data call; new data","BC54","ESP_034_MZB_LO_363","Bidasoa",43.2940308,-1.7294226,1997,2021,25,25
"109","Spain","Aitor Larrañaga","ESP_034_MZB_LO",44.9041806543334,"within_100m","ESP_034_MZB_LO_21__ESP_034_MZB_LO_363","i","second data call; new data","Gip28","ESP_034_MZB_LO_21","Endara",43.2936662,-1.729694356,1996,2021,26,24
"110","Spain","Aitor Larrañaga","ESP_034_MZB_LO",44.9041806543334,"within_100m","ESP_034_MZB_LO_21__ESP_034_MZB_LO_363","j","second data call; new data","BC54","ESP_034_MZB_LO_363","Bidasoa",43.2940308,-1.7294226,1997,2021,25,25
"111","Spain","Aitor Larrañaga","ESP_034_MZB_LO",80.5646681520732,"within_100m","ESP_034_MZB_LO_393__ESP_034_MZB_LO_44","i","second data call; new data","Gip49","ESP_034_MZB_LO_44","Oria",43.08181,-2.152854,2003,2017,15,15
"112","Spain","Aitor Larrañaga","ESP_034_MZB_LO",80.5646681520732,"within_100m","ESP_034_MZB_LO_393__ESP_034_MZB_LO_44","j","second data call; new data","BC95","ESP_034_MZB_LO_393","Oria",43.0810712,-2.1527286,1993,2021,29,29
"113","Spain","Alfredo Llorente","ESP_045_MZB_LO",46.2670259826033,"within_100m","ESP_045_MZB_LO_19__ESP_045_MZB_LO_51","i","second data call; new data","BID555","ESP_045_MZB_LO_19","BIDASOA",43.2940308,-1.7294226,1997,2024,28,28
"114","Spain","Alfredo Llorente","ESP_045_MZB_LO",46.2670259826033,"within_100m","ESP_045_MZB_LO_19__ESP_045_MZB_LO_51","j","second data call; new data","END102","ESP_045_MZB_LO_51","ENDARA",43.293665,-1.7297261,2015,2024,10,6
"115","Germany","Ralf Schäfer","GER_018_MZB_LO",58.3806325071124,"within_100m","GER_018_MZB_LO_126__GER_018_MZB_LO_19","i","first call; data Ellen used","RP_2651811800","GER_018_MZB_LO_19","Moselle",49.70988917,6.580665147,1982,1995,14,12
"116","Germany","Ralf Schäfer","GER_018_MZB_LO",58.3806325071124,"within_100m","GER_018_MZB_LO_126__GER_018_MZB_LO_19","j","first call; data Ellen used","RP_2651801600","GER_018_MZB_LO_126","Moselle",49.70964156,6.581411188,1982,2002,21,16
"117","Germany","Ralf Schäfer","GER_018_MZB_LO",27.4906091443769,"within_100m","GER_018_MZB_LO_128__GER_018_MZB_LO_20","i","first call; data Ellen used","RP_2655821400","GER_018_MZB_LO_20","Moselle",49.78024377,6.697438905,1982,2003,22,11
"118","Germany","Ralf Schäfer","GER_018_MZB_LO",27.4906091443769,"within_100m","GER_018_MZB_LO_128__GER_018_MZB_LO_20","j","first call; data Ellen used","RP_2655811200","GER_018_MZB_LO_128","Moselle",49.7801255,6.697789388,1982,2003,22,17
"119","Germany","Ralf Schäfer","GER_018_MZB_LO",49.4613615704649,"within_100m","GER_018_MZB_LO_129__GER_018_MZB_LO_21","i","first call; data Ellen used","RP_2673810300","GER_018_MZB_LO_21","Moselle",49.8154203,6.842556535,1982,2003,22,12
"120","Germany","Ralf Schäfer","GER_018_MZB_LO",49.4613615704649,"within_100m","GER_018_MZB_LO_129__GER_018_MZB_LO_21","j","first call; data Ellen used","RP_2673820500","GER_018_MZB_LO_129","Moselle",49.81503829,6.842953823,1982,2003,22,12
"121","Germany","HLNUG (via Thomas Wanke)","GER_047_MZB_LO",0.057594792217122,"within_100m","GER_047_MZB_LO_1__GER_047_MZB_LO_14","i","second data call; new data","10290","GER_047_MZB_LO_1","Wisper",50.074989,7.866154,2005,2022,18,7
"122","Germany","HLNUG (via Thomas Wanke)","GER_047_MZB_LO",0.057594792217122,"within_100m","GER_047_MZB_LO_1__GER_047_MZB_LO_14","j","new data call","HE_10290","GER_047_MZB_LO_14","Wisper",50.0749885813932,7.86615452062122,2005,2020,16,6
"123","Germany","HLNUG (via Thomas Wanke)","GER_047_MZB_LO",0.0173004035191852,"within_100m","GER_047_MZB_LO_2__GER_047_MZB_LO_22","i","second data call; new data","11054","GER_047_MZB_LO_2","Jossa",50.257369,9.558516,2007,2020,14,8
"124","Germany","HLNUG (via Thomas Wanke)","GER_047_MZB_LO",0.0173004035191852,"within_100m","GER_047_MZB_LO_2__GER_047_MZB_LO_22","j","new data call","HE_11054","GER_047_MZB_LO_22","Jossa",50.2573688461929,9.55851592545696,2007,2020,14,8
"125","Germany","HLNUG (via Thomas Wanke)","GER_047_MZB_LO",0.0454093288724702,"within_100m","GER_047_MZB_LO_23__GER_047_MZB_LO_3","i","second data call; new data","11079","GER_047_MZB_LO_3","Orb",50.223865,9.349554,2007,2020,14,6
"126","Germany","HLNUG (via Thomas Wanke)","GER_047_MZB_LO",0.0454093288724702,"within_100m","GER_047_MZB_LO_23__GER_047_MZB_LO_3","j","new data call","HE_11079","GER_047_MZB_LO_23","Orb",50.2238652385978,9.34955454395268,2007,2020,14,6
"127","Germany","Landesamt für Natur, Umwelt und Klima Nordrhein-Westfalen (LANUK)","GER_070_MZB_LO",61.5841487435053,"within_100m","GER_070_MZB_LO_4__GER_070_MZB_LO_5","i","new data call","NRW_100067","GER_070_MZB_LO_4","Rur",50.5206259892791,6.20580470820636,2006,2018,13,5
"128","Germany","Landesamt für Natur, Umwelt und Klima Nordrhein-Westfalen (LANUK)","GER_070_MZB_LO",61.5841487435053,"within_100m","GER_070_MZB_LO_4__GER_070_MZB_LO_5","j","new data call","NRW_100092","GER_070_MZB_LO_5","Schwarzbach",50.5209870111656,6.20510611246302,2006,2019,14,5
"129","Germany","Landesamt für Natur, Umwelt und Klima Nordrhein-Westfalen (LANUK)","GER_070_MZB_LO",48.4459642211694,"within_100m","GER_070_MZB_LO_217__GER_070_MZB_LO_219","i","new data call","NRW_300603","GER_070_MZB_LO_217","Morsbach",51.2021325991977,7.16692184197875,2006,2019,14,5
"130","Germany","Landesamt für Natur, Umwelt und Klima Nordrhein-Westfalen (LANUK)","GER_070_MZB_LO",48.4459642211694,"within_100m","GER_070_MZB_LO_217__GER_070_MZB_LO_219","j","new data call","NRW_300652","GER_070_MZB_LO_219","Gelpe",51.2023020368173,7.16625662065656,2006,2019,14,5
"131","Germany","Landesamt für Natur, Umwelt und Klima Nordrhein-Westfalen (LANUK)","GER_070_MZB_LO",77.2557505690945,"within_100m","GER_070_MZB_LO_268__GER_070_MZB_LO_274","i","new data call","NRW_315448","GER_070_MZB_LO_268","Renne",51.3558919476019,6.27604793810075,2006,2019,14,5
"132","Germany","Landesamt für Natur, Umwelt und Klima Nordrhein-Westfalen (LANUK)","GER_070_MZB_LO",77.2557505690945,"within_100m","GER_070_MZB_LO_268__GER_070_MZB_LO_274","j","new data call","NRW_316520","GER_070_MZB_LO_274","Nette",51.3565662179305,6.27564879180894,2006,2019,14,5
"133","Germany","Landesamt für Natur, Umwelt und Klima Nordrhein-Westfalen (LANUK)","GER_070_MZB_LO",84.7694435068287,"within_100m","GER_070_MZB_LO_277__GER_070_MZB_LO_278","i","new data call","NRW_316829","GER_070_MZB_LO_277","Gelderner Fleuth",51.4570123074582,6.34379702405134,2007,2018,12,5
"134","Germany","Landesamt für Natur, Umwelt und Klima Nordrhein-Westfalen (LANUK)","GER_070_MZB_LO",84.7694435068287,"within_100m","GER_070_MZB_LO_277__GER_070_MZB_LO_278","j","new data call","NRW_316842","GER_070_MZB_LO_278","Landwehr",51.4575634343781,6.34470079609858,2007,2018,12,5
"135","Germany","Landesamt für Umwelt, Landwirtschaft und Geologie (LfULG), Sachsen","GER_072_MZB_LO",95.4935629352941,"within_100m","GER_072_MZB_LO_14__GER_072_MZB_LO_15","i","new data call","SN_OBF02100","GER_072_MZB_LO_14","Elbe-2",51.3492044230528,13.2448065041056,2009,2019,11,11
"136","Germany","Landesamt für Umwelt, Landwirtschaft und Geologie (LfULG), Sachsen","GER_072_MZB_LO",95.4935629352941,"within_100m","GER_072_MZB_LO_14__GER_072_MZB_LO_15","j","new data call","SN_OBF02200","GER_072_MZB_LO_15","Elbe-2",51.3500069227238,13.24541679737,2009,2019,11,11
"137","Germany","Landesamt für Umwelt, Landwirtschaft und Geologie (LfULG), Sachsen","GER_072_MZB_LO",83.4341756067878,"within_100m","GER_072_MZB_LO_16__GER_072_MZB_LO_17","i","new data call","SN_OBF02550","GER_072_MZB_LO_16","Elbe-2",51.4844090149004,13.1316592883836,2009,2019,11,11
"138","Germany","Landesamt für Umwelt, Landwirtschaft und Geologie (LfULG), Sachsen","GER_072_MZB_LO",83.4341756067878,"within_100m","GER_072_MZB_LO_16__GER_072_MZB_LO_17","j","new data call","SN_OBF02560","GER_072_MZB_LO_17","Elbe-2",51.4847125513363,13.132804136536,2009,2019,11,11
"139","Germany","Landesamt für Umwelt, Landwirtschaft und Geologie (LfULG), Sachsen","GER_072_MZB_LO",89.0303058553382,"within_100m","GER_072_MZB_LO_20__GER_072_MZB_LO_21","i","new data call","SN_OBF02810","GER_072_MZB_LO_20","Elbe-2",51.6485664449889,12.8951233698274,2009,2019,11,11
"140","Germany","Landesamt für Umwelt, Landwirtschaft und Geologie (LfULG), Sachsen","GER_072_MZB_LO",89.0303058553382,"within_100m","GER_072_MZB_LO_20__GER_072_MZB_LO_21","j","new data call","SN_OBF02820","GER_072_MZB_LO_21","Elbe-2",51.649188902362,12.8960025436523,2009,2019,11,11
"141","Hungary","Zoltan Csabai","HUN_022_MZB_LO",1.13300281209838e-08,"within_100m","HUN_022_MZB_LO_22__HUN_022_MZB_LO_54","i","first call; data Ellen used","101178645","HUN_022_MZB_LO_22","Tisza",46.1855154749997,20.1048445349999,2005,2017,13,12
"142","Hungary","Zoltan Csabai","HUN_022_MZB_LO",1.13300281209838e-08,"within_100m","HUN_022_MZB_LO_22__HUN_022_MZB_LO_54","j","first call; data Ellen used","101180109","HUN_022_MZB_LO_54","Tisza",46.1855154749998,20.1048445349999,2005,2017,13,12
"143","Ireland","Elvira de Eyto","IRL_023_MZB_LO",55.3926240806567,"within_100m","IRL_023_MZB_LO_1__IRL_023_MZB_LO_9","i","first call; data Ellen used","1","IRL_023_MZB_LO_1","Altahoney",54.001086,-9.576039,2003,2019,17,17
"144","Ireland","Elvira de Eyto","IRL_023_MZB_LO",55.3926240806567,"within_100m","IRL_023_MZB_LO_1__IRL_023_MZB_LO_9","j","first call; data Ellen used","9","IRL_023_MZB_LO_9","Goulaun",54.00126,-9.575217,2003,2019,17,17
"145","Ireland","Hugh B. Feeley","IRL_051_MZB_LO",93.8533152532565,"within_100m","IRL_051_MZB_LO_157__IRL_051_MZB_LO_163","i","second data call; new data","IR0157","IRL_051_MZB_LO_157","DARGLE",53.1895966,-6.1394948,2009,2020,12,5
"146","Ireland","Hugh B. Feeley","IRL_051_MZB_LO",93.8533152532565,"within_100m","IRL_051_MZB_LO_157__IRL_051_MZB_LO_163","j","second data call; new data","IR0163","IRL_051_MZB_LO_163","GLENCULLEN",53.1904384,-6.1398774,2009,2020,12,5
"147","Ireland","Hugh B. Feeley","IRL_051_MZB_LO",81.3571819289366,"within_100m","IRL_051_MZB_LO_201__IRL_051_MZB_LO_225","i","second data call; new data","IR0201","IRL_051_MZB_LO_201","BLACKLION STREAM (CARLOW)",52.776241,-6.708483,2010,2022,13,5
"148","Ireland","Hugh B. Feeley","IRL_051_MZB_LO",81.3571819289366,"within_100m","IRL_051_MZB_LO_201__IRL_051_MZB_LO_225","j","second data call; new data","IR0225","IRL_051_MZB_LO_225","DERREEN",52.77671,-6.7094622,2010,2022,13,5
"149","Ireland","Hugh B. Feeley","IRL_051_MZB_LO",95.8274326444417,"within_100m","IRL_051_MZB_LO_517__IRL_051_MZB_LO_556","i","second data call; new data","IR0517","IRL_051_MZB_LO_517","ALLOW",52.1658489,-8.9003959,2009,2020,12,5
"150","Ireland","Hugh B. Feeley","IRL_051_MZB_LO",95.8274326444417,"within_100m","IRL_051_MZB_LO_517__IRL_051_MZB_LO_556","j","second data call; new data","IR0556","IRL_051_MZB_LO_556","BROGEEN",52.1651683,-8.9013326,2009,2020,12,5
"151","Ireland","Hugh B. Feeley","IRL_051_MZB_LO",99.2801298853422,"within_100m","IRL_051_MZB_LO_536__IRL_051_MZB_LO_621","i","second data call; new data","IR0536","IRL_051_MZB_LO_536","BLACKWATER (MUNSTER)",52.0887161,-9.1360871,2009,2021,13,5
"152","Ireland","Hugh B. Feeley","IRL_051_MZB_LO",99.2801298853422,"within_100m","IRL_051_MZB_LO_536__IRL_051_MZB_LO_621","j","second data call; new data","IR0621","IRL_051_MZB_LO_621","OWENTARAGLIN",52.0895797,-9.1366196,2009,2021,13,5
"153","Ireland","Hugh B. Feeley","IRL_051_MZB_LO",0.0898165468550492,"within_100m","IRL_051_MZB_LO_1284__IRL_051_MZB_LO_1285","i","second data call; new data","IR1284","IRL_051_MZB_LO_1284","BALLINABOY",53.4628287,-10.0062873,2009,2023,15,5
"154","Ireland","Hugh B. Feeley","IRL_051_MZB_LO",0.0898165468550492,"within_100m","IRL_051_MZB_LO_1284__IRL_051_MZB_LO_1285","j","second data call; new data","IR1285","IRL_051_MZB_LO_1285","BALLINABOY",53.4628295,-10.0062869,2009,2023,15,5
"155","Ireland","Hugh B. Feeley","IRL_051_MZB_LO",93.0238511641292,"within_100m","IRL_051_MZB_LO_1608__IRL_051_MZB_LO_1623","i","second data call; new data","IR1608","IRL_051_MZB_LO_1608","BALLAGHDOO",54.6324125,-8.5932371,2008,2022,15,6
"156","Ireland","Hugh B. Feeley","IRL_051_MZB_LO",93.0238511641292,"within_100m","IRL_051_MZB_LO_1608__IRL_051_MZB_LO_1623","j","second data call; new data","IR1623","IRL_051_MZB_LO_1623","GLENADDRAGH",54.6315493,-8.5932746,2008,2022,15,6
"157","Ireland","Hugh B. Feeley","IRL_051_MZB_LO",97.2702249658026,"within_100m","IRL_051_MZB_LO_1650__IRL_051_MZB_LO_1681","i","second data call; new data","IR1650","IRL_051_MZB_LO_1650","CRONANIV BURN",55.0152453,-8.1084741,2009,2021,13,6
"158","Ireland","Hugh B. Feeley","IRL_051_MZB_LO",97.2702249658026,"within_100m","IRL_051_MZB_LO_1650__IRL_051_MZB_LO_1681","j","second data call; new data","IR1681","IRL_051_MZB_LO_1681","OWENWEE (DUNLEWY)",55.0161089,-8.1080186,2009,2021,13,6
"159","Ireland","Hugh B. Feeley","IRL_051_MZB_LO",22.390456638236,"within_100m","IRL_051_MZB_LO_1698__IRL_051_MZB_LO_1732","i","second data call; new data","IR1698","IRL_051_MZB_LO_1698","CRANA",55.1539297,-7.3074364,2007,2023,17,7
"160","Ireland","Hugh B. Feeley","IRL_051_MZB_LO",22.390456638236,"within_100m","IRL_051_MZB_LO_1698__IRL_051_MZB_LO_1732","j","second data call; new data","IR1732","IRL_051_MZB_LO_1732","OWENNASOP",55.1540348,-7.3077492,2007,2023,17,7
"161","Norway","Gaute Velle","NOR_054_MZB_LO",6.88945112287233,"within_100m","NOR_054_MZB_LO_42__NOR_054_MZB_LO_43","i","first call; data Ellen used","St. 1 Innløp Gjærvollstadvatn","NOR_054_MZB_LO_42","Farsund",58.20979486,6.79711771,2003,2020,18,18
"162","Norway","Gaute Velle","NOR_054_MZB_LO",6.88945112287233,"within_100m","NOR_054_MZB_LO_42__NOR_054_MZB_LO_43","j","first call; data Ellen used","St. 2 Innl. Gjærvollstadvatn ca 75 m","NOR_054_MZB_LO_43","Farsund",58.20983827,6.79702991,2003,2020,18,18
"163","Norway","Gaute Velle","NOR_054_MZB_LO",79.9008949527934,"within_100m","NOR_054_MZB_LO_42__NOR_054_MZB_LO_44","i","first call; data Ellen used","St. 1 Innløp Gjærvollstadvatn","NOR_054_MZB_LO_42","Farsund",58.20979486,6.79711771,2003,2020,18,18
"164","Norway","Gaute Velle","NOR_054_MZB_LO",79.9008949527934,"within_100m","NOR_054_MZB_LO_42__NOR_054_MZB_LO_44","j","first call; data Ellen used","St. 3 Innl. Gjærvollstadvatn ca. 150 m","NOR_054_MZB_LO_44","Farsund",58.21049744,6.79669967,2003,2020,18,18
"165","Norway","Gaute Velle","NOR_054_MZB_LO",73.9783516523797,"within_100m","NOR_054_MZB_LO_43__NOR_054_MZB_LO_44","i","first call; data Ellen used","St. 2 Innl. Gjærvollstadvatn ca 75 m","NOR_054_MZB_LO_43","Farsund",58.20983827,6.79702991,2003,2020,18,18
"166","Norway","Gaute Velle","NOR_054_MZB_LO",73.9783516523797,"within_100m","NOR_054_MZB_LO_43__NOR_054_MZB_LO_44","j","first call; data Ellen used","St. 3 Innl. Gjærvollstadvatn ca. 150 m","NOR_054_MZB_LO_44","Farsund",58.21049744,6.79669967,2003,2020,18,18
"167","Norway","Gaute Velle","NOR_054_MZB_LO",4.15068185531505,"within_100m","NOR_054_MZB_LO_16__NOR_054_MZB_LO_45","i","second data call; new data","024-58723","NOR_054_MZB_LO_16","Saudlandsvatnet",58.1995,6.76881,1997,2023,27,27
"168","Norway","Gaute Velle","NOR_054_MZB_LO",4.15068185531505,"within_100m","NOR_054_MZB_LO_16__NOR_054_MZB_LO_45","j","first call; data Ellen used","St. 4 utløp Saudlandsvatn","NOR_054_MZB_LO_45","Farsund",58.1994906,6.76873976,2003,2020,18,13
"169","Norway","Gaute Velle","NOR_054_MZB_LO",48.7153562347787,"within_100m","NOR_054_MZB_LO_46__NOR_054_MZB_LO_47","i","first call; data Ellen used","St. 5 Innløp Saudlandsvatn","NOR_054_MZB_LO_46","Farsund",58.20615991,6.7606787,2003,2020,18,18
"170","Norway","Gaute Velle","NOR_054_MZB_LO",48.7153562347787,"within_100m","NOR_054_MZB_LO_46__NOR_054_MZB_LO_47","j","first call; data Ellen used","St. 6 innløp Saudlandsvatn v/ eplehage","NOR_054_MZB_LO_47","Farsund",58.20641722,6.75998163,2003,2020,18,18
"171","Norway","Gaute Velle","NOR_054_MZB_LO",84.8547737028487,"within_100m","NOR_054_MZB_LO_46__NOR_054_MZB_LO_48","i","first call; data Ellen used","St. 5 Innløp Saudlandsvatn","NOR_054_MZB_LO_46","Farsund",58.20615991,6.7606787,2003,2020,18,18
"172","Norway","Gaute Velle","NOR_054_MZB_LO",84.8547737028487,"within_100m","NOR_054_MZB_LO_46__NOR_054_MZB_LO_48","j","first call; data Ellen used","St. 7 Innløp Saudlandsvatn v/ kanal","NOR_054_MZB_LO_48","Farsund",58.20634127,6.75923746,2003,2020,18,18
"173","Norway","Gaute Velle","NOR_054_MZB_LO",43.4087927713817,"within_100m","NOR_054_MZB_LO_47__NOR_054_MZB_LO_48","i","first call; data Ellen used","St. 6 innløp Saudlandsvatn v/ eplehage","NOR_054_MZB_LO_47","Farsund",58.20641722,6.75998163,2003,2020,18,18
"174","Norway","Gaute Velle","NOR_054_MZB_LO",43.4087927713817,"within_100m","NOR_054_MZB_LO_47__NOR_054_MZB_LO_48","j","first call; data Ellen used","St. 7 Innløp Saudlandsvatn v/ kanal","NOR_054_MZB_LO_48","Farsund",58.20634127,6.75923746,2003,2020,18,18
"175","Norway","Gaute Velle","NOR_054_MZB_LO",91.8269864253266,"within_100m","NOR_054_MZB_LO_49__NOR_054_MZB_LO_53","i","first call; data Ellen used","St. 1 Bekk ved Prestbotnseter","NOR_054_MZB_LO_49","Vikedal",59.59285,6.1161,2003,2020,18,15
"176","Norway","Gaute Velle","NOR_054_MZB_LO",91.8269864253266,"within_100m","NOR_054_MZB_LO_49__NOR_054_MZB_LO_53","j","first call; data Ellen used","St. 2 Botnavatnet ved Prestbotnseter","NOR_054_MZB_LO_53","Vikedal",59.59206,6.11552,2003,2020,18,15
"177","Norway","Gaute Velle","NOR_054_MZB_LO",27.3208816224267,"within_100m","NOR_054_MZB_LO_58__NOR_054_MZB_LO_59","i","first call; data Ellen used","St. 7 Taksteinsbekken","NOR_054_MZB_LO_58","Vikedal",59.56608,6.02388,2003,2020,18,15
"178","Norway","Gaute Velle","NOR_054_MZB_LO",27.3208816224267,"within_100m","NOR_054_MZB_LO_58__NOR_054_MZB_LO_59","j","first call; data Ellen used","St. 8 Fjellgardsvatn ved Taksteinen","NOR_054_MZB_LO_59","Vikedal",59.56583,6.02392,2003,2020,18,15
"179","Norway","Gaute Velle","NOR_054_MZB_LO",70.8171485272578,"within_100m","NOR_054_MZB_LO_80__NOR_054_MZB_LO_81","i","first call; data Ellen used","St. 6 Nausta ved Gamlestølen","NOR_054_MZB_LO_80","Nausta",61.57854361,5.94312742,2003,2019,17,9
"180","Norway","Gaute Velle","NOR_054_MZB_LO",70.8171485272578,"within_100m","NOR_054_MZB_LO_80__NOR_054_MZB_LO_81","j","first call; data Ellen used","St. 7 Trodøla","NOR_054_MZB_LO_81","Nausta",61.57833158,5.94184835,2003,2019,17,9
"181","Scotland","Cathy Bennett","SCO_061_MZB_LO",87.5709979148051,"within_100m","SCO_061_MZB_LO_1282__SCO_061_MZB_LO_1284","i","second data call; new data","123163","SCO_061_MZB_LO_1282","Water of Minnoch",55.0754609,-4.5539496,2005,2019,15,12
"182","Scotland","Cathy Bennett","SCO_061_MZB_LO",87.5709979148051,"within_100m","SCO_061_MZB_LO_1282__SCO_061_MZB_LO_1284","j","second data call; new data","123166","SCO_061_MZB_LO_1284","Pulnagashel Burn",55.0758733,-4.5527298,2005,2019,15,13
"183","Scotland","Cathy Bennett","SCO_061_MZB_LO",98.2590403527624,"within_100m","SCO_061_MZB_LO_1568__SCO_061_MZB_LO_1617","i","second data call; new data","206904","SCO_061_MZB_LO_1568","Allt nan Ramh",58.2881129,-5.072397,2005,2014,10,5
"184","Scotland","Cathy Bennett","SCO_061_MZB_LO",98.2590403527624,"within_100m","SCO_061_MZB_LO_1568__SCO_061_MZB_LO_1617","j","second data call; new data","206985","SCO_061_MZB_LO_1617","Allt nan Ramh",58.2884246,-5.0740112,2005,2014,10,9
"185","Scotland","Cathy Bennett","SCO_061_MZB_LO",97.9694522544442,"within_100m","SCO_061_MZB_LO_1635__SCO_061_MZB_LO_1698","i","second data call; new data","207017","SCO_061_MZB_LO_1635","Dullan Water",57.4442849,-3.11553,2007,2017,11,6
"186","Scotland","Cathy Bennett","SCO_061_MZB_LO",97.9694522544442,"within_100m","SCO_061_MZB_LO_1635__SCO_061_MZB_LO_1698","j","second data call; new data","207119","SCO_061_MZB_LO_1698","River Fiddich",57.4439303,-3.1139864,2006,2015,10,6
"187","Scotland","Cathy Bennett","SCO_061_MZB_LO",53.409682268971,"within_100m","SCO_061_MZB_LO_1704__SCO_061_MZB_LO_1798","i","second data call; new data","207128","SCO_061_MZB_LO_1704","River Lossie",57.6452785,-3.2754551,2006,2017,12,7
"188","Scotland","Cathy Bennett","SCO_061_MZB_LO",53.409682268971,"within_100m","SCO_061_MZB_LO_1704__SCO_061_MZB_LO_1798","j","second data call; new data","207261","SCO_061_MZB_LO_1798","Linkwood Burn",57.6452527,-3.2763732,2005,2018,14,9
